{
  "learning_rate": 0.0007449266794972825,
  "momentum": 0.6604038779169769,
  "weight_decay": 8.547699013678736e-05,
  "batch_size": 128,
  "epochs": 200
}