{
  "learning_rate": 0.0003067660686797776,
  "momentum": 0.7520550450516053,
  "weight_decay": 0.00012083661983849804,
  "batch_size": 16,
  "epochs": 400
}