{"epochs":89,"samples":56070,"train_samples":50463,"val_samples":5607,"best_val_accuracy":0.9197432,"match_rate":0.59254503}