{"epochs":200,"samples":1009435,"train_samples":908492,"val_samples":100943,"best_val_accuracy":0.9581843,"match_rate":0.32590508}