{"epochs":500,"samples":308567,"train_samples":277711,"val_samples":30856,"best_val_accuracy":0.86621726,"match_rate":0.23890111}