{"target_mean":-0.070951186,"target_std":1.0047753,"epochs":200,"samples":324011,"best_val_loss":0.026257202}