expr_name,origin,tier,node_count,app_target,app_actual,cost,ended,ended_at_apps
train_b00_f04_00057,train,blitz,4,25,2,144,quiesced,2
train_b00_f04_00057,train,blitz,4,50,2,144,quiesced,2
train_b00_f04_00057,train,blitz,4,100,2,144,quiesced,2
train_b00_f04_00057,train,blitz,4,200,2,144,quiesced,2
train_b00_f04_00057,train,blitz,4,400,2,144,quiesced,2
train_b00_f04_00057,train,blitz,4,800,2,144,quiesced,2
train_b00_f04_00057,train,blitz,4,1600,2,144,quiesced,2
train_b00_f04_00057,train,blitz,4,3200,2,144,quiesced,2
train_b00_f04_00057,train,blitz,4,6400,2,144,quiesced,2
train_b00_f04_00057,train,blitz,4,12800,2,144,quiesced,2
train_b00_f04_00057,train,blitz,4,25600,2,144,quiesced,2
train_b00_f04_00057,train,blitz,4,51200,2,144,quiesced,2
train_b00_f04_00057,train,blitz,4,102400,2,144,quiesced,2
train_b00_f04_00057,train,blitz,4,204800,2,144,quiesced,2
train_b17_f05_01417,train,blitz,5,25,3,10,quiesced,3
train_b17_f05_01417,train,blitz,5,50,3,10,quiesced,3
train_b17_f05_01417,train,blitz,5,100,3,10,quiesced,3
train_b17_f05_01417,train,blitz,5,200,3,10,quiesced,3
train_b17_f05_01417,train,blitz,5,400,3,10,quiesced,3
train_b17_f05_01417,train,blitz,5,800,3,10,quiesced,3
train_b17_f05_01417,train,blitz,5,1600,3,10,quiesced,3
train_b17_f05_01417,train,blitz,5,3200,3,10,quiesced,3
train_b17_f05_01417,train,blitz,5,6400,3,10,quiesced,3
train_b17_f05_01417,train,blitz,5,12800,3,10,quiesced,3
train_b17_f05_01417,train,blitz,5,25600,3,10,quiesced,3
train_b17_f05_01417,train,blitz,5,51200,3,10,quiesced,3
train_b17_f05_01417,train,blitz,5,102400,3,10,quiesced,3
train_b17_f05_01417,train,blitz,5,204800,3,10,quiesced,3
train_b05_f03_00493,train,blitz,6,25,8,162,quiesced,8
train_b05_f03_00493,train,blitz,6,50,8,162,quiesced,8
train_b05_f03_00493,train,blitz,6,100,8,162,quiesced,8
train_b05_f03_00493,train,blitz,6,200,8,162,quiesced,8
train_b05_f03_00493,train,blitz,6,400,8,162,quiesced,8
train_b05_f03_00493,train,blitz,6,800,8,162,quiesced,8
train_b05_f03_00493,train,blitz,6,1600,8,162,quiesced,8
train_b05_f03_00493,train,blitz,6,3200,8,162,quiesced,8
train_b05_f03_00493,train,blitz,6,6400,8,162,quiesced,8
train_b05_f03_00493,train,blitz,6,12800,8,162,quiesced,8
train_b05_f03_00493,train,blitz,6,25600,8,162,quiesced,8
train_b05_f03_00493,train,blitz,6,51200,8,162,quiesced,8
train_b05_f03_00493,train,blitz,6,102400,8,162,quiesced,8
train_b05_f03_00493,train,blitz,6,204800,8,162,quiesced,8
dev_b01_f05_00072,dev,blitz,7,25,9,21,quiesced,9
dev_b01_f05_00072,dev,blitz,7,50,9,21,quiesced,9
dev_b01_f05_00072,dev,blitz,7,100,9,21,quiesced,9
dev_b01_f05_00072,dev,blitz,7,200,9,21,quiesced,9
dev_b01_f05_00072,dev,blitz,7,400,9,21,quiesced,9
dev_b01_f05_00072,dev,blitz,7,800,9,21,quiesced,9
dev_b01_f05_00072,dev,blitz,7,1600,9,21,quiesced,9
dev_b01_f05_00072,dev,blitz,7,3200,9,21,quiesced,9
dev_b01_f05_00072,dev,blitz,7,6400,9,21,quiesced,9
dev_b01_f05_00072,dev,blitz,7,12800,9,21,quiesced,9
dev_b01_f05_00072,dev,blitz,7,25600,9,21,quiesced,9
dev_b01_f05_00072,dev,blitz,7,51200,9,21,quiesced,9
dev_b01_f05_00072,dev,blitz,7,102400,9,21,quiesced,9
dev_b01_f05_00072,dev,blitz,7,204800,9,21,quiesced,9
train_b03_f00_00225,train,blitz,7,25,10,18,quiesced,10
train_b03_f00_00225,train,blitz,7,50,10,18,quiesced,10
train_b03_f00_00225,train,blitz,7,100,10,18,quiesced,10
train_b03_f00_00225,train,blitz,7,200,10,18,quiesced,10
train_b03_f00_00225,train,blitz,7,400,10,18,quiesced,10
train_b03_f00_00225,train,blitz,7,800,10,18,quiesced,10
train_b03_f00_00225,train,blitz,7,1600,10,18,quiesced,10
train_b03_f00_00225,train,blitz,7,3200,10,18,quiesced,10
train_b03_f00_00225,train,blitz,7,6400,10,18,quiesced,10
train_b03_f00_00225,train,blitz,7,12800,10,18,quiesced,10
train_b03_f00_00225,train,blitz,7,25600,10,18,quiesced,10
train_b03_f00_00225,train,blitz,7,51200,10,18,quiesced,10
train_b03_f00_00225,train,blitz,7,102400,10,18,quiesced,10
train_b03_f00_00225,train,blitz,7,204800,10,18,quiesced,10
train_b20_f05_01751,train,blitz,7,25,27,12,quiesced,41
train_b20_f05_01751,train,blitz,7,50,41,12,quiesced,41
train_b20_f05_01751,train,blitz,7,100,41,12,quiesced,41
train_b20_f05_01751,train,blitz,7,200,41,12,quiesced,41
train_b20_f05_01751,train,blitz,7,400,41,12,quiesced,41
train_b20_f05_01751,train,blitz,7,800,41,12,quiesced,41
train_b20_f05_01751,train,blitz,7,1600,41,12,quiesced,41
train_b20_f05_01751,train,blitz,7,3200,41,12,quiesced,41
train_b20_f05_01751,train,blitz,7,6400,41,12,quiesced,41
train_b20_f05_01751,train,blitz,7,12800,41,12,quiesced,41
train_b20_f05_01751,train,blitz,7,25600,41,12,quiesced,41
train_b20_f05_01751,train,blitz,7,51200,41,12,quiesced,41
train_b20_f05_01751,train,blitz,7,102400,41,12,quiesced,41
train_b20_f05_01751,train,blitz,7,204800,41,12,quiesced,41
dev_b01_f05_00081,dev,blitz,8,25,25,10,quiesced,46
dev_b01_f05_00081,dev,blitz,8,50,46,10,quiesced,46
dev_b01_f05_00081,dev,blitz,8,100,46,10,quiesced,46
dev_b01_f05_00081,dev,blitz,8,200,46,10,quiesced,46
dev_b01_f05_00081,dev,blitz,8,400,46,10,quiesced,46
dev_b01_f05_00081,dev,blitz,8,800,46,10,quiesced,46
dev_b01_f05_00081,dev,blitz,8,1600,46,10,quiesced,46
dev_b01_f05_00081,dev,blitz,8,3200,46,10,quiesced,46
dev_b01_f05_00081,dev,blitz,8,6400,46,10,quiesced,46
dev_b01_f05_00081,dev,blitz,8,12800,46,10,quiesced,46
dev_b01_f05_00081,dev,blitz,8,25600,46,10,quiesced,46
dev_b01_f05_00081,dev,blitz,8,51200,46,10,quiesced,46
dev_b01_f05_00081,dev,blitz,8,102400,46,10,quiesced,46
dev_b01_f05_00081,dev,blitz,8,204800,46,10,quiesced,46
train_b00_f03_00053,train,blitz,8,25,27,99,quiesced,75
train_b00_f03_00053,train,blitz,8,50,50,99,quiesced,75
train_b00_f03_00053,train,blitz,8,100,75,99,quiesced,75
train_b00_f03_00053,train,blitz,8,200,75,99,quiesced,75
train_b00_f03_00053,train,blitz,8,400,75,99,quiesced,75
train_b00_f03_00053,train,blitz,8,800,75,99,quiesced,75
train_b00_f03_00053,train,blitz,8,1600,75,99,quiesced,75
train_b00_f03_00053,train,blitz,8,3200,75,99,quiesced,75
train_b00_f03_00053,train,blitz,8,6400,75,99,quiesced,75
train_b00_f03_00053,train,blitz,8,12800,75,99,quiesced,75
train_b00_f03_00053,train,blitz,8,25600,75,99,quiesced,75
train_b00_f03_00053,train,blitz,8,51200,75,99,quiesced,75
train_b00_f03_00053,train,blitz,8,102400,75,99,quiesced,75
train_b00_f03_00053,train,blitz,8,204800,75,99,quiesced,75
train_b05_f01_00469,train,blitz,8,25,13,6,quiesced,13
train_b05_f01_00469,train,blitz,8,50,13,6,quiesced,13
train_b05_f01_00469,train,blitz,8,100,13,6,quiesced,13
train_b05_f01_00469,train,blitz,8,200,13,6,quiesced,13
train_b05_f01_00469,train,blitz,8,400,13,6,quiesced,13
train_b05_f01_00469,train,blitz,8,800,13,6,quiesced,13
train_b05_f01_00469,train,blitz,8,1600,13,6,quiesced,13
train_b05_f01_00469,train,blitz,8,3200,13,6,quiesced,13
train_b05_f01_00469,train,blitz,8,6400,13,6,quiesced,13
train_b05_f01_00469,train,blitz,8,12800,13,6,quiesced,13
train_b05_f01_00469,train,blitz,8,25600,13,6,quiesced,13
train_b05_f01_00469,train,blitz,8,51200,13,6,quiesced,13
train_b05_f01_00469,train,blitz,8,102400,13,6,quiesced,13
train_b05_f01_00469,train,blitz,8,204800,13,6,quiesced,13
train_b31_f04_02754,train,blitz,8,25,11,78,quiesced,11
train_b31_f04_02754,train,blitz,8,50,11,78,quiesced,11
train_b31_f04_02754,train,blitz,8,100,11,78,quiesced,11
train_b31_f04_02754,train,blitz,8,200,11,78,quiesced,11
train_b31_f04_02754,train,blitz,8,400,11,78,quiesced,11
train_b31_f04_02754,train,blitz,8,800,11,78,quiesced,11
train_b31_f04_02754,train,blitz,8,1600,11,78,quiesced,11
train_b31_f04_02754,train,blitz,8,3200,11,78,quiesced,11
train_b31_f04_02754,train,blitz,8,6400,11,78,quiesced,11
train_b31_f04_02754,train,blitz,8,12800,11,78,quiesced,11
train_b31_f04_02754,train,blitz,8,25600,11,78,quiesced,11
train_b31_f04_02754,train,blitz,8,51200,11,78,quiesced,11
train_b31_f04_02754,train,blitz,8,102400,11,78,quiesced,11
train_b31_f04_02754,train,blitz,8,204800,11,78,quiesced,11
dev_b01_f03_00043,dev,blitz,9,25,13,22,quiesced,13
dev_b01_f03_00043,dev,blitz,9,50,13,22,quiesced,13
dev_b01_f03_00043,dev,blitz,9,100,13,22,quiesced,13
dev_b01_f03_00043,dev,blitz,9,200,13,22,quiesced,13
dev_b01_f03_00043,dev,blitz,9,400,13,22,quiesced,13
dev_b01_f03_00043,dev,blitz,9,800,13,22,quiesced,13
dev_b01_f03_00043,dev,blitz,9,1600,13,22,quiesced,13
dev_b01_f03_00043,dev,blitz,9,3200,13,22,quiesced,13
dev_b01_f03_00043,dev,blitz,9,6400,13,22,quiesced,13
dev_b01_f03_00043,dev,blitz,9,12800,13,22,quiesced,13
dev_b01_f03_00043,dev,blitz,9,25600,13,22,quiesced,13
dev_b01_f03_00043,dev,blitz,9,51200,13,22,quiesced,13
dev_b01_f03_00043,dev,blitz,9,102400,13,22,quiesced,13
dev_b01_f03_00043,dev,blitz,9,204800,13,22,quiesced,13
dev_b33_f05_00747,dev,blitz,9,25,13,141,quiesced,13
dev_b33_f05_00747,dev,blitz,9,50,13,141,quiesced,13
dev_b33_f05_00747,dev,blitz,9,100,13,141,quiesced,13
dev_b33_f05_00747,dev,blitz,9,200,13,141,quiesced,13
dev_b33_f05_00747,dev,blitz,9,400,13,141,quiesced,13
dev_b33_f05_00747,dev,blitz,9,800,13,141,quiesced,13
dev_b33_f05_00747,dev,blitz,9,1600,13,141,quiesced,13
dev_b33_f05_00747,dev,blitz,9,3200,13,141,quiesced,13
dev_b33_f05_00747,dev,blitz,9,6400,13,141,quiesced,13
dev_b33_f05_00747,dev,blitz,9,12800,13,141,quiesced,13
dev_b33_f05_00747,dev,blitz,9,25600,13,141,quiesced,13
dev_b33_f05_00747,dev,blitz,9,51200,13,141,quiesced,13
dev_b33_f05_00747,dev,blitz,9,102400,13,141,quiesced,13
dev_b33_f05_00747,dev,blitz,9,204800,13,141,quiesced,13
train_b02_f03_00166,train,blitz,9,25,16,145,quiesced,16
train_b02_f03_00166,train,blitz,9,50,16,145,quiesced,16
train_b02_f03_00166,train,blitz,9,100,16,145,quiesced,16
train_b02_f03_00166,train,blitz,9,200,16,145,quiesced,16
train_b02_f03_00166,train,blitz,9,400,16,145,quiesced,16
train_b02_f03_00166,train,blitz,9,800,16,145,quiesced,16
train_b02_f03_00166,train,blitz,9,1600,16,145,quiesced,16
train_b02_f03_00166,train,blitz,9,3200,16,145,quiesced,16
train_b02_f03_00166,train,blitz,9,6400,16,145,quiesced,16
train_b02_f03_00166,train,blitz,9,12800,16,145,quiesced,16
train_b02_f03_00166,train,blitz,9,25600,16,145,quiesced,16
train_b02_f03_00166,train,blitz,9,51200,16,145,quiesced,16
train_b02_f03_00166,train,blitz,9,102400,16,145,quiesced,16
train_b02_f03_00166,train,blitz,9,204800,16,145,quiesced,16
train_b03_f06_00318,train,blitz,9,25,31,92,quiesced,49
train_b03_f06_00318,train,blitz,9,50,49,92,quiesced,49
train_b03_f06_00318,train,blitz,9,100,49,92,quiesced,49
train_b03_f06_00318,train,blitz,9,200,49,92,quiesced,49
train_b03_f06_00318,train,blitz,9,400,49,92,quiesced,49
train_b03_f06_00318,train,blitz,9,800,49,92,quiesced,49
train_b03_f06_00318,train,blitz,9,1600,49,92,quiesced,49
train_b03_f06_00318,train,blitz,9,3200,49,92,quiesced,49
train_b03_f06_00318,train,blitz,9,6400,49,92,quiesced,49
train_b03_f06_00318,train,blitz,9,12800,49,92,quiesced,49
train_b03_f06_00318,train,blitz,9,25600,49,92,quiesced,49
train_b03_f06_00318,train,blitz,9,51200,49,92,quiesced,49
train_b03_f06_00318,train,blitz,9,102400,49,92,quiesced,49
train_b03_f06_00318,train,blitz,9,204800,49,92,quiesced,49
train_b11_f02_00928,train,blitz,9,25,9,269,quiesced,9
train_b11_f02_00928,train,blitz,9,50,9,269,quiesced,9
train_b11_f02_00928,train,blitz,9,100,9,269,quiesced,9
train_b11_f02_00928,train,blitz,9,200,9,269,quiesced,9
train_b11_f02_00928,train,blitz,9,400,9,269,quiesced,9
train_b11_f02_00928,train,blitz,9,800,9,269,quiesced,9
train_b11_f02_00928,train,blitz,9,1600,9,269,quiesced,9
train_b11_f02_00928,train,blitz,9,3200,9,269,quiesced,9
train_b11_f02_00928,train,blitz,9,6400,9,269,quiesced,9
train_b11_f02_00928,train,blitz,9,12800,9,269,quiesced,9
train_b11_f02_00928,train,blitz,9,25600,9,269,quiesced,9
train_b11_f02_00928,train,blitz,9,51200,9,269,quiesced,9
train_b11_f02_00928,train,blitz,9,102400,9,269,quiesced,9
train_b11_f02_00928,train,blitz,9,204800,9,269,quiesced,9
train_b32_f05_02879,train,blitz,9,25,8,119,quiesced,8
train_b32_f05_02879,train,blitz,9,50,8,119,quiesced,8
train_b32_f05_02879,train,blitz,9,100,8,119,quiesced,8
train_b32_f05_02879,train,blitz,9,200,8,119,quiesced,8
train_b32_f05_02879,train,blitz,9,400,8,119,quiesced,8
train_b32_f05_02879,train,blitz,9,800,8,119,quiesced,8
train_b32_f05_02879,train,blitz,9,1600,8,119,quiesced,8
train_b32_f05_02879,train,blitz,9,3200,8,119,quiesced,8
train_b32_f05_02879,train,blitz,9,6400,8,119,quiesced,8
train_b32_f05_02879,train,blitz,9,12800,8,119,quiesced,8
train_b32_f05_02879,train,blitz,9,25600,8,119,quiesced,8
train_b32_f05_02879,train,blitz,9,51200,8,119,quiesced,8
train_b32_f05_02879,train,blitz,9,102400,8,119,quiesced,8
train_b32_f05_02879,train,blitz,9,204800,8,119,quiesced,8
dev_b01_f04_00068,dev,blitz,10,25,14,27,quiesced,14
dev_b01_f04_00068,dev,blitz,10,50,14,27,quiesced,14
dev_b01_f04_00068,dev,blitz,10,100,14,27,quiesced,14
dev_b01_f04_00068,dev,blitz,10,200,14,27,quiesced,14
dev_b01_f04_00068,dev,blitz,10,400,14,27,quiesced,14
dev_b01_f04_00068,dev,blitz,10,800,14,27,quiesced,14
dev_b01_f04_00068,dev,blitz,10,1600,14,27,quiesced,14
dev_b01_f04_00068,dev,blitz,10,3200,14,27,quiesced,14
dev_b01_f04_00068,dev,blitz,10,6400,14,27,quiesced,14
dev_b01_f04_00068,dev,blitz,10,12800,14,27,quiesced,14
dev_b01_f04_00068,dev,blitz,10,25600,14,27,quiesced,14
dev_b01_f04_00068,dev,blitz,10,51200,14,27,quiesced,14
dev_b01_f04_00068,dev,blitz,10,102400,14,27,quiesced,14
dev_b01_f04_00068,dev,blitz,10,204800,14,27,quiesced,14
train_b00_f01_00026,train,blitz,10,25,27,73,quiesced,41
train_b00_f01_00026,train,blitz,10,50,41,73,quiesced,41
train_b00_f01_00026,train,blitz,10,100,41,73,quiesced,41
train_b00_f01_00026,train,blitz,10,200,41,73,quiesced,41
train_b00_f01_00026,train,blitz,10,400,41,73,quiesced,41
train_b00_f01_00026,train,blitz,10,800,41,73,quiesced,41
train_b00_f01_00026,train,blitz,10,1600,41,73,quiesced,41
train_b00_f01_00026,train,blitz,10,3200,41,73,quiesced,41
train_b00_f01_00026,train,blitz,10,6400,41,73,quiesced,41
train_b00_f01_00026,train,blitz,10,12800,41,73,quiesced,41
train_b00_f01_00026,train,blitz,10,25600,41,73,quiesced,41
train_b00_f01_00026,train,blitz,10,51200,41,73,quiesced,41
train_b00_f01_00026,train,blitz,10,102400,41,73,quiesced,41
train_b00_f01_00026,train,blitz,10,204800,41,73,quiesced,41
train_b02_f03_00164,train,blitz,10,25,29,185,quiesced,85
train_b02_f03_00164,train,blitz,10,50,51,180,quiesced,85
train_b02_f03_00164,train,blitz,10,100,85,180,quiesced,85
train_b02_f03_00164,train,blitz,10,200,85,180,quiesced,85
train_b02_f03_00164,train,blitz,10,400,85,180,quiesced,85
train_b02_f03_00164,train,blitz,10,800,85,180,quiesced,85
train_b02_f03_00164,train,blitz,10,1600,85,180,quiesced,85
train_b02_f03_00164,train,blitz,10,3200,85,180,quiesced,85
train_b02_f03_00164,train,blitz,10,6400,85,180,quiesced,85
train_b02_f03_00164,train,blitz,10,12800,85,180,quiesced,85
train_b02_f03_00164,train,blitz,10,25600,85,180,quiesced,85
train_b02_f03_00164,train,blitz,10,51200,85,180,quiesced,85
train_b02_f03_00164,train,blitz,10,102400,85,180,quiesced,85
train_b02_f03_00164,train,blitz,10,204800,85,180,quiesced,85
train_b04_f05_00413,train,blitz,10,25,14,25,quiesced,14
train_b04_f05_00413,train,blitz,10,50,14,25,quiesced,14
train_b04_f05_00413,train,blitz,10,100,14,25,quiesced,14
train_b04_f05_00413,train,blitz,10,200,14,25,quiesced,14
train_b04_f05_00413,train,blitz,10,400,14,25,quiesced,14
train_b04_f05_00413,train,blitz,10,800,14,25,quiesced,14
train_b04_f05_00413,train,blitz,10,1600,14,25,quiesced,14
train_b04_f05_00413,train,blitz,10,3200,14,25,quiesced,14
train_b04_f05_00413,train,blitz,10,6400,14,25,quiesced,14
train_b04_f05_00413,train,blitz,10,12800,14,25,quiesced,14
train_b04_f05_00413,train,blitz,10,25600,14,25,quiesced,14
train_b04_f05_00413,train,blitz,10,51200,14,25,quiesced,14
train_b04_f05_00413,train,blitz,10,102400,14,25,quiesced,14
train_b04_f05_00413,train,blitz,10,204800,14,25,quiesced,14
train_b08_f07_00777,train,blitz,10,25,12,209,quiesced,12
train_b08_f07_00777,train,blitz,10,50,12,209,quiesced,12
train_b08_f07_00777,train,blitz,10,100,12,209,quiesced,12
train_b08_f07_00777,train,blitz,10,200,12,209,quiesced,12
train_b08_f07_00777,train,blitz,10,400,12,209,quiesced,12
train_b08_f07_00777,train,blitz,10,800,12,209,quiesced,12
train_b08_f07_00777,train,blitz,10,1600,12,209,quiesced,12
train_b08_f07_00777,train,blitz,10,3200,12,209,quiesced,12
train_b08_f07_00777,train,blitz,10,6400,12,209,quiesced,12
train_b08_f07_00777,train,blitz,10,12800,12,209,quiesced,12
train_b08_f07_00777,train,blitz,10,25600,12,209,quiesced,12
train_b08_f07_00777,train,blitz,10,51200,12,209,quiesced,12
train_b08_f07_00777,train,blitz,10,102400,12,209,quiesced,12
train_b08_f07_00777,train,blitz,10,204800,12,209,quiesced,12
train_b17_f02_01374,train,blitz,10,25,16,93,quiesced,16
train_b17_f02_01374,train,blitz,10,50,16,93,quiesced,16
train_b17_f02_01374,train,blitz,10,100,16,93,quiesced,16
train_b17_f02_01374,train,blitz,10,200,16,93,quiesced,16
train_b17_f02_01374,train,blitz,10,400,16,93,quiesced,16
train_b17_f02_01374,train,blitz,10,800,16,93,quiesced,16
train_b17_f02_01374,train,blitz,10,1600,16,93,quiesced,16
train_b17_f02_01374,train,blitz,10,3200,16,93,quiesced,16
train_b17_f02_01374,train,blitz,10,6400,16,93,quiesced,16
train_b17_f02_01374,train,blitz,10,12800,16,93,quiesced,16
train_b17_f02_01374,train,blitz,10,25600,16,93,quiesced,16
train_b17_f02_01374,train,blitz,10,51200,16,93,quiesced,16
train_b17_f02_01374,train,blitz,10,102400,16,93,quiesced,16
train_b17_f02_01374,train,blitz,10,204800,16,93,quiesced,16
train_b31_f05_02768,train,blitz,10,25,18,78,quiesced,18
train_b31_f05_02768,train,blitz,10,50,18,78,quiesced,18
train_b31_f05_02768,train,blitz,10,100,18,78,quiesced,18
train_b31_f05_02768,train,blitz,10,200,18,78,quiesced,18
train_b31_f05_02768,train,blitz,10,400,18,78,quiesced,18
train_b31_f05_02768,train,blitz,10,800,18,78,quiesced,18
train_b31_f05_02768,train,blitz,10,1600,18,78,quiesced,18
train_b31_f05_02768,train,blitz,10,3200,18,78,quiesced,18
train_b31_f05_02768,train,blitz,10,6400,18,78,quiesced,18
train_b31_f05_02768,train,blitz,10,12800,18,78,quiesced,18
train_b31_f05_02768,train,blitz,10,25600,18,78,quiesced,18
train_b31_f05_02768,train,blitz,10,51200,18,78,quiesced,18
train_b31_f05_02768,train,blitz,10,102400,18,78,quiesced,18
train_b31_f05_02768,train,blitz,10,204800,18,78,quiesced,18
dev_b01_f06_00095,dev,rapid,11,25,26,225,quiesced,39
dev_b01_f06_00095,dev,rapid,11,50,39,225,quiesced,39
dev_b01_f06_00095,dev,rapid,11,100,39,225,quiesced,39
dev_b01_f06_00095,dev,rapid,11,200,39,225,quiesced,39
dev_b01_f06_00095,dev,rapid,11,400,39,225,quiesced,39
dev_b01_f06_00095,dev,rapid,11,800,39,225,quiesced,39
dev_b01_f06_00095,dev,rapid,11,1600,39,225,quiesced,39
dev_b01_f06_00095,dev,rapid,11,3200,39,225,quiesced,39
dev_b01_f06_00095,dev,rapid,11,6400,39,225,quiesced,39
dev_b01_f06_00095,dev,rapid,11,12800,39,225,quiesced,39
dev_b01_f06_00095,dev,rapid,11,25600,39,225,quiesced,39
dev_b01_f06_00095,dev,rapid,11,51200,39,225,quiesced,39
dev_b01_f06_00095,dev,rapid,11,102400,39,225,quiesced,39
dev_b01_f06_00095,dev,rapid,11,204800,39,225,quiesced,39
dev_b16_f04_00398,dev,rapid,11,25,16,32,quiesced,16
dev_b16_f04_00398,dev,rapid,11,50,16,32,quiesced,16
dev_b16_f04_00398,dev,rapid,11,100,16,32,quiesced,16
dev_b16_f04_00398,dev,rapid,11,200,16,32,quiesced,16
dev_b16_f04_00398,dev,rapid,11,400,16,32,quiesced,16
dev_b16_f04_00398,dev,rapid,11,800,16,32,quiesced,16
dev_b16_f04_00398,dev,rapid,11,1600,16,32,quiesced,16
dev_b16_f04_00398,dev,rapid,11,3200,16,32,quiesced,16
dev_b16_f04_00398,dev,rapid,11,6400,16,32,quiesced,16
dev_b16_f04_00398,dev,rapid,11,12800,16,32,quiesced,16
dev_b16_f04_00398,dev,rapid,11,25600,16,32,quiesced,16
dev_b16_f04_00398,dev,rapid,11,51200,16,32,quiesced,16
dev_b16_f04_00398,dev,rapid,11,102400,16,32,quiesced,16
dev_b16_f04_00398,dev,rapid,11,204800,16,32,quiesced,16
train_b00_f01_00019,train,rapid,11,25,28,266,quiesced,44
train_b00_f01_00019,train,rapid,11,50,44,266,quiesced,44
train_b00_f01_00019,train,rapid,11,100,44,266,quiesced,44
train_b00_f01_00019,train,rapid,11,200,44,266,quiesced,44
train_b00_f01_00019,train,rapid,11,400,44,266,quiesced,44
train_b00_f01_00019,train,rapid,11,800,44,266,quiesced,44
train_b00_f01_00019,train,rapid,11,1600,44,266,quiesced,44
train_b00_f01_00019,train,rapid,11,3200,44,266,quiesced,44
train_b00_f01_00019,train,rapid,11,6400,44,266,quiesced,44
train_b00_f01_00019,train,rapid,11,12800,44,266,quiesced,44
train_b00_f01_00019,train,rapid,11,25600,44,266,quiesced,44
train_b00_f01_00019,train,rapid,11,51200,44,266,quiesced,44
train_b00_f01_00019,train,rapid,11,102400,44,266,quiesced,44
train_b00_f01_00019,train,rapid,11,204800,44,266,quiesced,44
train_b02_f04_00168,train,rapid,11,25,29,34,quiesced,254
train_b02_f04_00168,train,rapid,11,50,52,34,quiesced,254
train_b02_f04_00168,train,rapid,11,100,100,30,quiesced,254
train_b02_f04_00168,train,rapid,11,200,200,29,quiesced,254
train_b02_f04_00168,train,rapid,11,400,254,29,quiesced,254
train_b02_f04_00168,train,rapid,11,800,254,29,quiesced,254
train_b02_f04_00168,train,rapid,11,1600,254,29,quiesced,254
train_b02_f04_00168,train,rapid,11,3200,254,29,quiesced,254
train_b02_f04_00168,train,rapid,11,6400,254,29,quiesced,254
train_b02_f04_00168,train,rapid,11,12800,254,29,quiesced,254
train_b02_f04_00168,train,rapid,11,25600,254,29,quiesced,254
train_b02_f04_00168,train,rapid,11,51200,254,29,quiesced,254
train_b02_f04_00168,train,rapid,11,102400,254,29,quiesced,254
train_b02_f04_00168,train,rapid,11,204800,254,29,quiesced,254
train_b04_f00_00336,train,rapid,11,25,12,180,quiesced,12
train_b04_f00_00336,train,rapid,11,50,12,180,quiesced,12
train_b04_f00_00336,train,rapid,11,100,12,180,quiesced,12
train_b04_f00_00336,train,rapid,11,200,12,180,quiesced,12
train_b04_f00_00336,train,rapid,11,400,12,180,quiesced,12
train_b04_f00_00336,train,rapid,11,800,12,180,quiesced,12
train_b04_f00_00336,train,rapid,11,1600,12,180,quiesced,12
train_b04_f00_00336,train,rapid,11,3200,12,180,quiesced,12
train_b04_f00_00336,train,rapid,11,6400,12,180,quiesced,12
train_b04_f00_00336,train,rapid,11,12800,12,180,quiesced,12
train_b04_f00_00336,train,rapid,11,25600,12,180,quiesced,12
train_b04_f00_00336,train,rapid,11,51200,12,180,quiesced,12
train_b04_f00_00336,train,rapid,11,102400,12,180,quiesced,12
train_b04_f00_00336,train,rapid,11,204800,12,180,quiesced,12
train_b13_f00_01015,train,rapid,11,25,13,95,quiesced,13
train_b13_f00_01015,train,rapid,11,50,13,95,quiesced,13
train_b13_f00_01015,train,rapid,11,100,13,95,quiesced,13
train_b13_f00_01015,train,rapid,11,200,13,95,quiesced,13
train_b13_f00_01015,train,rapid,11,400,13,95,quiesced,13
train_b13_f00_01015,train,rapid,11,800,13,95,quiesced,13
train_b13_f00_01015,train,rapid,11,1600,13,95,quiesced,13
train_b13_f00_01015,train,rapid,11,3200,13,95,quiesced,13
train_b13_f00_01015,train,rapid,11,6400,13,95,quiesced,13
train_b13_f00_01015,train,rapid,11,12800,13,95,quiesced,13
train_b13_f00_01015,train,rapid,11,25600,13,95,quiesced,13
train_b13_f00_01015,train,rapid,11,51200,13,95,quiesced,13
train_b13_f00_01015,train,rapid,11,102400,13,95,quiesced,13
train_b13_f00_01015,train,rapid,11,204800,13,95,quiesced,13
train_b20_f06_01773,train,rapid,11,25,13,185,quiesced,13
train_b20_f06_01773,train,rapid,11,50,13,185,quiesced,13
train_b20_f06_01773,train,rapid,11,100,13,185,quiesced,13
train_b20_f06_01773,train,rapid,11,200,13,185,quiesced,13
train_b20_f06_01773,train,rapid,11,400,13,185,quiesced,13
train_b20_f06_01773,train,rapid,11,800,13,185,quiesced,13
train_b20_f06_01773,train,rapid,11,1600,13,185,quiesced,13
train_b20_f06_01773,train,rapid,11,3200,13,185,quiesced,13
train_b20_f06_01773,train,rapid,11,6400,13,185,quiesced,13
train_b20_f06_01773,train,rapid,11,12800,13,185,quiesced,13
train_b20_f06_01773,train,rapid,11,25600,13,185,quiesced,13
train_b20_f06_01773,train,rapid,11,51200,13,185,quiesced,13
train_b20_f06_01773,train,rapid,11,102400,13,185,quiesced,13
train_b20_f06_01773,train,rapid,11,204800,13,185,quiesced,13
train_b37_f01_03264,train,rapid,11,25,17,204,quiesced,17
train_b37_f01_03264,train,rapid,11,50,17,204,quiesced,17
train_b37_f01_03264,train,rapid,11,100,17,204,quiesced,17
train_b37_f01_03264,train,rapid,11,200,17,204,quiesced,17
train_b37_f01_03264,train,rapid,11,400,17,204,quiesced,17
train_b37_f01_03264,train,rapid,11,800,17,204,quiesced,17
train_b37_f01_03264,train,rapid,11,1600,17,204,quiesced,17
train_b37_f01_03264,train,rapid,11,3200,17,204,quiesced,17
train_b37_f01_03264,train,rapid,11,6400,17,204,quiesced,17
train_b37_f01_03264,train,rapid,11,12800,17,204,quiesced,17
train_b37_f01_03264,train,rapid,11,25600,17,204,quiesced,17
train_b37_f01_03264,train,rapid,11,51200,17,204,quiesced,17
train_b37_f01_03264,train,rapid,11,102400,17,204,quiesced,17
train_b37_f01_03264,train,rapid,11,204800,17,204,quiesced,17
dev_b01_f06_00085,dev,rapid,12,25,15,107,quiesced,15
dev_b01_f06_00085,dev,rapid,12,50,15,107,quiesced,15
dev_b01_f06_00085,dev,rapid,12,100,15,107,quiesced,15
dev_b01_f06_00085,dev,rapid,12,200,15,107,quiesced,15
dev_b01_f06_00085,dev,rapid,12,400,15,107,quiesced,15
dev_b01_f06_00085,dev,rapid,12,800,15,107,quiesced,15
dev_b01_f06_00085,dev,rapid,12,1600,15,107,quiesced,15
dev_b01_f06_00085,dev,rapid,12,3200,15,107,quiesced,15
dev_b01_f06_00085,dev,rapid,12,6400,15,107,quiesced,15
dev_b01_f06_00085,dev,rapid,12,12800,15,107,quiesced,15
dev_b01_f06_00085,dev,rapid,12,25600,15,107,quiesced,15
dev_b01_f06_00085,dev,rapid,12,51200,15,107,quiesced,15
dev_b01_f06_00085,dev,rapid,12,102400,15,107,quiesced,15
dev_b01_f06_00085,dev,rapid,12,204800,15,107,quiesced,15
dev_b27_f04_00628,dev,rapid,12,25,19,103,quiesced,19
dev_b27_f04_00628,dev,rapid,12,50,19,103,quiesced,19
dev_b27_f04_00628,dev,rapid,12,100,19,103,quiesced,19
dev_b27_f04_00628,dev,rapid,12,200,19,103,quiesced,19
dev_b27_f04_00628,dev,rapid,12,400,19,103,quiesced,19
dev_b27_f04_00628,dev,rapid,12,800,19,103,quiesced,19
dev_b27_f04_00628,dev,rapid,12,1600,19,103,quiesced,19
dev_b27_f04_00628,dev,rapid,12,3200,19,103,quiesced,19
dev_b27_f04_00628,dev,rapid,12,6400,19,103,quiesced,19
dev_b27_f04_00628,dev,rapid,12,12800,19,103,quiesced,19
dev_b27_f04_00628,dev,rapid,12,25600,19,103,quiesced,19
dev_b27_f04_00628,dev,rapid,12,51200,19,103,quiesced,19
dev_b27_f04_00628,dev,rapid,12,102400,19,103,quiesced,19
dev_b27_f04_00628,dev,rapid,12,204800,19,103,quiesced,19
train_b00_f07_00099,train,rapid,12,25,29,26,quiesced,256
train_b00_f07_00099,train,rapid,12,50,54,26,quiesced,256
train_b00_f07_00099,train,rapid,12,100,110,26,quiesced,256
train_b00_f07_00099,train,rapid,12,200,202,26,quiesced,256
train_b00_f07_00099,train,rapid,12,400,256,26,quiesced,256
train_b00_f07_00099,train,rapid,12,800,256,26,quiesced,256
train_b00_f07_00099,train,rapid,12,1600,256,26,quiesced,256
train_b00_f07_00099,train,rapid,12,3200,256,26,quiesced,256
train_b00_f07_00099,train,rapid,12,6400,256,26,quiesced,256
train_b00_f07_00099,train,rapid,12,12800,256,26,quiesced,256
train_b00_f07_00099,train,rapid,12,25600,256,26,quiesced,256
train_b00_f07_00099,train,rapid,12,51200,256,26,quiesced,256
train_b00_f07_00099,train,rapid,12,102400,256,26,quiesced,256
train_b00_f07_00099,train,rapid,12,204800,256,26,quiesced,256
train_b02_f07_00210,train,rapid,12,25,25,156,quiesced,39
train_b02_f07_00210,train,rapid,12,50,39,156,quiesced,39
train_b02_f07_00210,train,rapid,12,100,39,156,quiesced,39
train_b02_f07_00210,train,rapid,12,200,39,156,quiesced,39
train_b02_f07_00210,train,rapid,12,400,39,156,quiesced,39
train_b02_f07_00210,train,rapid,12,800,39,156,quiesced,39
train_b02_f07_00210,train,rapid,12,1600,39,156,quiesced,39
train_b02_f07_00210,train,rapid,12,3200,39,156,quiesced,39
train_b02_f07_00210,train,rapid,12,6400,39,156,quiesced,39
train_b02_f07_00210,train,rapid,12,12800,39,156,quiesced,39
train_b02_f07_00210,train,rapid,12,25600,39,156,quiesced,39
train_b02_f07_00210,train,rapid,12,51200,39,156,quiesced,39
train_b02_f07_00210,train,rapid,12,102400,39,156,quiesced,39
train_b02_f07_00210,train,rapid,12,204800,39,156,quiesced,39
train_b04_f07_00440,train,rapid,12,25,16,97,quiesced,16
train_b04_f07_00440,train,rapid,12,50,16,97,quiesced,16
train_b04_f07_00440,train,rapid,12,100,16,97,quiesced,16
train_b04_f07_00440,train,rapid,12,200,16,97,quiesced,16
train_b04_f07_00440,train,rapid,12,400,16,97,quiesced,16
train_b04_f07_00440,train,rapid,12,800,16,97,quiesced,16
train_b04_f07_00440,train,rapid,12,1600,16,97,quiesced,16
train_b04_f07_00440,train,rapid,12,3200,16,97,quiesced,16
train_b04_f07_00440,train,rapid,12,6400,16,97,quiesced,16
train_b04_f07_00440,train,rapid,12,12800,16,97,quiesced,16
train_b04_f07_00440,train,rapid,12,25600,16,97,quiesced,16
train_b04_f07_00440,train,rapid,12,51200,16,97,quiesced,16
train_b04_f07_00440,train,rapid,12,102400,16,97,quiesced,16
train_b04_f07_00440,train,rapid,12,204800,16,97,quiesced,16
train_b08_f04_00734,train,rapid,12,25,14,189,quiesced,14
train_b08_f04_00734,train,rapid,12,50,14,189,quiesced,14
train_b08_f04_00734,train,rapid,12,100,14,189,quiesced,14
train_b08_f04_00734,train,rapid,12,200,14,189,quiesced,14
train_b08_f04_00734,train,rapid,12,400,14,189,quiesced,14
train_b08_f04_00734,train,rapid,12,800,14,189,quiesced,14
train_b08_f04_00734,train,rapid,12,1600,14,189,quiesced,14
train_b08_f04_00734,train,rapid,12,3200,14,189,quiesced,14
train_b08_f04_00734,train,rapid,12,6400,14,189,quiesced,14
train_b08_f04_00734,train,rapid,12,12800,14,189,quiesced,14
train_b08_f04_00734,train,rapid,12,25600,14,189,quiesced,14
train_b08_f04_00734,train,rapid,12,51200,14,189,quiesced,14
train_b08_f04_00734,train,rapid,12,102400,14,189,quiesced,14
train_b08_f04_00734,train,rapid,12,204800,14,189,quiesced,14
train_b21_f07_01900,train,rapid,12,25,19,210,quiesced,19
train_b21_f07_01900,train,rapid,12,50,19,210,quiesced,19
train_b21_f07_01900,train,rapid,12,100,19,210,quiesced,19
train_b21_f07_01900,train,rapid,12,200,19,210,quiesced,19
train_b21_f07_01900,train,rapid,12,400,19,210,quiesced,19
train_b21_f07_01900,train,rapid,12,800,19,210,quiesced,19
train_b21_f07_01900,train,rapid,12,1600,19,210,quiesced,19
train_b21_f07_01900,train,rapid,12,3200,19,210,quiesced,19
train_b21_f07_01900,train,rapid,12,6400,19,210,quiesced,19
train_b21_f07_01900,train,rapid,12,12800,19,210,quiesced,19
train_b21_f07_01900,train,rapid,12,25600,19,210,quiesced,19
train_b21_f07_01900,train,rapid,12,51200,19,210,quiesced,19
train_b21_f07_01900,train,rapid,12,102400,19,210,quiesced,19
train_b21_f07_01900,train,rapid,12,204800,19,210,quiesced,19
dev_b01_f00_00001,dev,rapid,13,25,19,141,quiesced,19
dev_b01_f00_00001,dev,rapid,13,50,19,141,quiesced,19
dev_b01_f00_00001,dev,rapid,13,100,19,141,quiesced,19
dev_b01_f00_00001,dev,rapid,13,200,19,141,quiesced,19
dev_b01_f00_00001,dev,rapid,13,400,19,141,quiesced,19
dev_b01_f00_00001,dev,rapid,13,800,19,141,quiesced,19
dev_b01_f00_00001,dev,rapid,13,1600,19,141,quiesced,19
dev_b01_f00_00001,dev,rapid,13,3200,19,141,quiesced,19
dev_b01_f00_00001,dev,rapid,13,6400,19,141,quiesced,19
dev_b01_f00_00001,dev,rapid,13,12800,19,141,quiesced,19
dev_b01_f00_00001,dev,rapid,13,25600,19,141,quiesced,19
dev_b01_f00_00001,dev,rapid,13,51200,19,141,quiesced,19
dev_b01_f00_00001,dev,rapid,13,102400,19,141,quiesced,19
dev_b01_f00_00001,dev,rapid,13,204800,19,141,quiesced,19
dev_b06_f04_00173,dev,rapid,13,25,27,125,quiesced,76
dev_b06_f04_00173,dev,rapid,13,50,51,125,quiesced,76
dev_b06_f04_00173,dev,rapid,13,100,76,125,quiesced,76
dev_b06_f04_00173,dev,rapid,13,200,76,125,quiesced,76
dev_b06_f04_00173,dev,rapid,13,400,76,125,quiesced,76
dev_b06_f04_00173,dev,rapid,13,800,76,125,quiesced,76
dev_b06_f04_00173,dev,rapid,13,1600,76,125,quiesced,76
dev_b06_f04_00173,dev,rapid,13,3200,76,125,quiesced,76
dev_b06_f04_00173,dev,rapid,13,6400,76,125,quiesced,76
dev_b06_f04_00173,dev,rapid,13,12800,76,125,quiesced,76
dev_b06_f04_00173,dev,rapid,13,25600,76,125,quiesced,76
dev_b06_f04_00173,dev,rapid,13,51200,76,125,quiesced,76
dev_b06_f04_00173,dev,rapid,13,102400,76,125,quiesced,76
dev_b06_f04_00173,dev,rapid,13,204800,76,125,quiesced,76
train_b00_f03_00046,train,rapid,13,25,21,103,quiesced,21
train_b00_f03_00046,train,rapid,13,50,21,103,quiesced,21
train_b00_f03_00046,train,rapid,13,100,21,103,quiesced,21
train_b00_f03_00046,train,rapid,13,200,21,103,quiesced,21
train_b00_f03_00046,train,rapid,13,400,21,103,quiesced,21
train_b00_f03_00046,train,rapid,13,800,21,103,quiesced,21
train_b00_f03_00046,train,rapid,13,1600,21,103,quiesced,21
train_b00_f03_00046,train,rapid,13,3200,21,103,quiesced,21
train_b00_f03_00046,train,rapid,13,6400,21,103,quiesced,21
train_b00_f03_00046,train,rapid,13,12800,21,103,quiesced,21
train_b00_f03_00046,train,rapid,13,25600,21,103,quiesced,21
train_b00_f03_00046,train,rapid,13,51200,21,103,quiesced,21
train_b00_f03_00046,train,rapid,13,102400,21,103,quiesced,21
train_b00_f03_00046,train,rapid,13,204800,21,103,quiesced,21
train_b02_f05_00184,train,rapid,13,25,29,35,quiesced,96
train_b02_f05_00184,train,rapid,13,50,51,35,quiesced,96
train_b02_f05_00184,train,rapid,13,100,96,35,quiesced,96
train_b02_f05_00184,train,rapid,13,200,96,35,quiesced,96
train_b02_f05_00184,train,rapid,13,400,96,35,quiesced,96
train_b02_f05_00184,train,rapid,13,800,96,35,quiesced,96
train_b02_f05_00184,train,rapid,13,1600,96,35,quiesced,96
train_b02_f05_00184,train,rapid,13,3200,96,35,quiesced,96
train_b02_f05_00184,train,rapid,13,6400,96,35,quiesced,96
train_b02_f05_00184,train,rapid,13,12800,96,35,quiesced,96
train_b02_f05_00184,train,rapid,13,25600,96,35,quiesced,96
train_b02_f05_00184,train,rapid,13,51200,96,35,quiesced,96
train_b02_f05_00184,train,rapid,13,102400,96,35,quiesced,96
train_b02_f05_00184,train,rapid,13,204800,96,35,quiesced,96
train_b03_f05_00299,train,rapid,13,25,25,211,quiesced,86
train_b03_f05_00299,train,rapid,13,50,50,207,quiesced,86
train_b03_f05_00299,train,rapid,13,100,86,207,quiesced,86
train_b03_f05_00299,train,rapid,13,200,86,207,quiesced,86
train_b03_f05_00299,train,rapid,13,400,86,207,quiesced,86
train_b03_f05_00299,train,rapid,13,800,86,207,quiesced,86
train_b03_f05_00299,train,rapid,13,1600,86,207,quiesced,86
train_b03_f05_00299,train,rapid,13,3200,86,207,quiesced,86
train_b03_f05_00299,train,rapid,13,6400,86,207,quiesced,86
train_b03_f05_00299,train,rapid,13,12800,86,207,quiesced,86
train_b03_f05_00299,train,rapid,13,25600,86,207,quiesced,86
train_b03_f05_00299,train,rapid,13,51200,86,207,quiesced,86
train_b03_f05_00299,train,rapid,13,102400,86,207,quiesced,86
train_b03_f05_00299,train,rapid,13,204800,86,207,quiesced,86
train_b08_f00_00678,train,rapid,13,25,16,176,quiesced,16
train_b08_f00_00678,train,rapid,13,50,16,176,quiesced,16
train_b08_f00_00678,train,rapid,13,100,16,176,quiesced,16
train_b08_f00_00678,train,rapid,13,200,16,176,quiesced,16
train_b08_f00_00678,train,rapid,13,400,16,176,quiesced,16
train_b08_f00_00678,train,rapid,13,800,16,176,quiesced,16
train_b08_f00_00678,train,rapid,13,1600,16,176,quiesced,16
train_b08_f00_00678,train,rapid,13,3200,16,176,quiesced,16
train_b08_f00_00678,train,rapid,13,6400,16,176,quiesced,16
train_b08_f00_00678,train,rapid,13,12800,16,176,quiesced,16
train_b08_f00_00678,train,rapid,13,25600,16,176,quiesced,16
train_b08_f00_00678,train,rapid,13,51200,16,176,quiesced,16
train_b08_f00_00678,train,rapid,13,102400,16,176,quiesced,16
train_b08_f00_00678,train,rapid,13,204800,16,176,quiesced,16
train_b19_f03_01622,train,rapid,13,25,16,277,quiesced,16
train_b19_f03_01622,train,rapid,13,50,16,277,quiesced,16
train_b19_f03_01622,train,rapid,13,100,16,277,quiesced,16
train_b19_f03_01622,train,rapid,13,200,16,277,quiesced,16
train_b19_f03_01622,train,rapid,13,400,16,277,quiesced,16
train_b19_f03_01622,train,rapid,13,800,16,277,quiesced,16
train_b19_f03_01622,train,rapid,13,1600,16,277,quiesced,16
train_b19_f03_01622,train,rapid,13,3200,16,277,quiesced,16
train_b19_f03_01622,train,rapid,13,6400,16,277,quiesced,16
train_b19_f03_01622,train,rapid,13,12800,16,277,quiesced,16
train_b19_f03_01622,train,rapid,13,25600,16,277,quiesced,16
train_b19_f03_01622,train,rapid,13,51200,16,277,quiesced,16
train_b19_f03_01622,train,rapid,13,102400,16,277,quiesced,16
train_b19_f03_01622,train,rapid,13,204800,16,277,quiesced,16
train_b32_f02_02837,train,rapid,13,25,21,31,quiesced,21
train_b32_f02_02837,train,rapid,13,50,21,31,quiesced,21
train_b32_f02_02837,train,rapid,13,100,21,31,quiesced,21
train_b32_f02_02837,train,rapid,13,200,21,31,quiesced,21
train_b32_f02_02837,train,rapid,13,400,21,31,quiesced,21
train_b32_f02_02837,train,rapid,13,800,21,31,quiesced,21
train_b32_f02_02837,train,rapid,13,1600,21,31,quiesced,21
train_b32_f02_02837,train,rapid,13,3200,21,31,quiesced,21
train_b32_f02_02837,train,rapid,13,6400,21,31,quiesced,21
train_b32_f02_02837,train,rapid,13,12800,21,31,quiesced,21
train_b32_f02_02837,train,rapid,13,25600,21,31,quiesced,21
train_b32_f02_02837,train,rapid,13,51200,21,31,quiesced,21
train_b32_f02_02837,train,rapid,13,102400,21,31,quiesced,21
train_b32_f02_02837,train,rapid,13,204800,21,31,quiesced,21
dev_b01_f04_00056,dev,rapid,14,25,38,38,quiesced,495
dev_b01_f04_00056,dev,rapid,14,50,73,38,quiesced,495
dev_b01_f04_00056,dev,rapid,14,100,108,38,quiesced,495
dev_b01_f04_00056,dev,rapid,14,200,220,38,quiesced,495
dev_b01_f04_00056,dev,rapid,14,400,402,38,quiesced,495
dev_b01_f04_00056,dev,rapid,14,800,495,38,quiesced,495
dev_b01_f04_00056,dev,rapid,14,1600,495,38,quiesced,495
dev_b01_f04_00056,dev,rapid,14,3200,495,38,quiesced,495
dev_b01_f04_00056,dev,rapid,14,6400,495,38,quiesced,495
dev_b01_f04_00056,dev,rapid,14,12800,495,38,quiesced,495
dev_b01_f04_00056,dev,rapid,14,25600,495,38,quiesced,495
dev_b01_f04_00056,dev,rapid,14,51200,495,38,quiesced,495
dev_b01_f04_00056,dev,rapid,14,102400,495,38,quiesced,495
dev_b01_f04_00056,dev,rapid,14,204800,495,38,quiesced,495
dev_b06_f02_00146,dev,rapid,14,25,23,31,quiesced,23
dev_b06_f02_00146,dev,rapid,14,50,23,31,quiesced,23
dev_b06_f02_00146,dev,rapid,14,100,23,31,quiesced,23
dev_b06_f02_00146,dev,rapid,14,200,23,31,quiesced,23
dev_b06_f02_00146,dev,rapid,14,400,23,31,quiesced,23
dev_b06_f02_00146,dev,rapid,14,800,23,31,quiesced,23
dev_b06_f02_00146,dev,rapid,14,1600,23,31,quiesced,23
dev_b06_f02_00146,dev,rapid,14,3200,23,31,quiesced,23
dev_b06_f02_00146,dev,rapid,14,6400,23,31,quiesced,23
dev_b06_f02_00146,dev,rapid,14,12800,23,31,quiesced,23
dev_b06_f02_00146,dev,rapid,14,25600,23,31,quiesced,23
dev_b06_f02_00146,dev,rapid,14,51200,23,31,quiesced,23
dev_b06_f02_00146,dev,rapid,14,102400,23,31,quiesced,23
dev_b06_f02_00146,dev,rapid,14,204800,23,31,quiesced,23
train_b00_f03_00043,train,rapid,14,25,26,135,quiesced,39
train_b00_f03_00043,train,rapid,14,50,39,135,quiesced,39
train_b00_f03_00043,train,rapid,14,100,39,135,quiesced,39
train_b00_f03_00043,train,rapid,14,200,39,135,quiesced,39
train_b00_f03_00043,train,rapid,14,400,39,135,quiesced,39
train_b00_f03_00043,train,rapid,14,800,39,135,quiesced,39
train_b00_f03_00043,train,rapid,14,1600,39,135,quiesced,39
train_b00_f03_00043,train,rapid,14,3200,39,135,quiesced,39
train_b00_f03_00043,train,rapid,14,6400,39,135,quiesced,39
train_b00_f03_00043,train,rapid,14,12800,39,135,quiesced,39
train_b00_f03_00043,train,rapid,14,25600,39,135,quiesced,39
train_b00_f03_00043,train,rapid,14,51200,39,135,quiesced,39
train_b00_f03_00043,train,rapid,14,102400,39,135,quiesced,39
train_b00_f03_00043,train,rapid,14,204800,39,135,quiesced,39
train_b02_f03_00154,train,rapid,14,25,25,217,quiesced,81
train_b02_f03_00154,train,rapid,14,50,51,217,quiesced,81
train_b02_f03_00154,train,rapid,14,100,81,217,quiesced,81
train_b02_f03_00154,train,rapid,14,200,81,217,quiesced,81
train_b02_f03_00154,train,rapid,14,400,81,217,quiesced,81
train_b02_f03_00154,train,rapid,14,800,81,217,quiesced,81
train_b02_f03_00154,train,rapid,14,1600,81,217,quiesced,81
train_b02_f03_00154,train,rapid,14,3200,81,217,quiesced,81
train_b02_f03_00154,train,rapid,14,6400,81,217,quiesced,81
train_b02_f03_00154,train,rapid,14,12800,81,217,quiesced,81
train_b02_f03_00154,train,rapid,14,25600,81,217,quiesced,81
train_b02_f03_00154,train,rapid,14,51200,81,217,quiesced,81
train_b02_f03_00154,train,rapid,14,102400,81,217,quiesced,81
train_b02_f03_00154,train,rapid,14,204800,81,217,quiesced,81
train_b03_f06_00308,train,rapid,14,25,25,288,quiesced,75
train_b03_f06_00308,train,rapid,14,50,50,288,quiesced,75
train_b03_f06_00308,train,rapid,14,100,75,288,quiesced,75
train_b03_f06_00308,train,rapid,14,200,75,288,quiesced,75
train_b03_f06_00308,train,rapid,14,400,75,288,quiesced,75
train_b03_f06_00308,train,rapid,14,800,75,288,quiesced,75
train_b03_f06_00308,train,rapid,14,1600,75,288,quiesced,75
train_b03_f06_00308,train,rapid,14,3200,75,288,quiesced,75
train_b03_f06_00308,train,rapid,14,6400,75,288,quiesced,75
train_b03_f06_00308,train,rapid,14,12800,75,288,quiesced,75
train_b03_f06_00308,train,rapid,14,25600,75,288,quiesced,75
train_b03_f06_00308,train,rapid,14,51200,75,288,quiesced,75
train_b03_f06_00308,train,rapid,14,102400,75,288,quiesced,75
train_b03_f06_00308,train,rapid,14,204800,75,288,quiesced,75
train_b04_f06_00431,train,rapid,14,25,25,18,quiesced,85
train_b04_f06_00431,train,rapid,14,50,50,18,quiesced,85
train_b04_f06_00431,train,rapid,14,100,85,18,quiesced,85
train_b04_f06_00431,train,rapid,14,200,85,18,quiesced,85
train_b04_f06_00431,train,rapid,14,400,85,18,quiesced,85
train_b04_f06_00431,train,rapid,14,800,85,18,quiesced,85
train_b04_f06_00431,train,rapid,14,1600,85,18,quiesced,85
train_b04_f06_00431,train,rapid,14,3200,85,18,quiesced,85
train_b04_f06_00431,train,rapid,14,6400,85,18,quiesced,85
train_b04_f06_00431,train,rapid,14,12800,85,18,quiesced,85
train_b04_f06_00431,train,rapid,14,25600,85,18,quiesced,85
train_b04_f06_00431,train,rapid,14,51200,85,18,quiesced,85
train_b04_f06_00431,train,rapid,14,102400,85,18,quiesced,85
train_b04_f06_00431,train,rapid,14,204800,85,18,quiesced,85
train_b07_f07_00660,train,rapid,14,25,21,112,quiesced,21
train_b07_f07_00660,train,rapid,14,50,21,112,quiesced,21
train_b07_f07_00660,train,rapid,14,100,21,112,quiesced,21
train_b07_f07_00660,train,rapid,14,200,21,112,quiesced,21
train_b07_f07_00660,train,rapid,14,400,21,112,quiesced,21
train_b07_f07_00660,train,rapid,14,800,21,112,quiesced,21
train_b07_f07_00660,train,rapid,14,1600,21,112,quiesced,21
train_b07_f07_00660,train,rapid,14,3200,21,112,quiesced,21
train_b07_f07_00660,train,rapid,14,6400,21,112,quiesced,21
train_b07_f07_00660,train,rapid,14,12800,21,112,quiesced,21
train_b07_f07_00660,train,rapid,14,25600,21,112,quiesced,21
train_b07_f07_00660,train,rapid,14,51200,21,112,quiesced,21
train_b07_f07_00660,train,rapid,14,102400,21,112,quiesced,21
train_b07_f07_00660,train,rapid,14,204800,21,112,quiesced,21
train_b10_f07_00885,train,rapid,14,25,29,107,quiesced,9868
train_b10_f07_00885,train,rapid,14,50,51,107,quiesced,9868
train_b10_f07_00885,train,rapid,14,100,100,107,quiesced,9868
train_b10_f07_00885,train,rapid,14,200,203,107,quiesced,9868
train_b10_f07_00885,train,rapid,14,400,427,107,quiesced,9868
train_b10_f07_00885,train,rapid,14,800,828,107,quiesced,9868
train_b10_f07_00885,train,rapid,14,1600,1805,107,quiesced,9868
train_b10_f07_00885,train,rapid,14,3200,3432,107,quiesced,9868
train_b10_f07_00885,train,rapid,14,6400,6404,107,quiesced,9868
train_b10_f07_00885,train,rapid,14,12800,9868,107,quiesced,9868
train_b10_f07_00885,train,rapid,14,25600,9868,107,quiesced,9868
train_b10_f07_00885,train,rapid,14,51200,9868,107,quiesced,9868
train_b10_f07_00885,train,rapid,14,102400,9868,107,quiesced,9868
train_b10_f07_00885,train,rapid,14,204800,9868,107,quiesced,9868
train_b30_f04_02637,train,rapid,14,25,15,173,quiesced,15
train_b30_f04_02637,train,rapid,14,50,15,173,quiesced,15
train_b30_f04_02637,train,rapid,14,100,15,173,quiesced,15
train_b30_f04_02637,train,rapid,14,200,15,173,quiesced,15
train_b30_f04_02637,train,rapid,14,400,15,173,quiesced,15
train_b30_f04_02637,train,rapid,14,800,15,173,quiesced,15
train_b30_f04_02637,train,rapid,14,1600,15,173,quiesced,15
train_b30_f04_02637,train,rapid,14,3200,15,173,quiesced,15
train_b30_f04_02637,train,rapid,14,6400,15,173,quiesced,15
train_b30_f04_02637,train,rapid,14,12800,15,173,quiesced,15
train_b30_f04_02637,train,rapid,14,25600,15,173,quiesced,15
train_b30_f04_02637,train,rapid,14,51200,15,173,quiesced,15
train_b30_f04_02637,train,rapid,14,102400,15,173,quiesced,15
train_b30_f04_02637,train,rapid,14,204800,15,173,quiesced,15
train_b36_f00_03137,train,rapid,14,25,21,213,quiesced,21
train_b36_f00_03137,train,rapid,14,50,21,213,quiesced,21
train_b36_f00_03137,train,rapid,14,100,21,213,quiesced,21
train_b36_f00_03137,train,rapid,14,200,21,213,quiesced,21
train_b36_f00_03137,train,rapid,14,400,21,213,quiesced,21
train_b36_f00_03137,train,rapid,14,800,21,213,quiesced,21
train_b36_f00_03137,train,rapid,14,1600,21,213,quiesced,21
train_b36_f00_03137,train,rapid,14,3200,21,213,quiesced,21
train_b36_f00_03137,train,rapid,14,6400,21,213,quiesced,21
train_b36_f00_03137,train,rapid,14,12800,21,213,quiesced,21
train_b36_f00_03137,train,rapid,14,25600,21,213,quiesced,21
train_b36_f00_03137,train,rapid,14,51200,21,213,quiesced,21
train_b36_f00_03137,train,rapid,14,102400,21,213,quiesced,21
train_b36_f00_03137,train,rapid,14,204800,21,213,quiesced,21
dev_b01_f00_00002,dev,rapid,15,25,27,71,quiesced,250
dev_b01_f00_00002,dev,rapid,15,50,50,71,quiesced,250
dev_b01_f00_00002,dev,rapid,15,100,101,32,quiesced,250
dev_b01_f00_00002,dev,rapid,15,200,200,32,quiesced,250
dev_b01_f00_00002,dev,rapid,15,400,250,32,quiesced,250
dev_b01_f00_00002,dev,rapid,15,800,250,32,quiesced,250
dev_b01_f00_00002,dev,rapid,15,1600,250,32,quiesced,250
dev_b01_f00_00002,dev,rapid,15,3200,250,32,quiesced,250
dev_b01_f00_00002,dev,rapid,15,6400,250,32,quiesced,250
dev_b01_f00_00002,dev,rapid,15,12800,250,32,quiesced,250
dev_b01_f00_00002,dev,rapid,15,25600,250,32,quiesced,250
dev_b01_f00_00002,dev,rapid,15,51200,250,32,quiesced,250
dev_b01_f00_00002,dev,rapid,15,102400,250,32,quiesced,250
dev_b01_f00_00002,dev,rapid,15,204800,250,32,quiesced,250
dev_b06_f05_00186,dev,rapid,15,25,23,46,quiesced,23
dev_b06_f05_00186,dev,rapid,15,50,23,46,quiesced,23
dev_b06_f05_00186,dev,rapid,15,100,23,46,quiesced,23
dev_b06_f05_00186,dev,rapid,15,200,23,46,quiesced,23
dev_b06_f05_00186,dev,rapid,15,400,23,46,quiesced,23
dev_b06_f05_00186,dev,rapid,15,800,23,46,quiesced,23
dev_b06_f05_00186,dev,rapid,15,1600,23,46,quiesced,23
dev_b06_f05_00186,dev,rapid,15,3200,23,46,quiesced,23
dev_b06_f05_00186,dev,rapid,15,6400,23,46,quiesced,23
dev_b06_f05_00186,dev,rapid,15,12800,23,46,quiesced,23
dev_b06_f05_00186,dev,rapid,15,25600,23,46,quiesced,23
dev_b06_f05_00186,dev,rapid,15,51200,23,46,quiesced,23
dev_b06_f05_00186,dev,rapid,15,102400,23,46,quiesced,23
dev_b06_f05_00186,dev,rapid,15,204800,23,46,quiesced,23
train_b00_f04_00068,train,rapid,15,25,27,71,quiesced,250
train_b00_f04_00068,train,rapid,15,50,50,71,quiesced,250
train_b00_f04_00068,train,rapid,15,100,101,32,quiesced,250
train_b00_f04_00068,train,rapid,15,200,200,32,quiesced,250
train_b00_f04_00068,train,rapid,15,400,250,32,quiesced,250
train_b00_f04_00068,train,rapid,15,800,250,32,quiesced,250
train_b00_f04_00068,train,rapid,15,1600,250,32,quiesced,250
train_b00_f04_00068,train,rapid,15,3200,250,32,quiesced,250
train_b00_f04_00068,train,rapid,15,6400,250,32,quiesced,250
train_b00_f04_00068,train,rapid,15,12800,250,32,quiesced,250
train_b00_f04_00068,train,rapid,15,25600,250,32,quiesced,250
train_b00_f04_00068,train,rapid,15,51200,250,32,quiesced,250
train_b00_f04_00068,train,rapid,15,102400,250,32,quiesced,250
train_b00_f04_00068,train,rapid,15,204800,250,32,quiesced,250
train_b03_f02_00256,train,rapid,15,25,21,283,quiesced,21
train_b03_f02_00256,train,rapid,15,50,21,283,quiesced,21
train_b03_f02_00256,train,rapid,15,100,21,283,quiesced,21
train_b03_f02_00256,train,rapid,15,200,21,283,quiesced,21
train_b03_f02_00256,train,rapid,15,400,21,283,quiesced,21
train_b03_f02_00256,train,rapid,15,800,21,283,quiesced,21
train_b03_f02_00256,train,rapid,15,1600,21,283,quiesced,21
train_b03_f02_00256,train,rapid,15,3200,21,283,quiesced,21
train_b03_f02_00256,train,rapid,15,6400,21,283,quiesced,21
train_b03_f02_00256,train,rapid,15,12800,21,283,quiesced,21
train_b03_f02_00256,train,rapid,15,25600,21,283,quiesced,21
train_b03_f02_00256,train,rapid,15,51200,21,283,quiesced,21
train_b03_f02_00256,train,rapid,15,102400,21,283,quiesced,21
train_b03_f02_00256,train,rapid,15,204800,21,283,quiesced,21
train_b04_f04_00393,train,rapid,15,25,21,100,quiesced,21
train_b04_f04_00393,train,rapid,15,50,21,100,quiesced,21
train_b04_f04_00393,train,rapid,15,100,21,100,quiesced,21
train_b04_f04_00393,train,rapid,15,200,21,100,quiesced,21
train_b04_f04_00393,train,rapid,15,400,21,100,quiesced,21
train_b04_f04_00393,train,rapid,15,800,21,100,quiesced,21
train_b04_f04_00393,train,rapid,15,1600,21,100,quiesced,21
train_b04_f04_00393,train,rapid,15,3200,21,100,quiesced,21
train_b04_f04_00393,train,rapid,15,6400,21,100,quiesced,21
train_b04_f04_00393,train,rapid,15,12800,21,100,quiesced,21
train_b04_f04_00393,train,rapid,15,25600,21,100,quiesced,21
train_b04_f04_00393,train,rapid,15,51200,21,100,quiesced,21
train_b04_f04_00393,train,rapid,15,102400,21,100,quiesced,21
train_b04_f04_00393,train,rapid,15,204800,21,100,quiesced,21
train_b07_f02_00597,train,rapid,15,25,29,441,quiesced,73
train_b07_f02_00597,train,rapid,15,50,51,437,quiesced,73
train_b07_f02_00597,train,rapid,15,100,73,437,quiesced,73
train_b07_f02_00597,train,rapid,15,200,73,437,quiesced,73
train_b07_f02_00597,train,rapid,15,400,73,437,quiesced,73
train_b07_f02_00597,train,rapid,15,800,73,437,quiesced,73
train_b07_f02_00597,train,rapid,15,1600,73,437,quiesced,73
train_b07_f02_00597,train,rapid,15,3200,73,437,quiesced,73
train_b07_f02_00597,train,rapid,15,6400,73,437,quiesced,73
train_b07_f02_00597,train,rapid,15,12800,73,437,quiesced,73
train_b07_f02_00597,train,rapid,15,25600,73,437,quiesced,73
train_b07_f02_00597,train,rapid,15,51200,73,437,quiesced,73
train_b07_f02_00597,train,rapid,15,102400,73,437,quiesced,73
train_b07_f02_00597,train,rapid,15,204800,73,437,quiesced,73
train_b11_f06_00982,train,rapid,15,25,23,147,quiesced,23
train_b11_f06_00982,train,rapid,15,50,23,147,quiesced,23
train_b11_f06_00982,train,rapid,15,100,23,147,quiesced,23
train_b11_f06_00982,train,rapid,15,200,23,147,quiesced,23
train_b11_f06_00982,train,rapid,15,400,23,147,quiesced,23
train_b11_f06_00982,train,rapid,15,800,23,147,quiesced,23
train_b11_f06_00982,train,rapid,15,1600,23,147,quiesced,23
train_b11_f06_00982,train,rapid,15,3200,23,147,quiesced,23
train_b11_f06_00982,train,rapid,15,6400,23,147,quiesced,23
train_b11_f06_00982,train,rapid,15,12800,23,147,quiesced,23
train_b11_f06_00982,train,rapid,15,25600,23,147,quiesced,23
train_b11_f06_00982,train,rapid,15,51200,23,147,quiesced,23
train_b11_f06_00982,train,rapid,15,102400,23,147,quiesced,23
train_b11_f06_00982,train,rapid,15,204800,23,147,quiesced,23
train_b28_f05_02423,train,rapid,15,25,19,185,quiesced,19
train_b28_f05_02423,train,rapid,15,50,19,185,quiesced,19
train_b28_f05_02423,train,rapid,15,100,19,185,quiesced,19
train_b28_f05_02423,train,rapid,15,200,19,185,quiesced,19
train_b28_f05_02423,train,rapid,15,400,19,185,quiesced,19
train_b28_f05_02423,train,rapid,15,800,19,185,quiesced,19
train_b28_f05_02423,train,rapid,15,1600,19,185,quiesced,19
train_b28_f05_02423,train,rapid,15,3200,19,185,quiesced,19
train_b28_f05_02423,train,rapid,15,6400,19,185,quiesced,19
train_b28_f05_02423,train,rapid,15,12800,19,185,quiesced,19
train_b28_f05_02423,train,rapid,15,25600,19,185,quiesced,19
train_b28_f05_02423,train,rapid,15,51200,19,185,quiesced,19
train_b28_f05_02423,train,rapid,15,102400,19,185,quiesced,19
train_b28_f05_02423,train,rapid,15,204800,19,185,quiesced,19
dev_b01_f01_00014,dev,rapid,16,25,22,226,quiesced,22
dev_b01_f01_00014,dev,rapid,16,50,22,226,quiesced,22
dev_b01_f01_00014,dev,rapid,16,100,22,226,quiesced,22
dev_b01_f01_00014,dev,rapid,16,200,22,226,quiesced,22
dev_b01_f01_00014,dev,rapid,16,400,22,226,quiesced,22
dev_b01_f01_00014,dev,rapid,16,800,22,226,quiesced,22
dev_b01_f01_00014,dev,rapid,16,1600,22,226,quiesced,22
dev_b01_f01_00014,dev,rapid,16,3200,22,226,quiesced,22
dev_b01_f01_00014,dev,rapid,16,6400,22,226,quiesced,22
dev_b01_f01_00014,dev,rapid,16,12800,22,226,quiesced,22
dev_b01_f01_00014,dev,rapid,16,25600,22,226,quiesced,22
dev_b01_f01_00014,dev,rapid,16,51200,22,226,quiesced,22
dev_b01_f01_00014,dev,rapid,16,102400,22,226,quiesced,22
dev_b01_f01_00014,dev,rapid,16,204800,22,226,quiesced,22
dev_b06_f02_00152,dev,rapid,16,25,26,194,quiesced,44
dev_b06_f02_00152,dev,rapid,16,50,44,194,quiesced,44
dev_b06_f02_00152,dev,rapid,16,100,44,194,quiesced,44
dev_b06_f02_00152,dev,rapid,16,200,44,194,quiesced,44
dev_b06_f02_00152,dev,rapid,16,400,44,194,quiesced,44
dev_b06_f02_00152,dev,rapid,16,800,44,194,quiesced,44
dev_b06_f02_00152,dev,rapid,16,1600,44,194,quiesced,44
dev_b06_f02_00152,dev,rapid,16,3200,44,194,quiesced,44
dev_b06_f02_00152,dev,rapid,16,6400,44,194,quiesced,44
dev_b06_f02_00152,dev,rapid,16,12800,44,194,quiesced,44
dev_b06_f02_00152,dev,rapid,16,25600,44,194,quiesced,44
dev_b06_f02_00152,dev,rapid,16,51200,44,194,quiesced,44
dev_b06_f02_00152,dev,rapid,16,102400,44,194,quiesced,44
dev_b06_f02_00152,dev,rapid,16,204800,44,194,quiesced,44
dev_b22_f05_00521,dev,rapid,16,25,22,122,quiesced,22
dev_b22_f05_00521,dev,rapid,16,50,22,122,quiesced,22
dev_b22_f05_00521,dev,rapid,16,100,22,122,quiesced,22
dev_b22_f05_00521,dev,rapid,16,200,22,122,quiesced,22
dev_b22_f05_00521,dev,rapid,16,400,22,122,quiesced,22
dev_b22_f05_00521,dev,rapid,16,800,22,122,quiesced,22
dev_b22_f05_00521,dev,rapid,16,1600,22,122,quiesced,22
dev_b22_f05_00521,dev,rapid,16,3200,22,122,quiesced,22
dev_b22_f05_00521,dev,rapid,16,6400,22,122,quiesced,22
dev_b22_f05_00521,dev,rapid,16,12800,22,122,quiesced,22
dev_b22_f05_00521,dev,rapid,16,25600,22,122,quiesced,22
dev_b22_f05_00521,dev,rapid,16,51200,22,122,quiesced,22
dev_b22_f05_00521,dev,rapid,16,102400,22,122,quiesced,22
dev_b22_f05_00521,dev,rapid,16,204800,22,122,quiesced,22
train_b00_f05_00078,train,rapid,16,25,24,163,quiesced,24
train_b00_f05_00078,train,rapid,16,50,24,163,quiesced,24
train_b00_f05_00078,train,rapid,16,100,24,163,quiesced,24
train_b00_f05_00078,train,rapid,16,200,24,163,quiesced,24
train_b00_f05_00078,train,rapid,16,400,24,163,quiesced,24
train_b00_f05_00078,train,rapid,16,800,24,163,quiesced,24
train_b00_f05_00078,train,rapid,16,1600,24,163,quiesced,24
train_b00_f05_00078,train,rapid,16,3200,24,163,quiesced,24
train_b00_f05_00078,train,rapid,16,6400,24,163,quiesced,24
train_b00_f05_00078,train,rapid,16,12800,24,163,quiesced,24
train_b00_f05_00078,train,rapid,16,25600,24,163,quiesced,24
train_b00_f05_00078,train,rapid,16,51200,24,163,quiesced,24
train_b00_f05_00078,train,rapid,16,102400,24,163,quiesced,24
train_b00_f05_00078,train,rapid,16,204800,24,163,quiesced,24
train_b03_f04_00290,train,rapid,16,25,21,216,quiesced,21
train_b03_f04_00290,train,rapid,16,50,21,216,quiesced,21
train_b03_f04_00290,train,rapid,16,100,21,216,quiesced,21
train_b03_f04_00290,train,rapid,16,200,21,216,quiesced,21
train_b03_f04_00290,train,rapid,16,400,21,216,quiesced,21
train_b03_f04_00290,train,rapid,16,800,21,216,quiesced,21
train_b03_f04_00290,train,rapid,16,1600,21,216,quiesced,21
train_b03_f04_00290,train,rapid,16,3200,21,216,quiesced,21
train_b03_f04_00290,train,rapid,16,6400,21,216,quiesced,21
train_b03_f04_00290,train,rapid,16,12800,21,216,quiesced,21
train_b03_f04_00290,train,rapid,16,25600,21,216,quiesced,21
train_b03_f04_00290,train,rapid,16,51200,21,216,quiesced,21
train_b03_f04_00290,train,rapid,16,102400,21,216,quiesced,21
train_b03_f04_00290,train,rapid,16,204800,21,216,quiesced,21
train_b04_f04_00401,train,rapid,16,25,25,162,quiesced,41
train_b04_f04_00401,train,rapid,16,50,41,162,quiesced,41
train_b04_f04_00401,train,rapid,16,100,41,162,quiesced,41
train_b04_f04_00401,train,rapid,16,200,41,162,quiesced,41
train_b04_f04_00401,train,rapid,16,400,41,162,quiesced,41
train_b04_f04_00401,train,rapid,16,800,41,162,quiesced,41
train_b04_f04_00401,train,rapid,16,1600,41,162,quiesced,41
train_b04_f04_00401,train,rapid,16,3200,41,162,quiesced,41
train_b04_f04_00401,train,rapid,16,6400,41,162,quiesced,41
train_b04_f04_00401,train,rapid,16,12800,41,162,quiesced,41
train_b04_f04_00401,train,rapid,16,25600,41,162,quiesced,41
train_b04_f04_00401,train,rapid,16,51200,41,162,quiesced,41
train_b04_f04_00401,train,rapid,16,102400,41,162,quiesced,41
train_b04_f04_00401,train,rapid,16,204800,41,162,quiesced,41
train_b07_f05_00634,train,rapid,16,25,23,255,quiesced,23
train_b07_f05_00634,train,rapid,16,50,23,255,quiesced,23
train_b07_f05_00634,train,rapid,16,100,23,255,quiesced,23
train_b07_f05_00634,train,rapid,16,200,23,255,quiesced,23
train_b07_f05_00634,train,rapid,16,400,23,255,quiesced,23
train_b07_f05_00634,train,rapid,16,800,23,255,quiesced,23
train_b07_f05_00634,train,rapid,16,1600,23,255,quiesced,23
train_b07_f05_00634,train,rapid,16,3200,23,255,quiesced,23
train_b07_f05_00634,train,rapid,16,6400,23,255,quiesced,23
train_b07_f05_00634,train,rapid,16,12800,23,255,quiesced,23
train_b07_f05_00634,train,rapid,16,25600,23,255,quiesced,23
train_b07_f05_00634,train,rapid,16,51200,23,255,quiesced,23
train_b07_f05_00634,train,rapid,16,102400,23,255,quiesced,23
train_b07_f05_00634,train,rapid,16,204800,23,255,quiesced,23
train_b14_f01_01142,train,rapid,16,25,24,264,quiesced,24
train_b14_f01_01142,train,rapid,16,50,24,264,quiesced,24
train_b14_f01_01142,train,rapid,16,100,24,264,quiesced,24
train_b14_f01_01142,train,rapid,16,200,24,264,quiesced,24
train_b14_f01_01142,train,rapid,16,400,24,264,quiesced,24
train_b14_f01_01142,train,rapid,16,800,24,264,quiesced,24
train_b14_f01_01142,train,rapid,16,1600,24,264,quiesced,24
train_b14_f01_01142,train,rapid,16,3200,24,264,quiesced,24
train_b14_f01_01142,train,rapid,16,6400,24,264,quiesced,24
train_b14_f01_01142,train,rapid,16,12800,24,264,quiesced,24
train_b14_f01_01142,train,rapid,16,25600,24,264,quiesced,24
train_b14_f01_01142,train,rapid,16,51200,24,264,quiesced,24
train_b14_f01_01142,train,rapid,16,102400,24,264,quiesced,24
train_b14_f01_01142,train,rapid,16,204800,24,264,quiesced,24
train_b19_f06_01662,train,rapid,16,25,22,163,quiesced,22
train_b19_f06_01662,train,rapid,16,50,22,163,quiesced,22
train_b19_f06_01662,train,rapid,16,100,22,163,quiesced,22
train_b19_f06_01662,train,rapid,16,200,22,163,quiesced,22
train_b19_f06_01662,train,rapid,16,400,22,163,quiesced,22
train_b19_f06_01662,train,rapid,16,800,22,163,quiesced,22
train_b19_f06_01662,train,rapid,16,1600,22,163,quiesced,22
train_b19_f06_01662,train,rapid,16,3200,22,163,quiesced,22
train_b19_f06_01662,train,rapid,16,6400,22,163,quiesced,22
train_b19_f06_01662,train,rapid,16,12800,22,163,quiesced,22
train_b19_f06_01662,train,rapid,16,25600,22,163,quiesced,22
train_b19_f06_01662,train,rapid,16,51200,22,163,quiesced,22
train_b19_f06_01662,train,rapid,16,102400,22,163,quiesced,22
train_b19_f06_01662,train,rapid,16,204800,22,163,quiesced,22
train_b32_f06_02893,train,rapid,16,25,21,226,quiesced,21
train_b32_f06_02893,train,rapid,16,50,21,226,quiesced,21
train_b32_f06_02893,train,rapid,16,100,21,226,quiesced,21
train_b32_f06_02893,train,rapid,16,200,21,226,quiesced,21
train_b32_f06_02893,train,rapid,16,400,21,226,quiesced,21
train_b32_f06_02893,train,rapid,16,800,21,226,quiesced,21
train_b32_f06_02893,train,rapid,16,1600,21,226,quiesced,21
train_b32_f06_02893,train,rapid,16,3200,21,226,quiesced,21
train_b32_f06_02893,train,rapid,16,6400,21,226,quiesced,21
train_b32_f06_02893,train,rapid,16,12800,21,226,quiesced,21
train_b32_f06_02893,train,rapid,16,25600,21,226,quiesced,21
train_b32_f06_02893,train,rapid,16,51200,21,226,quiesced,21
train_b32_f06_02893,train,rapid,16,102400,21,226,quiesced,21
train_b32_f06_02893,train,rapid,16,204800,21,226,quiesced,21
dev_b01_f02_00037,dev,rapid,17,25,26,161,quiesced,79
dev_b01_f02_00037,dev,rapid,17,50,52,157,quiesced,79
dev_b01_f02_00037,dev,rapid,17,100,79,157,quiesced,79
dev_b01_f02_00037,dev,rapid,17,200,79,157,quiesced,79
dev_b01_f02_00037,dev,rapid,17,400,79,157,quiesced,79
dev_b01_f02_00037,dev,rapid,17,800,79,157,quiesced,79
dev_b01_f02_00037,dev,rapid,17,1600,79,157,quiesced,79
dev_b01_f02_00037,dev,rapid,17,3200,79,157,quiesced,79
dev_b01_f02_00037,dev,rapid,17,6400,79,157,quiesced,79
dev_b01_f02_00037,dev,rapid,17,12800,79,157,quiesced,79
dev_b01_f02_00037,dev,rapid,17,25600,79,157,quiesced,79
dev_b01_f02_00037,dev,rapid,17,51200,79,157,quiesced,79
dev_b01_f02_00037,dev,rapid,17,102400,79,157,quiesced,79
dev_b01_f02_00037,dev,rapid,17,204800,79,157,quiesced,79
dev_b33_f01_00688,dev,rapid,17,25,22,408,quiesced,22
dev_b33_f01_00688,dev,rapid,17,50,22,408,quiesced,22
dev_b33_f01_00688,dev,rapid,17,100,22,408,quiesced,22
dev_b33_f01_00688,dev,rapid,17,200,22,408,quiesced,22
dev_b33_f01_00688,dev,rapid,17,400,22,408,quiesced,22
dev_b33_f01_00688,dev,rapid,17,800,22,408,quiesced,22
dev_b33_f01_00688,dev,rapid,17,1600,22,408,quiesced,22
dev_b33_f01_00688,dev,rapid,17,3200,22,408,quiesced,22
dev_b33_f01_00688,dev,rapid,17,6400,22,408,quiesced,22
dev_b33_f01_00688,dev,rapid,17,12800,22,408,quiesced,22
dev_b33_f01_00688,dev,rapid,17,25600,22,408,quiesced,22
dev_b33_f01_00688,dev,rapid,17,51200,22,408,quiesced,22
dev_b33_f01_00688,dev,rapid,17,102400,22,408,quiesced,22
dev_b33_f01_00688,dev,rapid,17,204800,22,408,quiesced,22
train_b02_f04_00179,train,rapid,17,25,22,230,quiesced,22
train_b02_f04_00179,train,rapid,17,50,22,230,quiesced,22
train_b02_f04_00179,train,rapid,17,100,22,230,quiesced,22
train_b02_f04_00179,train,rapid,17,200,22,230,quiesced,22
train_b02_f04_00179,train,rapid,17,400,22,230,quiesced,22
train_b02_f04_00179,train,rapid,17,800,22,230,quiesced,22
train_b02_f04_00179,train,rapid,17,1600,22,230,quiesced,22
train_b02_f04_00179,train,rapid,17,3200,22,230,quiesced,22
train_b02_f04_00179,train,rapid,17,6400,22,230,quiesced,22
train_b02_f04_00179,train,rapid,17,12800,22,230,quiesced,22
train_b02_f04_00179,train,rapid,17,25600,22,230,quiesced,22
train_b02_f04_00179,train,rapid,17,51200,22,230,quiesced,22
train_b02_f04_00179,train,rapid,17,102400,22,230,quiesced,22
train_b02_f04_00179,train,rapid,17,204800,22,230,quiesced,22
train_b04_f05_00419,train,rapid,17,25,25,169,quiesced,41
train_b04_f05_00419,train,rapid,17,50,41,169,quiesced,41
train_b04_f05_00419,train,rapid,17,100,41,169,quiesced,41
train_b04_f05_00419,train,rapid,17,200,41,169,quiesced,41
train_b04_f05_00419,train,rapid,17,400,41,169,quiesced,41
train_b04_f05_00419,train,rapid,17,800,41,169,quiesced,41
train_b04_f05_00419,train,rapid,17,1600,41,169,quiesced,41
train_b04_f05_00419,train,rapid,17,3200,41,169,quiesced,41
train_b04_f05_00419,train,rapid,17,6400,41,169,quiesced,41
train_b04_f05_00419,train,rapid,17,12800,41,169,quiesced,41
train_b04_f05_00419,train,rapid,17,25600,41,169,quiesced,41
train_b04_f05_00419,train,rapid,17,51200,41,169,quiesced,41
train_b04_f05_00419,train,rapid,17,102400,41,169,quiesced,41
train_b04_f05_00419,train,rapid,17,204800,41,169,quiesced,41
train_b07_f06_00655,train,rapid,17,25,26,121,quiesced,81
train_b07_f06_00655,train,rapid,17,50,52,121,quiesced,81
train_b07_f06_00655,train,rapid,17,100,81,121,quiesced,81
train_b07_f06_00655,train,rapid,17,200,81,121,quiesced,81
train_b07_f06_00655,train,rapid,17,400,81,121,quiesced,81
train_b07_f06_00655,train,rapid,17,800,81,121,quiesced,81
train_b07_f06_00655,train,rapid,17,1600,81,121,quiesced,81
train_b07_f06_00655,train,rapid,17,3200,81,121,quiesced,81
train_b07_f06_00655,train,rapid,17,6400,81,121,quiesced,81
train_b07_f06_00655,train,rapid,17,12800,81,121,quiesced,81
train_b07_f06_00655,train,rapid,17,25600,81,121,quiesced,81
train_b07_f06_00655,train,rapid,17,51200,81,121,quiesced,81
train_b07_f06_00655,train,rapid,17,102400,81,121,quiesced,81
train_b07_f06_00655,train,rapid,17,204800,81,121,quiesced,81
train_b11_f04_00959,train,rapid,17,25,28,28,quiesced,46
train_b11_f04_00959,train,rapid,17,50,46,28,quiesced,46
train_b11_f04_00959,train,rapid,17,100,46,28,quiesced,46
train_b11_f04_00959,train,rapid,17,200,46,28,quiesced,46
train_b11_f04_00959,train,rapid,17,400,46,28,quiesced,46
train_b11_f04_00959,train,rapid,17,800,46,28,quiesced,46
train_b11_f04_00959,train,rapid,17,1600,46,28,quiesced,46
train_b11_f04_00959,train,rapid,17,3200,46,28,quiesced,46
train_b11_f04_00959,train,rapid,17,6400,46,28,quiesced,46
train_b11_f04_00959,train,rapid,17,12800,46,28,quiesced,46
train_b11_f04_00959,train,rapid,17,25600,46,28,quiesced,46
train_b11_f04_00959,train,rapid,17,51200,46,28,quiesced,46
train_b11_f04_00959,train,rapid,17,102400,46,28,quiesced,46
train_b11_f04_00959,train,rapid,17,204800,46,28,quiesced,46
train_b20_f06_01767,train,rapid,17,25,32,24,quiesced,78
train_b20_f06_01767,train,rapid,17,50,51,24,quiesced,78
train_b20_f06_01767,train,rapid,17,100,78,24,quiesced,78
train_b20_f06_01767,train,rapid,17,200,78,24,quiesced,78
train_b20_f06_01767,train,rapid,17,400,78,24,quiesced,78
train_b20_f06_01767,train,rapid,17,800,78,24,quiesced,78
train_b20_f06_01767,train,rapid,17,1600,78,24,quiesced,78
train_b20_f06_01767,train,rapid,17,3200,78,24,quiesced,78
train_b20_f06_01767,train,rapid,17,6400,78,24,quiesced,78
train_b20_f06_01767,train,rapid,17,12800,78,24,quiesced,78
train_b20_f06_01767,train,rapid,17,25600,78,24,quiesced,78
train_b20_f06_01767,train,rapid,17,51200,78,24,quiesced,78
train_b20_f06_01767,train,rapid,17,102400,78,24,quiesced,78
train_b20_f06_01767,train,rapid,17,204800,78,24,quiesced,78
train_b35_f06_03121,train,rapid,17,25,22,419,quiesced,22
train_b35_f06_03121,train,rapid,17,50,22,419,quiesced,22
train_b35_f06_03121,train,rapid,17,100,22,419,quiesced,22
train_b35_f06_03121,train,rapid,17,200,22,419,quiesced,22
train_b35_f06_03121,train,rapid,17,400,22,419,quiesced,22
train_b35_f06_03121,train,rapid,17,800,22,419,quiesced,22
train_b35_f06_03121,train,rapid,17,1600,22,419,quiesced,22
train_b35_f06_03121,train,rapid,17,3200,22,419,quiesced,22
train_b35_f06_03121,train,rapid,17,6400,22,419,quiesced,22
train_b35_f06_03121,train,rapid,17,12800,22,419,quiesced,22
train_b35_f06_03121,train,rapid,17,25600,22,419,quiesced,22
train_b35_f06_03121,train,rapid,17,51200,22,419,quiesced,22
train_b35_f06_03121,train,rapid,17,102400,22,419,quiesced,22
train_b35_f06_03121,train,rapid,17,204800,22,419,quiesced,22
dev_b01_f07_00103,dev,rapid,18,25,27,164,quiesced,44
dev_b01_f07_00103,dev,rapid,18,50,44,164,quiesced,44
dev_b01_f07_00103,dev,rapid,18,100,44,164,quiesced,44
dev_b01_f07_00103,dev,rapid,18,200,44,164,quiesced,44
dev_b01_f07_00103,dev,rapid,18,400,44,164,quiesced,44
dev_b01_f07_00103,dev,rapid,18,800,44,164,quiesced,44
dev_b01_f07_00103,dev,rapid,18,1600,44,164,quiesced,44
dev_b01_f07_00103,dev,rapid,18,3200,44,164,quiesced,44
dev_b01_f07_00103,dev,rapid,18,6400,44,164,quiesced,44
dev_b01_f07_00103,dev,rapid,18,12800,44,164,quiesced,44
dev_b01_f07_00103,dev,rapid,18,25600,44,164,quiesced,44
dev_b01_f07_00103,dev,rapid,18,51200,44,164,quiesced,44
dev_b01_f07_00103,dev,rapid,18,102400,44,164,quiesced,44
dev_b01_f07_00103,dev,rapid,18,204800,44,164,quiesced,44
dev_b09_f07_00323,dev,rapid,18,25,28,156,quiesced,46
dev_b09_f07_00323,dev,rapid,18,50,46,156,quiesced,46
dev_b09_f07_00323,dev,rapid,18,100,46,156,quiesced,46
dev_b09_f07_00323,dev,rapid,18,200,46,156,quiesced,46
dev_b09_f07_00323,dev,rapid,18,400,46,156,quiesced,46
dev_b09_f07_00323,dev,rapid,18,800,46,156,quiesced,46
dev_b09_f07_00323,dev,rapid,18,1600,46,156,quiesced,46
dev_b09_f07_00323,dev,rapid,18,3200,46,156,quiesced,46
dev_b09_f07_00323,dev,rapid,18,6400,46,156,quiesced,46
dev_b09_f07_00323,dev,rapid,18,12800,46,156,quiesced,46
dev_b09_f07_00323,dev,rapid,18,25600,46,156,quiesced,46
dev_b09_f07_00323,dev,rapid,18,51200,46,156,quiesced,46
dev_b09_f07_00323,dev,rapid,18,102400,46,156,quiesced,46
dev_b09_f07_00323,dev,rapid,18,204800,46,156,quiesced,46
train_b02_f01_00138,train,rapid,18,25,33,278,quiesced,79
train_b02_f01_00138,train,rapid,18,50,51,278,quiesced,79
train_b02_f01_00138,train,rapid,18,100,79,278,quiesced,79
train_b02_f01_00138,train,rapid,18,200,79,278,quiesced,79
train_b02_f01_00138,train,rapid,18,400,79,278,quiesced,79
train_b02_f01_00138,train,rapid,18,800,79,278,quiesced,79
train_b02_f01_00138,train,rapid,18,1600,79,278,quiesced,79
train_b02_f01_00138,train,rapid,18,3200,79,278,quiesced,79
train_b02_f01_00138,train,rapid,18,6400,79,278,quiesced,79
train_b02_f01_00138,train,rapid,18,12800,79,278,quiesced,79
train_b02_f01_00138,train,rapid,18,25600,79,278,quiesced,79
train_b02_f01_00138,train,rapid,18,51200,79,278,quiesced,79
train_b02_f01_00138,train,rapid,18,102400,79,278,quiesced,79
train_b02_f01_00138,train,rapid,18,204800,79,278,quiesced,79
train_b04_f02_00366,train,rapid,18,25,28,153,quiesced,80
train_b04_f02_00366,train,rapid,18,50,50,153,quiesced,80
train_b04_f02_00366,train,rapid,18,100,80,153,quiesced,80
train_b04_f02_00366,train,rapid,18,200,80,153,quiesced,80
train_b04_f02_00366,train,rapid,18,400,80,153,quiesced,80
train_b04_f02_00366,train,rapid,18,800,80,153,quiesced,80
train_b04_f02_00366,train,rapid,18,1600,80,153,quiesced,80
train_b04_f02_00366,train,rapid,18,3200,80,153,quiesced,80
train_b04_f02_00366,train,rapid,18,6400,80,153,quiesced,80
train_b04_f02_00366,train,rapid,18,12800,80,153,quiesced,80
train_b04_f02_00366,train,rapid,18,25600,80,153,quiesced,80
train_b04_f02_00366,train,rapid,18,51200,80,153,quiesced,80
train_b04_f02_00366,train,rapid,18,102400,80,153,quiesced,80
train_b04_f02_00366,train,rapid,18,204800,80,153,quiesced,80
train_b05_f07_00548,train,rapid,18,25,27,389,quiesced,75
train_b05_f07_00548,train,rapid,18,50,50,389,quiesced,75
train_b05_f07_00548,train,rapid,18,100,75,389,quiesced,75
train_b05_f07_00548,train,rapid,18,200,75,389,quiesced,75
train_b05_f07_00548,train,rapid,18,400,75,389,quiesced,75
train_b05_f07_00548,train,rapid,18,800,75,389,quiesced,75
train_b05_f07_00548,train,rapid,18,1600,75,389,quiesced,75
train_b05_f07_00548,train,rapid,18,3200,75,389,quiesced,75
train_b05_f07_00548,train,rapid,18,6400,75,389,quiesced,75
train_b05_f07_00548,train,rapid,18,12800,75,389,quiesced,75
train_b05_f07_00548,train,rapid,18,25600,75,389,quiesced,75
train_b05_f07_00548,train,rapid,18,51200,75,389,quiesced,75
train_b05_f07_00548,train,rapid,18,102400,75,389,quiesced,75
train_b05_f07_00548,train,rapid,18,204800,75,389,quiesced,75
train_b14_f01_01138,train,rapid,18,25,25,46,quiesced,42
train_b14_f01_01138,train,rapid,18,50,42,46,quiesced,42
train_b14_f01_01138,train,rapid,18,100,42,46,quiesced,42
train_b14_f01_01138,train,rapid,18,200,42,46,quiesced,42
train_b14_f01_01138,train,rapid,18,400,42,46,quiesced,42
train_b14_f01_01138,train,rapid,18,800,42,46,quiesced,42
train_b14_f01_01138,train,rapid,18,1600,42,46,quiesced,42
train_b14_f01_01138,train,rapid,18,3200,42,46,quiesced,42
train_b14_f01_01138,train,rapid,18,6400,42,46,quiesced,42
train_b14_f01_01138,train,rapid,18,12800,42,46,quiesced,42
train_b14_f01_01138,train,rapid,18,25600,42,46,quiesced,42
train_b14_f01_01138,train,rapid,18,51200,42,46,quiesced,42
train_b14_f01_01138,train,rapid,18,102400,42,46,quiesced,42
train_b14_f01_01138,train,rapid,18,204800,42,46,quiesced,42
train_b26_f04_02296,train,rapid,18,25,23,248,quiesced,23
train_b26_f04_02296,train,rapid,18,50,23,248,quiesced,23
train_b26_f04_02296,train,rapid,18,100,23,248,quiesced,23
train_b26_f04_02296,train,rapid,18,200,23,248,quiesced,23
train_b26_f04_02296,train,rapid,18,400,23,248,quiesced,23
train_b26_f04_02296,train,rapid,18,800,23,248,quiesced,23
train_b26_f04_02296,train,rapid,18,1600,23,248,quiesced,23
train_b26_f04_02296,train,rapid,18,3200,23,248,quiesced,23
train_b26_f04_02296,train,rapid,18,6400,23,248,quiesced,23
train_b26_f04_02296,train,rapid,18,12800,23,248,quiesced,23
train_b26_f04_02296,train,rapid,18,25600,23,248,quiesced,23
train_b26_f04_02296,train,rapid,18,51200,23,248,quiesced,23
train_b26_f04_02296,train,rapid,18,102400,23,248,quiesced,23
train_b26_f04_02296,train,rapid,18,204800,23,248,quiesced,23
dev_b01_f01_00025,dev,rapid,19,25,27,227,quiesced,76
dev_b01_f01_00025,dev,rapid,19,50,51,227,quiesced,76
dev_b01_f01_00025,dev,rapid,19,100,76,227,quiesced,76
dev_b01_f01_00025,dev,rapid,19,200,76,227,quiesced,76
dev_b01_f01_00025,dev,rapid,19,400,76,227,quiesced,76
dev_b01_f01_00025,dev,rapid,19,800,76,227,quiesced,76
dev_b01_f01_00025,dev,rapid,19,1600,76,227,quiesced,76
dev_b01_f01_00025,dev,rapid,19,3200,76,227,quiesced,76
dev_b01_f01_00025,dev,rapid,19,6400,76,227,quiesced,76
dev_b01_f01_00025,dev,rapid,19,12800,76,227,quiesced,76
dev_b01_f01_00025,dev,rapid,19,25600,76,227,quiesced,76
dev_b01_f01_00025,dev,rapid,19,51200,76,227,quiesced,76
dev_b01_f01_00025,dev,rapid,19,102400,76,227,quiesced,76
dev_b01_f01_00025,dev,rapid,19,204800,76,227,quiesced,76
train_b00_f00_00001,train,rapid,19,25,28,163,quiesced,46
train_b00_f00_00001,train,rapid,19,50,46,163,quiesced,46
train_b00_f00_00001,train,rapid,19,100,46,163,quiesced,46
train_b00_f00_00001,train,rapid,19,200,46,163,quiesced,46
train_b00_f00_00001,train,rapid,19,400,46,163,quiesced,46
train_b00_f00_00001,train,rapid,19,800,46,163,quiesced,46
train_b00_f00_00001,train,rapid,19,1600,46,163,quiesced,46
train_b00_f00_00001,train,rapid,19,3200,46,163,quiesced,46
train_b00_f00_00001,train,rapid,19,6400,46,163,quiesced,46
train_b00_f00_00001,train,rapid,19,12800,46,163,quiesced,46
train_b00_f00_00001,train,rapid,19,25600,46,163,quiesced,46
train_b00_f00_00001,train,rapid,19,51200,46,163,quiesced,46
train_b00_f00_00001,train,rapid,19,102400,46,163,quiesced,46
train_b00_f00_00001,train,rapid,19,204800,46,163,quiesced,46
train_b02_f05_00191,train,rapid,19,25,28,226,quiesced,46
train_b02_f05_00191,train,rapid,19,50,46,226,quiesced,46
train_b02_f05_00191,train,rapid,19,100,46,226,quiesced,46
train_b02_f05_00191,train,rapid,19,200,46,226,quiesced,46
train_b02_f05_00191,train,rapid,19,400,46,226,quiesced,46
train_b02_f05_00191,train,rapid,19,800,46,226,quiesced,46
train_b02_f05_00191,train,rapid,19,1600,46,226,quiesced,46
train_b02_f05_00191,train,rapid,19,3200,46,226,quiesced,46
train_b02_f05_00191,train,rapid,19,6400,46,226,quiesced,46
train_b02_f05_00191,train,rapid,19,12800,46,226,quiesced,46
train_b02_f05_00191,train,rapid,19,25600,46,226,quiesced,46
train_b02_f05_00191,train,rapid,19,51200,46,226,quiesced,46
train_b02_f05_00191,train,rapid,19,102400,46,226,quiesced,46
train_b02_f05_00191,train,rapid,19,204800,46,226,quiesced,46
train_b04_f06_00420,train,rapid,19,25,28,271,quiesced,46
train_b04_f06_00420,train,rapid,19,50,46,271,quiesced,46
train_b04_f06_00420,train,rapid,19,100,46,271,quiesced,46
train_b04_f06_00420,train,rapid,19,200,46,271,quiesced,46
train_b04_f06_00420,train,rapid,19,400,46,271,quiesced,46
train_b04_f06_00420,train,rapid,19,800,46,271,quiesced,46
train_b04_f06_00420,train,rapid,19,1600,46,271,quiesced,46
train_b04_f06_00420,train,rapid,19,3200,46,271,quiesced,46
train_b04_f06_00420,train,rapid,19,6400,46,271,quiesced,46
train_b04_f06_00420,train,rapid,19,12800,46,271,quiesced,46
train_b04_f06_00420,train,rapid,19,25600,46,271,quiesced,46
train_b04_f06_00420,train,rapid,19,51200,46,271,quiesced,46
train_b04_f06_00420,train,rapid,19,102400,46,271,quiesced,46
train_b04_f06_00420,train,rapid,19,204800,46,271,quiesced,46
train_b07_f00_00572,train,rapid,19,25,27,170,quiesced,46
train_b07_f00_00572,train,rapid,19,50,46,170,quiesced,46
train_b07_f00_00572,train,rapid,19,100,46,170,quiesced,46
train_b07_f00_00572,train,rapid,19,200,46,170,quiesced,46
train_b07_f00_00572,train,rapid,19,400,46,170,quiesced,46
train_b07_f00_00572,train,rapid,19,800,46,170,quiesced,46
train_b07_f00_00572,train,rapid,19,1600,46,170,quiesced,46
train_b07_f00_00572,train,rapid,19,3200,46,170,quiesced,46
train_b07_f00_00572,train,rapid,19,6400,46,170,quiesced,46
train_b07_f00_00572,train,rapid,19,12800,46,170,quiesced,46
train_b07_f00_00572,train,rapid,19,25600,46,170,quiesced,46
train_b07_f00_00572,train,rapid,19,51200,46,170,quiesced,46
train_b07_f00_00572,train,rapid,19,102400,46,170,quiesced,46
train_b07_f00_00572,train,rapid,19,204800,46,170,quiesced,46
train_b18_f00_01465,train,rapid,19,25,26,294,quiesced,42
train_b18_f00_01465,train,rapid,19,50,42,294,quiesced,42
train_b18_f00_01465,train,rapid,19,100,42,294,quiesced,42
train_b18_f00_01465,train,rapid,19,200,42,294,quiesced,42
train_b18_f00_01465,train,rapid,19,400,42,294,quiesced,42
train_b18_f00_01465,train,rapid,19,800,42,294,quiesced,42
train_b18_f00_01465,train,rapid,19,1600,42,294,quiesced,42
train_b18_f00_01465,train,rapid,19,3200,42,294,quiesced,42
train_b18_f00_01465,train,rapid,19,6400,42,294,quiesced,42
train_b18_f00_01465,train,rapid,19,12800,42,294,quiesced,42
train_b18_f00_01465,train,rapid,19,25600,42,294,quiesced,42
train_b18_f00_01465,train,rapid,19,51200,42,294,quiesced,42
train_b18_f00_01465,train,rapid,19,102400,42,294,quiesced,42
train_b18_f00_01465,train,rapid,19,204800,42,294,quiesced,42
train_b36_f05_03213,train,rapid,19,25,26,222,quiesced,45
train_b36_f05_03213,train,rapid,19,50,45,222,quiesced,45
train_b36_f05_03213,train,rapid,19,100,45,222,quiesced,45
train_b36_f05_03213,train,rapid,19,200,45,222,quiesced,45
train_b36_f05_03213,train,rapid,19,400,45,222,quiesced,45
train_b36_f05_03213,train,rapid,19,800,45,222,quiesced,45
train_b36_f05_03213,train,rapid,19,1600,45,222,quiesced,45
train_b36_f05_03213,train,rapid,19,3200,45,222,quiesced,45
train_b36_f05_03213,train,rapid,19,6400,45,222,quiesced,45
train_b36_f05_03213,train,rapid,19,12800,45,222,quiesced,45
train_b36_f05_03213,train,rapid,19,25600,45,222,quiesced,45
train_b36_f05_03213,train,rapid,19,51200,45,222,quiesced,45
train_b36_f05_03213,train,rapid,19,102400,45,222,quiesced,45
train_b36_f05_03213,train,rapid,19,204800,45,222,quiesced,45
dev_b09_f05_00295,dev,rapid,20,25,26,121,quiesced,84
dev_b09_f05_00295,dev,rapid,20,50,52,121,quiesced,84
dev_b09_f05_00295,dev,rapid,20,100,84,121,quiesced,84
dev_b09_f05_00295,dev,rapid,20,200,84,121,quiesced,84
dev_b09_f05_00295,dev,rapid,20,400,84,121,quiesced,84
dev_b09_f05_00295,dev,rapid,20,800,84,121,quiesced,84
dev_b09_f05_00295,dev,rapid,20,1600,84,121,quiesced,84
dev_b09_f05_00295,dev,rapid,20,3200,84,121,quiesced,84
dev_b09_f05_00295,dev,rapid,20,6400,84,121,quiesced,84
dev_b09_f05_00295,dev,rapid,20,12800,84,121,quiesced,84
dev_b09_f05_00295,dev,rapid,20,25600,84,121,quiesced,84
dev_b09_f05_00295,dev,rapid,20,51200,84,121,quiesced,84
dev_b09_f05_00295,dev,rapid,20,102400,84,121,quiesced,84
dev_b09_f05_00295,dev,rapid,20,204800,84,121,quiesced,84
train_b03_f02_00255,train,rapid,20,25,27,254,quiesced,2126
train_b03_f02_00255,train,rapid,20,50,54,254,quiesced,2126
train_b03_f02_00255,train,rapid,20,100,108,254,quiesced,2126
train_b03_f02_00255,train,rapid,20,200,215,254,quiesced,2126
train_b03_f02_00255,train,rapid,20,400,403,254,quiesced,2126
train_b03_f02_00255,train,rapid,20,800,852,63,quiesced,2126
train_b03_f02_00255,train,rapid,20,1600,1693,63,quiesced,2126
train_b03_f02_00255,train,rapid,20,3200,2126,63,quiesced,2126
train_b03_f02_00255,train,rapid,20,6400,2126,63,quiesced,2126
train_b03_f02_00255,train,rapid,20,12800,2126,63,quiesced,2126
train_b03_f02_00255,train,rapid,20,25600,2126,63,quiesced,2126
train_b03_f02_00255,train,rapid,20,51200,2126,63,quiesced,2126
train_b03_f02_00255,train,rapid,20,102400,2126,63,quiesced,2126
train_b03_f02_00255,train,rapid,20,204800,2126,63,quiesced,2126
train_b04_f06_00428,train,rapid,20,25,25,131,quiesced,42
train_b04_f06_00428,train,rapid,20,50,42,131,quiesced,42
train_b04_f06_00428,train,rapid,20,100,42,131,quiesced,42
train_b04_f06_00428,train,rapid,20,200,42,131,quiesced,42
train_b04_f06_00428,train,rapid,20,400,42,131,quiesced,42
train_b04_f06_00428,train,rapid,20,800,42,131,quiesced,42
train_b04_f06_00428,train,rapid,20,1600,42,131,quiesced,42
train_b04_f06_00428,train,rapid,20,3200,42,131,quiesced,42
train_b04_f06_00428,train,rapid,20,6400,42,131,quiesced,42
train_b04_f06_00428,train,rapid,20,12800,42,131,quiesced,42
train_b04_f06_00428,train,rapid,20,25600,42,131,quiesced,42
train_b04_f06_00428,train,rapid,20,51200,42,131,quiesced,42
train_b04_f06_00428,train,rapid,20,102400,42,131,quiesced,42
train_b04_f06_00428,train,rapid,20,204800,42,131,quiesced,42
train_b07_f07_00668,train,rapid,20,25,26,187,quiesced,161
train_b07_f07_00668,train,rapid,20,50,50,187,quiesced,161
train_b07_f07_00668,train,rapid,20,100,102,187,quiesced,161
train_b07_f07_00668,train,rapid,20,200,161,187,quiesced,161
train_b07_f07_00668,train,rapid,20,400,161,187,quiesced,161
train_b07_f07_00668,train,rapid,20,800,161,187,quiesced,161
train_b07_f07_00668,train,rapid,20,1600,161,187,quiesced,161
train_b07_f07_00668,train,rapid,20,3200,161,187,quiesced,161
train_b07_f07_00668,train,rapid,20,6400,161,187,quiesced,161
train_b07_f07_00668,train,rapid,20,12800,161,187,quiesced,161
train_b07_f07_00668,train,rapid,20,25600,161,187,quiesced,161
train_b07_f07_00668,train,rapid,20,51200,161,187,quiesced,161
train_b07_f07_00668,train,rapid,20,102400,161,187,quiesced,161
train_b07_f07_00668,train,rapid,20,204800,161,187,quiesced,161
train_b13_f02_01038,train,rapid,20,25,19,665,quiesced,19
train_b13_f02_01038,train,rapid,20,50,19,665,quiesced,19
train_b13_f02_01038,train,rapid,20,100,19,665,quiesced,19
train_b13_f02_01038,train,rapid,20,200,19,665,quiesced,19
train_b13_f02_01038,train,rapid,20,400,19,665,quiesced,19
train_b13_f02_01038,train,rapid,20,800,19,665,quiesced,19
train_b13_f02_01038,train,rapid,20,1600,19,665,quiesced,19
train_b13_f02_01038,train,rapid,20,3200,19,665,quiesced,19
train_b13_f02_01038,train,rapid,20,6400,19,665,quiesced,19
train_b13_f02_01038,train,rapid,20,12800,19,665,quiesced,19
train_b13_f02_01038,train,rapid,20,25600,19,665,quiesced,19
train_b13_f02_01038,train,rapid,20,51200,19,665,quiesced,19
train_b13_f02_01038,train,rapid,20,102400,19,665,quiesced,19
train_b13_f02_01038,train,rapid,20,204800,19,665,quiesced,19
train_b21_f00_01801,train,rapid,20,25,28,237,quiesced,46
train_b21_f00_01801,train,rapid,20,50,46,237,quiesced,46
train_b21_f00_01801,train,rapid,20,100,46,237,quiesced,46
train_b21_f00_01801,train,rapid,20,200,46,237,quiesced,46
train_b21_f00_01801,train,rapid,20,400,46,237,quiesced,46
train_b21_f00_01801,train,rapid,20,800,46,237,quiesced,46
train_b21_f00_01801,train,rapid,20,1600,46,237,quiesced,46
train_b21_f00_01801,train,rapid,20,3200,46,237,quiesced,46
train_b21_f00_01801,train,rapid,20,6400,46,237,quiesced,46
train_b21_f00_01801,train,rapid,20,12800,46,237,quiesced,46
train_b21_f00_01801,train,rapid,20,25600,46,237,quiesced,46
train_b21_f00_01801,train,rapid,20,51200,46,237,quiesced,46
train_b21_f00_01801,train,rapid,20,102400,46,237,quiesced,46
train_b21_f00_01801,train,rapid,20,204800,46,237,quiesced,46
train_b37_f05_03330,train,rapid,20,25,25,302,quiesced,44
train_b37_f05_03330,train,rapid,20,50,44,302,quiesced,44
train_b37_f05_03330,train,rapid,20,100,44,302,quiesced,44
train_b37_f05_03330,train,rapid,20,200,44,302,quiesced,44
train_b37_f05_03330,train,rapid,20,400,44,302,quiesced,44
train_b37_f05_03330,train,rapid,20,800,44,302,quiesced,44
train_b37_f05_03330,train,rapid,20,1600,44,302,quiesced,44
train_b37_f05_03330,train,rapid,20,3200,44,302,quiesced,44
train_b37_f05_03330,train,rapid,20,6400,44,302,quiesced,44
train_b37_f05_03330,train,rapid,20,12800,44,302,quiesced,44
train_b37_f05_03330,train,rapid,20,25600,44,302,quiesced,44
train_b37_f05_03330,train,rapid,20,51200,44,302,quiesced,44
train_b37_f05_03330,train,rapid,20,102400,44,302,quiesced,44
train_b37_f05_03330,train,rapid,20,204800,44,302,quiesced,44
dev_b09_f07_00335,dev,rapid,21,25,25,577,quiesced,47
dev_b09_f07_00335,dev,rapid,21,50,47,577,quiesced,47
dev_b09_f07_00335,dev,rapid,21,100,47,577,quiesced,47
dev_b09_f07_00335,dev,rapid,21,200,47,577,quiesced,47
dev_b09_f07_00335,dev,rapid,21,400,47,577,quiesced,47
dev_b09_f07_00335,dev,rapid,21,800,47,577,quiesced,47
dev_b09_f07_00335,dev,rapid,21,1600,47,577,quiesced,47
dev_b09_f07_00335,dev,rapid,21,3200,47,577,quiesced,47
dev_b09_f07_00335,dev,rapid,21,6400,47,577,quiesced,47
dev_b09_f07_00335,dev,rapid,21,12800,47,577,quiesced,47
dev_b09_f07_00335,dev,rapid,21,25600,47,577,quiesced,47
dev_b09_f07_00335,dev,rapid,21,51200,47,577,quiesced,47
dev_b09_f07_00335,dev,rapid,21,102400,47,577,quiesced,47
dev_b09_f07_00335,dev,rapid,21,204800,47,577,quiesced,47
train_b03_f02_00254,train,rapid,21,25,28,176,quiesced,47
train_b03_f02_00254,train,rapid,21,50,47,176,quiesced,47
train_b03_f02_00254,train,rapid,21,100,47,176,quiesced,47
train_b03_f02_00254,train,rapid,21,200,47,176,quiesced,47
train_b03_f02_00254,train,rapid,21,400,47,176,quiesced,47
train_b03_f02_00254,train,rapid,21,800,47,176,quiesced,47
train_b03_f02_00254,train,rapid,21,1600,47,176,quiesced,47
train_b03_f02_00254,train,rapid,21,3200,47,176,quiesced,47
train_b03_f02_00254,train,rapid,21,6400,47,176,quiesced,47
train_b03_f02_00254,train,rapid,21,12800,47,176,quiesced,47
train_b03_f02_00254,train,rapid,21,25600,47,176,quiesced,47
train_b03_f02_00254,train,rapid,21,51200,47,176,quiesced,47
train_b03_f02_00254,train,rapid,21,102400,47,176,quiesced,47
train_b03_f02_00254,train,rapid,21,204800,47,176,quiesced,47
train_b04_f05_00412,train,rapid,21,25,24,484,quiesced,24
train_b04_f05_00412,train,rapid,21,50,24,484,quiesced,24
train_b04_f05_00412,train,rapid,21,100,24,484,quiesced,24
train_b04_f05_00412,train,rapid,21,200,24,484,quiesced,24
train_b04_f05_00412,train,rapid,21,400,24,484,quiesced,24
train_b04_f05_00412,train,rapid,21,800,24,484,quiesced,24
train_b04_f05_00412,train,rapid,21,1600,24,484,quiesced,24
train_b04_f05_00412,train,rapid,21,3200,24,484,quiesced,24
train_b04_f05_00412,train,rapid,21,6400,24,484,quiesced,24
train_b04_f05_00412,train,rapid,21,12800,24,484,quiesced,24
train_b04_f05_00412,train,rapid,21,25600,24,484,quiesced,24
train_b04_f05_00412,train,rapid,21,51200,24,484,quiesced,24
train_b04_f05_00412,train,rapid,21,102400,24,484,quiesced,24
train_b04_f05_00412,train,rapid,21,204800,24,484,quiesced,24
train_b07_f07_00666,train,rapid,21,25,25,124,quiesced,45
train_b07_f07_00666,train,rapid,21,50,45,124,quiesced,45
train_b07_f07_00666,train,rapid,21,100,45,124,quiesced,45
train_b07_f07_00666,train,rapid,21,200,45,124,quiesced,45
train_b07_f07_00666,train,rapid,21,400,45,124,quiesced,45
train_b07_f07_00666,train,rapid,21,800,45,124,quiesced,45
train_b07_f07_00666,train,rapid,21,1600,45,124,quiesced,45
train_b07_f07_00666,train,rapid,21,3200,45,124,quiesced,45
train_b07_f07_00666,train,rapid,21,6400,45,124,quiesced,45
train_b07_f07_00666,train,rapid,21,12800,45,124,quiesced,45
train_b07_f07_00666,train,rapid,21,25600,45,124,quiesced,45
train_b07_f07_00666,train,rapid,21,51200,45,124,quiesced,45
train_b07_f07_00666,train,rapid,21,102400,45,124,quiesced,45
train_b07_f07_00666,train,rapid,21,204800,45,124,quiesced,45
train_b11_f04_00956,train,rapid,21,25,26,236,quiesced,47
train_b11_f04_00956,train,rapid,21,50,47,236,quiesced,47
train_b11_f04_00956,train,rapid,21,100,47,236,quiesced,47
train_b11_f04_00956,train,rapid,21,200,47,236,quiesced,47
train_b11_f04_00956,train,rapid,21,400,47,236,quiesced,47
train_b11_f04_00956,train,rapid,21,800,47,236,quiesced,47
train_b11_f04_00956,train,rapid,21,1600,47,236,quiesced,47
train_b11_f04_00956,train,rapid,21,3200,47,236,quiesced,47
train_b11_f04_00956,train,rapid,21,6400,47,236,quiesced,47
train_b11_f04_00956,train,rapid,21,12800,47,236,quiesced,47
train_b11_f04_00956,train,rapid,21,25600,47,236,quiesced,47
train_b11_f04_00956,train,rapid,21,51200,47,236,quiesced,47
train_b11_f04_00956,train,rapid,21,102400,47,236,quiesced,47
train_b11_f04_00956,train,rapid,21,204800,47,236,quiesced,47
train_b18_f07_01563,train,rapid,21,25,27,233,quiesced,76
train_b18_f07_01563,train,rapid,21,50,51,233,quiesced,76
train_b18_f07_01563,train,rapid,21,100,76,233,quiesced,76
train_b18_f07_01563,train,rapid,21,200,76,233,quiesced,76
train_b18_f07_01563,train,rapid,21,400,76,233,quiesced,76
train_b18_f07_01563,train,rapid,21,800,76,233,quiesced,76
train_b18_f07_01563,train,rapid,21,1600,76,233,quiesced,76
train_b18_f07_01563,train,rapid,21,3200,76,233,quiesced,76
train_b18_f07_01563,train,rapid,21,6400,76,233,quiesced,76
train_b18_f07_01563,train,rapid,21,12800,76,233,quiesced,76
train_b18_f07_01563,train,rapid,21,25600,76,233,quiesced,76
train_b18_f07_01563,train,rapid,21,51200,76,233,quiesced,76
train_b18_f07_01563,train,rapid,21,102400,76,233,quiesced,76
train_b18_f07_01563,train,rapid,21,204800,76,233,quiesced,76
train_b36_f04_03200,train,rapid,21,25,25,56,quiesced,45
train_b36_f04_03200,train,rapid,21,50,45,56,quiesced,45
train_b36_f04_03200,train,rapid,21,100,45,56,quiesced,45
train_b36_f04_03200,train,rapid,21,200,45,56,quiesced,45
train_b36_f04_03200,train,rapid,21,400,45,56,quiesced,45
train_b36_f04_03200,train,rapid,21,800,45,56,quiesced,45
train_b36_f04_03200,train,rapid,21,1600,45,56,quiesced,45
train_b36_f04_03200,train,rapid,21,3200,45,56,quiesced,45
train_b36_f04_03200,train,rapid,21,6400,45,56,quiesced,45
train_b36_f04_03200,train,rapid,21,12800,45,56,quiesced,45
train_b36_f04_03200,train,rapid,21,25600,45,56,quiesced,45
train_b36_f04_03200,train,rapid,21,51200,45,56,quiesced,45
train_b36_f04_03200,train,rapid,21,102400,45,56,quiesced,45
train_b36_f04_03200,train,rapid,21,204800,45,56,quiesced,45
dev_b09_f06_00321,dev,rapid,22,25,26,54,quiesced,47
dev_b09_f06_00321,dev,rapid,22,50,47,54,quiesced,47
dev_b09_f06_00321,dev,rapid,22,100,47,54,quiesced,47
dev_b09_f06_00321,dev,rapid,22,200,47,54,quiesced,47
dev_b09_f06_00321,dev,rapid,22,400,47,54,quiesced,47
dev_b09_f06_00321,dev,rapid,22,800,47,54,quiesced,47
dev_b09_f06_00321,dev,rapid,22,1600,47,54,quiesced,47
dev_b09_f06_00321,dev,rapid,22,3200,47,54,quiesced,47
dev_b09_f06_00321,dev,rapid,22,6400,47,54,quiesced,47
dev_b09_f06_00321,dev,rapid,22,12800,47,54,quiesced,47
dev_b09_f06_00321,dev,rapid,22,25600,47,54,quiesced,47
dev_b09_f06_00321,dev,rapid,22,51200,47,54,quiesced,47
dev_b09_f06_00321,dev,rapid,22,102400,47,54,quiesced,47
dev_b09_f06_00321,dev,rapid,22,204800,47,54,quiesced,47
train_b03_f05_00302,train,rapid,22,25,27,130,quiesced,127
train_b03_f05_00302,train,rapid,22,50,50,130,quiesced,127
train_b03_f05_00302,train,rapid,22,100,100,130,quiesced,127
train_b03_f05_00302,train,rapid,22,200,127,130,quiesced,127
train_b03_f05_00302,train,rapid,22,400,127,130,quiesced,127
train_b03_f05_00302,train,rapid,22,800,127,130,quiesced,127
train_b03_f05_00302,train,rapid,22,1600,127,130,quiesced,127
train_b03_f05_00302,train,rapid,22,3200,127,130,quiesced,127
train_b03_f05_00302,train,rapid,22,6400,127,130,quiesced,127
train_b03_f05_00302,train,rapid,22,12800,127,130,quiesced,127
train_b03_f05_00302,train,rapid,22,25600,127,130,quiesced,127
train_b03_f05_00302,train,rapid,22,51200,127,130,quiesced,127
train_b03_f05_00302,train,rapid,22,102400,127,130,quiesced,127
train_b03_f05_00302,train,rapid,22,204800,127,130,quiesced,127
train_b05_f06_00542,train,rapid,22,25,26,52,quiesced,46
train_b05_f06_00542,train,rapid,22,50,46,52,quiesced,46
train_b05_f06_00542,train,rapid,22,100,46,52,quiesced,46
train_b05_f06_00542,train,rapid,22,200,46,52,quiesced,46
train_b05_f06_00542,train,rapid,22,400,46,52,quiesced,46
train_b05_f06_00542,train,rapid,22,800,46,52,quiesced,46
train_b05_f06_00542,train,rapid,22,1600,46,52,quiesced,46
train_b05_f06_00542,train,rapid,22,3200,46,52,quiesced,46
train_b05_f06_00542,train,rapid,22,6400,46,52,quiesced,46
train_b05_f06_00542,train,rapid,22,12800,46,52,quiesced,46
train_b05_f06_00542,train,rapid,22,25600,46,52,quiesced,46
train_b05_f06_00542,train,rapid,22,51200,46,52,quiesced,46
train_b05_f06_00542,train,rapid,22,102400,46,52,quiesced,46
train_b05_f06_00542,train,rapid,22,204800,46,52,quiesced,46
train_b14_f03_01175,train,rapid,22,25,25,293,quiesced,44
train_b14_f03_01175,train,rapid,22,50,44,293,quiesced,44
train_b14_f03_01175,train,rapid,22,100,44,293,quiesced,44
train_b14_f03_01175,train,rapid,22,200,44,293,quiesced,44
train_b14_f03_01175,train,rapid,22,400,44,293,quiesced,44
train_b14_f03_01175,train,rapid,22,800,44,293,quiesced,44
train_b14_f03_01175,train,rapid,22,1600,44,293,quiesced,44
train_b14_f03_01175,train,rapid,22,3200,44,293,quiesced,44
train_b14_f03_01175,train,rapid,22,6400,44,293,quiesced,44
train_b14_f03_01175,train,rapid,22,12800,44,293,quiesced,44
train_b14_f03_01175,train,rapid,22,25600,44,293,quiesced,44
train_b14_f03_01175,train,rapid,22,51200,44,293,quiesced,44
train_b14_f03_01175,train,rapid,22,102400,44,293,quiesced,44
train_b14_f03_01175,train,rapid,22,204800,44,293,quiesced,44
dev_b06_f03_00161,dev,rapid,23,25,25,478,quiesced,45
dev_b06_f03_00161,dev,rapid,23,50,45,478,quiesced,45
dev_b06_f03_00161,dev,rapid,23,100,45,478,quiesced,45
dev_b06_f03_00161,dev,rapid,23,200,45,478,quiesced,45
dev_b06_f03_00161,dev,rapid,23,400,45,478,quiesced,45
dev_b06_f03_00161,dev,rapid,23,800,45,478,quiesced,45
dev_b06_f03_00161,dev,rapid,23,1600,45,478,quiesced,45
dev_b06_f03_00161,dev,rapid,23,3200,45,478,quiesced,45
dev_b06_f03_00161,dev,rapid,23,6400,45,478,quiesced,45
dev_b06_f03_00161,dev,rapid,23,12800,45,478,quiesced,45
dev_b06_f03_00161,dev,rapid,23,25600,45,478,quiesced,45
dev_b06_f03_00161,dev,rapid,23,51200,45,478,quiesced,45
dev_b06_f03_00161,dev,rapid,23,102400,45,478,quiesced,45
dev_b06_f03_00161,dev,rapid,23,204800,45,478,quiesced,45
train_b04_f00_00343,train,rapid,23,25,27,59,quiesced,130
train_b04_f00_00343,train,rapid,23,50,52,55,quiesced,130
train_b04_f00_00343,train,rapid,23,100,100,50,quiesced,130
train_b04_f00_00343,train,rapid,23,200,130,50,quiesced,130
train_b04_f00_00343,train,rapid,23,400,130,50,quiesced,130
train_b04_f00_00343,train,rapid,23,800,130,50,quiesced,130
train_b04_f00_00343,train,rapid,23,1600,130,50,quiesced,130
train_b04_f00_00343,train,rapid,23,3200,130,50,quiesced,130
train_b04_f00_00343,train,rapid,23,6400,130,50,quiesced,130
train_b04_f00_00343,train,rapid,23,12800,130,50,quiesced,130
train_b04_f00_00343,train,rapid,23,25600,130,50,quiesced,130
train_b04_f00_00343,train,rapid,23,51200,130,50,quiesced,130
train_b04_f00_00343,train,rapid,23,102400,130,50,quiesced,130
train_b04_f00_00343,train,rapid,23,204800,130,50,quiesced,130
train_b05_f04_00514,train,rapid,23,25,25,382,quiesced,75
train_b05_f04_00514,train,rapid,23,50,50,378,quiesced,75
train_b05_f04_00514,train,rapid,23,100,75,378,quiesced,75
train_b05_f04_00514,train,rapid,23,200,75,378,quiesced,75
train_b05_f04_00514,train,rapid,23,400,75,378,quiesced,75
train_b05_f04_00514,train,rapid,23,800,75,378,quiesced,75
train_b05_f04_00514,train,rapid,23,1600,75,378,quiesced,75
train_b05_f04_00514,train,rapid,23,3200,75,378,quiesced,75
train_b05_f04_00514,train,rapid,23,6400,75,378,quiesced,75
train_b05_f04_00514,train,rapid,23,12800,75,378,quiesced,75
train_b05_f04_00514,train,rapid,23,25600,75,378,quiesced,75
train_b05_f04_00514,train,rapid,23,51200,75,378,quiesced,75
train_b05_f04_00514,train,rapid,23,102400,75,378,quiesced,75
train_b05_f04_00514,train,rapid,23,204800,75,378,quiesced,75
train_b08_f05_00746,train,rapid,23,25,27,560,quiesced,48
train_b08_f05_00746,train,rapid,23,50,48,560,quiesced,48
train_b08_f05_00746,train,rapid,23,100,48,560,quiesced,48
train_b08_f05_00746,train,rapid,23,200,48,560,quiesced,48
train_b08_f05_00746,train,rapid,23,400,48,560,quiesced,48
train_b08_f05_00746,train,rapid,23,800,48,560,quiesced,48
train_b08_f05_00746,train,rapid,23,1600,48,560,quiesced,48
train_b08_f05_00746,train,rapid,23,3200,48,560,quiesced,48
train_b08_f05_00746,train,rapid,23,6400,48,560,quiesced,48
train_b08_f05_00746,train,rapid,23,12800,48,560,quiesced,48
train_b08_f05_00746,train,rapid,23,25600,48,560,quiesced,48
train_b08_f05_00746,train,rapid,23,51200,48,560,quiesced,48
train_b08_f05_00746,train,rapid,23,102400,48,560,quiesced,48
train_b08_f05_00746,train,rapid,23,204800,48,560,quiesced,48
train_b14_f04_01180,train,rapid,23,25,25,184,quiesced,48
train_b14_f04_01180,train,rapid,23,50,48,184,quiesced,48
train_b14_f04_01180,train,rapid,23,100,48,184,quiesced,48
train_b14_f04_01180,train,rapid,23,200,48,184,quiesced,48
train_b14_f04_01180,train,rapid,23,400,48,184,quiesced,48
train_b14_f04_01180,train,rapid,23,800,48,184,quiesced,48
train_b14_f04_01180,train,rapid,23,1600,48,184,quiesced,48
train_b14_f04_01180,train,rapid,23,3200,48,184,quiesced,48
train_b14_f04_01180,train,rapid,23,6400,48,184,quiesced,48
train_b14_f04_01180,train,rapid,23,12800,48,184,quiesced,48
train_b14_f04_01180,train,rapid,23,25600,48,184,quiesced,48
train_b14_f04_01180,train,rapid,23,51200,48,184,quiesced,48
train_b14_f04_01180,train,rapid,23,102400,48,184,quiesced,48
train_b14_f04_01180,train,rapid,23,204800,48,184,quiesced,48
train_b24_f02_02046,train,rapid,23,25,32,485,quiesced,81
train_b24_f02_02046,train,rapid,23,50,51,485,quiesced,81
train_b24_f02_02046,train,rapid,23,100,81,485,quiesced,81
train_b24_f02_02046,train,rapid,23,200,81,485,quiesced,81
train_b24_f02_02046,train,rapid,23,400,81,485,quiesced,81
train_b24_f02_02046,train,rapid,23,800,81,485,quiesced,81
train_b24_f02_02046,train,rapid,23,1600,81,485,quiesced,81
train_b24_f02_02046,train,rapid,23,3200,81,485,quiesced,81
train_b24_f02_02046,train,rapid,23,6400,81,485,quiesced,81
train_b24_f02_02046,train,rapid,23,12800,81,485,quiesced,81
train_b24_f02_02046,train,rapid,23,25600,81,485,quiesced,81
train_b24_f02_02046,train,rapid,23,51200,81,485,quiesced,81
train_b24_f02_02046,train,rapid,23,102400,81,485,quiesced,81
train_b24_f02_02046,train,rapid,23,204800,81,485,quiesced,81
dev_b06_f01_00128,dev,rapid,24,25,27,239,quiesced,74
dev_b06_f01_00128,dev,rapid,24,50,50,239,quiesced,74
dev_b06_f01_00128,dev,rapid,24,100,74,239,quiesced,74
dev_b06_f01_00128,dev,rapid,24,200,74,239,quiesced,74
dev_b06_f01_00128,dev,rapid,24,400,74,239,quiesced,74
dev_b06_f01_00128,dev,rapid,24,800,74,239,quiesced,74
dev_b06_f01_00128,dev,rapid,24,1600,74,239,quiesced,74
dev_b06_f01_00128,dev,rapid,24,3200,74,239,quiesced,74
dev_b06_f01_00128,dev,rapid,24,6400,74,239,quiesced,74
dev_b06_f01_00128,dev,rapid,24,12800,74,239,quiesced,74
dev_b06_f01_00128,dev,rapid,24,25600,74,239,quiesced,74
dev_b06_f01_00128,dev,rapid,24,51200,74,239,quiesced,74
dev_b06_f01_00128,dev,rapid,24,102400,74,239,quiesced,74
dev_b06_f01_00128,dev,rapid,24,204800,74,239,quiesced,74
train_b02_f05_00187,train,rapid,24,25,26,46,quiesced,75
train_b02_f05_00187,train,rapid,24,50,52,46,quiesced,75
train_b02_f05_00187,train,rapid,24,100,75,46,quiesced,75
train_b02_f05_00187,train,rapid,24,200,75,46,quiesced,75
train_b02_f05_00187,train,rapid,24,400,75,46,quiesced,75
train_b02_f05_00187,train,rapid,24,800,75,46,quiesced,75
train_b02_f05_00187,train,rapid,24,1600,75,46,quiesced,75
train_b02_f05_00187,train,rapid,24,3200,75,46,quiesced,75
train_b02_f05_00187,train,rapid,24,6400,75,46,quiesced,75
train_b02_f05_00187,train,rapid,24,12800,75,46,quiesced,75
train_b02_f05_00187,train,rapid,24,25600,75,46,quiesced,75
train_b02_f05_00187,train,rapid,24,51200,75,46,quiesced,75
train_b02_f05_00187,train,rapid,24,102400,75,46,quiesced,75
train_b02_f05_00187,train,rapid,24,204800,75,46,quiesced,75
train_b07_f07_00669,train,rapid,24,25,25,504,quiesced,77
train_b07_f07_00669,train,rapid,24,50,51,500,quiesced,77
train_b07_f07_00669,train,rapid,24,100,77,500,quiesced,77
train_b07_f07_00669,train,rapid,24,200,77,500,quiesced,77
train_b07_f07_00669,train,rapid,24,400,77,500,quiesced,77
train_b07_f07_00669,train,rapid,24,800,77,500,quiesced,77
train_b07_f07_00669,train,rapid,24,1600,77,500,quiesced,77
train_b07_f07_00669,train,rapid,24,3200,77,500,quiesced,77
train_b07_f07_00669,train,rapid,24,6400,77,500,quiesced,77
train_b07_f07_00669,train,rapid,24,12800,77,500,quiesced,77
train_b07_f07_00669,train,rapid,24,25600,77,500,quiesced,77
train_b07_f07_00669,train,rapid,24,51200,77,500,quiesced,77
train_b07_f07_00669,train,rapid,24,102400,77,500,quiesced,77
train_b07_f07_00669,train,rapid,24,204800,77,500,quiesced,77
train_b11_f03_00939,train,rapid,24,25,30,402,quiesced,152
train_b11_f03_00939,train,rapid,24,50,52,402,quiesced,152
train_b11_f03_00939,train,rapid,24,100,101,402,quiesced,152
train_b11_f03_00939,train,rapid,24,200,152,402,quiesced,152
train_b11_f03_00939,train,rapid,24,400,152,402,quiesced,152
train_b11_f03_00939,train,rapid,24,800,152,402,quiesced,152
train_b11_f03_00939,train,rapid,24,1600,152,402,quiesced,152
train_b11_f03_00939,train,rapid,24,3200,152,402,quiesced,152
train_b11_f03_00939,train,rapid,24,6400,152,402,quiesced,152
train_b11_f03_00939,train,rapid,24,12800,152,402,quiesced,152
train_b11_f03_00939,train,rapid,24,25600,152,402,quiesced,152
train_b11_f03_00939,train,rapid,24,51200,152,402,quiesced,152
train_b11_f03_00939,train,rapid,24,102400,152,402,quiesced,152
train_b11_f03_00939,train,rapid,24,204800,152,402,quiesced,152
train_b17_f04_01413,train,rapid,24,25,26,69,quiesced,49
train_b17_f04_01413,train,rapid,24,50,49,69,quiesced,49
train_b17_f04_01413,train,rapid,24,100,49,69,quiesced,49
train_b17_f04_01413,train,rapid,24,200,49,69,quiesced,49
train_b17_f04_01413,train,rapid,24,400,49,69,quiesced,49
train_b17_f04_01413,train,rapid,24,800,49,69,quiesced,49
train_b17_f04_01413,train,rapid,24,1600,49,69,quiesced,49
train_b17_f04_01413,train,rapid,24,3200,49,69,quiesced,49
train_b17_f04_01413,train,rapid,24,6400,49,69,quiesced,49
train_b17_f04_01413,train,rapid,24,12800,49,69,quiesced,49
train_b17_f04_01413,train,rapid,24,25600,49,69,quiesced,49
train_b17_f04_01413,train,rapid,24,51200,49,69,quiesced,49
train_b17_f04_01413,train,rapid,24,102400,49,69,quiesced,49
train_b17_f04_01413,train,rapid,24,204800,49,69,quiesced,49
train_b35_f00_03035,train,rapid,24,25,29,199,quiesced,73
train_b35_f00_03035,train,rapid,24,50,50,199,quiesced,73
train_b35_f00_03035,train,rapid,24,100,73,199,quiesced,73
train_b35_f00_03035,train,rapid,24,200,73,199,quiesced,73
train_b35_f00_03035,train,rapid,24,400,73,199,quiesced,73
train_b35_f00_03035,train,rapid,24,800,73,199,quiesced,73
train_b35_f00_03035,train,rapid,24,1600,73,199,quiesced,73
train_b35_f00_03035,train,rapid,24,3200,73,199,quiesced,73
train_b35_f00_03035,train,rapid,24,6400,73,199,quiesced,73
train_b35_f00_03035,train,rapid,24,12800,73,199,quiesced,73
train_b35_f00_03035,train,rapid,24,25600,73,199,quiesced,73
train_b35_f00_03035,train,rapid,24,51200,73,199,quiesced,73
train_b35_f00_03035,train,rapid,24,102400,73,199,quiesced,73
train_b35_f00_03035,train,rapid,24,204800,73,199,quiesced,73
dev_b16_f05_00411,dev,rapid,25,25,28,388,quiesced,86
dev_b16_f05_00411,dev,rapid,25,50,51,388,quiesced,86
dev_b16_f05_00411,dev,rapid,25,100,86,388,quiesced,86
dev_b16_f05_00411,dev,rapid,25,200,86,388,quiesced,86
dev_b16_f05_00411,dev,rapid,25,400,86,388,quiesced,86
dev_b16_f05_00411,dev,rapid,25,800,86,388,quiesced,86
dev_b16_f05_00411,dev,rapid,25,1600,86,388,quiesced,86
dev_b16_f05_00411,dev,rapid,25,3200,86,388,quiesced,86
dev_b16_f05_00411,dev,rapid,25,6400,86,388,quiesced,86
dev_b16_f05_00411,dev,rapid,25,12800,86,388,quiesced,86
dev_b16_f05_00411,dev,rapid,25,25600,86,388,quiesced,86
dev_b16_f05_00411,dev,rapid,25,51200,86,388,quiesced,86
dev_b16_f05_00411,dev,rapid,25,102400,86,388,quiesced,86
dev_b16_f05_00411,dev,rapid,25,204800,86,388,quiesced,86
train_b04_f00_00344,train,rapid,25,25,26,354,quiesced,182
train_b04_f00_00344,train,rapid,25,50,54,351,quiesced,182
train_b04_f00_00344,train,rapid,25,100,104,333,quiesced,182
train_b04_f00_00344,train,rapid,25,200,182,329,quiesced,182
train_b04_f00_00344,train,rapid,25,400,182,329,quiesced,182
train_b04_f00_00344,train,rapid,25,800,182,329,quiesced,182
train_b04_f00_00344,train,rapid,25,1600,182,329,quiesced,182
train_b04_f00_00344,train,rapid,25,3200,182,329,quiesced,182
train_b04_f00_00344,train,rapid,25,6400,182,329,quiesced,182
train_b04_f00_00344,train,rapid,25,12800,182,329,quiesced,182
train_b04_f00_00344,train,rapid,25,25600,182,329,quiesced,182
train_b04_f00_00344,train,rapid,25,51200,182,329,quiesced,182
train_b04_f00_00344,train,rapid,25,102400,182,329,quiesced,182
train_b04_f00_00344,train,rapid,25,204800,182,329,quiesced,182
train_b07_f01_00582,train,rapid,25,25,34,124,quiesced,84
train_b07_f01_00582,train,rapid,25,50,51,124,quiesced,84
train_b07_f01_00582,train,rapid,25,100,84,124,quiesced,84
train_b07_f01_00582,train,rapid,25,200,84,124,quiesced,84
train_b07_f01_00582,train,rapid,25,400,84,124,quiesced,84
train_b07_f01_00582,train,rapid,25,800,84,124,quiesced,84
train_b07_f01_00582,train,rapid,25,1600,84,124,quiesced,84
train_b07_f01_00582,train,rapid,25,3200,84,124,quiesced,84
train_b07_f01_00582,train,rapid,25,6400,84,124,quiesced,84
train_b07_f01_00582,train,rapid,25,12800,84,124,quiesced,84
train_b07_f01_00582,train,rapid,25,25600,84,124,quiesced,84
train_b07_f01_00582,train,rapid,25,51200,84,124,quiesced,84
train_b07_f01_00582,train,rapid,25,102400,84,124,quiesced,84
train_b07_f01_00582,train,rapid,25,204800,84,124,quiesced,84
train_b10_f06_00870,train,rapid,25,25,33,214,quiesced,91
train_b10_f06_00870,train,rapid,25,50,55,214,quiesced,91
train_b10_f06_00870,train,rapid,25,100,91,214,quiesced,91
train_b10_f06_00870,train,rapid,25,200,91,214,quiesced,91
train_b10_f06_00870,train,rapid,25,400,91,214,quiesced,91
train_b10_f06_00870,train,rapid,25,800,91,214,quiesced,91
train_b10_f06_00870,train,rapid,25,1600,91,214,quiesced,91
train_b10_f06_00870,train,rapid,25,3200,91,214,quiesced,91
train_b10_f06_00870,train,rapid,25,6400,91,214,quiesced,91
train_b10_f06_00870,train,rapid,25,12800,91,214,quiesced,91
train_b10_f06_00870,train,rapid,25,25600,91,214,quiesced,91
train_b10_f06_00870,train,rapid,25,51200,91,214,quiesced,91
train_b10_f06_00870,train,rapid,25,102400,91,214,quiesced,91
train_b10_f06_00870,train,rapid,25,204800,91,214,quiesced,91
train_b15_f05_01309,train,rapid,25,25,32,225,quiesced,87
train_b15_f05_01309,train,rapid,25,50,54,225,quiesced,87
train_b15_f05_01309,train,rapid,25,100,87,225,quiesced,87
train_b15_f05_01309,train,rapid,25,200,87,225,quiesced,87
train_b15_f05_01309,train,rapid,25,400,87,225,quiesced,87
train_b15_f05_01309,train,rapid,25,800,87,225,quiesced,87
train_b15_f05_01309,train,rapid,25,1600,87,225,quiesced,87
train_b15_f05_01309,train,rapid,25,3200,87,225,quiesced,87
train_b15_f05_01309,train,rapid,25,6400,87,225,quiesced,87
train_b15_f05_01309,train,rapid,25,12800,87,225,quiesced,87
train_b15_f05_01309,train,rapid,25,25600,87,225,quiesced,87
train_b15_f05_01309,train,rapid,25,51200,87,225,quiesced,87
train_b15_f05_01309,train,rapid,25,102400,87,225,quiesced,87
train_b15_f05_01309,train,rapid,25,204800,87,225,quiesced,87
dev_b06_f06_00203,dev,rapid,26,25,26,398,quiesced,48
dev_b06_f06_00203,dev,rapid,26,50,48,398,quiesced,48
dev_b06_f06_00203,dev,rapid,26,100,48,398,quiesced,48
dev_b06_f06_00203,dev,rapid,26,200,48,398,quiesced,48
dev_b06_f06_00203,dev,rapid,26,400,48,398,quiesced,48
dev_b06_f06_00203,dev,rapid,26,800,48,398,quiesced,48
dev_b06_f06_00203,dev,rapid,26,1600,48,398,quiesced,48
dev_b06_f06_00203,dev,rapid,26,3200,48,398,quiesced,48
dev_b06_f06_00203,dev,rapid,26,6400,48,398,quiesced,48
dev_b06_f06_00203,dev,rapid,26,12800,48,398,quiesced,48
dev_b06_f06_00203,dev,rapid,26,25600,48,398,quiesced,48
dev_b06_f06_00203,dev,rapid,26,51200,48,398,quiesced,48
dev_b06_f06_00203,dev,rapid,26,102400,48,398,quiesced,48
dev_b06_f06_00203,dev,rapid,26,204800,48,398,quiesced,48
train_b02_f00_00119,train,rapid,26,25,26,402,quiesced,98
train_b02_f00_00119,train,rapid,26,50,55,398,quiesced,98
train_b02_f00_00119,train,rapid,26,100,98,398,quiesced,98
train_b02_f00_00119,train,rapid,26,200,98,398,quiesced,98
train_b02_f00_00119,train,rapid,26,400,98,398,quiesced,98
train_b02_f00_00119,train,rapid,26,800,98,398,quiesced,98
train_b02_f00_00119,train,rapid,26,1600,98,398,quiesced,98
train_b02_f00_00119,train,rapid,26,3200,98,398,quiesced,98
train_b02_f00_00119,train,rapid,26,6400,98,398,quiesced,98
train_b02_f00_00119,train,rapid,26,12800,98,398,quiesced,98
train_b02_f00_00119,train,rapid,26,25600,98,398,quiesced,98
train_b02_f00_00119,train,rapid,26,51200,98,398,quiesced,98
train_b02_f00_00119,train,rapid,26,102400,98,398,quiesced,98
train_b02_f00_00119,train,rapid,26,204800,98,398,quiesced,98
train_b07_f03_00613,train,rapid,26,25,25,517,quiesced,156
train_b07_f03_00613,train,rapid,26,50,50,457,quiesced,156
train_b07_f03_00613,train,rapid,26,100,112,452,quiesced,156
train_b07_f03_00613,train,rapid,26,200,156,452,quiesced,156
train_b07_f03_00613,train,rapid,26,400,156,452,quiesced,156
train_b07_f03_00613,train,rapid,26,800,156,452,quiesced,156
train_b07_f03_00613,train,rapid,26,1600,156,452,quiesced,156
train_b07_f03_00613,train,rapid,26,3200,156,452,quiesced,156
train_b07_f03_00613,train,rapid,26,6400,156,452,quiesced,156
train_b07_f03_00613,train,rapid,26,12800,156,452,quiesced,156
train_b07_f03_00613,train,rapid,26,25600,156,452,quiesced,156
train_b07_f03_00613,train,rapid,26,51200,156,452,quiesced,156
train_b07_f03_00613,train,rapid,26,102400,156,452,quiesced,156
train_b07_f03_00613,train,rapid,26,204800,156,452,quiesced,156
train_b13_f07_01119,train,rapid,26,25,26,381,quiesced,48
train_b13_f07_01119,train,rapid,26,50,48,381,quiesced,48
train_b13_f07_01119,train,rapid,26,100,48,381,quiesced,48
train_b13_f07_01119,train,rapid,26,200,48,381,quiesced,48
train_b13_f07_01119,train,rapid,26,400,48,381,quiesced,48
train_b13_f07_01119,train,rapid,26,800,48,381,quiesced,48
train_b13_f07_01119,train,rapid,26,1600,48,381,quiesced,48
train_b13_f07_01119,train,rapid,26,3200,48,381,quiesced,48
train_b13_f07_01119,train,rapid,26,6400,48,381,quiesced,48
train_b13_f07_01119,train,rapid,26,12800,48,381,quiesced,48
train_b13_f07_01119,train,rapid,26,25600,48,381,quiesced,48
train_b13_f07_01119,train,rapid,26,51200,48,381,quiesced,48
train_b13_f07_01119,train,rapid,26,102400,48,381,quiesced,48
train_b13_f07_01119,train,rapid,26,204800,48,381,quiesced,48
train_b23_f01_01931,train,rapid,26,25,29,368,quiesced,76
train_b23_f01_01931,train,rapid,26,50,52,368,quiesced,76
train_b23_f01_01931,train,rapid,26,100,76,368,quiesced,76
train_b23_f01_01931,train,rapid,26,200,76,368,quiesced,76
train_b23_f01_01931,train,rapid,26,400,76,368,quiesced,76
train_b23_f01_01931,train,rapid,26,800,76,368,quiesced,76
train_b23_f01_01931,train,rapid,26,1600,76,368,quiesced,76
train_b23_f01_01931,train,rapid,26,3200,76,368,quiesced,76
train_b23_f01_01931,train,rapid,26,6400,76,368,quiesced,76
train_b23_f01_01931,train,rapid,26,12800,76,368,quiesced,76
train_b23_f01_01931,train,rapid,26,25600,76,368,quiesced,76
train_b23_f01_01931,train,rapid,26,51200,76,368,quiesced,76
train_b23_f01_01931,train,rapid,26,102400,76,368,quiesced,76
train_b23_f01_01931,train,rapid,26,204800,76,368,quiesced,76
dev_b06_f05_00187,dev,rapid,27,25,36,443,quiesced,159
dev_b06_f05_00187,dev,rapid,27,50,55,443,quiesced,159
dev_b06_f05_00187,dev,rapid,27,100,105,443,quiesced,159
dev_b06_f05_00187,dev,rapid,27,200,159,443,quiesced,159
dev_b06_f05_00187,dev,rapid,27,400,159,443,quiesced,159
dev_b06_f05_00187,dev,rapid,27,800,159,443,quiesced,159
dev_b06_f05_00187,dev,rapid,27,1600,159,443,quiesced,159
dev_b06_f05_00187,dev,rapid,27,3200,159,443,quiesced,159
dev_b06_f05_00187,dev,rapid,27,6400,159,443,quiesced,159
dev_b06_f05_00187,dev,rapid,27,12800,159,443,quiesced,159
dev_b06_f05_00187,dev,rapid,27,25600,159,443,quiesced,159
dev_b06_f05_00187,dev,rapid,27,51200,159,443,quiesced,159
dev_b06_f05_00187,dev,rapid,27,102400,159,443,quiesced,159
dev_b06_f05_00187,dev,rapid,27,204800,159,443,quiesced,159
train_b04_f00_00348,train,rapid,27,25,29,426,quiesced,86
train_b04_f00_00348,train,rapid,27,50,54,422,quiesced,86
train_b04_f00_00348,train,rapid,27,100,86,422,quiesced,86
train_b04_f00_00348,train,rapid,27,200,86,422,quiesced,86
train_b04_f00_00348,train,rapid,27,400,86,422,quiesced,86
train_b04_f00_00348,train,rapid,27,800,86,422,quiesced,86
train_b04_f00_00348,train,rapid,27,1600,86,422,quiesced,86
train_b04_f00_00348,train,rapid,27,3200,86,422,quiesced,86
train_b04_f00_00348,train,rapid,27,6400,86,422,quiesced,86
train_b04_f00_00348,train,rapid,27,12800,86,422,quiesced,86
train_b04_f00_00348,train,rapid,27,25600,86,422,quiesced,86
train_b04_f00_00348,train,rapid,27,51200,86,422,quiesced,86
train_b04_f00_00348,train,rapid,27,102400,86,422,quiesced,86
train_b04_f00_00348,train,rapid,27,204800,86,422,quiesced,86
train_b08_f04_00740,train,rapid,27,25,26,513,quiesced,271
train_b08_f04_00740,train,rapid,27,50,52,505,quiesced,271
train_b08_f04_00740,train,rapid,27,100,100,505,quiesced,271
train_b08_f04_00740,train,rapid,27,200,201,505,quiesced,271
train_b08_f04_00740,train,rapid,27,400,271,505,quiesced,271
train_b08_f04_00740,train,rapid,27,800,271,505,quiesced,271
train_b08_f04_00740,train,rapid,27,1600,271,505,quiesced,271
train_b08_f04_00740,train,rapid,27,3200,271,505,quiesced,271
train_b08_f04_00740,train,rapid,27,6400,271,505,quiesced,271
train_b08_f04_00740,train,rapid,27,12800,271,505,quiesced,271
train_b08_f04_00740,train,rapid,27,25600,271,505,quiesced,271
train_b08_f04_00740,train,rapid,27,51200,271,505,quiesced,271
train_b08_f04_00740,train,rapid,27,102400,271,505,quiesced,271
train_b08_f04_00740,train,rapid,27,204800,271,505,quiesced,271
train_b13_f05_01078,train,rapid,27,25,28,436,quiesced,77
train_b13_f05_01078,train,rapid,27,50,50,431,quiesced,77
train_b13_f05_01078,train,rapid,27,100,77,431,quiesced,77
train_b13_f05_01078,train,rapid,27,200,77,431,quiesced,77
train_b13_f05_01078,train,rapid,27,400,77,431,quiesced,77
train_b13_f05_01078,train,rapid,27,800,77,431,quiesced,77
train_b13_f05_01078,train,rapid,27,1600,77,431,quiesced,77
train_b13_f05_01078,train,rapid,27,3200,77,431,quiesced,77
train_b13_f05_01078,train,rapid,27,6400,77,431,quiesced,77
train_b13_f05_01078,train,rapid,27,12800,77,431,quiesced,77
train_b13_f05_01078,train,rapid,27,25600,77,431,quiesced,77
train_b13_f05_01078,train,rapid,27,51200,77,431,quiesced,77
train_b13_f05_01078,train,rapid,27,102400,77,431,quiesced,77
train_b13_f05_01078,train,rapid,27,204800,77,431,quiesced,77
train_b20_f06_01770,train,rapid,27,25,26,707,quiesced,43
train_b20_f06_01770,train,rapid,27,50,43,707,quiesced,43
train_b20_f06_01770,train,rapid,27,100,43,707,quiesced,43
train_b20_f06_01770,train,rapid,27,200,43,707,quiesced,43
train_b20_f06_01770,train,rapid,27,400,43,707,quiesced,43
train_b20_f06_01770,train,rapid,27,800,43,707,quiesced,43
train_b20_f06_01770,train,rapid,27,1600,43,707,quiesced,43
train_b20_f06_01770,train,rapid,27,3200,43,707,quiesced,43
train_b20_f06_01770,train,rapid,27,6400,43,707,quiesced,43
train_b20_f06_01770,train,rapid,27,12800,43,707,quiesced,43
train_b20_f06_01770,train,rapid,27,25600,43,707,quiesced,43
train_b20_f06_01770,train,rapid,27,51200,43,707,quiesced,43
train_b20_f06_01770,train,rapid,27,102400,43,707,quiesced,43
train_b20_f06_01770,train,rapid,27,204800,43,707,quiesced,43
dev_b09_f01_00242,dev,rapid,28,25,26,391,quiesced,129
dev_b09_f01_00242,dev,rapid,28,50,52,391,quiesced,129
dev_b09_f01_00242,dev,rapid,28,100,101,391,quiesced,129
dev_b09_f01_00242,dev,rapid,28,200,129,391,quiesced,129
dev_b09_f01_00242,dev,rapid,28,400,129,391,quiesced,129
dev_b09_f01_00242,dev,rapid,28,800,129,391,quiesced,129
dev_b09_f01_00242,dev,rapid,28,1600,129,391,quiesced,129
dev_b09_f01_00242,dev,rapid,28,3200,129,391,quiesced,129
dev_b09_f01_00242,dev,rapid,28,6400,129,391,quiesced,129
dev_b09_f01_00242,dev,rapid,28,12800,129,391,quiesced,129
dev_b09_f01_00242,dev,rapid,28,25600,129,391,quiesced,129
dev_b09_f01_00242,dev,rapid,28,51200,129,391,quiesced,129
dev_b09_f01_00242,dev,rapid,28,102400,129,391,quiesced,129
dev_b09_f01_00242,dev,rapid,28,204800,129,391,quiesced,129
dev_b22_f01_00467,dev,rapid,28,25,27,563,quiesced,77
dev_b22_f01_00467,dev,rapid,28,50,50,563,quiesced,77
dev_b22_f01_00467,dev,rapid,28,100,77,563,quiesced,77
dev_b22_f01_00467,dev,rapid,28,200,77,563,quiesced,77
dev_b22_f01_00467,dev,rapid,28,400,77,563,quiesced,77
dev_b22_f01_00467,dev,rapid,28,800,77,563,quiesced,77
dev_b22_f01_00467,dev,rapid,28,1600,77,563,quiesced,77
dev_b22_f01_00467,dev,rapid,28,3200,77,563,quiesced,77
dev_b22_f01_00467,dev,rapid,28,6400,77,563,quiesced,77
dev_b22_f01_00467,dev,rapid,28,12800,77,563,quiesced,77
dev_b22_f01_00467,dev,rapid,28,25600,77,563,quiesced,77
dev_b22_f01_00467,dev,rapid,28,51200,77,563,quiesced,77
dev_b22_f01_00467,dev,rapid,28,102400,77,563,quiesced,77
dev_b22_f01_00467,dev,rapid,28,204800,77,563,quiesced,77
train_b05_f01_00470,train,rapid,28,25,25,133,quiesced,138
train_b05_f01_00470,train,rapid,28,50,54,129,quiesced,138
train_b05_f01_00470,train,rapid,28,100,104,124,quiesced,138
train_b05_f01_00470,train,rapid,28,200,138,124,quiesced,138
train_b05_f01_00470,train,rapid,28,400,138,124,quiesced,138
train_b05_f01_00470,train,rapid,28,800,138,124,quiesced,138
train_b05_f01_00470,train,rapid,28,1600,138,124,quiesced,138
train_b05_f01_00470,train,rapid,28,3200,138,124,quiesced,138
train_b05_f01_00470,train,rapid,28,6400,138,124,quiesced,138
train_b05_f01_00470,train,rapid,28,12800,138,124,quiesced,138
train_b05_f01_00470,train,rapid,28,25600,138,124,quiesced,138
train_b05_f01_00470,train,rapid,28,51200,138,124,quiesced,138
train_b05_f01_00470,train,rapid,28,102400,138,124,quiesced,138
train_b05_f01_00470,train,rapid,28,204800,138,124,quiesced,138
train_b10_f07_00895,train,rapid,28,25,25,191,quiesced,92
train_b10_f07_00895,train,rapid,28,50,51,191,quiesced,92
train_b10_f07_00895,train,rapid,28,100,92,191,quiesced,92
train_b10_f07_00895,train,rapid,28,200,92,191,quiesced,92
train_b10_f07_00895,train,rapid,28,400,92,191,quiesced,92
train_b10_f07_00895,train,rapid,28,800,92,191,quiesced,92
train_b10_f07_00895,train,rapid,28,1600,92,191,quiesced,92
train_b10_f07_00895,train,rapid,28,3200,92,191,quiesced,92
train_b10_f07_00895,train,rapid,28,6400,92,191,quiesced,92
train_b10_f07_00895,train,rapid,28,12800,92,191,quiesced,92
train_b10_f07_00895,train,rapid,28,25600,92,191,quiesced,92
train_b10_f07_00895,train,rapid,28,51200,92,191,quiesced,92
train_b10_f07_00895,train,rapid,28,102400,92,191,quiesced,92
train_b10_f07_00895,train,rapid,28,204800,92,191,quiesced,92
train_b19_f03_01616,train,rapid,28,25,26,334,quiesced,49
train_b19_f03_01616,train,rapid,28,50,49,334,quiesced,49
train_b19_f03_01616,train,rapid,28,100,49,334,quiesced,49
train_b19_f03_01616,train,rapid,28,200,49,334,quiesced,49
train_b19_f03_01616,train,rapid,28,400,49,334,quiesced,49
train_b19_f03_01616,train,rapid,28,800,49,334,quiesced,49
train_b19_f03_01616,train,rapid,28,1600,49,334,quiesced,49
train_b19_f03_01616,train,rapid,28,3200,49,334,quiesced,49
train_b19_f03_01616,train,rapid,28,6400,49,334,quiesced,49
train_b19_f03_01616,train,rapid,28,12800,49,334,quiesced,49
train_b19_f03_01616,train,rapid,28,25600,49,334,quiesced,49
train_b19_f03_01616,train,rapid,28,51200,49,334,quiesced,49
train_b19_f03_01616,train,rapid,28,102400,49,334,quiesced,49
train_b19_f03_01616,train,rapid,28,204800,49,334,quiesced,49
dev_b09_f02_00257,dev,rapid,29,25,25,628,quiesced,45
dev_b09_f02_00257,dev,rapid,29,50,45,628,quiesced,45
dev_b09_f02_00257,dev,rapid,29,100,45,628,quiesced,45
dev_b09_f02_00257,dev,rapid,29,200,45,628,quiesced,45
dev_b09_f02_00257,dev,rapid,29,400,45,628,quiesced,45
dev_b09_f02_00257,dev,rapid,29,800,45,628,quiesced,45
dev_b09_f02_00257,dev,rapid,29,1600,45,628,quiesced,45
dev_b09_f02_00257,dev,rapid,29,3200,45,628,quiesced,45
dev_b09_f02_00257,dev,rapid,29,6400,45,628,quiesced,45
dev_b09_f02_00257,dev,rapid,29,12800,45,628,quiesced,45
dev_b09_f02_00257,dev,rapid,29,25600,45,628,quiesced,45
dev_b09_f02_00257,dev,rapid,29,51200,45,628,quiesced,45
dev_b09_f02_00257,dev,rapid,29,102400,45,628,quiesced,45
dev_b09_f02_00257,dev,rapid,29,204800,45,628,quiesced,45
train_b05_f01_00473,train,rapid,29,25,28,74,quiesced,84
train_b05_f01_00473,train,rapid,29,50,54,74,quiesced,84
train_b05_f01_00473,train,rapid,29,100,84,74,quiesced,84
train_b05_f01_00473,train,rapid,29,200,84,74,quiesced,84
train_b05_f01_00473,train,rapid,29,400,84,74,quiesced,84
train_b05_f01_00473,train,rapid,29,800,84,74,quiesced,84
train_b05_f01_00473,train,rapid,29,1600,84,74,quiesced,84
train_b05_f01_00473,train,rapid,29,3200,84,74,quiesced,84
train_b05_f01_00473,train,rapid,29,6400,84,74,quiesced,84
train_b05_f01_00473,train,rapid,29,12800,84,74,quiesced,84
train_b05_f01_00473,train,rapid,29,25600,84,74,quiesced,84
train_b05_f01_00473,train,rapid,29,51200,84,74,quiesced,84
train_b05_f01_00473,train,rapid,29,102400,84,74,quiesced,84
train_b05_f01_00473,train,rapid,29,204800,84,74,quiesced,84
train_b08_f07_00778,train,rapid,29,25,27,261,quiesced,83
train_b08_f07_00778,train,rapid,29,50,54,261,quiesced,83
train_b08_f07_00778,train,rapid,29,100,83,261,quiesced,83
train_b08_f07_00778,train,rapid,29,200,83,261,quiesced,83
train_b08_f07_00778,train,rapid,29,400,83,261,quiesced,83
train_b08_f07_00778,train,rapid,29,800,83,261,quiesced,83
train_b08_f07_00778,train,rapid,29,1600,83,261,quiesced,83
train_b08_f07_00778,train,rapid,29,3200,83,261,quiesced,83
train_b08_f07_00778,train,rapid,29,6400,83,261,quiesced,83
train_b08_f07_00778,train,rapid,29,12800,83,261,quiesced,83
train_b08_f07_00778,train,rapid,29,25600,83,261,quiesced,83
train_b08_f07_00778,train,rapid,29,51200,83,261,quiesced,83
train_b08_f07_00778,train,rapid,29,102400,83,261,quiesced,83
train_b08_f07_00778,train,rapid,29,204800,83,261,quiesced,83
train_b14_f06_01210,train,rapid,29,25,26,363,quiesced,80
train_b14_f06_01210,train,rapid,29,50,51,355,quiesced,80
train_b14_f06_01210,train,rapid,29,100,80,355,quiesced,80
train_b14_f06_01210,train,rapid,29,200,80,355,quiesced,80
train_b14_f06_01210,train,rapid,29,400,80,355,quiesced,80
train_b14_f06_01210,train,rapid,29,800,80,355,quiesced,80
train_b14_f06_01210,train,rapid,29,1600,80,355,quiesced,80
train_b14_f06_01210,train,rapid,29,3200,80,355,quiesced,80
train_b14_f06_01210,train,rapid,29,6400,80,355,quiesced,80
train_b14_f06_01210,train,rapid,29,12800,80,355,quiesced,80
train_b14_f06_01210,train,rapid,29,25600,80,355,quiesced,80
train_b14_f06_01210,train,rapid,29,51200,80,355,quiesced,80
train_b14_f06_01210,train,rapid,29,102400,80,355,quiesced,80
train_b14_f06_01210,train,rapid,29,204800,80,355,quiesced,80
train_b23_f05_01976,train,rapid,29,25,27,376,quiesced,82
train_b23_f05_01976,train,rapid,29,50,54,376,quiesced,82
train_b23_f05_01976,train,rapid,29,100,82,376,quiesced,82
train_b23_f05_01976,train,rapid,29,200,82,376,quiesced,82
train_b23_f05_01976,train,rapid,29,400,82,376,quiesced,82
train_b23_f05_01976,train,rapid,29,800,82,376,quiesced,82
train_b23_f05_01976,train,rapid,29,1600,82,376,quiesced,82
train_b23_f05_01976,train,rapid,29,3200,82,376,quiesced,82
train_b23_f05_01976,train,rapid,29,6400,82,376,quiesced,82
train_b23_f05_01976,train,rapid,29,12800,82,376,quiesced,82
train_b23_f05_01976,train,rapid,29,25600,82,376,quiesced,82
train_b23_f05_01976,train,rapid,29,51200,82,376,quiesced,82
train_b23_f05_01976,train,rapid,29,102400,82,376,quiesced,82
train_b23_f05_01976,train,rapid,29,204800,82,376,quiesced,82
train_b37_f05_03324,train,rapid,29,25,30,373,quiesced,79
train_b37_f05_03324,train,rapid,29,50,50,373,quiesced,79
train_b37_f05_03324,train,rapid,29,100,79,373,quiesced,79
train_b37_f05_03324,train,rapid,29,200,79,373,quiesced,79
train_b37_f05_03324,train,rapid,29,400,79,373,quiesced,79
train_b37_f05_03324,train,rapid,29,800,79,373,quiesced,79
train_b37_f05_03324,train,rapid,29,1600,79,373,quiesced,79
train_b37_f05_03324,train,rapid,29,3200,79,373,quiesced,79
train_b37_f05_03324,train,rapid,29,6400,79,373,quiesced,79
train_b37_f05_03324,train,rapid,29,12800,79,373,quiesced,79
train_b37_f05_03324,train,rapid,29,25600,79,373,quiesced,79
train_b37_f05_03324,train,rapid,29,51200,79,373,quiesced,79
train_b37_f05_03324,train,rapid,29,102400,79,373,quiesced,79
train_b37_f05_03324,train,rapid,29,204800,79,373,quiesced,79
dev_b33_f03_00716,dev,rapid,30,25,28,431,quiesced,139
dev_b33_f03_00716,dev,rapid,30,50,53,428,quiesced,139
dev_b33_f03_00716,dev,rapid,30,100,101,424,quiesced,139
dev_b33_f03_00716,dev,rapid,30,200,139,424,quiesced,139
dev_b33_f03_00716,dev,rapid,30,400,139,424,quiesced,139
dev_b33_f03_00716,dev,rapid,30,800,139,424,quiesced,139
dev_b33_f03_00716,dev,rapid,30,1600,139,424,quiesced,139
dev_b33_f03_00716,dev,rapid,30,3200,139,424,quiesced,139
dev_b33_f03_00716,dev,rapid,30,6400,139,424,quiesced,139
dev_b33_f03_00716,dev,rapid,30,12800,139,424,quiesced,139
dev_b33_f03_00716,dev,rapid,30,25600,139,424,quiesced,139
dev_b33_f03_00716,dev,rapid,30,51200,139,424,quiesced,139
dev_b33_f03_00716,dev,rapid,30,102400,139,424,quiesced,139
dev_b33_f03_00716,dev,rapid,30,204800,139,424,quiesced,139
train_b10_f05_00867,train,rapid,30,25,30,131,quiesced,82
train_b10_f05_00867,train,rapid,30,50,50,131,quiesced,82
train_b10_f05_00867,train,rapid,30,100,82,131,quiesced,82
train_b10_f05_00867,train,rapid,30,200,82,131,quiesced,82
train_b10_f05_00867,train,rapid,30,400,82,131,quiesced,82
train_b10_f05_00867,train,rapid,30,800,82,131,quiesced,82
train_b10_f05_00867,train,rapid,30,1600,82,131,quiesced,82
train_b10_f05_00867,train,rapid,30,3200,82,131,quiesced,82
train_b10_f05_00867,train,rapid,30,6400,82,131,quiesced,82
train_b10_f05_00867,train,rapid,30,12800,82,131,quiesced,82
train_b10_f05_00867,train,rapid,30,25600,82,131,quiesced,82
train_b10_f05_00867,train,rapid,30,51200,82,131,quiesced,82
train_b10_f05_00867,train,rapid,30,102400,82,131,quiesced,82
train_b10_f05_00867,train,rapid,30,204800,82,131,quiesced,82
train_b13_f07_01118,train,rapid,30,25,31,448,quiesced,258
train_b13_f07_01118,train,rapid,30,50,51,448,quiesced,258
train_b13_f07_01118,train,rapid,30,100,100,448,quiesced,258
train_b13_f07_01118,train,rapid,30,200,204,448,quiesced,258
train_b13_f07_01118,train,rapid,30,400,258,448,quiesced,258
train_b13_f07_01118,train,rapid,30,800,258,448,quiesced,258
train_b13_f07_01118,train,rapid,30,1600,258,448,quiesced,258
train_b13_f07_01118,train,rapid,30,3200,258,448,quiesced,258
train_b13_f07_01118,train,rapid,30,6400,258,448,quiesced,258
train_b13_f07_01118,train,rapid,30,12800,258,448,quiesced,258
train_b13_f07_01118,train,rapid,30,25600,258,448,quiesced,258
train_b13_f07_01118,train,rapid,30,51200,258,448,quiesced,258
train_b13_f07_01118,train,rapid,30,102400,258,448,quiesced,258
train_b13_f07_01118,train,rapid,30,204800,258,448,quiesced,258
train_b19_f00_01574,train,rapid,30,25,28,188,quiesced,158
train_b19_f00_01574,train,rapid,30,50,50,181,quiesced,158
train_b19_f00_01574,train,rapid,30,100,101,177,quiesced,158
train_b19_f00_01574,train,rapid,30,200,158,177,quiesced,158
train_b19_f00_01574,train,rapid,30,400,158,177,quiesced,158
train_b19_f00_01574,train,rapid,30,800,158,177,quiesced,158
train_b19_f00_01574,train,rapid,30,1600,158,177,quiesced,158
train_b19_f00_01574,train,rapid,30,3200,158,177,quiesced,158
train_b19_f00_01574,train,rapid,30,6400,158,177,quiesced,158
train_b19_f00_01574,train,rapid,30,12800,158,177,quiesced,158
train_b19_f00_01574,train,rapid,30,25600,158,177,quiesced,158
train_b19_f00_01574,train,rapid,30,51200,158,177,quiesced,158
train_b19_f00_01574,train,rapid,30,102400,158,177,quiesced,158
train_b19_f00_01574,train,rapid,30,204800,158,177,quiesced,158
dev_b16_f06_00428,dev,rapid,31,25,30,469,quiesced,143
dev_b16_f06_00428,dev,rapid,31,50,54,465,quiesced,143
dev_b16_f06_00428,dev,rapid,31,100,108,460,quiesced,143
dev_b16_f06_00428,dev,rapid,31,200,143,460,quiesced,143
dev_b16_f06_00428,dev,rapid,31,400,143,460,quiesced,143
dev_b16_f06_00428,dev,rapid,31,800,143,460,quiesced,143
dev_b16_f06_00428,dev,rapid,31,1600,143,460,quiesced,143
dev_b16_f06_00428,dev,rapid,31,3200,143,460,quiesced,143
dev_b16_f06_00428,dev,rapid,31,6400,143,460,quiesced,143
dev_b16_f06_00428,dev,rapid,31,12800,143,460,quiesced,143
dev_b16_f06_00428,dev,rapid,31,25600,143,460,quiesced,143
dev_b16_f06_00428,dev,rapid,31,51200,143,460,quiesced,143
dev_b16_f06_00428,dev,rapid,31,102400,143,460,quiesced,143
dev_b16_f06_00428,dev,rapid,31,204800,143,460,quiesced,143
train_b07_f02_00594,train,rapid,31,25,27,708,quiesced,279
train_b07_f02_00594,train,rapid,31,50,60,708,quiesced,279
train_b07_f02_00594,train,rapid,31,100,101,708,quiesced,279
train_b07_f02_00594,train,rapid,31,200,209,527,quiesced,279
train_b07_f02_00594,train,rapid,31,400,279,527,quiesced,279
train_b07_f02_00594,train,rapid,31,800,279,527,quiesced,279
train_b07_f02_00594,train,rapid,31,1600,279,527,quiesced,279
train_b07_f02_00594,train,rapid,31,3200,279,527,quiesced,279
train_b07_f02_00594,train,rapid,31,6400,279,527,quiesced,279
train_b07_f02_00594,train,rapid,31,12800,279,527,quiesced,279
train_b07_f02_00594,train,rapid,31,25600,279,527,quiesced,279
train_b07_f02_00594,train,rapid,31,51200,279,527,quiesced,279
train_b07_f02_00594,train,rapid,31,102400,279,527,quiesced,279
train_b07_f02_00594,train,rapid,31,204800,279,527,quiesced,279
train_b10_f07_00889,train,rapid,31,25,26,687,quiesced,80
train_b10_f07_00889,train,rapid,31,50,53,687,quiesced,80
train_b10_f07_00889,train,rapid,31,100,80,687,quiesced,80
train_b10_f07_00889,train,rapid,31,200,80,687,quiesced,80
train_b10_f07_00889,train,rapid,31,400,80,687,quiesced,80
train_b10_f07_00889,train,rapid,31,800,80,687,quiesced,80
train_b10_f07_00889,train,rapid,31,1600,80,687,quiesced,80
train_b10_f07_00889,train,rapid,31,3200,80,687,quiesced,80
train_b10_f07_00889,train,rapid,31,6400,80,687,quiesced,80
train_b10_f07_00889,train,rapid,31,12800,80,687,quiesced,80
train_b10_f07_00889,train,rapid,31,25600,80,687,quiesced,80
train_b10_f07_00889,train,rapid,31,51200,80,687,quiesced,80
train_b10_f07_00889,train,rapid,31,102400,80,687,quiesced,80
train_b10_f07_00889,train,rapid,31,204800,80,687,quiesced,80
train_b17_f02_01375,train,rapid,31,25,31,403,quiesced,257
train_b17_f02_01375,train,rapid,31,50,53,403,quiesced,257
train_b17_f02_01375,train,rapid,31,100,101,403,quiesced,257
train_b17_f02_01375,train,rapid,31,200,201,398,quiesced,257
train_b17_f02_01375,train,rapid,31,400,257,398,quiesced,257
train_b17_f02_01375,train,rapid,31,800,257,398,quiesced,257
train_b17_f02_01375,train,rapid,31,1600,257,398,quiesced,257
train_b17_f02_01375,train,rapid,31,3200,257,398,quiesced,257
train_b17_f02_01375,train,rapid,31,6400,257,398,quiesced,257
train_b17_f02_01375,train,rapid,31,12800,257,398,quiesced,257
train_b17_f02_01375,train,rapid,31,25600,257,398,quiesced,257
train_b17_f02_01375,train,rapid,31,51200,257,398,quiesced,257
train_b17_f02_01375,train,rapid,31,102400,257,398,quiesced,257
train_b17_f02_01375,train,rapid,31,204800,257,398,quiesced,257
train_b29_f03_02513,train,rapid,31,25,31,663,quiesced,84
train_b29_f03_02513,train,rapid,31,50,56,663,quiesced,84
train_b29_f03_02513,train,rapid,31,100,84,663,quiesced,84
train_b29_f03_02513,train,rapid,31,200,84,663,quiesced,84
train_b29_f03_02513,train,rapid,31,400,84,663,quiesced,84
train_b29_f03_02513,train,rapid,31,800,84,663,quiesced,84
train_b29_f03_02513,train,rapid,31,1600,84,663,quiesced,84
train_b29_f03_02513,train,rapid,31,3200,84,663,quiesced,84
train_b29_f03_02513,train,rapid,31,6400,84,663,quiesced,84
train_b29_f03_02513,train,rapid,31,12800,84,663,quiesced,84
train_b29_f03_02513,train,rapid,31,25600,84,663,quiesced,84
train_b29_f03_02513,train,rapid,31,51200,84,663,quiesced,84
train_b29_f03_02513,train,rapid,31,102400,84,663,quiesced,84
train_b29_f03_02513,train,rapid,31,204800,84,663,quiesced,84
dev_b09_f07_00329,dev,rapid,32,25,25,469,quiesced,269
dev_b09_f07_00329,dev,rapid,32,50,51,469,quiesced,269
dev_b09_f07_00329,dev,rapid,32,100,100,431,quiesced,269
dev_b09_f07_00329,dev,rapid,32,200,204,431,quiesced,269
dev_b09_f07_00329,dev,rapid,32,400,269,431,quiesced,269
dev_b09_f07_00329,dev,rapid,32,800,269,431,quiesced,269
dev_b09_f07_00329,dev,rapid,32,1600,269,431,quiesced,269
dev_b09_f07_00329,dev,rapid,32,3200,269,431,quiesced,269
dev_b09_f07_00329,dev,rapid,32,6400,269,431,quiesced,269
dev_b09_f07_00329,dev,rapid,32,12800,269,431,quiesced,269
dev_b09_f07_00329,dev,rapid,32,25600,269,431,quiesced,269
dev_b09_f07_00329,dev,rapid,32,51200,269,431,quiesced,269
dev_b09_f07_00329,dev,rapid,32,102400,269,431,quiesced,269
dev_b09_f07_00329,dev,rapid,32,204800,269,431,quiesced,269
train_b10_f05_00858,train,rapid,32,25,30,599,quiesced,135
train_b10_f05_00858,train,rapid,32,50,50,599,quiesced,135
train_b10_f05_00858,train,rapid,32,100,102,599,quiesced,135
train_b10_f05_00858,train,rapid,32,200,135,599,quiesced,135
train_b10_f05_00858,train,rapid,32,400,135,599,quiesced,135
train_b10_f05_00858,train,rapid,32,800,135,599,quiesced,135
train_b10_f05_00858,train,rapid,32,1600,135,599,quiesced,135
train_b10_f05_00858,train,rapid,32,3200,135,599,quiesced,135
train_b10_f05_00858,train,rapid,32,6400,135,599,quiesced,135
train_b10_f05_00858,train,rapid,32,12800,135,599,quiesced,135
train_b10_f05_00858,train,rapid,32,25600,135,599,quiesced,135
train_b10_f05_00858,train,rapid,32,51200,135,599,quiesced,135
train_b10_f05_00858,train,rapid,32,102400,135,599,quiesced,135
train_b10_f05_00858,train,rapid,32,204800,135,599,quiesced,135
train_b14_f06_01212,train,rapid,32,25,34,379,quiesced,92
train_b14_f06_01212,train,rapid,32,50,55,375,quiesced,92
train_b14_f06_01212,train,rapid,32,100,92,375,quiesced,92
train_b14_f06_01212,train,rapid,32,200,92,375,quiesced,92
train_b14_f06_01212,train,rapid,32,400,92,375,quiesced,92
train_b14_f06_01212,train,rapid,32,800,92,375,quiesced,92
train_b14_f06_01212,train,rapid,32,1600,92,375,quiesced,92
train_b14_f06_01212,train,rapid,32,3200,92,375,quiesced,92
train_b14_f06_01212,train,rapid,32,6400,92,375,quiesced,92
train_b14_f06_01212,train,rapid,32,12800,92,375,quiesced,92
train_b14_f06_01212,train,rapid,32,25600,92,375,quiesced,92
train_b14_f06_01212,train,rapid,32,51200,92,375,quiesced,92
train_b14_f06_01212,train,rapid,32,102400,92,375,quiesced,92
train_b14_f06_01212,train,rapid,32,204800,92,375,quiesced,92
dev_b09_f02_00259,dev,rapid,33,25,25,649,quiesced,92
dev_b09_f02_00259,dev,rapid,33,50,50,649,quiesced,92
dev_b09_f02_00259,dev,rapid,33,100,92,649,quiesced,92
dev_b09_f02_00259,dev,rapid,33,200,92,649,quiesced,92
dev_b09_f02_00259,dev,rapid,33,400,92,649,quiesced,92
dev_b09_f02_00259,dev,rapid,33,800,92,649,quiesced,92
dev_b09_f02_00259,dev,rapid,33,1600,92,649,quiesced,92
dev_b09_f02_00259,dev,rapid,33,3200,92,649,quiesced,92
dev_b09_f02_00259,dev,rapid,33,6400,92,649,quiesced,92
dev_b09_f02_00259,dev,rapid,33,12800,92,649,quiesced,92
dev_b09_f02_00259,dev,rapid,33,25600,92,649,quiesced,92
dev_b09_f02_00259,dev,rapid,33,51200,92,649,quiesced,92
dev_b09_f02_00259,dev,rapid,33,102400,92,649,quiesced,92
dev_b09_f02_00259,dev,rapid,33,204800,92,649,quiesced,92
train_b03_f07_00326,train,rapid,33,25,27,385,quiesced,85
train_b03_f07_00326,train,rapid,33,50,54,385,quiesced,85
train_b03_f07_00326,train,rapid,33,100,85,385,quiesced,85
train_b03_f07_00326,train,rapid,33,200,85,385,quiesced,85
train_b03_f07_00326,train,rapid,33,400,85,385,quiesced,85
train_b03_f07_00326,train,rapid,33,800,85,385,quiesced,85
train_b03_f07_00326,train,rapid,33,1600,85,385,quiesced,85
train_b03_f07_00326,train,rapid,33,3200,85,385,quiesced,85
train_b03_f07_00326,train,rapid,33,6400,85,385,quiesced,85
train_b03_f07_00326,train,rapid,33,12800,85,385,quiesced,85
train_b03_f07_00326,train,rapid,33,25600,85,385,quiesced,85
train_b03_f07_00326,train,rapid,33,51200,85,385,quiesced,85
train_b03_f07_00326,train,rapid,33,102400,85,385,quiesced,85
train_b03_f07_00326,train,rapid,33,204800,85,385,quiesced,85
train_b10_f00_00792,train,rapid,33,25,31,653,quiesced,82
train_b10_f00_00792,train,rapid,33,50,56,653,quiesced,82
train_b10_f00_00792,train,rapid,33,100,82,653,quiesced,82
train_b10_f00_00792,train,rapid,33,200,82,653,quiesced,82
train_b10_f00_00792,train,rapid,33,400,82,653,quiesced,82
train_b10_f00_00792,train,rapid,33,800,82,653,quiesced,82
train_b10_f00_00792,train,rapid,33,1600,82,653,quiesced,82
train_b10_f00_00792,train,rapid,33,3200,82,653,quiesced,82
train_b10_f00_00792,train,rapid,33,6400,82,653,quiesced,82
train_b10_f00_00792,train,rapid,33,12800,82,653,quiesced,82
train_b10_f00_00792,train,rapid,33,25600,82,653,quiesced,82
train_b10_f00_00792,train,rapid,33,51200,82,653,quiesced,82
train_b10_f00_00792,train,rapid,33,102400,82,653,quiesced,82
train_b10_f00_00792,train,rapid,33,204800,82,653,quiesced,82
train_b15_f01_01255,train,rapid,33,25,26,784,quiesced,10423
train_b15_f01_01255,train,rapid,33,50,66,780,quiesced,10423
train_b15_f01_01255,train,rapid,33,100,110,780,quiesced,10423
train_b15_f01_01255,train,rapid,33,200,201,706,quiesced,10423
train_b15_f01_01255,train,rapid,33,400,448,445,quiesced,10423
train_b15_f01_01255,train,rapid,33,800,826,445,quiesced,10423
train_b15_f01_01255,train,rapid,33,1600,1612,445,quiesced,10423
train_b15_f01_01255,train,rapid,33,3200,3223,445,quiesced,10423
train_b15_f01_01255,train,rapid,33,6400,6405,445,quiesced,10423
train_b15_f01_01255,train,rapid,33,12800,10423,445,quiesced,10423
train_b15_f01_01255,train,rapid,33,25600,10423,445,quiesced,10423
train_b15_f01_01255,train,rapid,33,51200,10423,445,quiesced,10423
train_b15_f01_01255,train,rapid,33,102400,10423,445,quiesced,10423
train_b15_f01_01255,train,rapid,33,204800,10423,445,quiesced,10423
dev_b09_f04_00285,dev,rapid,34,25,31,482,quiesced,520
dev_b09_f04_00285,dev,rapid,34,50,57,467,quiesced,520
dev_b09_f04_00285,dev,rapid,34,100,109,467,quiesced,520
dev_b09_f04_00285,dev,rapid,34,200,200,463,quiesced,520
dev_b09_f04_00285,dev,rapid,34,400,402,463,quiesced,520
dev_b09_f04_00285,dev,rapid,34,800,520,463,quiesced,520
dev_b09_f04_00285,dev,rapid,34,1600,520,463,quiesced,520
dev_b09_f04_00285,dev,rapid,34,3200,520,463,quiesced,520
dev_b09_f04_00285,dev,rapid,34,6400,520,463,quiesced,520
dev_b09_f04_00285,dev,rapid,34,12800,520,463,quiesced,520
dev_b09_f04_00285,dev,rapid,34,25600,520,463,quiesced,520
dev_b09_f04_00285,dev,rapid,34,51200,520,463,quiesced,520
dev_b09_f04_00285,dev,rapid,34,102400,520,463,quiesced,520
dev_b09_f04_00285,dev,rapid,34,204800,520,463,quiesced,520
train_b08_f02_00702,train,rapid,34,25,33,292,quiesced,79
train_b08_f02_00702,train,rapid,34,50,50,292,quiesced,79
train_b08_f02_00702,train,rapid,34,100,79,292,quiesced,79
train_b08_f02_00702,train,rapid,34,200,79,292,quiesced,79
train_b08_f02_00702,train,rapid,34,400,79,292,quiesced,79
train_b08_f02_00702,train,rapid,34,800,79,292,quiesced,79
train_b08_f02_00702,train,rapid,34,1600,79,292,quiesced,79
train_b08_f02_00702,train,rapid,34,3200,79,292,quiesced,79
train_b08_f02_00702,train,rapid,34,6400,79,292,quiesced,79
train_b08_f02_00702,train,rapid,34,12800,79,292,quiesced,79
train_b08_f02_00702,train,rapid,34,25600,79,292,quiesced,79
train_b08_f02_00702,train,rapid,34,51200,79,292,quiesced,79
train_b08_f02_00702,train,rapid,34,102400,79,292,quiesced,79
train_b08_f02_00702,train,rapid,34,204800,79,292,quiesced,79
train_b14_f00_01123,train,rapid,34,25,32,394,quiesced,84
train_b14_f00_01123,train,rapid,34,50,53,394,quiesced,84
train_b14_f00_01123,train,rapid,34,100,84,394,quiesced,84
train_b14_f00_01123,train,rapid,34,200,84,394,quiesced,84
train_b14_f00_01123,train,rapid,34,400,84,394,quiesced,84
train_b14_f00_01123,train,rapid,34,800,84,394,quiesced,84
train_b14_f00_01123,train,rapid,34,1600,84,394,quiesced,84
train_b14_f00_01123,train,rapid,34,3200,84,394,quiesced,84
train_b14_f00_01123,train,rapid,34,6400,84,394,quiesced,84
train_b14_f00_01123,train,rapid,34,12800,84,394,quiesced,84
train_b14_f00_01123,train,rapid,34,25600,84,394,quiesced,84
train_b14_f00_01123,train,rapid,34,51200,84,394,quiesced,84
train_b14_f00_01123,train,rapid,34,102400,84,394,quiesced,84
train_b14_f00_01123,train,rapid,34,204800,84,394,quiesced,84
train_b36_f05_03212,train,rapid,34,25,27,415,quiesced,138
train_b36_f05_03212,train,rapid,34,50,53,415,quiesced,138
train_b36_f05_03212,train,rapid,34,100,102,377,quiesced,138
train_b36_f05_03212,train,rapid,34,200,138,377,quiesced,138
train_b36_f05_03212,train,rapid,34,400,138,377,quiesced,138
train_b36_f05_03212,train,rapid,34,800,138,377,quiesced,138
train_b36_f05_03212,train,rapid,34,1600,138,377,quiesced,138
train_b36_f05_03212,train,rapid,34,3200,138,377,quiesced,138
train_b36_f05_03212,train,rapid,34,6400,138,377,quiesced,138
train_b36_f05_03212,train,rapid,34,12800,138,377,quiesced,138
train_b36_f05_03212,train,rapid,34,25600,138,377,quiesced,138
train_b36_f05_03212,train,rapid,34,51200,138,377,quiesced,138
train_b36_f05_03212,train,rapid,34,102400,138,377,quiesced,138
train_b36_f05_03212,train,rapid,34,204800,138,377,quiesced,138
train_b08_f01_00688,train,rapid,35,25,34,747,quiesced,153
train_b08_f01_00688,train,rapid,35,50,57,742,quiesced,153
train_b08_f01_00688,train,rapid,35,100,103,742,quiesced,153
train_b08_f01_00688,train,rapid,35,200,153,742,quiesced,153
train_b08_f01_00688,train,rapid,35,400,153,742,quiesced,153
train_b08_f01_00688,train,rapid,35,800,153,742,quiesced,153
train_b08_f01_00688,train,rapid,35,1600,153,742,quiesced,153
train_b08_f01_00688,train,rapid,35,3200,153,742,quiesced,153
train_b08_f01_00688,train,rapid,35,6400,153,742,quiesced,153
train_b08_f01_00688,train,rapid,35,12800,153,742,quiesced,153
train_b08_f01_00688,train,rapid,35,25600,153,742,quiesced,153
train_b08_f01_00688,train,rapid,35,51200,153,742,quiesced,153
train_b08_f01_00688,train,rapid,35,102400,153,742,quiesced,153
train_b08_f01_00688,train,rapid,35,204800,153,742,quiesced,153
train_b17_f03_01398,train,rapid,35,25,41,259,quiesced,95
train_b17_f03_01398,train,rapid,35,50,59,259,quiesced,95
train_b17_f03_01398,train,rapid,35,100,95,259,quiesced,95
train_b17_f03_01398,train,rapid,35,200,95,259,quiesced,95
train_b17_f03_01398,train,rapid,35,400,95,259,quiesced,95
train_b17_f03_01398,train,rapid,35,800,95,259,quiesced,95
train_b17_f03_01398,train,rapid,35,1600,95,259,quiesced,95
train_b17_f03_01398,train,rapid,35,3200,95,259,quiesced,95
train_b17_f03_01398,train,rapid,35,6400,95,259,quiesced,95
train_b17_f03_01398,train,rapid,35,12800,95,259,quiesced,95
train_b17_f03_01398,train,rapid,35,25600,95,259,quiesced,95
train_b17_f03_01398,train,rapid,35,51200,95,259,quiesced,95
train_b17_f03_01398,train,rapid,35,102400,95,259,quiesced,95
train_b17_f03_01398,train,rapid,35,204800,95,259,quiesced,95
train_b34_f04_02968,train,rapid,35,25,29,714,quiesced,87
train_b34_f04_02968,train,rapid,35,50,56,714,quiesced,87
train_b34_f04_02968,train,rapid,35,100,87,714,quiesced,87
train_b34_f04_02968,train,rapid,35,200,87,714,quiesced,87
train_b34_f04_02968,train,rapid,35,400,87,714,quiesced,87
train_b34_f04_02968,train,rapid,35,800,87,714,quiesced,87
train_b34_f04_02968,train,rapid,35,1600,87,714,quiesced,87
train_b34_f04_02968,train,rapid,35,3200,87,714,quiesced,87
train_b34_f04_02968,train,rapid,35,6400,87,714,quiesced,87
train_b34_f04_02968,train,rapid,35,12800,87,714,quiesced,87
train_b34_f04_02968,train,rapid,35,25600,87,714,quiesced,87
train_b34_f04_02968,train,rapid,35,51200,87,714,quiesced,87
train_b34_f04_02968,train,rapid,35,102400,87,714,quiesced,87
train_b34_f04_02968,train,rapid,35,204800,87,714,quiesced,87
train_b07_f03_00607,train,rapid,36,25,27,95,quiesced,275
train_b07_f03_00607,train,rapid,36,50,50,95,quiesced,275
train_b07_f03_00607,train,rapid,36,100,102,95,quiesced,275
train_b07_f03_00607,train,rapid,36,200,202,85,quiesced,275
train_b07_f03_00607,train,rapid,36,400,275,85,quiesced,275
train_b07_f03_00607,train,rapid,36,800,275,85,quiesced,275
train_b07_f03_00607,train,rapid,36,1600,275,85,quiesced,275
train_b07_f03_00607,train,rapid,36,3200,275,85,quiesced,275
train_b07_f03_00607,train,rapid,36,6400,275,85,quiesced,275
train_b07_f03_00607,train,rapid,36,12800,275,85,quiesced,275
train_b07_f03_00607,train,rapid,36,25600,275,85,quiesced,275
train_b07_f03_00607,train,rapid,36,51200,275,85,quiesced,275
train_b07_f03_00607,train,rapid,36,102400,275,85,quiesced,275
train_b07_f03_00607,train,rapid,36,204800,275,85,quiesced,275
train_b13_f06_01098,train,rapid,36,25,25,466,quiesced,93
train_b13_f06_01098,train,rapid,36,50,51,466,quiesced,93
train_b13_f06_01098,train,rapid,36,100,93,466,quiesced,93
train_b13_f06_01098,train,rapid,36,200,93,466,quiesced,93
train_b13_f06_01098,train,rapid,36,400,93,466,quiesced,93
train_b13_f06_01098,train,rapid,36,800,93,466,quiesced,93
train_b13_f06_01098,train,rapid,36,1600,93,466,quiesced,93
train_b13_f06_01098,train,rapid,36,3200,93,466,quiesced,93
train_b13_f06_01098,train,rapid,36,6400,93,466,quiesced,93
train_b13_f06_01098,train,rapid,36,12800,93,466,quiesced,93
train_b13_f06_01098,train,rapid,36,25600,93,466,quiesced,93
train_b13_f06_01098,train,rapid,36,51200,93,466,quiesced,93
train_b13_f06_01098,train,rapid,36,102400,93,466,quiesced,93
train_b13_f06_01098,train,rapid,36,204800,93,466,quiesced,93
train_b21_f00_01797,train,rapid,36,25,32,568,quiesced,247
train_b21_f00_01797,train,rapid,36,50,56,565,quiesced,247
train_b21_f00_01797,train,rapid,36,100,108,562,quiesced,247
train_b21_f00_01797,train,rapid,36,200,200,558,quiesced,247
train_b21_f00_01797,train,rapid,36,400,247,558,quiesced,247
train_b21_f00_01797,train,rapid,36,800,247,558,quiesced,247
train_b21_f00_01797,train,rapid,36,1600,247,558,quiesced,247
train_b21_f00_01797,train,rapid,36,3200,247,558,quiesced,247
train_b21_f00_01797,train,rapid,36,6400,247,558,quiesced,247
train_b21_f00_01797,train,rapid,36,12800,247,558,quiesced,247
train_b21_f00_01797,train,rapid,36,25600,247,558,quiesced,247
train_b21_f00_01797,train,rapid,36,51200,247,558,quiesced,247
train_b21_f00_01797,train,rapid,36,102400,247,558,quiesced,247
train_b21_f00_01797,train,rapid,36,204800,247,558,quiesced,247
dev_b09_f05_00307,dev,rapid,37,25,34,226,quiesced,143
dev_b09_f05_00307,dev,rapid,37,50,50,223,quiesced,143
dev_b09_f05_00307,dev,rapid,37,100,102,219,quiesced,143
dev_b09_f05_00307,dev,rapid,37,200,143,219,quiesced,143
dev_b09_f05_00307,dev,rapid,37,400,143,219,quiesced,143
dev_b09_f05_00307,dev,rapid,37,800,143,219,quiesced,143
dev_b09_f05_00307,dev,rapid,37,1600,143,219,quiesced,143
dev_b09_f05_00307,dev,rapid,37,3200,143,219,quiesced,143
dev_b09_f05_00307,dev,rapid,37,6400,143,219,quiesced,143
dev_b09_f05_00307,dev,rapid,37,12800,143,219,quiesced,143
dev_b09_f05_00307,dev,rapid,37,25600,143,219,quiesced,143
dev_b09_f05_00307,dev,rapid,37,51200,143,219,quiesced,143
dev_b09_f05_00307,dev,rapid,37,102400,143,219,quiesced,143
dev_b09_f05_00307,dev,rapid,37,204800,143,219,quiesced,143
train_b11_f06_00992,train,rapid,37,25,25,585,quiesced,87
train_b11_f06_00992,train,rapid,37,50,55,585,quiesced,87
train_b11_f06_00992,train,rapid,37,100,87,585,quiesced,87
train_b11_f06_00992,train,rapid,37,200,87,585,quiesced,87
train_b11_f06_00992,train,rapid,37,400,87,585,quiesced,87
train_b11_f06_00992,train,rapid,37,800,87,585,quiesced,87
train_b11_f06_00992,train,rapid,37,1600,87,585,quiesced,87
train_b11_f06_00992,train,rapid,37,3200,87,585,quiesced,87
train_b11_f06_00992,train,rapid,37,6400,87,585,quiesced,87
train_b11_f06_00992,train,rapid,37,12800,87,585,quiesced,87
train_b11_f06_00992,train,rapid,37,25600,87,585,quiesced,87
train_b11_f06_00992,train,rapid,37,51200,87,585,quiesced,87
train_b11_f06_00992,train,rapid,37,102400,87,585,quiesced,87
train_b11_f06_00992,train,rapid,37,204800,87,585,quiesced,87
train_b20_f04_01749,train,rapid,37,25,25,407,quiesced,258
train_b20_f04_01749,train,rapid,37,50,51,402,quiesced,258
train_b20_f04_01749,train,rapid,37,100,101,387,quiesced,258
train_b20_f04_01749,train,rapid,37,200,204,384,quiesced,258
train_b20_f04_01749,train,rapid,37,400,258,384,quiesced,258
train_b20_f04_01749,train,rapid,37,800,258,384,quiesced,258
train_b20_f04_01749,train,rapid,37,1600,258,384,quiesced,258
train_b20_f04_01749,train,rapid,37,3200,258,384,quiesced,258
train_b20_f04_01749,train,rapid,37,6400,258,384,quiesced,258
train_b20_f04_01749,train,rapid,37,12800,258,384,quiesced,258
train_b20_f04_01749,train,rapid,37,25600,258,384,quiesced,258
train_b20_f04_01749,train,rapid,37,51200,258,384,quiesced,258
train_b20_f04_01749,train,rapid,37,102400,258,384,quiesced,258
train_b20_f04_01749,train,rapid,37,204800,258,384,quiesced,258
train_b36_f01_03158,train,rapid,37,25,28,1218,quiesced,267
train_b36_f01_03158,train,rapid,37,50,51,1218,quiesced,267
train_b36_f01_03158,train,rapid,37,100,101,725,quiesced,267
train_b36_f01_03158,train,rapid,37,200,203,651,quiesced,267
train_b36_f01_03158,train,rapid,37,400,267,651,quiesced,267
train_b36_f01_03158,train,rapid,37,800,267,651,quiesced,267
train_b36_f01_03158,train,rapid,37,1600,267,651,quiesced,267
train_b36_f01_03158,train,rapid,37,3200,267,651,quiesced,267
train_b36_f01_03158,train,rapid,37,6400,267,651,quiesced,267
train_b36_f01_03158,train,rapid,37,12800,267,651,quiesced,267
train_b36_f01_03158,train,rapid,37,25600,267,651,quiesced,267
train_b36_f01_03158,train,rapid,37,51200,267,651,quiesced,267
train_b36_f01_03158,train,rapid,37,102400,267,651,quiesced,267
train_b36_f01_03158,train,rapid,37,204800,267,651,quiesced,267
train_b10_f06_00877,train,rapid,38,25,25,308,quiesced,92
train_b10_f06_00877,train,rapid,38,50,51,308,quiesced,92
train_b10_f06_00877,train,rapid,38,100,92,308,quiesced,92
train_b10_f06_00877,train,rapid,38,200,92,308,quiesced,92
train_b10_f06_00877,train,rapid,38,400,92,308,quiesced,92
train_b10_f06_00877,train,rapid,38,800,92,308,quiesced,92
train_b10_f06_00877,train,rapid,38,1600,92,308,quiesced,92
train_b10_f06_00877,train,rapid,38,3200,92,308,quiesced,92
train_b10_f06_00877,train,rapid,38,6400,92,308,quiesced,92
train_b10_f06_00877,train,rapid,38,12800,92,308,quiesced,92
train_b10_f06_00877,train,rapid,38,25600,92,308,quiesced,92
train_b10_f06_00877,train,rapid,38,51200,92,308,quiesced,92
train_b10_f06_00877,train,rapid,38,102400,92,308,quiesced,92
train_b10_f06_00877,train,rapid,38,204800,92,308,quiesced,92
train_b20_f05_01763,train,rapid,38,25,28,467,quiesced,87
train_b20_f05_01763,train,rapid,38,50,56,467,quiesced,87
train_b20_f05_01763,train,rapid,38,100,87,467,quiesced,87
train_b20_f05_01763,train,rapid,38,200,87,467,quiesced,87
train_b20_f05_01763,train,rapid,38,400,87,467,quiesced,87
train_b20_f05_01763,train,rapid,38,800,87,467,quiesced,87
train_b20_f05_01763,train,rapid,38,1600,87,467,quiesced,87
train_b20_f05_01763,train,rapid,38,3200,87,467,quiesced,87
train_b20_f05_01763,train,rapid,38,6400,87,467,quiesced,87
train_b20_f05_01763,train,rapid,38,12800,87,467,quiesced,87
train_b20_f05_01763,train,rapid,38,25600,87,467,quiesced,87
train_b20_f05_01763,train,rapid,38,51200,87,467,quiesced,87
train_b20_f05_01763,train,rapid,38,102400,87,467,quiesced,87
train_b20_f05_01763,train,rapid,38,204800,87,467,quiesced,87
train_b35_f03_03068,train,rapid,38,25,31,863,quiesced,85
train_b35_f03_03068,train,rapid,38,50,52,863,quiesced,85
train_b35_f03_03068,train,rapid,38,100,85,863,quiesced,85
train_b35_f03_03068,train,rapid,38,200,85,863,quiesced,85
train_b35_f03_03068,train,rapid,38,400,85,863,quiesced,85
train_b35_f03_03068,train,rapid,38,800,85,863,quiesced,85
train_b35_f03_03068,train,rapid,38,1600,85,863,quiesced,85
train_b35_f03_03068,train,rapid,38,3200,85,863,quiesced,85
train_b35_f03_03068,train,rapid,38,6400,85,863,quiesced,85
train_b35_f03_03068,train,rapid,38,12800,85,863,quiesced,85
train_b35_f03_03068,train,rapid,38,25600,85,863,quiesced,85
train_b35_f03_03068,train,rapid,38,51200,85,863,quiesced,85
train_b35_f03_03068,train,rapid,38,102400,85,863,quiesced,85
train_b35_f03_03068,train,rapid,38,204800,85,863,quiesced,85
train_b10_f02_00822,train,rapid,39,25,25,612,quiesced,83
train_b10_f02_00822,train,rapid,39,50,53,612,quiesced,83
train_b10_f02_00822,train,rapid,39,100,83,612,quiesced,83
train_b10_f02_00822,train,rapid,39,200,83,612,quiesced,83
train_b10_f02_00822,train,rapid,39,400,83,612,quiesced,83
train_b10_f02_00822,train,rapid,39,800,83,612,quiesced,83
train_b10_f02_00822,train,rapid,39,1600,83,612,quiesced,83
train_b10_f02_00822,train,rapid,39,3200,83,612,quiesced,83
train_b10_f02_00822,train,rapid,39,6400,83,612,quiesced,83
train_b10_f02_00822,train,rapid,39,12800,83,612,quiesced,83
train_b10_f02_00822,train,rapid,39,25600,83,612,quiesced,83
train_b10_f02_00822,train,rapid,39,51200,83,612,quiesced,83
train_b10_f02_00822,train,rapid,39,102400,83,612,quiesced,83
train_b10_f02_00822,train,rapid,39,204800,83,612,quiesced,83
train_b17_f06_01441,train,rapid,39,25,32,502,quiesced,144
train_b17_f06_01441,train,rapid,39,50,56,502,quiesced,144
train_b17_f06_01441,train,rapid,39,100,100,502,quiesced,144
train_b17_f06_01441,train,rapid,39,200,144,502,quiesced,144
train_b17_f06_01441,train,rapid,39,400,144,502,quiesced,144
train_b17_f06_01441,train,rapid,39,800,144,502,quiesced,144
train_b17_f06_01441,train,rapid,39,1600,144,502,quiesced,144
train_b17_f06_01441,train,rapid,39,3200,144,502,quiesced,144
train_b17_f06_01441,train,rapid,39,6400,144,502,quiesced,144
train_b17_f06_01441,train,rapid,39,12800,144,502,quiesced,144
train_b17_f06_01441,train,rapid,39,25600,144,502,quiesced,144
train_b17_f06_01441,train,rapid,39,51200,144,502,quiesced,144
train_b17_f06_01441,train,rapid,39,102400,144,502,quiesced,144
train_b17_f06_01441,train,rapid,39,204800,144,502,quiesced,144
dev_b06_f02_00148,dev,rapid,40,25,34,346,quiesced,146
dev_b06_f02_00148,dev,rapid,40,50,54,342,quiesced,146
dev_b06_f02_00148,dev,rapid,40,100,100,342,quiesced,146
dev_b06_f02_00148,dev,rapid,40,200,146,342,quiesced,146
dev_b06_f02_00148,dev,rapid,40,400,146,342,quiesced,146
dev_b06_f02_00148,dev,rapid,40,800,146,342,quiesced,146
dev_b06_f02_00148,dev,rapid,40,1600,146,342,quiesced,146
dev_b06_f02_00148,dev,rapid,40,3200,146,342,quiesced,146
dev_b06_f02_00148,dev,rapid,40,6400,146,342,quiesced,146
dev_b06_f02_00148,dev,rapid,40,12800,146,342,quiesced,146
dev_b06_f02_00148,dev,rapid,40,25600,146,342,quiesced,146
dev_b06_f02_00148,dev,rapid,40,51200,146,342,quiesced,146
dev_b06_f02_00148,dev,rapid,40,102400,146,342,quiesced,146
dev_b06_f02_00148,dev,rapid,40,204800,146,342,quiesced,146
train_b10_f03_00836,train,rapid,40,25,30,787,quiesced,259
train_b10_f03_00836,train,rapid,40,50,54,787,quiesced,259
train_b10_f03_00836,train,rapid,40,100,100,787,quiesced,259
train_b10_f03_00836,train,rapid,40,200,204,787,quiesced,259
train_b10_f03_00836,train,rapid,40,400,259,787,quiesced,259
train_b10_f03_00836,train,rapid,40,800,259,787,quiesced,259
train_b10_f03_00836,train,rapid,40,1600,259,787,quiesced,259
train_b10_f03_00836,train,rapid,40,3200,259,787,quiesced,259
train_b10_f03_00836,train,rapid,40,6400,259,787,quiesced,259
train_b10_f03_00836,train,rapid,40,12800,259,787,quiesced,259
train_b10_f03_00836,train,rapid,40,25600,259,787,quiesced,259
train_b10_f03_00836,train,rapid,40,51200,259,787,quiesced,259
train_b10_f03_00836,train,rapid,40,102400,259,787,quiesced,259
train_b10_f03_00836,train,rapid,40,204800,259,787,quiesced,259
train_b18_f03_01502,train,rapid,40,25,31,477,quiesced,90
train_b18_f03_01502,train,rapid,40,50,53,477,quiesced,90
train_b18_f03_01502,train,rapid,40,100,90,477,quiesced,90
train_b18_f03_01502,train,rapid,40,200,90,477,quiesced,90
train_b18_f03_01502,train,rapid,40,400,90,477,quiesced,90
train_b18_f03_01502,train,rapid,40,800,90,477,quiesced,90
train_b18_f03_01502,train,rapid,40,1600,90,477,quiesced,90
train_b18_f03_01502,train,rapid,40,3200,90,477,quiesced,90
train_b18_f03_01502,train,rapid,40,6400,90,477,quiesced,90
train_b18_f03_01502,train,rapid,40,12800,90,477,quiesced,90
train_b18_f03_01502,train,rapid,40,25600,90,477,quiesced,90
train_b18_f03_01502,train,rapid,40,51200,90,477,quiesced,90
train_b18_f03_01502,train,rapid,40,102400,90,477,quiesced,90
train_b18_f03_01502,train,rapid,40,204800,90,477,quiesced,90
dev_b16_f07_00434,dev,rapid,41,25,34,558,quiesced,146
dev_b16_f07_00434,dev,rapid,41,50,52,558,quiesced,146
dev_b16_f07_00434,dev,rapid,41,100,104,558,quiesced,146
dev_b16_f07_00434,dev,rapid,41,200,146,558,quiesced,146
dev_b16_f07_00434,dev,rapid,41,400,146,558,quiesced,146
dev_b16_f07_00434,dev,rapid,41,800,146,558,quiesced,146
dev_b16_f07_00434,dev,rapid,41,1600,146,558,quiesced,146
dev_b16_f07_00434,dev,rapid,41,3200,146,558,quiesced,146
dev_b16_f07_00434,dev,rapid,41,6400,146,558,quiesced,146
dev_b16_f07_00434,dev,rapid,41,12800,146,558,quiesced,146
dev_b16_f07_00434,dev,rapid,41,25600,146,558,quiesced,146
dev_b16_f07_00434,dev,rapid,41,51200,146,558,quiesced,146
dev_b16_f07_00434,dev,rapid,41,102400,146,558,quiesced,146
dev_b16_f07_00434,dev,rapid,41,204800,146,558,quiesced,146
train_b18_f02_01485,train,rapid,41,25,25,624,quiesced,147
train_b18_f02_01485,train,rapid,41,50,51,621,quiesced,147
train_b18_f02_01485,train,rapid,41,100,107,617,quiesced,147
train_b18_f02_01485,train,rapid,41,200,147,617,quiesced,147
train_b18_f02_01485,train,rapid,41,400,147,617,quiesced,147
train_b18_f02_01485,train,rapid,41,800,147,617,quiesced,147
train_b18_f02_01485,train,rapid,41,1600,147,617,quiesced,147
train_b18_f02_01485,train,rapid,41,3200,147,617,quiesced,147
train_b18_f02_01485,train,rapid,41,6400,147,617,quiesced,147
train_b18_f02_01485,train,rapid,41,12800,147,617,quiesced,147
train_b18_f02_01485,train,rapid,41,25600,147,617,quiesced,147
train_b18_f02_01485,train,rapid,41,51200,147,617,quiesced,147
train_b18_f02_01485,train,rapid,41,102400,147,617,quiesced,147
train_b18_f02_01485,train,rapid,41,204800,147,617,quiesced,147
train_b11_f01_00914,train,rapid,42,25,33,684,quiesced,92
train_b11_f01_00914,train,rapid,42,50,55,684,quiesced,92
train_b11_f01_00914,train,rapid,42,100,92,684,quiesced,92
train_b11_f01_00914,train,rapid,42,200,92,684,quiesced,92
train_b11_f01_00914,train,rapid,42,400,92,684,quiesced,92
train_b11_f01_00914,train,rapid,42,800,92,684,quiesced,92
train_b11_f01_00914,train,rapid,42,1600,92,684,quiesced,92
train_b11_f01_00914,train,rapid,42,3200,92,684,quiesced,92
train_b11_f01_00914,train,rapid,42,6400,92,684,quiesced,92
train_b11_f01_00914,train,rapid,42,12800,92,684,quiesced,92
train_b11_f01_00914,train,rapid,42,25600,92,684,quiesced,92
train_b11_f01_00914,train,rapid,42,51200,92,684,quiesced,92
train_b11_f01_00914,train,rapid,42,102400,92,684,quiesced,92
train_b11_f01_00914,train,rapid,42,204800,92,684,quiesced,92
train_b37_f00_03251,train,rapid,42,25,27,470,quiesced,83
train_b37_f00_03251,train,rapid,42,50,52,470,quiesced,83
train_b37_f00_03251,train,rapid,42,100,83,470,quiesced,83
train_b37_f00_03251,train,rapid,42,200,83,470,quiesced,83
train_b37_f00_03251,train,rapid,42,400,83,470,quiesced,83
train_b37_f00_03251,train,rapid,42,800,83,470,quiesced,83
train_b37_f00_03251,train,rapid,42,1600,83,470,quiesced,83
train_b37_f00_03251,train,rapid,42,3200,83,470,quiesced,83
train_b37_f00_03251,train,rapid,42,6400,83,470,quiesced,83
train_b37_f00_03251,train,rapid,42,12800,83,470,quiesced,83
train_b37_f00_03251,train,rapid,42,25600,83,470,quiesced,83
train_b37_f00_03251,train,rapid,42,51200,83,470,quiesced,83
train_b37_f00_03251,train,rapid,42,102400,83,470,quiesced,83
train_b37_f00_03251,train,rapid,42,204800,83,470,quiesced,83
train_b14_f03_01174,train,rapid,43,25,25,963,quiesced,262
train_b14_f03_01174,train,rapid,43,50,51,963,quiesced,262
train_b14_f03_01174,train,rapid,43,100,101,963,quiesced,262
train_b14_f03_01174,train,rapid,43,200,203,963,quiesced,262
train_b14_f03_01174,train,rapid,43,400,262,963,quiesced,262
train_b14_f03_01174,train,rapid,43,800,262,963,quiesced,262
train_b14_f03_01174,train,rapid,43,1600,262,963,quiesced,262
train_b14_f03_01174,train,rapid,43,3200,262,963,quiesced,262
train_b14_f03_01174,train,rapid,43,6400,262,963,quiesced,262
train_b14_f03_01174,train,rapid,43,12800,262,963,quiesced,262
train_b14_f03_01174,train,rapid,43,25600,262,963,quiesced,262
train_b14_f03_01174,train,rapid,43,51200,262,963,quiesced,262
train_b14_f03_01174,train,rapid,43,102400,262,963,quiesced,262
train_b14_f03_01174,train,rapid,43,204800,262,963,quiesced,262
dev_b09_f00_00228,dev,rapid,44,25,26,619,quiesced,133
dev_b09_f00_00228,dev,rapid,44,50,52,619,quiesced,133
dev_b09_f00_00228,dev,rapid,44,100,101,619,quiesced,133
dev_b09_f00_00228,dev,rapid,44,200,133,619,quiesced,133
dev_b09_f00_00228,dev,rapid,44,400,133,619,quiesced,133
dev_b09_f00_00228,dev,rapid,44,800,133,619,quiesced,133
dev_b09_f00_00228,dev,rapid,44,1600,133,619,quiesced,133
dev_b09_f00_00228,dev,rapid,44,3200,133,619,quiesced,133
dev_b09_f00_00228,dev,rapid,44,6400,133,619,quiesced,133
dev_b09_f00_00228,dev,rapid,44,12800,133,619,quiesced,133
dev_b09_f00_00228,dev,rapid,44,25600,133,619,quiesced,133
dev_b09_f00_00228,dev,rapid,44,51200,133,619,quiesced,133
dev_b09_f00_00228,dev,rapid,44,102400,133,619,quiesced,133
dev_b09_f00_00228,dev,rapid,44,204800,133,619,quiesced,133
train_b15_f00_01244,train,rapid,44,25,26,1096,quiesced,259
train_b15_f00_01244,train,rapid,44,50,51,1096,quiesced,259
train_b15_f00_01244,train,rapid,44,100,104,1096,quiesced,259
train_b15_f00_01244,train,rapid,44,200,201,912,quiesced,259
train_b15_f00_01244,train,rapid,44,400,259,912,quiesced,259
train_b15_f00_01244,train,rapid,44,800,259,912,quiesced,259
train_b15_f00_01244,train,rapid,44,1600,259,912,quiesced,259
train_b15_f00_01244,train,rapid,44,3200,259,912,quiesced,259
train_b15_f00_01244,train,rapid,44,6400,259,912,quiesced,259
train_b15_f00_01244,train,rapid,44,12800,259,912,quiesced,259
train_b15_f00_01244,train,rapid,44,25600,259,912,quiesced,259
train_b15_f00_01244,train,rapid,44,51200,259,912,quiesced,259
train_b15_f00_01244,train,rapid,44,102400,259,912,quiesced,259
train_b15_f00_01244,train,rapid,44,204800,259,912,quiesced,259
train_b19_f00_01577,train,rapid,44,25,36,829,quiesced,152
train_b19_f00_01577,train,rapid,44,50,58,823,quiesced,152
train_b19_f00_01577,train,rapid,44,100,100,815,quiesced,152
train_b19_f00_01577,train,rapid,44,200,152,815,quiesced,152
train_b19_f00_01577,train,rapid,44,400,152,815,quiesced,152
train_b19_f00_01577,train,rapid,44,800,152,815,quiesced,152
train_b19_f00_01577,train,rapid,44,1600,152,815,quiesced,152
train_b19_f00_01577,train,rapid,44,3200,152,815,quiesced,152
train_b19_f00_01577,train,rapid,44,6400,152,815,quiesced,152
train_b19_f00_01577,train,rapid,44,12800,152,815,quiesced,152
train_b19_f00_01577,train,rapid,44,25600,152,815,quiesced,152
train_b19_f00_01577,train,rapid,44,51200,152,815,quiesced,152
train_b19_f00_01577,train,rapid,44,102400,152,815,quiesced,152
train_b19_f00_01577,train,rapid,44,204800,152,815,quiesced,152
dev_b33_f02_00712,dev,rapid,45,25,25,740,quiesced,260
dev_b33_f02_00712,dev,rapid,45,50,54,733,quiesced,260
dev_b33_f02_00712,dev,rapid,45,100,103,729,quiesced,260
dev_b33_f02_00712,dev,rapid,45,200,206,374,quiesced,260
dev_b33_f02_00712,dev,rapid,45,400,260,374,quiesced,260
dev_b33_f02_00712,dev,rapid,45,800,260,374,quiesced,260
dev_b33_f02_00712,dev,rapid,45,1600,260,374,quiesced,260
dev_b33_f02_00712,dev,rapid,45,3200,260,374,quiesced,260
dev_b33_f02_00712,dev,rapid,45,6400,260,374,quiesced,260
dev_b33_f02_00712,dev,rapid,45,12800,260,374,quiesced,260
dev_b33_f02_00712,dev,rapid,45,25600,260,374,quiesced,260
dev_b33_f02_00712,dev,rapid,45,51200,260,374,quiesced,260
dev_b33_f02_00712,dev,rapid,45,102400,260,374,quiesced,260
dev_b33_f02_00712,dev,rapid,45,204800,260,374,quiesced,260
train_b14_f00_01129,train,rapid,45,25,25,649,quiesced,154
train_b14_f00_01129,train,rapid,45,50,50,645,quiesced,154
train_b14_f00_01129,train,rapid,45,100,106,645,quiesced,154
train_b14_f00_01129,train,rapid,45,200,154,645,quiesced,154
train_b14_f00_01129,train,rapid,45,400,154,645,quiesced,154
train_b14_f00_01129,train,rapid,45,800,154,645,quiesced,154
train_b14_f00_01129,train,rapid,45,1600,154,645,quiesced,154
train_b14_f00_01129,train,rapid,45,3200,154,645,quiesced,154
train_b14_f00_01129,train,rapid,45,6400,154,645,quiesced,154
train_b14_f00_01129,train,rapid,45,12800,154,645,quiesced,154
train_b14_f00_01129,train,rapid,45,25600,154,645,quiesced,154
train_b14_f00_01129,train,rapid,45,51200,154,645,quiesced,154
train_b14_f00_01129,train,rapid,45,102400,154,645,quiesced,154
train_b14_f00_01129,train,rapid,45,204800,154,645,quiesced,154
train_b19_f06_01661,train,rapid,45,25,31,918,quiesced,150
train_b19_f06_01661,train,rapid,45,50,55,915,quiesced,150
train_b19_f06_01661,train,rapid,45,100,107,911,quiesced,150
train_b19_f06_01661,train,rapid,45,200,150,911,quiesced,150
train_b19_f06_01661,train,rapid,45,400,150,911,quiesced,150
train_b19_f06_01661,train,rapid,45,800,150,911,quiesced,150
train_b19_f06_01661,train,rapid,45,1600,150,911,quiesced,150
train_b19_f06_01661,train,rapid,45,3200,150,911,quiesced,150
train_b19_f06_01661,train,rapid,45,6400,150,911,quiesced,150
train_b19_f06_01661,train,rapid,45,12800,150,911,quiesced,150
train_b19_f06_01661,train,rapid,45,25600,150,911,quiesced,150
train_b19_f06_01661,train,rapid,45,51200,150,911,quiesced,150
train_b19_f06_01661,train,rapid,45,102400,150,911,quiesced,150
train_b19_f06_01661,train,rapid,45,204800,150,911,quiesced,150
train_b14_f04_01189,train,rapid,46,25,28,711,quiesced,85
train_b14_f04_01189,train,rapid,46,50,50,707,quiesced,85
train_b14_f04_01189,train,rapid,46,100,85,707,quiesced,85
train_b14_f04_01189,train,rapid,46,200,85,707,quiesced,85
train_b14_f04_01189,train,rapid,46,400,85,707,quiesced,85
train_b14_f04_01189,train,rapid,46,800,85,707,quiesced,85
train_b14_f04_01189,train,rapid,46,1600,85,707,quiesced,85
train_b14_f04_01189,train,rapid,46,3200,85,707,quiesced,85
train_b14_f04_01189,train,rapid,46,6400,85,707,quiesced,85
train_b14_f04_01189,train,rapid,46,12800,85,707,quiesced,85
train_b14_f04_01189,train,rapid,46,25600,85,707,quiesced,85
train_b14_f04_01189,train,rapid,46,51200,85,707,quiesced,85
train_b14_f04_01189,train,rapid,46,102400,85,707,quiesced,85
train_b14_f04_01189,train,rapid,46,204800,85,707,quiesced,85
train_b21_f03_01842,train,rapid,46,25,28,913,quiesced,151
train_b21_f03_01842,train,rapid,46,50,50,910,quiesced,151
train_b21_f03_01842,train,rapid,46,100,102,906,quiesced,151
train_b21_f03_01842,train,rapid,46,200,151,906,quiesced,151
train_b21_f03_01842,train,rapid,46,400,151,906,quiesced,151
train_b21_f03_01842,train,rapid,46,800,151,906,quiesced,151
train_b21_f03_01842,train,rapid,46,1600,151,906,quiesced,151
train_b21_f03_01842,train,rapid,46,3200,151,906,quiesced,151
train_b21_f03_01842,train,rapid,46,6400,151,906,quiesced,151
train_b21_f03_01842,train,rapid,46,12800,151,906,quiesced,151
train_b21_f03_01842,train,rapid,46,25600,151,906,quiesced,151
train_b21_f03_01842,train,rapid,46,51200,151,906,quiesced,151
train_b21_f03_01842,train,rapid,46,102400,151,906,quiesced,151
train_b21_f03_01842,train,rapid,46,204800,151,906,quiesced,151
train_b11_f02_00936,train,rapid,47,25,25,868,quiesced,258
train_b11_f02_00936,train,rapid,47,50,58,864,quiesced,258
train_b11_f02_00936,train,rapid,47,100,101,864,quiesced,258
train_b11_f02_00936,train,rapid,47,200,201,860,quiesced,258
train_b11_f02_00936,train,rapid,47,400,258,860,quiesced,258
train_b11_f02_00936,train,rapid,47,800,258,860,quiesced,258
train_b11_f02_00936,train,rapid,47,1600,258,860,quiesced,258
train_b11_f02_00936,train,rapid,47,3200,258,860,quiesced,258
train_b11_f02_00936,train,rapid,47,6400,258,860,quiesced,258
train_b11_f02_00936,train,rapid,47,12800,258,860,quiesced,258
train_b11_f02_00936,train,rapid,47,25600,258,860,quiesced,258
train_b11_f02_00936,train,rapid,47,51200,258,860,quiesced,258
train_b11_f02_00936,train,rapid,47,102400,258,860,quiesced,258
train_b11_f02_00936,train,rapid,47,204800,258,860,quiesced,258
train_b25_f00_02131,train,rapid,47,25,25,2624,quiesced,149
train_b25_f00_02131,train,rapid,47,50,50,2612,quiesced,149
train_b25_f00_02131,train,rapid,47,100,103,2596,quiesced,149
train_b25_f00_02131,train,rapid,47,200,149,2596,quiesced,149
train_b25_f00_02131,train,rapid,47,400,149,2596,quiesced,149
train_b25_f00_02131,train,rapid,47,800,149,2596,quiesced,149
train_b25_f00_02131,train,rapid,47,1600,149,2596,quiesced,149
train_b25_f00_02131,train,rapid,47,3200,149,2596,quiesced,149
train_b25_f00_02131,train,rapid,47,6400,149,2596,quiesced,149
train_b25_f00_02131,train,rapid,47,12800,149,2596,quiesced,149
train_b25_f00_02131,train,rapid,47,25600,149,2596,quiesced,149
train_b25_f00_02131,train,rapid,47,51200,149,2596,quiesced,149
train_b25_f00_02131,train,rapid,47,102400,149,2596,quiesced,149
train_b25_f00_02131,train,rapid,47,204800,149,2596,quiesced,149
dev_b27_f03_00606,dev,rapid,48,25,28,617,quiesced,255
dev_b27_f03_00606,dev,rapid,48,50,51,613,quiesced,255
dev_b27_f03_00606,dev,rapid,48,100,102,613,quiesced,255
dev_b27_f03_00606,dev,rapid,48,200,202,253,quiesced,255
dev_b27_f03_00606,dev,rapid,48,400,255,253,quiesced,255
dev_b27_f03_00606,dev,rapid,48,800,255,253,quiesced,255
dev_b27_f03_00606,dev,rapid,48,1600,255,253,quiesced,255
dev_b27_f03_00606,dev,rapid,48,3200,255,253,quiesced,255
dev_b27_f03_00606,dev,rapid,48,6400,255,253,quiesced,255
dev_b27_f03_00606,dev,rapid,48,12800,255,253,quiesced,255
dev_b27_f03_00606,dev,rapid,48,25600,255,253,quiesced,255
dev_b27_f03_00606,dev,rapid,48,51200,255,253,quiesced,255
dev_b27_f03_00606,dev,rapid,48,102400,255,253,quiesced,255
dev_b27_f03_00606,dev,rapid,48,204800,255,253,quiesced,255
train_b15_f04_01295,train,rapid,48,25,25,948,quiesced,523
train_b15_f04_01295,train,rapid,48,50,55,944,quiesced,523
train_b15_f04_01295,train,rapid,48,100,105,944,quiesced,523
train_b15_f04_01295,train,rapid,48,200,209,940,quiesced,523
train_b15_f04_01295,train,rapid,48,400,404,940,quiesced,523
train_b15_f04_01295,train,rapid,48,800,523,940,quiesced,523
train_b15_f04_01295,train,rapid,48,1600,523,940,quiesced,523
train_b15_f04_01295,train,rapid,48,3200,523,940,quiesced,523
train_b15_f04_01295,train,rapid,48,6400,523,940,quiesced,523
train_b15_f04_01295,train,rapid,48,12800,523,940,quiesced,523
train_b15_f04_01295,train,rapid,48,25600,523,940,quiesced,523
train_b15_f04_01295,train,rapid,48,51200,523,940,quiesced,523
train_b15_f04_01295,train,rapid,48,102400,523,940,quiesced,523
train_b15_f04_01295,train,rapid,48,204800,523,940,quiesced,523
dev_b09_f02_00261,dev,rapid,49,25,25,669,quiesced,252
dev_b09_f02_00261,dev,rapid,49,50,53,665,quiesced,252
dev_b09_f02_00261,dev,rapid,49,100,100,665,quiesced,252
dev_b09_f02_00261,dev,rapid,49,200,200,482,quiesced,252
dev_b09_f02_00261,dev,rapid,49,400,252,482,quiesced,252
dev_b09_f02_00261,dev,rapid,49,800,252,482,quiesced,252
dev_b09_f02_00261,dev,rapid,49,1600,252,482,quiesced,252
dev_b09_f02_00261,dev,rapid,49,3200,252,482,quiesced,252
dev_b09_f02_00261,dev,rapid,49,6400,252,482,quiesced,252
dev_b09_f02_00261,dev,rapid,49,12800,252,482,quiesced,252
dev_b09_f02_00261,dev,rapid,49,25600,252,482,quiesced,252
dev_b09_f02_00261,dev,rapid,49,51200,252,482,quiesced,252
dev_b09_f02_00261,dev,rapid,49,102400,252,482,quiesced,252
dev_b09_f02_00261,dev,rapid,49,204800,252,482,quiesced,252
train_b13_f04_01072,train,rapid,49,25,27,996,quiesced,7640
train_b13_f04_01072,train,rapid,49,50,58,996,quiesced,7640
train_b13_f04_01072,train,rapid,49,100,113,996,quiesced,7640
train_b13_f04_01072,train,rapid,49,200,200,996,quiesced,7640
train_b13_f04_01072,train,rapid,49,400,406,996,quiesced,7640
train_b13_f04_01072,train,rapid,49,800,802,996,quiesced,7640
train_b13_f04_01072,train,rapid,49,1600,1620,438,quiesced,7640
train_b13_f04_01072,train,rapid,49,3200,3254,433,quiesced,7640
train_b13_f04_01072,train,rapid,49,6400,6539,433,quiesced,7640
train_b13_f04_01072,train,rapid,49,12800,7640,433,quiesced,7640
train_b13_f04_01072,train,rapid,49,25600,7640,433,quiesced,7640
train_b13_f04_01072,train,rapid,49,51200,7640,433,quiesced,7640
train_b13_f04_01072,train,rapid,49,102400,7640,433,quiesced,7640
train_b13_f04_01072,train,rapid,49,204800,7640,433,quiesced,7640
train_b18_f02_01493,train,rapid,49,25,25,1354,quiesced,272
train_b18_f02_01493,train,rapid,49,50,55,1354,quiesced,272
train_b18_f02_01493,train,rapid,49,100,108,1354,quiesced,272
train_b18_f02_01493,train,rapid,49,200,206,803,quiesced,272
train_b18_f02_01493,train,rapid,49,400,272,803,quiesced,272
train_b18_f02_01493,train,rapid,49,800,272,803,quiesced,272
train_b18_f02_01493,train,rapid,49,1600,272,803,quiesced,272
train_b18_f02_01493,train,rapid,49,3200,272,803,quiesced,272
train_b18_f02_01493,train,rapid,49,6400,272,803,quiesced,272
train_b18_f02_01493,train,rapid,49,12800,272,803,quiesced,272
train_b18_f02_01493,train,rapid,49,25600,272,803,quiesced,272
train_b18_f02_01493,train,rapid,49,51200,272,803,quiesced,272
train_b18_f02_01493,train,rapid,49,102400,272,803,quiesced,272
train_b18_f02_01493,train,rapid,49,204800,272,803,quiesced,272
dev_b22_f01_00475,dev,rapid,50,25,25,805,quiesced,257
dev_b22_f01_00475,dev,rapid,50,50,55,805,quiesced,257
dev_b22_f01_00475,dev,rapid,50,100,104,805,quiesced,257
dev_b22_f01_00475,dev,rapid,50,200,205,805,quiesced,257
dev_b22_f01_00475,dev,rapid,50,400,257,805,quiesced,257
dev_b22_f01_00475,dev,rapid,50,800,257,805,quiesced,257
dev_b22_f01_00475,dev,rapid,50,1600,257,805,quiesced,257
dev_b22_f01_00475,dev,rapid,50,3200,257,805,quiesced,257
dev_b22_f01_00475,dev,rapid,50,6400,257,805,quiesced,257
dev_b22_f01_00475,dev,rapid,50,12800,257,805,quiesced,257
dev_b22_f01_00475,dev,rapid,50,25600,257,805,quiesced,257
dev_b22_f01_00475,dev,rapid,50,51200,257,805,quiesced,257
dev_b22_f01_00475,dev,rapid,50,102400,257,805,quiesced,257
dev_b22_f01_00475,dev,rapid,50,204800,257,805,quiesced,257
train_b21_f07_01902,train,rapid,50,25,26,1303,quiesced,196
train_b21_f07_01902,train,rapid,50,50,56,1303,quiesced,196
train_b21_f07_01902,train,rapid,50,100,102,1303,quiesced,196
train_b21_f07_01902,train,rapid,50,200,196,1122,quiesced,196
train_b21_f07_01902,train,rapid,50,400,196,1122,quiesced,196
train_b21_f07_01902,train,rapid,50,800,196,1122,quiesced,196
train_b21_f07_01902,train,rapid,50,1600,196,1122,quiesced,196
train_b21_f07_01902,train,rapid,50,3200,196,1122,quiesced,196
train_b21_f07_01902,train,rapid,50,6400,196,1122,quiesced,196
train_b21_f07_01902,train,rapid,50,12800,196,1122,quiesced,196
train_b21_f07_01902,train,rapid,50,25600,196,1122,quiesced,196
train_b21_f07_01902,train,rapid,50,51200,196,1122,quiesced,196
train_b21_f07_01902,train,rapid,50,102400,196,1122,quiesced,196
train_b21_f07_01902,train,rapid,50,204800,196,1122,quiesced,196
train_b10_f07_00892,train,classical,51,25,26,980,quiesced,273
train_b10_f07_00892,train,classical,51,50,65,976,quiesced,273
train_b10_f07_00892,train,classical,51,100,106,973,quiesced,273
train_b10_f07_00892,train,classical,51,200,204,240,quiesced,273
train_b10_f07_00892,train,classical,51,400,273,240,quiesced,273
train_b10_f07_00892,train,classical,51,800,273,240,quiesced,273
train_b10_f07_00892,train,classical,51,1600,273,240,quiesced,273
train_b10_f07_00892,train,classical,51,3200,273,240,quiesced,273
train_b10_f07_00892,train,classical,51,6400,273,240,quiesced,273
train_b10_f07_00892,train,classical,51,12800,273,240,quiesced,273
train_b10_f07_00892,train,classical,51,25600,273,240,quiesced,273
train_b10_f07_00892,train,classical,51,51200,273,240,quiesced,273
train_b10_f07_00892,train,classical,51,102400,273,240,quiesced,273
train_b10_f07_00892,train,classical,51,204800,273,240,quiesced,273
train_b20_f00_01692,train,classical,51,25,34,910,quiesced,95
train_b20_f00_01692,train,classical,51,50,54,910,quiesced,95
train_b20_f00_01692,train,classical,51,100,95,910,quiesced,95
train_b20_f00_01692,train,classical,51,200,95,910,quiesced,95
train_b20_f00_01692,train,classical,51,400,95,910,quiesced,95
train_b20_f00_01692,train,classical,51,800,95,910,quiesced,95
train_b20_f00_01692,train,classical,51,1600,95,910,quiesced,95
train_b20_f00_01692,train,classical,51,3200,95,910,quiesced,95
train_b20_f00_01692,train,classical,51,6400,95,910,quiesced,95
train_b20_f00_01692,train,classical,51,12800,95,910,quiesced,95
train_b20_f00_01692,train,classical,51,25600,95,910,quiesced,95
train_b20_f00_01692,train,classical,51,51200,95,910,quiesced,95
train_b20_f00_01692,train,classical,51,102400,95,910,quiesced,95
train_b20_f00_01692,train,classical,51,204800,95,910,quiesced,95
train_b14_f03_01168,train,classical,52,25,25,948,quiesced,151
train_b14_f03_01168,train,classical,52,50,51,948,quiesced,151
train_b14_f03_01168,train,classical,52,100,100,944,quiesced,151
train_b14_f03_01168,train,classical,52,200,151,944,quiesced,151
train_b14_f03_01168,train,classical,52,400,151,944,quiesced,151
train_b14_f03_01168,train,classical,52,800,151,944,quiesced,151
train_b14_f03_01168,train,classical,52,1600,151,944,quiesced,151
train_b14_f03_01168,train,classical,52,3200,151,944,quiesced,151
train_b14_f03_01168,train,classical,52,6400,151,944,quiesced,151
train_b14_f03_01168,train,classical,52,12800,151,944,quiesced,151
train_b14_f03_01168,train,classical,52,25600,151,944,quiesced,151
train_b14_f03_01168,train,classical,52,51200,151,944,quiesced,151
train_b14_f03_01168,train,classical,52,102400,151,944,quiesced,151
train_b14_f03_01168,train,classical,52,204800,151,944,quiesced,151
dev_b16_f06_00421,dev,classical,53,25,25,1104,quiesced,523
dev_b16_f06_00421,dev,classical,53,50,59,1095,quiesced,523
dev_b16_f06_00421,dev,classical,53,100,111,1083,quiesced,523
dev_b16_f06_00421,dev,classical,53,200,201,725,quiesced,523
dev_b16_f06_00421,dev,classical,53,400,406,725,quiesced,523
dev_b16_f06_00421,dev,classical,53,800,523,725,quiesced,523
dev_b16_f06_00421,dev,classical,53,1600,523,725,quiesced,523
dev_b16_f06_00421,dev,classical,53,3200,523,725,quiesced,523
dev_b16_f06_00421,dev,classical,53,6400,523,725,quiesced,523
dev_b16_f06_00421,dev,classical,53,12800,523,725,quiesced,523
dev_b16_f06_00421,dev,classical,53,25600,523,725,quiesced,523
dev_b16_f06_00421,dev,classical,53,51200,523,725,quiesced,523
dev_b16_f06_00421,dev,classical,53,102400,523,725,quiesced,523
dev_b16_f06_00421,dev,classical,53,204800,523,725,quiesced,523
train_b18_f01_01478,train,classical,53,25,29,1277,quiesced,2561
train_b18_f01_01478,train,classical,53,50,70,1000347,quiesced,2561
train_b18_f01_01478,train,classical,53,100,127,1000347,quiesced,2561
train_b18_f01_01478,train,classical,53,200,213,1277,quiesced,2561
train_b18_f01_01478,train,classical,53,400,413,546,quiesced,2561
train_b18_f01_01478,train,classical,53,800,868,536,quiesced,2561
train_b18_f01_01478,train,classical,53,1600,1657,536,quiesced,2561
train_b18_f01_01478,train,classical,53,3200,2561,536,quiesced,2561
train_b18_f01_01478,train,classical,53,6400,2561,536,quiesced,2561
train_b18_f01_01478,train,classical,53,12800,2561,536,quiesced,2561
train_b18_f01_01478,train,classical,53,25600,2561,536,quiesced,2561
train_b18_f01_01478,train,classical,53,51200,2561,536,quiesced,2561
train_b18_f01_01478,train,classical,53,102400,2561,536,quiesced,2561
train_b18_f01_01478,train,classical,53,204800,2561,536,quiesced,2561
dev_b16_f05_00415,dev,classical,54,25,25,802,quiesced,23603
dev_b16_f05_00415,dev,classical,54,50,51,796,quiesced,23603
dev_b16_f05_00415,dev,classical,54,100,104,788,quiesced,23603
dev_b16_f05_00415,dev,classical,54,200,204,654,quiesced,23603
dev_b16_f05_00415,dev,classical,54,400,430,654,quiesced,23603
dev_b16_f05_00415,dev,classical,54,800,839,654,quiesced,23603
dev_b16_f05_00415,dev,classical,54,1600,1700,654,quiesced,23603
dev_b16_f05_00415,dev,classical,54,3200,3212,654,quiesced,23603
dev_b16_f05_00415,dev,classical,54,6400,6709,654,quiesced,23603
dev_b16_f05_00415,dev,classical,54,12800,13992,465,quiesced,23603
dev_b16_f05_00415,dev,classical,54,25600,23603,465,quiesced,23603
dev_b16_f05_00415,dev,classical,54,51200,23603,465,quiesced,23603
dev_b16_f05_00415,dev,classical,54,102400,23603,465,quiesced,23603
dev_b16_f05_00415,dev,classical,54,204800,23603,465,quiesced,23603
train_b15_f02_01268,train,classical,54,25,29,1620,quiesced,129409
train_b15_f02_01268,train,classical,54,50,66,1000132,quiesced,129409
train_b15_f02_01268,train,classical,54,100,111,1000132,quiesced,129409
train_b15_f02_01268,train,classical,54,200,205,357,quiesced,129409
train_b15_f02_01268,train,classical,54,400,479,269,quiesced,129409
train_b15_f02_01268,train,classical,54,800,847,269,quiesced,129409
train_b15_f02_01268,train,classical,54,1600,1745,269,quiesced,129409
train_b15_f02_01268,train,classical,54,3200,3425,269,quiesced,129409
train_b15_f02_01268,train,classical,54,6400,6508,269,quiesced,129409
train_b15_f02_01268,train,classical,54,12800,13511,269,quiesced,129409
train_b15_f02_01268,train,classical,54,25600,26262,269,quiesced,129409
train_b15_f02_01268,train,classical,54,51200,51921,269,quiesced,129409
train_b15_f02_01268,train,classical,54,102400,102567,269,quiesced,129409
train_b15_f02_01268,train,classical,54,204800,129409,269,quiesced,129409
dev_b09_f04_00292,dev,classical,55,25,25,3554,quiesced,29996
dev_b09_f04_00292,dev,classical,55,50,61,3538,quiesced,29996
dev_b09_f04_00292,dev,classical,55,100,103,3538,quiesced,29996
dev_b09_f04_00292,dev,classical,55,200,206,3184,quiesced,29996
dev_b09_f04_00292,dev,classical,55,400,445,3184,quiesced,29996
dev_b09_f04_00292,dev,classical,55,800,833,3184,quiesced,29996
dev_b09_f04_00292,dev,classical,55,1600,1631,3184,quiesced,29996
dev_b09_f04_00292,dev,classical,55,3200,3444,3184,quiesced,29996
dev_b09_f04_00292,dev,classical,55,6400,6407,3184,quiesced,29996
dev_b09_f04_00292,dev,classical,55,12800,13764,3184,quiesced,29996
dev_b09_f04_00292,dev,classical,55,25600,25950,3184,quiesced,29996
dev_b09_f04_00292,dev,classical,55,51200,29996,3184,quiesced,29996
dev_b09_f04_00292,dev,classical,55,102400,29996,3184,quiesced,29996
dev_b09_f04_00292,dev,classical,55,204800,29996,3184,quiesced,29996
train_b18_f06_01544,train,classical,55,25,26,1437,quiesced,276
train_b18_f06_01544,train,classical,55,50,60,1434,quiesced,276
train_b18_f06_01544,train,classical,55,100,104,1430,quiesced,276
train_b18_f06_01544,train,classical,55,200,212,1255,quiesced,276
train_b18_f06_01544,train,classical,55,400,276,1255,quiesced,276
train_b18_f06_01544,train,classical,55,800,276,1255,quiesced,276
train_b18_f06_01544,train,classical,55,1600,276,1255,quiesced,276
train_b18_f06_01544,train,classical,55,3200,276,1255,quiesced,276
train_b18_f06_01544,train,classical,55,6400,276,1255,quiesced,276
train_b18_f06_01544,train,classical,55,12800,276,1255,quiesced,276
train_b18_f06_01544,train,classical,55,25600,276,1255,quiesced,276
train_b18_f06_01544,train,classical,55,51200,276,1255,quiesced,276
train_b18_f06_01544,train,classical,55,102400,276,1255,quiesced,276
train_b18_f06_01544,train,classical,55,204800,276,1255,quiesced,276
dev_b33_f06_00766,dev,classical,56,25,28,1406,quiesced,260
dev_b33_f06_00766,dev,classical,56,50,51,1403,quiesced,260
dev_b33_f06_00766,dev,classical,56,100,105,1399,quiesced,260
dev_b33_f06_00766,dev,classical,56,200,201,674,quiesced,260
dev_b33_f06_00766,dev,classical,56,400,260,674,quiesced,260
dev_b33_f06_00766,dev,classical,56,800,260,674,quiesced,260
dev_b33_f06_00766,dev,classical,56,1600,260,674,quiesced,260
dev_b33_f06_00766,dev,classical,56,3200,260,674,quiesced,260
dev_b33_f06_00766,dev,classical,56,6400,260,674,quiesced,260
dev_b33_f06_00766,dev,classical,56,12800,260,674,quiesced,260
dev_b33_f06_00766,dev,classical,56,25600,260,674,quiesced,260
dev_b33_f06_00766,dev,classical,56,51200,260,674,quiesced,260
dev_b33_f06_00766,dev,classical,56,102400,260,674,quiesced,260
dev_b33_f06_00766,dev,classical,56,204800,260,674,quiesced,260
train_b18_f07_01564,train,classical,56,25,26,1484,quiesced,257
train_b18_f07_01564,train,classical,56,50,51,1476,quiesced,257
train_b18_f07_01564,train,classical,56,100,106,1476,quiesced,257
train_b18_f07_01564,train,classical,56,200,200,1116,quiesced,257
train_b18_f07_01564,train,classical,56,400,257,1116,quiesced,257
train_b18_f07_01564,train,classical,56,800,257,1116,quiesced,257
train_b18_f07_01564,train,classical,56,1600,257,1116,quiesced,257
train_b18_f07_01564,train,classical,56,3200,257,1116,quiesced,257
train_b18_f07_01564,train,classical,56,6400,257,1116,quiesced,257
train_b18_f07_01564,train,classical,56,12800,257,1116,quiesced,257
train_b18_f07_01564,train,classical,56,25600,257,1116,quiesced,257
train_b18_f07_01564,train,classical,56,51200,257,1116,quiesced,257
train_b18_f07_01564,train,classical,56,102400,257,1116,quiesced,257
train_b18_f07_01564,train,classical,56,204800,257,1116,quiesced,257
dev_b09_f06_00308,dev,classical,57,25,25,998,quiesced,283
dev_b09_f06_00308,dev,classical,57,50,54,998,quiesced,283
dev_b09_f06_00308,dev,classical,57,100,100,1000784,quiesced,283
dev_b09_f06_00308,dev,classical,57,200,211,261,quiesced,283
dev_b09_f06_00308,dev,classical,57,400,283,261,quiesced,283
dev_b09_f06_00308,dev,classical,57,800,283,261,quiesced,283
dev_b09_f06_00308,dev,classical,57,1600,283,261,quiesced,283
dev_b09_f06_00308,dev,classical,57,3200,283,261,quiesced,283
dev_b09_f06_00308,dev,classical,57,6400,283,261,quiesced,283
dev_b09_f06_00308,dev,classical,57,12800,283,261,quiesced,283
dev_b09_f06_00308,dev,classical,57,25600,283,261,quiesced,283
dev_b09_f06_00308,dev,classical,57,51200,283,261,quiesced,283
dev_b09_f06_00308,dev,classical,57,102400,283,261,quiesced,283
dev_b09_f06_00308,dev,classical,57,204800,283,261,quiesced,283
train_b19_f06_01657,train,classical,57,25,26,1000290,app_budget,206648
train_b19_f06_01657,train,classical,57,50,52,2515,app_budget,206648
train_b19_f06_01657,train,classical,57,100,101,2515,app_budget,206648
train_b19_f06_01657,train,classical,57,200,201,1795,app_budget,206648
train_b19_f06_01657,train,classical,57,400,402,1780,app_budget,206648
train_b19_f06_01657,train,classical,57,800,800,1426,app_budget,206648
train_b19_f06_01657,train,classical,57,1600,1766,1426,app_budget,206648
train_b19_f06_01657,train,classical,57,3200,3271,1426,app_budget,206648
train_b19_f06_01657,train,classical,57,6400,6472,1426,app_budget,206648
train_b19_f06_01657,train,classical,57,12800,12946,1426,app_budget,206648
train_b19_f06_01657,train,classical,57,25600,25601,1426,app_budget,206648
train_b19_f06_01657,train,classical,57,51200,52461,1426,app_budget,206648
train_b19_f06_01657,train,classical,57,102400,102444,1426,app_budget,206648
train_b19_f06_01657,train,classical,57,204800,206648,1426,app_budget,206648
dev_b22_f03_00494,dev,classical,58,25,25,1546,quiesced,1001
dev_b22_f03_00494,dev,classical,58,50,53,1546,quiesced,1001
dev_b22_f03_00494,dev,classical,58,100,100,1343,quiesced,1001
dev_b22_f03_00494,dev,classical,58,200,210,1158,quiesced,1001
dev_b22_f03_00494,dev,classical,58,400,413,1158,quiesced,1001
dev_b22_f03_00494,dev,classical,58,800,805,1158,quiesced,1001
dev_b22_f03_00494,dev,classical,58,1600,1001,1158,quiesced,1001
dev_b22_f03_00494,dev,classical,58,3200,1001,1158,quiesced,1001
dev_b22_f03_00494,dev,classical,58,6400,1001,1158,quiesced,1001
dev_b22_f03_00494,dev,classical,58,12800,1001,1158,quiesced,1001
dev_b22_f03_00494,dev,classical,58,25600,1001,1158,quiesced,1001
dev_b22_f03_00494,dev,classical,58,51200,1001,1158,quiesced,1001
dev_b22_f03_00494,dev,classical,58,102400,1001,1158,quiesced,1001
dev_b22_f03_00494,dev,classical,58,204800,1001,1158,quiesced,1001
train_b15_f06_01323,train,classical,58,25,26,1071,quiesced,258
train_b15_f06_01323,train,classical,58,50,56,1068,quiesced,258
train_b15_f06_01323,train,classical,58,100,106,1064,quiesced,258
train_b15_f06_01323,train,classical,58,200,200,881,quiesced,258
train_b15_f06_01323,train,classical,58,400,258,881,quiesced,258
train_b15_f06_01323,train,classical,58,800,258,881,quiesced,258
train_b15_f06_01323,train,classical,58,1600,258,881,quiesced,258
train_b15_f06_01323,train,classical,58,3200,258,881,quiesced,258
train_b15_f06_01323,train,classical,58,6400,258,881,quiesced,258
train_b15_f06_01323,train,classical,58,12800,258,881,quiesced,258
train_b15_f06_01323,train,classical,58,25600,258,881,quiesced,258
train_b15_f06_01323,train,classical,58,51200,258,881,quiesced,258
train_b15_f06_01323,train,classical,58,102400,258,881,quiesced,258
train_b15_f06_01323,train,classical,58,204800,258,881,quiesced,258
train_b15_f02_01267,train,classical,59,25,26,1066,quiesced,277
train_b15_f02_01267,train,classical,59,50,54,1063,quiesced,277
train_b15_f02_01267,train,classical,59,100,100,1063,quiesced,277
train_b15_f02_01267,train,classical,59,200,203,698,quiesced,277
train_b15_f02_01267,train,classical,59,400,277,698,quiesced,277
train_b15_f02_01267,train,classical,59,800,277,698,quiesced,277
train_b15_f02_01267,train,classical,59,1600,277,698,quiesced,277
train_b15_f02_01267,train,classical,59,3200,277,698,quiesced,277
train_b15_f02_01267,train,classical,59,6400,277,698,quiesced,277
train_b15_f02_01267,train,classical,59,12800,277,698,quiesced,277
train_b15_f02_01267,train,classical,59,25600,277,698,quiesced,277
train_b15_f02_01267,train,classical,59,51200,277,698,quiesced,277
train_b15_f02_01267,train,classical,59,102400,277,698,quiesced,277
train_b15_f02_01267,train,classical,59,204800,277,698,quiesced,277
dev_b09_f02_00255,dev,classical,60,25,26,1236,quiesced,497
dev_b09_f02_00255,dev,classical,60,50,54,1230,quiesced,497
dev_b09_f02_00255,dev,classical,60,100,104,1230,quiesced,497
dev_b09_f02_00255,dev,classical,60,200,206,668,quiesced,497
dev_b09_f02_00255,dev,classical,60,400,404,658,quiesced,497
dev_b09_f02_00255,dev,classical,60,800,497,658,quiesced,497
dev_b09_f02_00255,dev,classical,60,1600,497,658,quiesced,497
dev_b09_f02_00255,dev,classical,60,3200,497,658,quiesced,497
dev_b09_f02_00255,dev,classical,60,6400,497,658,quiesced,497
dev_b09_f02_00255,dev,classical,60,12800,497,658,quiesced,497
dev_b09_f02_00255,dev,classical,60,25600,497,658,quiesced,497
dev_b09_f02_00255,dev,classical,60,51200,497,658,quiesced,497
dev_b09_f02_00255,dev,classical,60,102400,497,658,quiesced,497
dev_b09_f02_00255,dev,classical,60,204800,497,658,quiesced,497
train_b19_f02_01608,train,classical,60,25,25,1433,quiesced,294
train_b19_f02_01608,train,classical,60,50,62,1425,quiesced,294
train_b19_f02_01608,train,classical,60,100,103,1425,quiesced,294
train_b19_f02_01608,train,classical,60,200,212,499,quiesced,294
train_b19_f02_01608,train,classical,60,400,294,499,quiesced,294
train_b19_f02_01608,train,classical,60,800,294,499,quiesced,294
train_b19_f02_01608,train,classical,60,1600,294,499,quiesced,294
train_b19_f02_01608,train,classical,60,3200,294,499,quiesced,294
train_b19_f02_01608,train,classical,60,6400,294,499,quiesced,294
train_b19_f02_01608,train,classical,60,12800,294,499,quiesced,294
train_b19_f02_01608,train,classical,60,25600,294,499,quiesced,294
train_b19_f02_01608,train,classical,60,51200,294,499,quiesced,294
train_b19_f02_01608,train,classical,60,102400,294,499,quiesced,294
train_b19_f02_01608,train,classical,60,204800,294,499,quiesced,294
dev_b16_f07_00439,dev,classical,61,25,26,1670,quiesced,284
dev_b16_f07_00439,dev,classical,61,50,58,1664,quiesced,284
dev_b16_f07_00439,dev,classical,61,100,106,1656,quiesced,284
dev_b16_f07_00439,dev,classical,61,200,204,1105,quiesced,284
dev_b16_f07_00439,dev,classical,61,400,284,1105,quiesced,284
dev_b16_f07_00439,dev,classical,61,800,284,1105,quiesced,284
dev_b16_f07_00439,dev,classical,61,1600,284,1105,quiesced,284
dev_b16_f07_00439,dev,classical,61,3200,284,1105,quiesced,284
dev_b16_f07_00439,dev,classical,61,6400,284,1105,quiesced,284
dev_b16_f07_00439,dev,classical,61,12800,284,1105,quiesced,284
dev_b16_f07_00439,dev,classical,61,25600,284,1105,quiesced,284
dev_b16_f07_00439,dev,classical,61,51200,284,1105,quiesced,284
dev_b16_f07_00439,dev,classical,61,102400,284,1105,quiesced,284
dev_b16_f07_00439,dev,classical,61,204800,284,1105,quiesced,284
train_b19_f06_01653,train,classical,61,25,26,1879,quiesced,381
train_b19_f06_01653,train,classical,61,50,63,1873,quiesced,381
train_b19_f06_01653,train,classical,61,100,106,1865,quiesced,381
train_b19_f06_01653,train,classical,61,200,207,1121,quiesced,381
train_b19_f06_01653,train,classical,61,400,381,1121,quiesced,381
train_b19_f06_01653,train,classical,61,800,381,1121,quiesced,381
train_b19_f06_01653,train,classical,61,1600,381,1121,quiesced,381
train_b19_f06_01653,train,classical,61,3200,381,1121,quiesced,381
train_b19_f06_01653,train,classical,61,6400,381,1121,quiesced,381
train_b19_f06_01653,train,classical,61,12800,381,1121,quiesced,381
train_b19_f06_01653,train,classical,61,25600,381,1121,quiesced,381
train_b19_f06_01653,train,classical,61,51200,381,1121,quiesced,381
train_b19_f06_01653,train,classical,61,102400,381,1121,quiesced,381
train_b19_f06_01653,train,classical,61,204800,381,1121,quiesced,381
train_b13_f03_01053,train,classical,62,25,25,1000536,quiesced,392
train_b13_f03_01053,train,classical,62,50,57,1000536,quiesced,392
train_b13_f03_01053,train,classical,62,100,104,1000536,quiesced,392
train_b13_f03_01053,train,classical,62,200,204,1000349,quiesced,392
train_b13_f03_01053,train,classical,62,400,392,1000349,quiesced,392
train_b13_f03_01053,train,classical,62,800,392,1000349,quiesced,392
train_b13_f03_01053,train,classical,62,1600,392,1000349,quiesced,392
train_b13_f03_01053,train,classical,62,3200,392,1000349,quiesced,392
train_b13_f03_01053,train,classical,62,6400,392,1000349,quiesced,392
train_b13_f03_01053,train,classical,62,12800,392,1000349,quiesced,392
train_b13_f03_01053,train,classical,62,25600,392,1000349,quiesced,392
train_b13_f03_01053,train,classical,62,51200,392,1000349,quiesced,392
train_b13_f03_01053,train,classical,62,102400,392,1000349,quiesced,392
train_b13_f03_01053,train,classical,62,204800,392,1000349,quiesced,392
dev_b22_f03_00499,dev,classical,63,25,27,2933,quiesced,2646
dev_b22_f03_00499,dev,classical,63,50,52,2933,quiesced,2646
dev_b22_f03_00499,dev,classical,63,100,103,2933,quiesced,2646
dev_b22_f03_00499,dev,classical,63,200,205,2933,quiesced,2646
dev_b22_f03_00499,dev,classical,63,400,406,2933,quiesced,2646
dev_b22_f03_00499,dev,classical,63,800,820,2109,quiesced,2646
dev_b22_f03_00499,dev,classical,63,1600,1606,2101,quiesced,2646
dev_b22_f03_00499,dev,classical,63,3200,2646,2101,quiesced,2646
dev_b22_f03_00499,dev,classical,63,6400,2646,2101,quiesced,2646
dev_b22_f03_00499,dev,classical,63,12800,2646,2101,quiesced,2646
dev_b22_f03_00499,dev,classical,63,25600,2646,2101,quiesced,2646
dev_b22_f03_00499,dev,classical,63,51200,2646,2101,quiesced,2646
dev_b22_f03_00499,dev,classical,63,102400,2646,2101,quiesced,2646
dev_b22_f03_00499,dev,classical,63,204800,2646,2101,quiesced,2646
train_b15_f06_01318,train,classical,63,25,29,1891,quiesced,278
train_b15_f06_01318,train,classical,63,50,62,1891,quiesced,278
train_b15_f06_01318,train,classical,63,100,101,1891,quiesced,278
train_b15_f06_01318,train,classical,63,200,208,804,quiesced,278
train_b15_f06_01318,train,classical,63,400,278,804,quiesced,278
train_b15_f06_01318,train,classical,63,800,278,804,quiesced,278
train_b15_f06_01318,train,classical,63,1600,278,804,quiesced,278
train_b15_f06_01318,train,classical,63,3200,278,804,quiesced,278
train_b15_f06_01318,train,classical,63,6400,278,804,quiesced,278
train_b15_f06_01318,train,classical,63,12800,278,804,quiesced,278
train_b15_f06_01318,train,classical,63,25600,278,804,quiesced,278
train_b15_f06_01318,train,classical,63,51200,278,804,quiesced,278
train_b15_f06_01318,train,classical,63,102400,278,804,quiesced,278
train_b15_f06_01318,train,classical,63,204800,278,804,quiesced,278
dev_b16_f00_00346,dev,classical,64,25,30,1519,quiesced,476
dev_b16_f00_00346,dev,classical,64,50,68,1511,quiesced,476
dev_b16_f00_00346,dev,classical,64,100,107,1511,quiesced,476
dev_b16_f00_00346,dev,classical,64,200,212,1134,quiesced,476
dev_b16_f00_00346,dev,classical,64,400,403,1134,quiesced,476
dev_b16_f00_00346,dev,classical,64,800,476,1134,quiesced,476
dev_b16_f00_00346,dev,classical,64,1600,476,1134,quiesced,476
dev_b16_f00_00346,dev,classical,64,3200,476,1134,quiesced,476
dev_b16_f00_00346,dev,classical,64,6400,476,1134,quiesced,476
dev_b16_f00_00346,dev,classical,64,12800,476,1134,quiesced,476
dev_b16_f00_00346,dev,classical,64,25600,476,1134,quiesced,476
dev_b16_f00_00346,dev,classical,64,51200,476,1134,quiesced,476
dev_b16_f00_00346,dev,classical,64,102400,476,1134,quiesced,476
dev_b16_f00_00346,dev,classical,64,204800,476,1134,quiesced,476
train_b14_f02_01153,train,classical,64,25,27,1584,quiesced,275
train_b14_f02_01153,train,classical,64,50,52,1584,quiesced,275
train_b14_f02_01153,train,classical,64,100,108,1584,quiesced,275
train_b14_f02_01153,train,classical,64,200,211,863,quiesced,275
train_b14_f02_01153,train,classical,64,400,275,863,quiesced,275
train_b14_f02_01153,train,classical,64,800,275,863,quiesced,275
train_b14_f02_01153,train,classical,64,1600,275,863,quiesced,275
train_b14_f02_01153,train,classical,64,3200,275,863,quiesced,275
train_b14_f02_01153,train,classical,64,6400,275,863,quiesced,275
train_b14_f02_01153,train,classical,64,12800,275,863,quiesced,275
train_b14_f02_01153,train,classical,64,25600,275,863,quiesced,275
train_b14_f02_01153,train,classical,64,51200,275,863,quiesced,275
train_b14_f02_01153,train,classical,64,102400,275,863,quiesced,275
train_b14_f02_01153,train,classical,64,204800,275,863,quiesced,275
train_b23_f06_01998,train,classical,64,25,28,1955,quiesced,479
train_b23_f06_01998,train,classical,64,50,51,1950,quiesced,479
train_b23_f06_01998,train,classical,64,100,104,1950,quiesced,479
train_b23_f06_01998,train,classical,64,200,203,852,quiesced,479
train_b23_f06_01998,train,classical,64,400,406,845,quiesced,479
train_b23_f06_01998,train,classical,64,800,479,845,quiesced,479
train_b23_f06_01998,train,classical,64,1600,479,845,quiesced,479
train_b23_f06_01998,train,classical,64,3200,479,845,quiesced,479
train_b23_f06_01998,train,classical,64,6400,479,845,quiesced,479
train_b23_f06_01998,train,classical,64,12800,479,845,quiesced,479
train_b23_f06_01998,train,classical,64,25600,479,845,quiesced,479
train_b23_f06_01998,train,classical,64,51200,479,845,quiesced,479
train_b23_f06_01998,train,classical,64,102400,479,845,quiesced,479
train_b23_f06_01998,train,classical,64,204800,479,845,quiesced,479
train_b19_f01_01593,train,classical,65,25,26,1280,quiesced,1005
train_b19_f01_01593,train,classical,65,50,62,1277,quiesced,1005
train_b19_f01_01593,train,classical,65,100,104,1273,quiesced,1005
train_b19_f01_01593,train,classical,65,200,207,544,quiesced,1005
train_b19_f01_01593,train,classical,65,400,409,544,quiesced,1005
train_b19_f01_01593,train,classical,65,800,830,544,quiesced,1005
train_b19_f01_01593,train,classical,65,1600,1005,544,quiesced,1005
train_b19_f01_01593,train,classical,65,3200,1005,544,quiesced,1005
train_b19_f01_01593,train,classical,65,6400,1005,544,quiesced,1005
train_b19_f01_01593,train,classical,65,12800,1005,544,quiesced,1005
train_b19_f01_01593,train,classical,65,25600,1005,544,quiesced,1005
train_b19_f01_01593,train,classical,65,51200,1005,544,quiesced,1005
train_b19_f01_01593,train,classical,65,102400,1005,544,quiesced,1005
train_b19_f01_01593,train,classical,65,204800,1005,544,quiesced,1005
train_b17_f06_01430,train,classical,66,25,25,1467,quiesced,496
train_b17_f06_01430,train,classical,66,50,51,1467,quiesced,496
train_b17_f06_01430,train,classical,66,100,104,1467,quiesced,496
train_b17_f06_01430,train,classical,66,200,202,1287,quiesced,496
train_b17_f06_01430,train,classical,66,400,422,1287,quiesced,496
train_b17_f06_01430,train,classical,66,800,496,1287,quiesced,496
train_b17_f06_01430,train,classical,66,1600,496,1287,quiesced,496
train_b17_f06_01430,train,classical,66,3200,496,1287,quiesced,496
train_b17_f06_01430,train,classical,66,6400,496,1287,quiesced,496
train_b17_f06_01430,train,classical,66,12800,496,1287,quiesced,496
train_b17_f06_01430,train,classical,66,25600,496,1287,quiesced,496
train_b17_f06_01430,train,classical,66,51200,496,1287,quiesced,496
train_b17_f06_01430,train,classical,66,102400,496,1287,quiesced,496
train_b17_f06_01430,train,classical,66,204800,496,1287,quiesced,496
train_b20_f03_01728,train,classical,67,25,26,1912,quiesced,301
train_b20_f03_01728,train,classical,67,50,61,1906,quiesced,301
train_b20_f03_01728,train,classical,67,100,102,1898,quiesced,301
train_b20_f03_01728,train,classical,67,200,217,958,quiesced,301
train_b20_f03_01728,train,classical,67,400,301,958,quiesced,301
train_b20_f03_01728,train,classical,67,800,301,958,quiesced,301
train_b20_f03_01728,train,classical,67,1600,301,958,quiesced,301
train_b20_f03_01728,train,classical,67,3200,301,958,quiesced,301
train_b20_f03_01728,train,classical,67,6400,301,958,quiesced,301
train_b20_f03_01728,train,classical,67,12800,301,958,quiesced,301
train_b20_f03_01728,train,classical,67,25600,301,958,quiesced,301
train_b20_f03_01728,train,classical,67,51200,301,958,quiesced,301
train_b20_f03_01728,train,classical,67,102400,301,958,quiesced,301
train_b20_f03_01728,train,classical,67,204800,301,958,quiesced,301
train_b18_f00_01460,train,classical,68,25,29,2542,quiesced,474
train_b18_f00_01460,train,classical,68,50,51,2536,quiesced,474
train_b18_f00_01460,train,classical,68,100,106,2536,quiesced,474
train_b18_f00_01460,train,classical,68,200,204,1058,quiesced,474
train_b18_f00_01460,train,classical,68,400,403,1044,quiesced,474
train_b18_f00_01460,train,classical,68,800,474,1044,quiesced,474
train_b18_f00_01460,train,classical,68,1600,474,1044,quiesced,474
train_b18_f00_01460,train,classical,68,3200,474,1044,quiesced,474
train_b18_f00_01460,train,classical,68,6400,474,1044,quiesced,474
train_b18_f00_01460,train,classical,68,12800,474,1044,quiesced,474
train_b18_f00_01460,train,classical,68,25600,474,1044,quiesced,474
train_b18_f00_01460,train,classical,68,51200,474,1044,quiesced,474
train_b18_f00_01460,train,classical,68,102400,474,1044,quiesced,474
train_b18_f00_01460,train,classical,68,204800,474,1044,quiesced,474
train_b19_f06_01652,train,classical,69,25,32,2191,quiesced,280
train_b19_f06_01652,train,classical,69,50,53,2188,quiesced,280
train_b19_f06_01652,train,classical,69,100,101,2184,quiesced,280
train_b19_f06_01652,train,classical,69,200,202,735,quiesced,280
train_b19_f06_01652,train,classical,69,400,280,735,quiesced,280
train_b19_f06_01652,train,classical,69,800,280,735,quiesced,280
train_b19_f06_01652,train,classical,69,1600,280,735,quiesced,280
train_b19_f06_01652,train,classical,69,3200,280,735,quiesced,280
train_b19_f06_01652,train,classical,69,6400,280,735,quiesced,280
train_b19_f06_01652,train,classical,69,12800,280,735,quiesced,280
train_b19_f06_01652,train,classical,69,25600,280,735,quiesced,280
train_b19_f06_01652,train,classical,69,51200,280,735,quiesced,280
train_b19_f06_01652,train,classical,69,102400,280,735,quiesced,280
train_b19_f06_01652,train,classical,69,204800,280,735,quiesced,280
train_b10_f00_00788,train,classical,70,25,25,1644,quiesced,384
train_b10_f00_00788,train,classical,70,50,58,1637,quiesced,384
train_b10_f00_00788,train,classical,70,100,105,1633,quiesced,384
train_b10_f00_00788,train,classical,70,200,200,715,quiesced,384
train_b10_f00_00788,train,classical,70,400,384,715,quiesced,384
train_b10_f00_00788,train,classical,70,800,384,715,quiesced,384
train_b10_f00_00788,train,classical,70,1600,384,715,quiesced,384
train_b10_f00_00788,train,classical,70,3200,384,715,quiesced,384
train_b10_f00_00788,train,classical,70,6400,384,715,quiesced,384
train_b10_f00_00788,train,classical,70,12800,384,715,quiesced,384
train_b10_f00_00788,train,classical,70,25600,384,715,quiesced,384
train_b10_f00_00788,train,classical,70,51200,384,715,quiesced,384
train_b10_f00_00788,train,classical,70,102400,384,715,quiesced,384
train_b10_f00_00788,train,classical,70,204800,384,715,quiesced,384
train_b21_f05_01871,train,classical,70,25,30,1763,quiesced,271
train_b21_f05_01871,train,classical,70,50,63,1763,quiesced,271
train_b21_f05_01871,train,classical,70,100,100,1763,quiesced,271
train_b21_f05_01871,train,classical,70,200,212,866,quiesced,271
train_b21_f05_01871,train,classical,70,400,271,866,quiesced,271
train_b21_f05_01871,train,classical,70,800,271,866,quiesced,271
train_b21_f05_01871,train,classical,70,1600,271,866,quiesced,271
train_b21_f05_01871,train,classical,70,3200,271,866,quiesced,271
train_b21_f05_01871,train,classical,70,6400,271,866,quiesced,271
train_b21_f05_01871,train,classical,70,12800,271,866,quiesced,271
train_b21_f05_01871,train,classical,70,25600,271,866,quiesced,271
train_b21_f05_01871,train,classical,70,51200,271,866,quiesced,271
train_b21_f05_01871,train,classical,70,102400,271,866,quiesced,271
train_b21_f05_01871,train,classical,70,204800,271,866,quiesced,271
train_b21_f02_01830,train,classical,71,25,31,1712,quiesced,280
train_b21_f02_01830,train,classical,71,50,64,1712,quiesced,280
train_b21_f02_01830,train,classical,71,100,104,1712,quiesced,280
train_b21_f02_01830,train,classical,71,200,209,609,quiesced,280
train_b21_f02_01830,train,classical,71,400,280,609,quiesced,280
train_b21_f02_01830,train,classical,71,800,280,609,quiesced,280
train_b21_f02_01830,train,classical,71,1600,280,609,quiesced,280
train_b21_f02_01830,train,classical,71,3200,280,609,quiesced,280
train_b21_f02_01830,train,classical,71,6400,280,609,quiesced,280
train_b21_f02_01830,train,classical,71,12800,280,609,quiesced,280
train_b21_f02_01830,train,classical,71,25600,280,609,quiesced,280
train_b21_f02_01830,train,classical,71,51200,280,609,quiesced,280
train_b21_f02_01830,train,classical,71,102400,280,609,quiesced,280
train_b21_f02_01830,train,classical,71,204800,280,609,quiesced,280
train_b15_f02_01261,train,classical,72,25,26,1755,quiesced,280
train_b15_f02_01261,train,classical,72,50,58,1755,quiesced,280
train_b15_f02_01261,train,classical,72,100,100,1755,quiesced,280
train_b15_f02_01261,train,classical,72,200,210,1731,quiesced,280
train_b15_f02_01261,train,classical,72,400,280,1731,quiesced,280
train_b15_f02_01261,train,classical,72,800,280,1731,quiesced,280
train_b15_f02_01261,train,classical,72,1600,280,1731,quiesced,280
train_b15_f02_01261,train,classical,72,3200,280,1731,quiesced,280
train_b15_f02_01261,train,classical,72,6400,280,1731,quiesced,280
train_b15_f02_01261,train,classical,72,12800,280,1731,quiesced,280
train_b15_f02_01261,train,classical,72,25600,280,1731,quiesced,280
train_b15_f02_01261,train,classical,72,51200,280,1731,quiesced,280
train_b15_f02_01261,train,classical,72,102400,280,1731,quiesced,280
train_b15_f02_01261,train,classical,72,204800,280,1731,quiesced,280
train_b25_f07_02237,train,classical,72,25,26,1000147,quiesced,341
train_b25_f07_02237,train,classical,72,50,61,1000147,quiesced,341
train_b25_f07_02237,train,classical,72,100,104,1000147,quiesced,341
train_b25_f07_02237,train,classical,72,200,201,1007,quiesced,341
train_b25_f07_02237,train,classical,72,400,341,1007,quiesced,341
train_b25_f07_02237,train,classical,72,800,341,1007,quiesced,341
train_b25_f07_02237,train,classical,72,1600,341,1007,quiesced,341
train_b25_f07_02237,train,classical,72,3200,341,1007,quiesced,341
train_b25_f07_02237,train,classical,72,6400,341,1007,quiesced,341
train_b25_f07_02237,train,classical,72,12800,341,1007,quiesced,341
train_b25_f07_02237,train,classical,72,25600,341,1007,quiesced,341
train_b25_f07_02237,train,classical,72,51200,341,1007,quiesced,341
train_b25_f07_02237,train,classical,72,102400,341,1007,quiesced,341
train_b25_f07_02237,train,classical,72,204800,341,1007,quiesced,341
train_b23_f04_01961,train,classical,73,25,25,2723,quiesced,2625
train_b23_f04_01961,train,classical,73,50,60,2707,quiesced,2625
train_b23_f04_01961,train,classical,73,100,107,2707,quiesced,2625
train_b23_f04_01961,train,classical,73,200,216,1273,quiesced,2625
train_b23_f04_01961,train,classical,73,400,460,1265,quiesced,2625
train_b23_f04_01961,train,classical,73,800,846,1265,quiesced,2625
train_b23_f04_01961,train,classical,73,1600,1651,1265,quiesced,2625
train_b23_f04_01961,train,classical,73,3200,2625,1265,quiesced,2625
train_b23_f04_01961,train,classical,73,6400,2625,1265,quiesced,2625
train_b23_f04_01961,train,classical,73,12800,2625,1265,quiesced,2625
train_b23_f04_01961,train,classical,73,25600,2625,1265,quiesced,2625
train_b23_f04_01961,train,classical,73,51200,2625,1265,quiesced,2625
train_b23_f04_01961,train,classical,73,102400,2625,1265,quiesced,2625
train_b23_f04_01961,train,classical,73,204800,2625,1265,quiesced,2625
train_b18_f02_01495,train,classical,74,25,31,2622,quiesced,1307
train_b18_f02_01495,train,classical,74,50,69,2608,quiesced,1307
train_b18_f02_01495,train,classical,74,100,113,2600,quiesced,1307
train_b18_f02_01495,train,classical,74,200,212,2033,quiesced,1307
train_b18_f02_01495,train,classical,74,400,401,1687,quiesced,1307
train_b18_f02_01495,train,classical,74,800,802,1687,quiesced,1307
train_b18_f02_01495,train,classical,74,1600,1307,1687,quiesced,1307
train_b18_f02_01495,train,classical,74,3200,1307,1687,quiesced,1307
train_b18_f02_01495,train,classical,74,6400,1307,1687,quiesced,1307
train_b18_f02_01495,train,classical,74,12800,1307,1687,quiesced,1307
train_b18_f02_01495,train,classical,74,25600,1307,1687,quiesced,1307
train_b18_f02_01495,train,classical,74,51200,1307,1687,quiesced,1307
train_b18_f02_01495,train,classical,74,102400,1307,1687,quiesced,1307
train_b18_f02_01495,train,classical,74,204800,1307,1687,quiesced,1307
train_b17_f01_01365,train,classical,75,25,25,1000771,quiesced,379
train_b17_f01_01365,train,classical,75,50,51,1000771,quiesced,379
train_b17_f01_01365,train,classical,75,100,100,1000771,quiesced,379
train_b17_f01_01365,train,classical,75,200,200,1063,quiesced,379
train_b17_f01_01365,train,classical,75,400,379,1063,quiesced,379
train_b17_f01_01365,train,classical,75,800,379,1063,quiesced,379
train_b17_f01_01365,train,classical,75,1600,379,1063,quiesced,379
train_b17_f01_01365,train,classical,75,3200,379,1063,quiesced,379
train_b17_f01_01365,train,classical,75,6400,379,1063,quiesced,379
train_b17_f01_01365,train,classical,75,12800,379,1063,quiesced,379
train_b17_f01_01365,train,classical,75,25600,379,1063,quiesced,379
train_b17_f01_01365,train,classical,75,51200,379,1063,quiesced,379
train_b17_f01_01365,train,classical,75,102400,379,1063,quiesced,379
train_b17_f01_01365,train,classical,75,204800,379,1063,quiesced,379
train_b34_f02_02947,train,classical,75,25,27,2590,quiesced,259
train_b34_f02_02947,train,classical,75,50,55,2590,quiesced,259
train_b34_f02_02947,train,classical,75,100,101,2590,quiesced,259
train_b34_f02_02947,train,classical,75,200,203,1856,quiesced,259
train_b34_f02_02947,train,classical,75,400,259,1856,quiesced,259
train_b34_f02_02947,train,classical,75,800,259,1856,quiesced,259
train_b34_f02_02947,train,classical,75,1600,259,1856,quiesced,259
train_b34_f02_02947,train,classical,75,3200,259,1856,quiesced,259
train_b34_f02_02947,train,classical,75,6400,259,1856,quiesced,259
train_b34_f02_02947,train,classical,75,12800,259,1856,quiesced,259
train_b34_f02_02947,train,classical,75,25600,259,1856,quiesced,259
train_b34_f02_02947,train,classical,75,51200,259,1856,quiesced,259
train_b34_f02_02947,train,classical,75,102400,259,1856,quiesced,259
train_b34_f02_02947,train,classical,75,204800,259,1856,quiesced,259
train_b10_f03_00837,train,classical,77,25,26,1386,quiesced,1014
train_b10_f03_00837,train,classical,77,50,65,1382,quiesced,1014
train_b10_f03_00837,train,classical,77,100,104,1382,quiesced,1014
train_b10_f03_00837,train,classical,77,200,202,456,quiesced,1014
train_b10_f03_00837,train,classical,77,400,400,456,quiesced,1014
train_b10_f03_00837,train,classical,77,800,840,456,quiesced,1014
train_b10_f03_00837,train,classical,77,1600,1014,456,quiesced,1014
train_b10_f03_00837,train,classical,77,3200,1014,456,quiesced,1014
train_b10_f03_00837,train,classical,77,6400,1014,456,quiesced,1014
train_b10_f03_00837,train,classical,77,12800,1014,456,quiesced,1014
train_b10_f03_00837,train,classical,77,25600,1014,456,quiesced,1014
train_b10_f03_00837,train,classical,77,51200,1014,456,quiesced,1014
train_b10_f03_00837,train,classical,77,102400,1014,456,quiesced,1014
train_b10_f03_00837,train,classical,77,204800,1014,456,quiesced,1014
dev_b16_f05_00417,dev,classical,78,25,25,3771,quiesced,1155
dev_b16_f05_00417,dev,classical,78,50,54,3771,quiesced,1155
dev_b16_f05_00417,dev,classical,78,100,103,3771,quiesced,1155
dev_b16_f05_00417,dev,classical,78,200,220,1553,quiesced,1155
dev_b16_f05_00417,dev,classical,78,400,439,1553,quiesced,1155
dev_b16_f05_00417,dev,classical,78,800,834,1553,quiesced,1155
dev_b16_f05_00417,dev,classical,78,1600,1155,1553,quiesced,1155
dev_b16_f05_00417,dev,classical,78,3200,1155,1553,quiesced,1155
dev_b16_f05_00417,dev,classical,78,6400,1155,1553,quiesced,1155
dev_b16_f05_00417,dev,classical,78,12800,1155,1553,quiesced,1155
dev_b16_f05_00417,dev,classical,78,25600,1155,1553,quiesced,1155
dev_b16_f05_00417,dev,classical,78,51200,1155,1553,quiesced,1155
dev_b16_f05_00417,dev,classical,78,102400,1155,1553,quiesced,1155
dev_b16_f05_00417,dev,classical,78,204800,1155,1553,quiesced,1155
train_b21_f06_01887,train,classical,78,25,26,1645,quiesced,514
train_b21_f06_01887,train,classical,78,50,65,1645,quiesced,514
train_b21_f06_01887,train,classical,78,100,104,1645,quiesced,514
train_b21_f06_01887,train,classical,78,200,221,1273,quiesced,514
train_b21_f06_01887,train,classical,78,400,402,1273,quiesced,514
train_b21_f06_01887,train,classical,78,800,514,1273,quiesced,514
train_b21_f06_01887,train,classical,78,1600,514,1273,quiesced,514
train_b21_f06_01887,train,classical,78,3200,514,1273,quiesced,514
train_b21_f06_01887,train,classical,78,6400,514,1273,quiesced,514
train_b21_f06_01887,train,classical,78,12800,514,1273,quiesced,514
train_b21_f06_01887,train,classical,78,25600,514,1273,quiesced,514
train_b21_f06_01887,train,classical,78,51200,514,1273,quiesced,514
train_b21_f06_01887,train,classical,78,102400,514,1273,quiesced,514
train_b21_f06_01887,train,classical,78,204800,514,1273,quiesced,514
train_b21_f01_01817,train,classical,79,25,26,1000135,quiesced,511
train_b21_f01_01817,train,classical,79,50,65,1000135,quiesced,511
train_b21_f01_01817,train,classical,79,100,109,1000135,quiesced,511
train_b21_f01_01817,train,classical,79,200,211,926,quiesced,511
train_b21_f01_01817,train,classical,79,400,400,926,quiesced,511
train_b21_f01_01817,train,classical,79,800,511,926,quiesced,511
train_b21_f01_01817,train,classical,79,1600,511,926,quiesced,511
train_b21_f01_01817,train,classical,79,3200,511,926,quiesced,511
train_b21_f01_01817,train,classical,79,6400,511,926,quiesced,511
train_b21_f01_01817,train,classical,79,12800,511,926,quiesced,511
train_b21_f01_01817,train,classical,79,25600,511,926,quiesced,511
train_b21_f01_01817,train,classical,79,51200,511,926,quiesced,511
train_b21_f01_01817,train,classical,79,102400,511,926,quiesced,511
train_b21_f01_01817,train,classical,79,204800,511,926,quiesced,511
dev_b16_f03_00387,dev,classical,80,25,25,1001095,quiesced,492
dev_b16_f03_00387,dev,classical,80,50,50,1001095,quiesced,492
dev_b16_f03_00387,dev,classical,80,100,100,1001095,quiesced,492
dev_b16_f03_00387,dev,classical,80,200,220,971,quiesced,492
dev_b16_f03_00387,dev,classical,80,400,400,971,quiesced,492
dev_b16_f03_00387,dev,classical,80,800,492,971,quiesced,492
dev_b16_f03_00387,dev,classical,80,1600,492,971,quiesced,492
dev_b16_f03_00387,dev,classical,80,3200,492,971,quiesced,492
dev_b16_f03_00387,dev,classical,80,6400,492,971,quiesced,492
dev_b16_f03_00387,dev,classical,80,12800,492,971,quiesced,492
dev_b16_f03_00387,dev,classical,80,25600,492,971,quiesced,492
dev_b16_f03_00387,dev,classical,80,51200,492,971,quiesced,492
dev_b16_f03_00387,dev,classical,80,102400,492,971,quiesced,492
dev_b16_f03_00387,dev,classical,80,204800,492,971,quiesced,492
train_b23_f04_01965,train,classical,80,25,32,1974,quiesced,281
train_b23_f04_01965,train,classical,80,50,50,1974,quiesced,281
train_b23_f04_01965,train,classical,80,100,111,1974,quiesced,281
train_b23_f04_01965,train,classical,80,200,215,1434,quiesced,281
train_b23_f04_01965,train,classical,80,400,281,1434,quiesced,281
train_b23_f04_01965,train,classical,80,800,281,1434,quiesced,281
train_b23_f04_01965,train,classical,80,1600,281,1434,quiesced,281
train_b23_f04_01965,train,classical,80,3200,281,1434,quiesced,281
train_b23_f04_01965,train,classical,80,6400,281,1434,quiesced,281
train_b23_f04_01965,train,classical,80,12800,281,1434,quiesced,281
train_b23_f04_01965,train,classical,80,25600,281,1434,quiesced,281
train_b23_f04_01965,train,classical,80,51200,281,1434,quiesced,281
train_b23_f04_01965,train,classical,80,102400,281,1434,quiesced,281
train_b23_f04_01965,train,classical,80,204800,281,1434,quiesced,281
train_b25_f00_02129,train,classical,81,25,25,3059,quiesced,2686
train_b25_f00_02129,train,classical,81,50,71,3043,quiesced,2686
train_b25_f00_02129,train,classical,81,100,131,3027,quiesced,2686
train_b25_f00_02129,train,classical,81,200,200,3027,quiesced,2686
train_b25_f00_02129,train,classical,81,400,400,956,quiesced,2686
train_b25_f00_02129,train,classical,81,800,829,956,quiesced,2686
train_b25_f00_02129,train,classical,81,1600,1620,956,quiesced,2686
train_b25_f00_02129,train,classical,81,3200,2686,956,quiesced,2686
train_b25_f00_02129,train,classical,81,6400,2686,956,quiesced,2686
train_b25_f00_02129,train,classical,81,12800,2686,956,quiesced,2686
train_b25_f00_02129,train,classical,81,25600,2686,956,quiesced,2686
train_b25_f00_02129,train,classical,81,51200,2686,956,quiesced,2686
train_b25_f00_02129,train,classical,81,102400,2686,956,quiesced,2686
train_b25_f00_02129,train,classical,81,204800,2686,956,quiesced,2686
train_b20_f00_01682,train,classical,82,25,26,4442,quiesced,3667
train_b20_f00_01682,train,classical,82,50,60,4430,quiesced,3667
train_b20_f00_01682,train,classical,82,100,111,4418,quiesced,3667
train_b20_f00_01682,train,classical,82,200,203,1794,quiesced,3667
train_b20_f00_01682,train,classical,82,400,409,1523,quiesced,3667
train_b20_f00_01682,train,classical,82,800,866,1316,quiesced,3667
train_b20_f00_01682,train,classical,82,1600,1607,1316,quiesced,3667
train_b20_f00_01682,train,classical,82,3200,3200,1316,quiesced,3667
train_b20_f00_01682,train,classical,82,6400,3667,1316,quiesced,3667
train_b20_f00_01682,train,classical,82,12800,3667,1316,quiesced,3667
train_b20_f00_01682,train,classical,82,25600,3667,1316,quiesced,3667
train_b20_f00_01682,train,classical,82,51200,3667,1316,quiesced,3667
train_b20_f00_01682,train,classical,82,102400,3667,1316,quiesced,3667
train_b20_f00_01682,train,classical,82,204800,3667,1316,quiesced,3667
train_b19_f07_01679,train,classical,83,25,25,1002874,quiesced,1228
train_b19_f07_01679,train,classical,83,50,71,1002860,quiesced,1228
train_b19_f07_01679,train,classical,83,100,124,1002852,quiesced,1228
train_b19_f07_01679,train,classical,83,200,205,1001641,quiesced,1228
train_b19_f07_01679,train,classical,83,400,435,1001267,quiesced,1228
train_b19_f07_01679,train,classical,83,800,804,1001267,quiesced,1228
train_b19_f07_01679,train,classical,83,1600,1228,1001267,quiesced,1228
train_b19_f07_01679,train,classical,83,3200,1228,1001267,quiesced,1228
train_b19_f07_01679,train,classical,83,6400,1228,1001267,quiesced,1228
train_b19_f07_01679,train,classical,83,12800,1228,1001267,quiesced,1228
train_b19_f07_01679,train,classical,83,25600,1228,1001267,quiesced,1228
train_b19_f07_01679,train,classical,83,51200,1228,1001267,quiesced,1228
train_b19_f07_01679,train,classical,83,102400,1228,1001267,quiesced,1228
train_b19_f07_01679,train,classical,83,204800,1228,1001267,quiesced,1228
train_b15_f03_01275,train,classical,84,25,26,3326,quiesced,3192
train_b15_f03_01275,train,classical,84,50,67,3304,quiesced,3192
train_b15_f03_01275,train,classical,84,100,115,3280,quiesced,3192
train_b15_f03_01275,train,classical,84,200,201,2616,quiesced,3192
train_b15_f03_01275,train,classical,84,400,404,2616,quiesced,3192
train_b15_f03_01275,train,classical,84,800,900,2221,quiesced,3192
train_b15_f03_01275,train,classical,84,1600,1737,2221,quiesced,3192
train_b15_f03_01275,train,classical,84,3200,3192,2221,quiesced,3192
train_b15_f03_01275,train,classical,84,6400,3192,2221,quiesced,3192
train_b15_f03_01275,train,classical,84,12800,3192,2221,quiesced,3192
train_b15_f03_01275,train,classical,84,25600,3192,2221,quiesced,3192
train_b15_f03_01275,train,classical,84,51200,3192,2221,quiesced,3192
train_b15_f03_01275,train,classical,84,102400,3192,2221,quiesced,3192
train_b15_f03_01275,train,classical,84,204800,3192,2221,quiesced,3192
dev_b33_f01_00696,dev,classical,85,25,25,5049,quiesced,286
dev_b33_f01_00696,dev,classical,85,50,58,5046,quiesced,286
dev_b33_f01_00696,dev,classical,85,100,111,5042,quiesced,286
dev_b33_f01_00696,dev,classical,85,200,205,4451,quiesced,286
dev_b33_f01_00696,dev,classical,85,400,286,4451,quiesced,286
dev_b33_f01_00696,dev,classical,85,800,286,4451,quiesced,286
dev_b33_f01_00696,dev,classical,85,1600,286,4451,quiesced,286
dev_b33_f01_00696,dev,classical,85,3200,286,4451,quiesced,286
dev_b33_f01_00696,dev,classical,85,6400,286,4451,quiesced,286
dev_b33_f01_00696,dev,classical,85,12800,286,4451,quiesced,286
dev_b33_f01_00696,dev,classical,85,25600,286,4451,quiesced,286
dev_b33_f01_00696,dev,classical,85,51200,286,4451,quiesced,286
dev_b33_f01_00696,dev,classical,85,102400,286,4451,quiesced,286
dev_b33_f01_00696,dev,classical,85,204800,286,4451,quiesced,286
train_b32_f00_02813,train,classical,85,25,25,1000147,quiesced,500
train_b32_f00_02813,train,classical,85,50,65,1000147,quiesced,500
train_b32_f00_02813,train,classical,85,100,109,1000147,quiesced,500
train_b32_f00_02813,train,classical,85,200,204,2978,quiesced,500
train_b32_f00_02813,train,classical,85,400,400,2978,quiesced,500
train_b32_f00_02813,train,classical,85,800,500,2978,quiesced,500
train_b32_f00_02813,train,classical,85,1600,500,2978,quiesced,500
train_b32_f00_02813,train,classical,85,3200,500,2978,quiesced,500
train_b32_f00_02813,train,classical,85,6400,500,2978,quiesced,500
train_b32_f00_02813,train,classical,85,12800,500,2978,quiesced,500
train_b32_f00_02813,train,classical,85,25600,500,2978,quiesced,500
train_b32_f00_02813,train,classical,85,51200,500,2978,quiesced,500
train_b32_f00_02813,train,classical,85,102400,500,2978,quiesced,500
train_b32_f00_02813,train,classical,85,204800,500,2978,quiesced,500
dev_b22_f03_00491,dev,classical,87,25,26,2959,quiesced,619
dev_b22_f03_00491,dev,classical,87,50,50,2959,quiesced,619
dev_b22_f03_00491,dev,classical,87,100,100,2959,quiesced,619
dev_b22_f03_00491,dev,classical,87,200,205,1322,quiesced,619
dev_b22_f03_00491,dev,classical,87,400,407,1277,quiesced,619
dev_b22_f03_00491,dev,classical,87,800,619,1277,quiesced,619
dev_b22_f03_00491,dev,classical,87,1600,619,1277,quiesced,619
dev_b22_f03_00491,dev,classical,87,3200,619,1277,quiesced,619
dev_b22_f03_00491,dev,classical,87,6400,619,1277,quiesced,619
dev_b22_f03_00491,dev,classical,87,12800,619,1277,quiesced,619
dev_b22_f03_00491,dev,classical,87,25600,619,1277,quiesced,619
dev_b22_f03_00491,dev,classical,87,51200,619,1277,quiesced,619
dev_b22_f03_00491,dev,classical,87,102400,619,1277,quiesced,619
dev_b22_f03_00491,dev,classical,87,204800,619,1277,quiesced,619
train_b26_f01_02265,train,classical,87,25,27,2169,quiesced,604
train_b26_f01_02265,train,classical,87,50,51,2165,quiesced,604
train_b26_f01_02265,train,classical,87,100,103,2165,quiesced,604
train_b26_f01_02265,train,classical,87,200,217,1409,quiesced,604
train_b26_f01_02265,train,classical,87,400,400,1409,quiesced,604
train_b26_f01_02265,train,classical,87,800,604,1409,quiesced,604
train_b26_f01_02265,train,classical,87,1600,604,1409,quiesced,604
train_b26_f01_02265,train,classical,87,3200,604,1409,quiesced,604
train_b26_f01_02265,train,classical,87,6400,604,1409,quiesced,604
train_b26_f01_02265,train,classical,87,12800,604,1409,quiesced,604
train_b26_f01_02265,train,classical,87,25600,604,1409,quiesced,604
train_b26_f01_02265,train,classical,87,51200,604,1409,quiesced,604
train_b26_f01_02265,train,classical,87,102400,604,1409,quiesced,604
train_b26_f01_02265,train,classical,87,204800,604,1409,quiesced,604
train_b17_f07_01452,train,classical,88,25,27,2467,quiesced,508
train_b17_f07_01452,train,classical,88,50,50,2456,quiesced,508
train_b17_f07_01452,train,classical,88,100,105,2456,quiesced,508
train_b17_f07_01452,train,classical,88,200,215,961,quiesced,508
train_b17_f07_01452,train,classical,88,400,404,961,quiesced,508
train_b17_f07_01452,train,classical,88,800,508,961,quiesced,508
train_b17_f07_01452,train,classical,88,1600,508,961,quiesced,508
train_b17_f07_01452,train,classical,88,3200,508,961,quiesced,508
train_b17_f07_01452,train,classical,88,6400,508,961,quiesced,508
train_b17_f07_01452,train,classical,88,12800,508,961,quiesced,508
train_b17_f07_01452,train,classical,88,25600,508,961,quiesced,508
train_b17_f07_01452,train,classical,88,51200,508,961,quiesced,508
train_b17_f07_01452,train,classical,88,102400,508,961,quiesced,508
train_b17_f07_01452,train,classical,88,204800,508,961,quiesced,508
train_b17_f02_01373,train,classical,89,25,26,1002655,quiesced,514
train_b17_f02_01373,train,classical,89,50,63,1002652,quiesced,514
train_b17_f02_01373,train,classical,89,100,103,1002652,quiesced,514
train_b17_f02_01373,train,classical,89,200,208,1178,quiesced,514
train_b17_f02_01373,train,classical,89,400,402,1178,quiesced,514
train_b17_f02_01373,train,classical,89,800,514,1178,quiesced,514
train_b17_f02_01373,train,classical,89,1600,514,1178,quiesced,514
train_b17_f02_01373,train,classical,89,3200,514,1178,quiesced,514
train_b17_f02_01373,train,classical,89,6400,514,1178,quiesced,514
train_b17_f02_01373,train,classical,89,12800,514,1178,quiesced,514
train_b17_f02_01373,train,classical,89,25600,514,1178,quiesced,514
train_b17_f02_01373,train,classical,89,51200,514,1178,quiesced,514
train_b17_f02_01373,train,classical,89,102400,514,1178,quiesced,514
train_b17_f02_01373,train,classical,89,204800,514,1178,quiesced,514
train_b17_f02_01376,train,classical,90,25,27,2222,quiesced,1065
train_b17_f02_01376,train,classical,90,50,72,2218,quiesced,1065
train_b17_f02_01376,train,classical,90,100,117,2218,quiesced,1065
train_b17_f02_01376,train,classical,90,200,205,1664,quiesced,1065
train_b17_f02_01376,train,classical,90,400,401,1664,quiesced,1065
train_b17_f02_01376,train,classical,90,800,850,1664,quiesced,1065
train_b17_f02_01376,train,classical,90,1600,1065,1664,quiesced,1065
train_b17_f02_01376,train,classical,90,3200,1065,1664,quiesced,1065
train_b17_f02_01376,train,classical,90,6400,1065,1664,quiesced,1065
train_b17_f02_01376,train,classical,90,12800,1065,1664,quiesced,1065
train_b17_f02_01376,train,classical,90,25600,1065,1664,quiesced,1065
train_b17_f02_01376,train,classical,90,51200,1065,1664,quiesced,1065
train_b17_f02_01376,train,classical,90,102400,1065,1664,quiesced,1065
train_b17_f02_01376,train,classical,90,204800,1065,1664,quiesced,1065
train_b18_f03_01500,train,classical,91,25,26,1927,quiesced,4348
train_b18_f03_01500,train,classical,91,50,61,1923,quiesced,4348
train_b18_f03_01500,train,classical,91,100,110,1923,quiesced,4348
train_b18_f03_01500,train,classical,91,200,203,826,quiesced,4348
train_b18_f03_01500,train,classical,91,400,409,826,quiesced,4348
train_b18_f03_01500,train,classical,91,800,827,826,quiesced,4348
train_b18_f03_01500,train,classical,91,1600,1604,826,quiesced,4348
train_b18_f03_01500,train,classical,91,3200,3308,826,quiesced,4348
train_b18_f03_01500,train,classical,91,6400,4348,826,quiesced,4348
train_b18_f03_01500,train,classical,91,12800,4348,826,quiesced,4348
train_b18_f03_01500,train,classical,91,25600,4348,826,quiesced,4348
train_b18_f03_01500,train,classical,91,51200,4348,826,quiesced,4348
train_b18_f03_01500,train,classical,91,102400,4348,826,quiesced,4348
train_b18_f03_01500,train,classical,91,204800,4348,826,quiesced,4348
train_b18_f02_01497,train,classical,92,25,25,5592,quiesced,3998
train_b18_f02_01497,train,classical,92,50,60,5586,quiesced,3998
train_b18_f02_01497,train,classical,92,100,101,5578,quiesced,3998
train_b18_f02_01497,train,classical,92,200,200,3097,quiesced,3998
train_b18_f02_01497,train,classical,92,400,412,3097,quiesced,3998
train_b18_f02_01497,train,classical,92,800,806,3097,quiesced,3998
train_b18_f02_01497,train,classical,92,1600,1631,2709,quiesced,3998
train_b18_f02_01497,train,classical,92,3200,3264,2708,quiesced,3998
train_b18_f02_01497,train,classical,92,6400,3998,2708,quiesced,3998
train_b18_f02_01497,train,classical,92,12800,3998,2708,quiesced,3998
train_b18_f02_01497,train,classical,92,25600,3998,2708,quiesced,3998
train_b18_f02_01497,train,classical,92,51200,3998,2708,quiesced,3998
train_b18_f02_01497,train,classical,92,102400,3998,2708,quiesced,3998
train_b18_f02_01497,train,classical,92,204800,3998,2708,quiesced,3998
train_b19_f01_01582,train,classical,93,25,26,4370,quiesced,28136
train_b19_f01_01582,train,classical,93,50,63,4370,quiesced,28136
train_b19_f01_01582,train,classical,93,100,100,4370,quiesced,28136
train_b19_f01_01582,train,classical,93,200,203,3968,quiesced,28136
train_b19_f01_01582,train,classical,93,400,412,3578,quiesced,28136
train_b19_f01_01582,train,classical,93,800,861,3578,quiesced,28136
train_b19_f01_01582,train,classical,93,1600,1715,3578,quiesced,28136
train_b19_f01_01582,train,classical,93,3200,3629,3578,quiesced,28136
train_b19_f01_01582,train,classical,93,6400,7024,3578,quiesced,28136
train_b19_f01_01582,train,classical,93,12800,13292,1729,quiesced,28136
train_b19_f01_01582,train,classical,93,25600,25635,1531,quiesced,28136
train_b19_f01_01582,train,classical,93,51200,28136,1531,quiesced,28136
train_b19_f01_01582,train,classical,93,102400,28136,1531,quiesced,28136
train_b19_f01_01582,train,classical,93,204800,28136,1531,quiesced,28136
dev_b27_f01_00576,dev,classical,94,25,25,2002340,quiesced,503
dev_b27_f01_00576,dev,classical,94,50,60,2002336,quiesced,503
dev_b27_f01_00576,dev,classical,94,100,107,2002336,quiesced,503
dev_b27_f01_00576,dev,classical,94,200,205,1001232,quiesced,503
dev_b27_f01_00576,dev,classical,94,400,401,1001232,quiesced,503
dev_b27_f01_00576,dev,classical,94,800,503,1001232,quiesced,503
dev_b27_f01_00576,dev,classical,94,1600,503,1001232,quiesced,503
dev_b27_f01_00576,dev,classical,94,3200,503,1001232,quiesced,503
dev_b27_f01_00576,dev,classical,94,6400,503,1001232,quiesced,503
dev_b27_f01_00576,dev,classical,94,12800,503,1001232,quiesced,503
dev_b27_f01_00576,dev,classical,94,25600,503,1001232,quiesced,503
dev_b27_f01_00576,dev,classical,94,51200,503,1001232,quiesced,503
dev_b27_f01_00576,dev,classical,94,102400,503,1001232,quiesced,503
dev_b27_f01_00576,dev,classical,94,204800,503,1001232,quiesced,503
train_b18_f01_01477,train,classical,95,25,25,3049,quiesced,527
train_b18_f01_01477,train,classical,95,50,68,3049,quiesced,527
train_b18_f01_01477,train,classical,95,100,111,3049,quiesced,527
train_b18_f01_01477,train,classical,95,200,203,1347,quiesced,527
train_b18_f01_01477,train,classical,95,400,403,1322,quiesced,527
train_b18_f01_01477,train,classical,95,800,527,1322,quiesced,527
train_b18_f01_01477,train,classical,95,1600,527,1322,quiesced,527
train_b18_f01_01477,train,classical,95,3200,527,1322,quiesced,527
train_b18_f01_01477,train,classical,95,6400,527,1322,quiesced,527
train_b18_f01_01477,train,classical,95,12800,527,1322,quiesced,527
train_b18_f01_01477,train,classical,95,25600,527,1322,quiesced,527
train_b18_f01_01477,train,classical,95,51200,527,1322,quiesced,527
train_b18_f01_01477,train,classical,95,102400,527,1322,quiesced,527
train_b18_f01_01477,train,classical,95,204800,527,1322,quiesced,527
train_b32_f07_02903,train,classical,96,25,25,1000296,quiesced,277
train_b32_f07_02903,train,classical,96,50,68,1000296,quiesced,277
train_b32_f07_02903,train,classical,96,100,111,1000296,quiesced,277
train_b32_f07_02903,train,classical,96,200,200,1643,quiesced,277
train_b32_f07_02903,train,classical,96,400,277,1643,quiesced,277
train_b32_f07_02903,train,classical,96,800,277,1643,quiesced,277
train_b32_f07_02903,train,classical,96,1600,277,1643,quiesced,277
train_b32_f07_02903,train,classical,96,3200,277,1643,quiesced,277
train_b32_f07_02903,train,classical,96,6400,277,1643,quiesced,277
train_b32_f07_02903,train,classical,96,12800,277,1643,quiesced,277
train_b32_f07_02903,train,classical,96,25600,277,1643,quiesced,277
train_b32_f07_02903,train,classical,96,51200,277,1643,quiesced,277
train_b32_f07_02903,train,classical,96,102400,277,1643,quiesced,277
train_b32_f07_02903,train,classical,96,204800,277,1643,quiesced,277
train_b21_f01_01808,train,classical,98,25,25,2481,quiesced,1073
train_b21_f01_01808,train,classical,98,50,64,2469,quiesced,1073
train_b21_f01_01808,train,classical,98,100,117,2453,quiesced,1073
train_b21_f01_01808,train,classical,98,200,200,2426,quiesced,1073
train_b21_f01_01808,train,classical,98,400,408,1660,quiesced,1073
train_b21_f01_01808,train,classical,98,800,822,1660,quiesced,1073
train_b21_f01_01808,train,classical,98,1600,1073,1660,quiesced,1073
train_b21_f01_01808,train,classical,98,3200,1073,1660,quiesced,1073
train_b21_f01_01808,train,classical,98,6400,1073,1660,quiesced,1073
train_b21_f01_01808,train,classical,98,12800,1073,1660,quiesced,1073
train_b21_f01_01808,train,classical,98,25600,1073,1660,quiesced,1073
train_b21_f01_01808,train,classical,98,51200,1073,1660,quiesced,1073
train_b21_f01_01808,train,classical,98,102400,1073,1660,quiesced,1073
train_b21_f01_01808,train,classical,98,204800,1073,1660,quiesced,1073
dev_b22_f03_00498,dev,classical,100,25,25,1000439,quiesced,292
dev_b22_f03_00498,dev,classical,100,50,62,1000439,quiesced,292
dev_b22_f03_00498,dev,classical,100,100,105,1000439,quiesced,292
dev_b22_f03_00498,dev,classical,100,200,213,1243,quiesced,292
dev_b22_f03_00498,dev,classical,100,400,292,1243,quiesced,292
dev_b22_f03_00498,dev,classical,100,800,292,1243,quiesced,292
dev_b22_f03_00498,dev,classical,100,1600,292,1243,quiesced,292
dev_b22_f03_00498,dev,classical,100,3200,292,1243,quiesced,292
dev_b22_f03_00498,dev,classical,100,6400,292,1243,quiesced,292
dev_b22_f03_00498,dev,classical,100,12800,292,1243,quiesced,292
dev_b22_f03_00498,dev,classical,100,25600,292,1243,quiesced,292
dev_b22_f03_00498,dev,classical,100,51200,292,1243,quiesced,292
dev_b22_f03_00498,dev,classical,100,102400,292,1243,quiesced,292
dev_b22_f03_00498,dev,classical,100,204800,292,1243,quiesced,292
train_b23_f01_01918,train,classical,101,25,25,2948,quiesced,995
train_b23_f01_01918,train,classical,101,50,50,2928,quiesced,995
train_b23_f01_01918,train,classical,101,100,103,2920,quiesced,995
train_b23_f01_01918,train,classical,101,200,201,1203,quiesced,995
train_b23_f01_01918,train,classical,101,400,422,1188,quiesced,995
train_b23_f01_01918,train,classical,101,800,803,1188,quiesced,995
train_b23_f01_01918,train,classical,101,1600,995,1188,quiesced,995
train_b23_f01_01918,train,classical,101,3200,995,1188,quiesced,995
train_b23_f01_01918,train,classical,101,6400,995,1188,quiesced,995
train_b23_f01_01918,train,classical,101,12800,995,1188,quiesced,995
train_b23_f01_01918,train,classical,101,25600,995,1188,quiesced,995
train_b23_f01_01918,train,classical,101,51200,995,1188,quiesced,995
train_b23_f01_01918,train,classical,101,102400,995,1188,quiesced,995
train_b23_f01_01918,train,classical,101,204800,995,1188,quiesced,995
train_b25_f03_02171,train,classical,102,25,25,1002676,quiesced,2085
train_b25_f03_02171,train,classical,102,50,64,1002676,quiesced,2085
train_b25_f03_02171,train,classical,102,100,103,1002676,quiesced,2085
train_b25_f03_02171,train,classical,102,200,215,1830,quiesced,2085
train_b25_f03_02171,train,classical,102,400,400,1785,quiesced,2085
train_b25_f03_02171,train,classical,102,800,826,1785,quiesced,2085
train_b25_f03_02171,train,classical,102,1600,1658,1781,quiesced,2085
train_b25_f03_02171,train,classical,102,3200,2085,1781,quiesced,2085
train_b25_f03_02171,train,classical,102,6400,2085,1781,quiesced,2085
train_b25_f03_02171,train,classical,102,12800,2085,1781,quiesced,2085
train_b25_f03_02171,train,classical,102,25600,2085,1781,quiesced,2085
train_b25_f03_02171,train,classical,102,51200,2085,1781,quiesced,2085
train_b25_f03_02171,train,classical,102,102400,2085,1781,quiesced,2085
train_b25_f03_02171,train,classical,102,204800,2085,1781,quiesced,2085
train_b29_f00_02469,train,classical,103,25,26,3530,quiesced,291
train_b29_f00_02469,train,classical,103,50,71,3530,quiesced,291
train_b29_f00_02469,train,classical,103,100,116,3530,quiesced,291
train_b29_f00_02469,train,classical,103,200,205,2411,quiesced,291
train_b29_f00_02469,train,classical,103,400,291,2411,quiesced,291
train_b29_f00_02469,train,classical,103,800,291,2411,quiesced,291
train_b29_f00_02469,train,classical,103,1600,291,2411,quiesced,291
train_b29_f00_02469,train,classical,103,3200,291,2411,quiesced,291
train_b29_f00_02469,train,classical,103,6400,291,2411,quiesced,291
train_b29_f00_02469,train,classical,103,12800,291,2411,quiesced,291
train_b29_f00_02469,train,classical,103,25600,291,2411,quiesced,291
train_b29_f00_02469,train,classical,103,51200,291,2411,quiesced,291
train_b29_f00_02469,train,classical,103,102400,291,2411,quiesced,291
train_b29_f00_02469,train,classical,103,204800,291,2411,quiesced,291
train_b30_f05_02652,train,classical,104,25,27,3231,quiesced,382
train_b30_f05_02652,train,classical,104,50,74,3231,quiesced,382
train_b30_f05_02652,train,classical,104,100,121,3231,quiesced,382
train_b30_f05_02652,train,classical,104,200,212,2309,quiesced,382
train_b30_f05_02652,train,classical,104,400,382,2309,quiesced,382
train_b30_f05_02652,train,classical,104,800,382,2309,quiesced,382
train_b30_f05_02652,train,classical,104,1600,382,2309,quiesced,382
train_b30_f05_02652,train,classical,104,3200,382,2309,quiesced,382
train_b30_f05_02652,train,classical,104,6400,382,2309,quiesced,382
train_b30_f05_02652,train,classical,104,12800,382,2309,quiesced,382
train_b30_f05_02652,train,classical,104,25600,382,2309,quiesced,382
train_b30_f05_02652,train,classical,104,51200,382,2309,quiesced,382
train_b30_f05_02652,train,classical,104,102400,382,2309,quiesced,382
train_b30_f05_02652,train,classical,104,204800,382,2309,quiesced,382
train_b25_f00_02134,train,classical,106,25,25,1003079,quiesced,4965
train_b25_f00_02134,train,classical,106,50,72,1003079,quiesced,4965
train_b25_f00_02134,train,classical,106,100,119,1003079,quiesced,4965
train_b25_f00_02134,train,classical,106,200,200,5287,quiesced,4965
train_b25_f00_02134,train,classical,106,400,416,4182,quiesced,4965
train_b25_f00_02134,train,classical,106,800,842,4182,quiesced,4965
train_b25_f00_02134,train,classical,106,1600,1628,4182,quiesced,4965
train_b25_f00_02134,train,classical,106,3200,3251,4182,quiesced,4965
train_b25_f00_02134,train,classical,106,6400,4965,4182,quiesced,4965
train_b25_f00_02134,train,classical,106,12800,4965,4182,quiesced,4965
train_b25_f00_02134,train,classical,106,25600,4965,4182,quiesced,4965
train_b25_f00_02134,train,classical,106,51200,4965,4182,quiesced,4965
train_b25_f00_02134,train,classical,106,102400,4965,4182,quiesced,4965
train_b25_f00_02134,train,classical,106,204800,4965,4182,quiesced,4965
train_b23_f07_02006,train,classical,107,25,28,2199,quiesced,2501
train_b23_f07_02006,train,classical,107,50,52,2191,quiesced,2501
train_b23_f07_02006,train,classical,107,100,108,2191,quiesced,2501
train_b23_f07_02006,train,classical,107,200,201,2167,quiesced,2501
train_b23_f07_02006,train,classical,107,400,403,1447,quiesced,2501
train_b23_f07_02006,train,classical,107,800,857,1447,quiesced,2501
train_b23_f07_02006,train,classical,107,1600,1633,1447,quiesced,2501
train_b23_f07_02006,train,classical,107,3200,2501,1447,quiesced,2501
train_b23_f07_02006,train,classical,107,6400,2501,1447,quiesced,2501
train_b23_f07_02006,train,classical,107,12800,2501,1447,quiesced,2501
train_b23_f07_02006,train,classical,107,25600,2501,1447,quiesced,2501
train_b23_f07_02006,train,classical,107,51200,2501,1447,quiesced,2501
train_b23_f07_02006,train,classical,107,102400,2501,1447,quiesced,2501
train_b23_f07_02006,train,classical,107,204800,2501,1447,quiesced,2501
dev_b22_f07_00557,dev,classical,109,25,28,3147,quiesced,697
dev_b22_f07_00557,dev,classical,109,50,54,3134,quiesced,697
dev_b22_f07_00557,dev,classical,109,100,114,3122,quiesced,697
dev_b22_f07_00557,dev,classical,109,200,201,2751,quiesced,697
dev_b22_f07_00557,dev,classical,109,400,405,1667,quiesced,697
dev_b22_f07_00557,dev,classical,109,800,697,1667,quiesced,697
dev_b22_f07_00557,dev,classical,109,1600,697,1667,quiesced,697
dev_b22_f07_00557,dev,classical,109,3200,697,1667,quiesced,697
dev_b22_f07_00557,dev,classical,109,6400,697,1667,quiesced,697
dev_b22_f07_00557,dev,classical,109,12800,697,1667,quiesced,697
dev_b22_f07_00557,dev,classical,109,25600,697,1667,quiesced,697
dev_b22_f07_00557,dev,classical,109,51200,697,1667,quiesced,697
dev_b22_f07_00557,dev,classical,109,102400,697,1667,quiesced,697
dev_b22_f07_00557,dev,classical,109,204800,697,1667,quiesced,697
train_b19_f04_01632,train,classical,111,25,26,1001187,quiesced,28840
train_b19_f04_01632,train,classical,111,50,74,1001187,quiesced,28840
train_b19_f04_01632,train,classical,111,100,122,1001187,quiesced,28840
train_b19_f04_01632,train,classical,111,200,202,2423,quiesced,28840
train_b19_f04_01632,train,classical,111,400,453,2423,quiesced,28840
train_b19_f04_01632,train,classical,111,800,843,2423,quiesced,28840
train_b19_f04_01632,train,classical,111,1600,1673,2423,quiesced,28840
train_b19_f04_01632,train,classical,111,3200,3418,2423,quiesced,28840
train_b19_f04_01632,train,classical,111,6400,6551,2423,quiesced,28840
train_b19_f04_01632,train,classical,111,12800,12990,1124,quiesced,28840
train_b19_f04_01632,train,classical,111,25600,25621,1124,quiesced,28840
train_b19_f04_01632,train,classical,111,51200,28840,1124,quiesced,28840
train_b19_f04_01632,train,classical,111,102400,28840,1124,quiesced,28840
train_b19_f04_01632,train,classical,111,204800,28840,1124,quiesced,28840
train_b25_f05_02208,train,classical,113,25,31,3273,quiesced,779
train_b25_f05_02208,train,classical,113,50,53,3273,quiesced,779
train_b25_f05_02208,train,classical,113,100,116,3258,quiesced,779
train_b25_f05_02208,train,classical,113,200,204,3254,quiesced,779
train_b25_f05_02208,train,classical,113,400,400,2357,quiesced,779
train_b25_f05_02208,train,classical,113,800,779,2357,quiesced,779
train_b25_f05_02208,train,classical,113,1600,779,2357,quiesced,779
train_b25_f05_02208,train,classical,113,3200,779,2357,quiesced,779
train_b25_f05_02208,train,classical,113,6400,779,2357,quiesced,779
train_b25_f05_02208,train,classical,113,12800,779,2357,quiesced,779
train_b25_f05_02208,train,classical,113,25600,779,2357,quiesced,779
train_b25_f05_02208,train,classical,113,51200,779,2357,quiesced,779
train_b25_f05_02208,train,classical,113,102400,779,2357,quiesced,779
train_b25_f05_02208,train,classical,113,204800,779,2357,quiesced,779
train_b23_f00_01915,train,classical,115,25,30,4006679,quiesced,3878
train_b23_f00_01915,train,classical,115,50,75,4006649,quiesced,3878
train_b23_f00_01915,train,classical,115,100,126,4006641,quiesced,3878
train_b23_f00_01915,train,classical,115,200,201,4005787,quiesced,3878
train_b23_f00_01915,train,classical,115,400,431,3369,quiesced,3878
train_b23_f00_01915,train,classical,115,800,864,3115,quiesced,3878
train_b23_f00_01915,train,classical,115,1600,1606,3115,quiesced,3878
train_b23_f00_01915,train,classical,115,3200,3302,3115,quiesced,3878
train_b23_f00_01915,train,classical,115,6400,3878,3115,quiesced,3878
train_b23_f00_01915,train,classical,115,12800,3878,3115,quiesced,3878
train_b23_f00_01915,train,classical,115,25600,3878,3115,quiesced,3878
train_b23_f00_01915,train,classical,115,51200,3878,3115,quiesced,3878
train_b23_f00_01915,train,classical,115,102400,3878,3115,quiesced,3878
train_b23_f00_01915,train,classical,115,204800,3878,3115,quiesced,3878
train_b23_f00_01909,train,classical,116,25,28,1000210,quiesced,964
train_b23_f00_01909,train,classical,116,50,52,1000210,quiesced,964
train_b23_f00_01909,train,classical,116,100,110,1000210,quiesced,964
train_b23_f00_01909,train,classical,116,200,214,2641,quiesced,964
train_b23_f00_01909,train,classical,116,400,404,2441,quiesced,964
train_b23_f00_01909,train,classical,116,800,814,2441,quiesced,964
train_b23_f00_01909,train,classical,116,1600,964,2441,quiesced,964
train_b23_f00_01909,train,classical,116,3200,964,2441,quiesced,964
train_b23_f00_01909,train,classical,116,6400,964,2441,quiesced,964
train_b23_f00_01909,train,classical,116,12800,964,2441,quiesced,964
train_b23_f00_01909,train,classical,116,25600,964,2441,quiesced,964
train_b23_f00_01909,train,classical,116,51200,964,2441,quiesced,964
train_b23_f00_01909,train,classical,116,102400,964,2441,quiesced,964
train_b23_f00_01909,train,classical,116,204800,964,2441,quiesced,964
dev_b33_f06_00769,dev,classical,117,25,27,5674,quiesced,16833
dev_b33_f06_00769,dev,classical,117,50,51,5658,quiesced,16833
dev_b33_f06_00769,dev,classical,117,100,107,5658,quiesced,16833
dev_b33_f06_00769,dev,classical,117,200,204,3117,quiesced,16833
dev_b33_f06_00769,dev,classical,117,400,400,3117,quiesced,16833
dev_b33_f06_00769,dev,classical,117,800,898,3117,quiesced,16833
dev_b33_f06_00769,dev,classical,117,1600,2037,3117,quiesced,16833
dev_b33_f06_00769,dev,classical,117,3200,3202,3117,quiesced,16833
dev_b33_f06_00769,dev,classical,117,6400,6566,3117,quiesced,16833
dev_b33_f06_00769,dev,classical,117,12800,13051,3097,quiesced,16833
dev_b33_f06_00769,dev,classical,117,25600,16833,3097,quiesced,16833
dev_b33_f06_00769,dev,classical,117,51200,16833,3097,quiesced,16833
dev_b33_f06_00769,dev,classical,117,102400,16833,3097,quiesced,16833
dev_b33_f06_00769,dev,classical,117,204800,16833,3097,quiesced,16833
train_b23_f03_01959,train,classical,119,25,26,2004514,quiesced,533
train_b23_f03_01959,train,classical,119,50,70,2004514,quiesced,533
train_b23_f03_01959,train,classical,119,100,114,2004514,quiesced,533
train_b23_f03_01959,train,classical,119,200,201,2869,quiesced,533
train_b23_f03_01959,train,classical,119,400,401,2690,quiesced,533
train_b23_f03_01959,train,classical,119,800,533,2690,quiesced,533
train_b23_f03_01959,train,classical,119,1600,533,2690,quiesced,533
train_b23_f03_01959,train,classical,119,3200,533,2690,quiesced,533
train_b23_f03_01959,train,classical,119,6400,533,2690,quiesced,533
train_b23_f03_01959,train,classical,119,12800,533,2690,quiesced,533
train_b23_f03_01959,train,classical,119,25600,533,2690,quiesced,533
train_b23_f03_01959,train,classical,119,51200,533,2690,quiesced,533
train_b23_f03_01959,train,classical,119,102400,533,2690,quiesced,533
train_b23_f03_01959,train,classical,119,204800,533,2690,quiesced,533
train_b21_f04_01854,train,classical,120,25,27,2697,quiesced,5081
train_b21_f04_01854,train,classical,120,50,52,2689,quiesced,5081
train_b21_f04_01854,train,classical,120,100,107,2689,quiesced,5081
train_b21_f04_01854,train,classical,120,200,209,2514,quiesced,5081
train_b21_f04_01854,train,classical,120,400,402,1002509,quiesced,5081
train_b21_f04_01854,train,classical,120,800,801,2511,quiesced,5081
train_b21_f04_01854,train,classical,120,1600,1751,1743,quiesced,5081
train_b21_f04_01854,train,classical,120,3200,3273,1743,quiesced,5081
train_b21_f04_01854,train,classical,120,6400,5081,1743,quiesced,5081
train_b21_f04_01854,train,classical,120,12800,5081,1743,quiesced,5081
train_b21_f04_01854,train,classical,120,25600,5081,1743,quiesced,5081
train_b21_f04_01854,train,classical,120,51200,5081,1743,quiesced,5081
train_b21_f04_01854,train,classical,120,102400,5081,1743,quiesced,5081
train_b21_f04_01854,train,classical,120,204800,5081,1743,quiesced,5081
train_b34_f07_03012,train,classical,121,25,30,6129,quiesced,2627
train_b34_f07_03012,train,classical,121,50,50,6129,quiesced,2627
train_b34_f07_03012,train,classical,121,100,108,6129,quiesced,2627
train_b34_f07_03012,train,classical,121,200,201,4555,quiesced,2627
train_b34_f07_03012,train,classical,121,400,454,3109,quiesced,2627
train_b34_f07_03012,train,classical,121,800,848,3109,quiesced,2627
train_b34_f07_03012,train,classical,121,1600,1613,3109,quiesced,2627
train_b34_f07_03012,train,classical,121,3200,2627,3109,quiesced,2627
train_b34_f07_03012,train,classical,121,6400,2627,3109,quiesced,2627
train_b34_f07_03012,train,classical,121,12800,2627,3109,quiesced,2627
train_b34_f07_03012,train,classical,121,25600,2627,3109,quiesced,2627
train_b34_f07_03012,train,classical,121,51200,2627,3109,quiesced,2627
train_b34_f07_03012,train,classical,121,102400,2627,3109,quiesced,2627
train_b34_f07_03012,train,classical,121,204800,2627,3109,quiesced,2627
dev_b33_f04_00728,dev,classical,124,25,27,2926,quiesced,518
dev_b33_f04_00728,dev,classical,124,50,81,2922,quiesced,518
dev_b33_f04_00728,dev,classical,124,100,135,2922,quiesced,518
dev_b33_f04_00728,dev,classical,124,200,210,2907,quiesced,518
dev_b33_f04_00728,dev,classical,124,400,412,2357,quiesced,518
dev_b33_f04_00728,dev,classical,124,800,518,2357,quiesced,518
dev_b33_f04_00728,dev,classical,124,1600,518,2357,quiesced,518
dev_b33_f04_00728,dev,classical,124,3200,518,2357,quiesced,518
dev_b33_f04_00728,dev,classical,124,6400,518,2357,quiesced,518
dev_b33_f04_00728,dev,classical,124,12800,518,2357,quiesced,518
dev_b33_f04_00728,dev,classical,124,25600,518,2357,quiesced,518
dev_b33_f04_00728,dev,classical,124,51200,518,2357,quiesced,518
dev_b33_f04_00728,dev,classical,124,102400,518,2357,quiesced,518
dev_b33_f04_00728,dev,classical,124,204800,518,2357,quiesced,518
train_b23_f04_01971,train,classical,125,25,29,2576,quiesced,1028
train_b23_f04_01971,train,classical,125,50,54,2572,quiesced,1028
train_b23_f04_01971,train,classical,125,100,113,2572,quiesced,1028
train_b23_f04_01971,train,classical,125,200,204,2551,quiesced,1028
train_b23_f04_01971,train,classical,125,400,433,1462,quiesced,1028
train_b23_f04_01971,train,classical,125,800,810,1462,quiesced,1028
train_b23_f04_01971,train,classical,125,1600,1028,1462,quiesced,1028
train_b23_f04_01971,train,classical,125,3200,1028,1462,quiesced,1028
train_b23_f04_01971,train,classical,125,6400,1028,1462,quiesced,1028
train_b23_f04_01971,train,classical,125,12800,1028,1462,quiesced,1028
train_b23_f04_01971,train,classical,125,25600,1028,1462,quiesced,1028
train_b23_f04_01971,train,classical,125,51200,1028,1462,quiesced,1028
train_b23_f04_01971,train,classical,125,102400,1028,1462,quiesced,1028
train_b23_f04_01971,train,classical,125,204800,1028,1462,quiesced,1028
train_b34_f04_02981,train,classical,126,25,28,7272,quiesced,517
train_b34_f04_02981,train,classical,126,50,76,7272,quiesced,517
train_b34_f04_02981,train,classical,126,100,124,7272,quiesced,517
train_b34_f04_02981,train,classical,126,200,200,5676,quiesced,517
train_b34_f04_02981,train,classical,126,400,415,4926,quiesced,517
train_b34_f04_02981,train,classical,126,800,517,4926,quiesced,517
train_b34_f04_02981,train,classical,126,1600,517,4926,quiesced,517
train_b34_f04_02981,train,classical,126,3200,517,4926,quiesced,517
train_b34_f04_02981,train,classical,126,6400,517,4926,quiesced,517
train_b34_f04_02981,train,classical,126,12800,517,4926,quiesced,517
train_b34_f04_02981,train,classical,126,25600,517,4926,quiesced,517
train_b34_f04_02981,train,classical,126,51200,517,4926,quiesced,517
train_b34_f04_02981,train,classical,126,102400,517,4926,quiesced,517
train_b34_f04_02981,train,classical,126,204800,517,4926,quiesced,517
train_b32_f03_02853,train,classical,127,25,29,1000669,quiesced,636
train_b32_f03_02853,train,classical,127,50,51,1000669,quiesced,636
train_b32_f03_02853,train,classical,127,100,105,1000669,quiesced,636
train_b32_f03_02853,train,classical,127,200,216,1628,quiesced,636
train_b32_f03_02853,train,classical,127,400,400,1628,quiesced,636
train_b32_f03_02853,train,classical,127,800,636,1628,quiesced,636
train_b32_f03_02853,train,classical,127,1600,636,1628,quiesced,636
train_b32_f03_02853,train,classical,127,3200,636,1628,quiesced,636
train_b32_f03_02853,train,classical,127,6400,636,1628,quiesced,636
train_b32_f03_02853,train,classical,127,12800,636,1628,quiesced,636
train_b32_f03_02853,train,classical,127,25600,636,1628,quiesced,636
train_b32_f03_02853,train,classical,127,51200,636,1628,quiesced,636
train_b32_f03_02853,train,classical,127,102400,636,1628,quiesced,636
train_b32_f03_02853,train,classical,127,204800,636,1628,quiesced,636
dev_b27_f04_00620,dev,classical,130,25,29,1001194,quiesced,708
dev_b27_f04_00620,dev,classical,130,50,58,1001194,quiesced,708
dev_b27_f04_00620,dev,classical,130,100,122,1001194,quiesced,708
dev_b27_f04_00620,dev,classical,130,200,210,3044,quiesced,708
dev_b27_f04_00620,dev,classical,130,400,420,1600,quiesced,708
dev_b27_f04_00620,dev,classical,130,800,708,1600,quiesced,708
dev_b27_f04_00620,dev,classical,130,1600,708,1600,quiesced,708
dev_b27_f04_00620,dev,classical,130,3200,708,1600,quiesced,708
dev_b27_f04_00620,dev,classical,130,6400,708,1600,quiesced,708
dev_b27_f04_00620,dev,classical,130,12800,708,1600,quiesced,708
dev_b27_f04_00620,dev,classical,130,25600,708,1600,quiesced,708
dev_b27_f04_00620,dev,classical,130,51200,708,1600,quiesced,708
dev_b27_f04_00620,dev,classical,130,102400,708,1600,quiesced,708
dev_b27_f04_00620,dev,classical,130,204800,708,1600,quiesced,708
train_b28_f01_02373,train,classical,133,25,29,4211,quiesced,513
train_b28_f01_02373,train,classical,133,50,57,4211,quiesced,513
train_b28_f01_02373,train,classical,133,100,114,4211,quiesced,513
train_b28_f01_02373,train,classical,133,200,201,2748,quiesced,513
train_b28_f01_02373,train,classical,133,400,405,2559,quiesced,513
train_b28_f01_02373,train,classical,133,800,513,2559,quiesced,513
train_b28_f01_02373,train,classical,133,1600,513,2559,quiesced,513
train_b28_f01_02373,train,classical,133,3200,513,2559,quiesced,513
train_b28_f01_02373,train,classical,133,6400,513,2559,quiesced,513
train_b28_f01_02373,train,classical,133,12800,513,2559,quiesced,513
train_b28_f01_02373,train,classical,133,25600,513,2559,quiesced,513
train_b28_f01_02373,train,classical,133,51200,513,2559,quiesced,513
train_b28_f01_02373,train,classical,133,102400,513,2559,quiesced,513
train_b28_f01_02373,train,classical,133,204800,513,2559,quiesced,513
train_b23_f01_01928,train,classical,135,25,35,15144,quiesced,31201
train_b23_f01_01928,train,classical,135,50,53,15108,quiesced,31201
train_b23_f01_01928,train,classical,135,100,121,15060,quiesced,31201
train_b23_f01_01928,train,classical,135,200,203,15060,quiesced,31201
train_b23_f01_01928,train,classical,135,400,406,6485,quiesced,31201
train_b23_f01_01928,train,classical,135,800,886,6089,quiesced,31201
train_b23_f01_01928,train,classical,135,1600,1710,6089,quiesced,31201
train_b23_f01_01928,train,classical,135,3200,3277,6089,quiesced,31201
train_b23_f01_01928,train,classical,135,6400,7116,6089,quiesced,31201
train_b23_f01_01928,train,classical,135,12800,12877,6049,quiesced,31201
train_b23_f01_01928,train,classical,135,25600,25624,6049,quiesced,31201
train_b23_f01_01928,train,classical,135,51200,31201,6049,quiesced,31201
train_b23_f01_01928,train,classical,135,102400,31201,6049,quiesced,31201
train_b23_f01_01928,train,classical,135,204800,31201,6049,quiesced,31201
dev_b22_f02_00476,dev,classical,137,25,29,3478,quiesced,570
dev_b22_f02_00476,dev,classical,137,50,87,3471,quiesced,570
dev_b22_f02_00476,dev,classical,137,100,100,3471,quiesced,570
dev_b22_f02_00476,dev,classical,137,200,200,2365,quiesced,570
dev_b22_f02_00476,dev,classical,137,400,418,2327,quiesced,570
dev_b22_f02_00476,dev,classical,137,800,570,2327,quiesced,570
dev_b22_f02_00476,dev,classical,137,1600,570,2327,quiesced,570
dev_b22_f02_00476,dev,classical,137,3200,570,2327,quiesced,570
dev_b22_f02_00476,dev,classical,137,6400,570,2327,quiesced,570
dev_b22_f02_00476,dev,classical,137,12800,570,2327,quiesced,570
dev_b22_f02_00476,dev,classical,137,25600,570,2327,quiesced,570
dev_b22_f02_00476,dev,classical,137,51200,570,2327,quiesced,570
dev_b22_f02_00476,dev,classical,137,102400,570,2327,quiesced,570
dev_b22_f02_00476,dev,classical,137,204800,570,2327,quiesced,570
train_b36_f04_03203,train,classical,140,25,30,1000477,quiesced,1026
train_b36_f04_03203,train,classical,140,50,91,1000477,quiesced,1026
train_b36_f04_03203,train,classical,140,100,105,1000477,quiesced,1026
train_b36_f04_03203,train,classical,140,200,201,1000293,quiesced,1026
train_b36_f04_03203,train,classical,140,400,458,1000293,quiesced,1026
train_b36_f04_03203,train,classical,140,800,802,1000293,quiesced,1026
train_b36_f04_03203,train,classical,140,1600,1026,1000293,quiesced,1026
train_b36_f04_03203,train,classical,140,3200,1026,1000293,quiesced,1026
train_b36_f04_03203,train,classical,140,6400,1026,1000293,quiesced,1026
train_b36_f04_03203,train,classical,140,12800,1026,1000293,quiesced,1026
train_b36_f04_03203,train,classical,140,25600,1026,1000293,quiesced,1026
train_b36_f04_03203,train,classical,140,51200,1026,1000293,quiesced,1026
train_b36_f04_03203,train,classical,140,102400,1026,1000293,quiesced,1026
train_b36_f04_03203,train,classical,140,204800,1026,1000293,quiesced,1026
train_b26_f02_02268,train,classical,142,25,32,4211,quiesced,1017
train_b26_f02_02268,train,classical,142,50,59,4211,quiesced,1017
train_b26_f02_02268,train,classical,142,100,122,4203,quiesced,1017
train_b26_f02_02268,train,classical,142,200,202,4190,quiesced,1017
train_b26_f02_02268,train,classical,142,400,413,1971,quiesced,1017
train_b26_f02_02268,train,classical,142,800,818,1966,quiesced,1017
train_b26_f02_02268,train,classical,142,1600,1017,1966,quiesced,1017
train_b26_f02_02268,train,classical,142,3200,1017,1966,quiesced,1017
train_b26_f02_02268,train,classical,142,6400,1017,1966,quiesced,1017
train_b26_f02_02268,train,classical,142,12800,1017,1966,quiesced,1017
train_b26_f02_02268,train,classical,142,25600,1017,1966,quiesced,1017
train_b26_f02_02268,train,classical,142,51200,1017,1966,quiesced,1017
train_b26_f02_02268,train,classical,142,102400,1017,1966,quiesced,1017
train_b26_f02_02268,train,classical,142,204800,1017,1966,quiesced,1017
train_b24_f05_02089,train,classical,143,25,40,7984,quiesced,777
train_b24_f05_02089,train,classical,143,50,63,7984,quiesced,777
train_b24_f05_02089,train,classical,143,100,102,7952,quiesced,777
train_b24_f05_02089,train,classical,143,200,214,7898,quiesced,777
train_b24_f05_02089,train,classical,143,400,416,6283,quiesced,777
train_b24_f05_02089,train,classical,143,800,777,6283,quiesced,777
train_b24_f05_02089,train,classical,143,1600,777,6283,quiesced,777
train_b24_f05_02089,train,classical,143,3200,777,6283,quiesced,777
train_b24_f05_02089,train,classical,143,6400,777,6283,quiesced,777
train_b24_f05_02089,train,classical,143,12800,777,6283,quiesced,777
train_b24_f05_02089,train,classical,143,25600,777,6283,quiesced,777
train_b24_f05_02089,train,classical,143,51200,777,6283,quiesced,777
train_b24_f05_02089,train,classical,143,102400,777,6283,quiesced,777
train_b24_f05_02089,train,classical,143,204800,777,6283,quiesced,777
dev_b22_f05_00530,dev,classical,145,25,37,1003337,quiesced,766
dev_b22_f05_00530,dev,classical,145,50,59,1003337,quiesced,766
dev_b22_f05_00530,dev,classical,145,100,134,1003324,quiesced,766
dev_b22_f05_00530,dev,classical,145,200,222,1003313,quiesced,766
dev_b22_f05_00530,dev,classical,145,400,411,2747,quiesced,766
dev_b22_f05_00530,dev,classical,145,800,766,2747,quiesced,766
dev_b22_f05_00530,dev,classical,145,1600,766,2747,quiesced,766
dev_b22_f05_00530,dev,classical,145,3200,766,2747,quiesced,766
dev_b22_f05_00530,dev,classical,145,6400,766,2747,quiesced,766
dev_b22_f05_00530,dev,classical,145,12800,766,2747,quiesced,766
dev_b22_f05_00530,dev,classical,145,25600,766,2747,quiesced,766
dev_b22_f05_00530,dev,classical,145,51200,766,2747,quiesced,766
dev_b22_f05_00530,dev,classical,145,102400,766,2747,quiesced,766
dev_b22_f05_00530,dev,classical,145,204800,766,2747,quiesced,766
train_b21_f05_01868,train,classical,147,25,28,5146,quiesced,30848
train_b21_f05_01868,train,classical,147,50,85,5138,quiesced,30848
train_b21_f05_01868,train,classical,147,100,104,5138,quiesced,30848
train_b21_f05_01868,train,classical,147,200,200,5120,quiesced,30848
train_b21_f05_01868,train,classical,147,400,419,5120,quiesced,30848
train_b21_f05_01868,train,classical,147,800,864,5120,quiesced,30848
train_b21_f05_01868,train,classical,147,1600,1635,5120,quiesced,30848
train_b21_f05_01868,train,classical,147,3200,3200,3004,quiesced,30848
train_b21_f05_01868,train,classical,147,6400,6532,2621,quiesced,30848
train_b21_f05_01868,train,classical,147,12800,13406,2621,quiesced,30848
train_b21_f05_01868,train,classical,147,25600,25695,2621,quiesced,30848
train_b21_f05_01868,train,classical,147,51200,30848,2621,quiesced,30848
train_b21_f05_01868,train,classical,147,102400,30848,2621,quiesced,30848
train_b21_f05_01868,train,classical,147,204800,30848,2621,quiesced,30848
dev_b22_f03_00493,dev,classical,150,25,35,2888,quiesced,95669
dev_b22_f03_00493,dev,classical,150,50,53,2888,quiesced,95669
dev_b22_f03_00493,dev,classical,150,100,120,2882,quiesced,95669
dev_b22_f03_00493,dev,classical,150,200,200,2878,quiesced,95669
dev_b22_f03_00493,dev,classical,150,400,433,1546,quiesced,95669
dev_b22_f03_00493,dev,classical,150,800,826,1532,quiesced,95669
dev_b22_f03_00493,dev,classical,150,1600,1615,1528,quiesced,95669
dev_b22_f03_00493,dev,classical,150,3200,3213,1001497,quiesced,95669
dev_b22_f03_00493,dev,classical,150,6400,6880,1528,quiesced,95669
dev_b22_f03_00493,dev,classical,150,12800,12828,1528,quiesced,95669
dev_b22_f03_00493,dev,classical,150,25600,25654,1528,quiesced,95669
dev_b22_f03_00493,dev,classical,150,51200,52081,1528,quiesced,95669
dev_b22_f03_00493,dev,classical,150,102400,95669,1528,quiesced,95669
dev_b22_f03_00493,dev,classical,150,204800,95669,1528,quiesced,95669
dev_b27_f01_00585,dev,classical,152,25,34,3007101,quiesced,5792
dev_b27_f01_00585,dev,classical,152,50,52,3007101,quiesced,5792
dev_b27_f01_00585,dev,classical,152,100,121,3007085,quiesced,5792
dev_b27_f01_00585,dev,classical,152,200,200,3007085,quiesced,5792
dev_b27_f01_00585,dev,classical,152,400,440,3017,quiesced,5792
dev_b27_f01_00585,dev,classical,152,800,889,2413,quiesced,5792
dev_b27_f01_00585,dev,classical,152,1600,1674,2382,quiesced,5792
dev_b27_f01_00585,dev,classical,152,3200,3233,2382,quiesced,5792
dev_b27_f01_00585,dev,classical,152,6400,5792,2382,quiesced,5792
dev_b27_f01_00585,dev,classical,152,12800,5792,2382,quiesced,5792
dev_b27_f01_00585,dev,classical,152,25600,5792,2382,quiesced,5792
dev_b27_f01_00585,dev,classical,152,51200,5792,2382,quiesced,5792
dev_b27_f01_00585,dev,classical,152,102400,5792,2382,quiesced,5792
dev_b27_f01_00585,dev,classical,152,204800,5792,2382,quiesced,5792
dev_b27_f06_00652,dev,classical,153,25,25,4833,quiesced,581
dev_b27_f06_00652,dev,classical,153,50,73,4833,quiesced,581
dev_b27_f06_00652,dev,classical,153,100,121,4833,quiesced,581
dev_b27_f06_00652,dev,classical,153,200,203,1004791,quiesced,581
dev_b27_f06_00652,dev,classical,153,400,429,1002748,quiesced,581
dev_b27_f06_00652,dev,classical,153,800,581,1002748,quiesced,581
dev_b27_f06_00652,dev,classical,153,1600,581,1002748,quiesced,581
dev_b27_f06_00652,dev,classical,153,3200,581,1002748,quiesced,581
dev_b27_f06_00652,dev,classical,153,6400,581,1002748,quiesced,581
dev_b27_f06_00652,dev,classical,153,12800,581,1002748,quiesced,581
dev_b27_f06_00652,dev,classical,153,25600,581,1002748,quiesced,581
dev_b27_f06_00652,dev,classical,153,51200,581,1002748,quiesced,581
dev_b27_f06_00652,dev,classical,153,102400,581,1002748,quiesced,581
dev_b27_f06_00652,dev,classical,153,204800,581,1002748,quiesced,581
train_b31_f03_02734,train,classical,155,25,32,1000209,quiesced,950
train_b31_f03_02734,train,classical,155,50,57,1000209,quiesced,950
train_b31_f03_02734,train,classical,155,100,120,1000209,quiesced,950
train_b31_f03_02734,train,classical,155,200,213,4835,quiesced,950
train_b31_f03_02734,train,classical,155,400,412,2998,quiesced,950
train_b31_f03_02734,train,classical,155,800,800,2974,quiesced,950
train_b31_f03_02734,train,classical,155,1600,950,2974,quiesced,950
train_b31_f03_02734,train,classical,155,3200,950,2974,quiesced,950
train_b31_f03_02734,train,classical,155,6400,950,2974,quiesced,950
train_b31_f03_02734,train,classical,155,12800,950,2974,quiesced,950
train_b31_f03_02734,train,classical,155,25600,950,2974,quiesced,950
train_b31_f03_02734,train,classical,155,51200,950,2974,quiesced,950
train_b31_f03_02734,train,classical,155,102400,950,2974,quiesced,950
train_b31_f03_02734,train,classical,155,204800,950,2974,quiesced,950
train_b25_f02_02161,train,classical,158,25,30,3002617,quiesced,983
train_b25_f02_02161,train,classical,158,50,51,3002617,quiesced,983
train_b25_f02_02161,train,classical,158,100,110,3002614,quiesced,983
train_b25_f02_02161,train,classical,158,200,214,4288,quiesced,983
train_b25_f02_02161,train,classical,158,400,433,3179,quiesced,983
train_b25_f02_02161,train,classical,158,800,805,3179,quiesced,983
train_b25_f02_02161,train,classical,158,1600,983,3179,quiesced,983
train_b25_f02_02161,train,classical,158,3200,983,3179,quiesced,983
train_b25_f02_02161,train,classical,158,6400,983,3179,quiesced,983
train_b25_f02_02161,train,classical,158,12800,983,3179,quiesced,983
train_b25_f02_02161,train,classical,158,25600,983,3179,quiesced,983
train_b25_f02_02161,train,classical,158,51200,983,3179,quiesced,983
train_b25_f02_02161,train,classical,158,102400,983,3179,quiesced,983
train_b25_f02_02161,train,classical,158,204800,983,3179,quiesced,983
train_b20_f02_01721,train,classical,160,25,34,2004075,quiesced,20618
train_b20_f02_01721,train,classical,160,50,58,2004062,quiesced,20618
train_b20_f02_01721,train,classical,160,100,130,2004050,quiesced,20618
train_b20_f02_01721,train,classical,160,200,203,2004020,quiesced,20618
train_b20_f02_01721,train,classical,160,400,433,2552,quiesced,20618
train_b20_f02_01721,train,classical,160,800,849,2514,quiesced,20618
train_b20_f02_01721,train,classical,160,1600,1662,2514,quiesced,20618
train_b20_f02_01721,train,classical,160,3200,3222,2514,quiesced,20618
train_b20_f02_01721,train,classical,160,6400,6801,2514,quiesced,20618
train_b20_f02_01721,train,classical,160,12800,12969,2514,quiesced,20618
train_b20_f02_01721,train,classical,160,25600,20618,2514,quiesced,20618
train_b20_f02_01721,train,classical,160,51200,20618,2514,quiesced,20618
train_b20_f02_01721,train,classical,160,102400,20618,2514,quiesced,20618
train_b20_f02_01721,train,classical,160,204800,20618,2514,quiesced,20618
train_b26_f06_02327,train,classical,162,25,33,1000144,quiesced,746
train_b26_f06_02327,train,classical,162,50,51,1000144,quiesced,746
train_b26_f06_02327,train,classical,162,100,120,1000144,quiesced,746
train_b26_f06_02327,train,classical,162,200,201,1000144,quiesced,746
train_b26_f06_02327,train,classical,162,400,414,2518,quiesced,746
train_b26_f06_02327,train,classical,162,800,746,2518,quiesced,746
train_b26_f06_02327,train,classical,162,1600,746,2518,quiesced,746
train_b26_f06_02327,train,classical,162,3200,746,2518,quiesced,746
train_b26_f06_02327,train,classical,162,6400,746,2518,quiesced,746
train_b26_f06_02327,train,classical,162,12800,746,2518,quiesced,746
train_b26_f06_02327,train,classical,162,25600,746,2518,quiesced,746
train_b26_f06_02327,train,classical,162,51200,746,2518,quiesced,746
train_b26_f06_02327,train,classical,162,102400,746,2518,quiesced,746
train_b26_f06_02327,train,classical,162,204800,746,2518,quiesced,746
dev_b22_f02_00483,dev,classical,165,25,32,8010698,quiesced,1372
dev_b22_f02_00483,dev,classical,165,50,51,8010698,quiesced,1372
dev_b22_f02_00483,dev,classical,165,100,113,8010698,quiesced,1372
dev_b22_f02_00483,dev,classical,165,200,201,8010678,quiesced,1372
dev_b22_f02_00483,dev,classical,165,400,402,8007143,quiesced,1372
dev_b22_f02_00483,dev,classical,165,800,802,8007143,quiesced,1372
dev_b22_f02_00483,dev,classical,165,1600,1372,8007143,quiesced,1372
dev_b22_f02_00483,dev,classical,165,3200,1372,8007143,quiesced,1372
dev_b22_f02_00483,dev,classical,165,6400,1372,8007143,quiesced,1372
dev_b22_f02_00483,dev,classical,165,12800,1372,8007143,quiesced,1372
dev_b22_f02_00483,dev,classical,165,25600,1372,8007143,quiesced,1372
dev_b22_f02_00483,dev,classical,165,51200,1372,8007143,quiesced,1372
dev_b22_f02_00483,dev,classical,165,102400,1372,8007143,quiesced,1372
dev_b22_f02_00483,dev,classical,165,204800,1372,8007143,quiesced,1372
train_b20_f04_01748,train,classical,166,25,39,5784,quiesced,158597
train_b20_f04_01748,train,classical,166,50,51,5784,quiesced,158597
train_b20_f04_01748,train,classical,166,100,130,2005356,quiesced,158597
train_b20_f04_01748,train,classical,166,200,221,2005340,quiesced,158597
train_b20_f04_01748,train,classical,166,400,400,3669,quiesced,158597
train_b20_f04_01748,train,classical,166,800,804,3222,quiesced,158597
train_b20_f04_01748,train,classical,166,1600,1789,3222,quiesced,158597
train_b20_f04_01748,train,classical,166,3200,3712,3222,quiesced,158597
train_b20_f04_01748,train,classical,166,6400,6684,2001702,quiesced,158597
train_b20_f04_01748,train,classical,166,12800,13041,3200,quiesced,158597
train_b20_f04_01748,train,classical,166,25600,26464,3200,quiesced,158597
train_b20_f04_01748,train,classical,166,51200,51683,3200,quiesced,158597
train_b20_f04_01748,train,classical,166,102400,102506,3200,quiesced,158597
train_b20_f04_01748,train,classical,166,204800,158597,3200,quiesced,158597
dev_b33_f06_00760,dev,classical,169,25,38,4247,quiesced,572
dev_b33_f06_00760,dev,classical,169,50,59,4247,quiesced,572
dev_b33_f06_00760,dev,classical,169,100,133,4240,quiesced,572
dev_b33_f06_00760,dev,classical,169,200,213,4236,quiesced,572
dev_b33_f06_00760,dev,classical,169,400,421,2742,quiesced,572
dev_b33_f06_00760,dev,classical,169,800,572,2742,quiesced,572
dev_b33_f06_00760,dev,classical,169,1600,572,2742,quiesced,572
dev_b33_f06_00760,dev,classical,169,3200,572,2742,quiesced,572
dev_b33_f06_00760,dev,classical,169,6400,572,2742,quiesced,572
dev_b33_f06_00760,dev,classical,169,12800,572,2742,quiesced,572
dev_b33_f06_00760,dev,classical,169,25600,572,2742,quiesced,572
dev_b33_f06_00760,dev,classical,169,51200,572,2742,quiesced,572
dev_b33_f06_00760,dev,classical,169,102400,572,2742,quiesced,572
dev_b33_f06_00760,dev,classical,169,204800,572,2742,quiesced,572
train_b21_f04_01861,train,classical,171,25,33,6006291,quiesced,21781
train_b21_f04_01861,train,classical,171,50,98,6006291,quiesced,21781
train_b21_f04_01861,train,classical,171,100,111,6006291,quiesced,21781
train_b21_f04_01861,train,classical,171,200,203,9005846,quiesced,21781
train_b21_f04_01861,train,classical,171,400,400,2006614,quiesced,21781
train_b21_f04_01861,train,classical,171,800,846,2006614,quiesced,21781
train_b21_f04_01861,train,classical,171,1600,1600,2006614,quiesced,21781
train_b21_f04_01861,train,classical,171,3200,3438,2006614,quiesced,21781
train_b21_f04_01861,train,classical,171,6400,6814,2006614,quiesced,21781
train_b21_f04_01861,train,classical,171,12800,13039,2004066,quiesced,21781
train_b21_f04_01861,train,classical,171,25600,21781,2004046,quiesced,21781
train_b21_f04_01861,train,classical,171,51200,21781,2004046,quiesced,21781
train_b21_f04_01861,train,classical,171,102400,21781,2004046,quiesced,21781
train_b21_f04_01861,train,classical,171,204800,21781,2004046,quiesced,21781
train_b24_f01_02030,train,classical,173,25,40,5330,quiesced,15154
train_b24_f01_02030,train,classical,173,50,57,5330,quiesced,15154
train_b24_f01_02030,train,classical,173,100,136,5312,quiesced,15154
train_b24_f01_02030,train,classical,173,200,221,5308,quiesced,15154
train_b24_f01_02030,train,classical,173,400,407,3455,quiesced,15154
train_b24_f01_02030,train,classical,173,800,806,3437,quiesced,15154
train_b24_f01_02030,train,classical,173,1600,1787,3433,quiesced,15154
train_b24_f01_02030,train,classical,173,3200,3250,3433,quiesced,15154
train_b24_f01_02030,train,classical,173,6400,6552,3433,quiesced,15154
train_b24_f01_02030,train,classical,173,12800,12844,3433,quiesced,15154
train_b24_f01_02030,train,classical,173,25600,15154,3433,quiesced,15154
train_b24_f01_02030,train,classical,173,51200,15154,3433,quiesced,15154
train_b24_f01_02030,train,classical,173,102400,15154,3433,quiesced,15154
train_b24_f01_02030,train,classical,173,204800,15154,3433,quiesced,15154
train_b24_f06_02110,train,classical,176,25,38,2004489,quiesced,5116
train_b24_f06_02110,train,classical,176,50,50,2004489,quiesced,5116
train_b24_f06_02110,train,classical,176,100,126,2004481,quiesced,5116
train_b24_f06_02110,train,classical,176,200,202,2004481,quiesced,5116
train_b24_f06_02110,train,classical,176,400,400,2796,quiesced,5116
train_b24_f06_02110,train,classical,176,800,814,2796,quiesced,5116
train_b24_f06_02110,train,classical,176,1600,1665,2796,quiesced,5116
train_b24_f06_02110,train,classical,176,3200,3215,2796,quiesced,5116
train_b24_f06_02110,train,classical,176,6400,5116,2796,quiesced,5116
train_b24_f06_02110,train,classical,176,12800,5116,2796,quiesced,5116
train_b24_f06_02110,train,classical,176,25600,5116,2796,quiesced,5116
train_b24_f06_02110,train,classical,176,51200,5116,2796,quiesced,5116
train_b24_f06_02110,train,classical,176,102400,5116,2796,quiesced,5116
train_b24_f06_02110,train,classical,176,204800,5116,2796,quiesced,5116
train_b25_f03_02183,train,classical,178,25,37,1003178,quiesced,3923
train_b25_f03_02183,train,classical,178,50,60,1003178,quiesced,3923
train_b25_f03_02183,train,classical,178,100,133,1003175,quiesced,3923
train_b25_f03_02183,train,classical,178,200,212,1003171,quiesced,3923
train_b25_f03_02183,train,classical,178,400,400,2409,quiesced,3923
train_b25_f03_02183,train,classical,178,800,812,2409,quiesced,3923
train_b25_f03_02183,train,classical,178,1600,1613,2405,quiesced,3923
train_b25_f03_02183,train,classical,178,3200,3223,2405,quiesced,3923
train_b25_f03_02183,train,classical,178,6400,3923,2405,quiesced,3923
train_b25_f03_02183,train,classical,178,12800,3923,2405,quiesced,3923
train_b25_f03_02183,train,classical,178,25600,3923,2405,quiesced,3923
train_b25_f03_02183,train,classical,178,51200,3923,2405,quiesced,3923
train_b25_f03_02183,train,classical,178,102400,3923,2405,quiesced,3923
train_b25_f03_02183,train,classical,178,204800,3923,2405,quiesced,3923
train_b30_f04_02645,train,classical,180,25,33,2004182,quiesced,714
train_b30_f04_02645,train,classical,180,50,57,2004178,quiesced,714
train_b30_f04_02645,train,classical,180,100,123,2004178,quiesced,714
train_b30_f04_02645,train,classical,180,200,200,2004178,quiesced,714
train_b30_f04_02645,train,classical,180,400,410,5481,quiesced,714
train_b30_f04_02645,train,classical,180,800,714,5469,quiesced,714
train_b30_f04_02645,train,classical,180,1600,714,5469,quiesced,714
train_b30_f04_02645,train,classical,180,3200,714,5469,quiesced,714
train_b30_f04_02645,train,classical,180,6400,714,5469,quiesced,714
train_b30_f04_02645,train,classical,180,12800,714,5469,quiesced,714
train_b30_f04_02645,train,classical,180,25600,714,5469,quiesced,714
train_b30_f04_02645,train,classical,180,51200,714,5469,quiesced,714
train_b30_f04_02645,train,classical,180,102400,714,5469,quiesced,714
train_b30_f04_02645,train,classical,180,204800,714,5469,quiesced,714
train_b20_f02_01717,train,classical,183,25,33,6204,quiesced,9995
train_b20_f02_01717,train,classical,183,50,54,6204,quiesced,9995
train_b20_f02_01717,train,classical,183,100,118,6204,quiesced,9995
train_b20_f02_01717,train,classical,183,200,203,8003220,quiesced,9995
train_b20_f02_01717,train,classical,183,400,403,6004802,quiesced,9995
train_b20_f02_01717,train,classical,183,800,841,6004802,quiesced,9995
train_b20_f02_01717,train,classical,183,1600,1700,4802,quiesced,9995
train_b20_f02_01717,train,classical,183,3200,3217,6003515,quiesced,9995
train_b20_f02_01717,train,classical,183,6400,6572,3515,quiesced,9995
train_b20_f02_01717,train,classical,183,12800,9995,3515,quiesced,9995
train_b20_f02_01717,train,classical,183,25600,9995,3515,quiesced,9995
train_b20_f02_01717,train,classical,183,51200,9995,3515,quiesced,9995
train_b20_f02_01717,train,classical,183,102400,9995,3515,quiesced,9995
train_b20_f02_01717,train,classical,183,204800,9995,3515,quiesced,9995
train_b35_f04_03082,train,classical,184,25,40,1000778,quiesced,46448
train_b35_f04_03082,train,classical,184,50,63,1000778,quiesced,46448
train_b35_f04_03082,train,classical,184,100,142,1000778,quiesced,46448
train_b35_f04_03082,train,classical,184,200,221,1000778,quiesced,46448
train_b35_f04_03082,train,classical,184,400,406,6492,quiesced,46448
train_b35_f04_03082,train,classical,184,800,855,6492,quiesced,46448
train_b35_f04_03082,train,classical,184,1600,1861,6492,quiesced,46448
train_b35_f04_03082,train,classical,184,3200,3328,6492,quiesced,46448
train_b35_f04_03082,train,classical,184,6400,7016,6492,quiesced,46448
train_b35_f04_03082,train,classical,184,12800,12963,6492,quiesced,46448
train_b35_f04_03082,train,classical,184,25600,27294,6492,quiesced,46448
train_b35_f04_03082,train,classical,184,51200,46448,6492,quiesced,46448
train_b35_f04_03082,train,classical,184,102400,46448,6492,quiesced,46448
train_b35_f04_03082,train,classical,184,204800,46448,6492,quiesced,46448
train_b32_f03_02851,train,classical,187,25,39,10635,quiesced,2037
train_b32_f03_02851,train,classical,187,50,61,10635,quiesced,2037
train_b32_f03_02851,train,classical,187,100,135,10623,quiesced,2037
train_b32_f03_02851,train,classical,187,200,216,10609,quiesced,2037
train_b32_f03_02851,train,classical,187,400,405,7003,quiesced,2037
train_b32_f03_02851,train,classical,187,800,866,7000,quiesced,2037
train_b32_f03_02851,train,classical,187,1600,1626,7000,quiesced,2037
train_b32_f03_02851,train,classical,187,3200,2037,7000,quiesced,2037
train_b32_f03_02851,train,classical,187,6400,2037,7000,quiesced,2037
train_b32_f03_02851,train,classical,187,12800,2037,7000,quiesced,2037
train_b32_f03_02851,train,classical,187,25600,2037,7000,quiesced,2037
train_b32_f03_02851,train,classical,187,51200,2037,7000,quiesced,2037
train_b32_f03_02851,train,classical,187,102400,2037,7000,quiesced,2037
train_b32_f03_02851,train,classical,187,204800,2037,7000,quiesced,2037
train_b23_f03_01951,train,classical,189,25,33,2002677,quiesced,1915
train_b23_f03_01951,train,classical,189,50,58,2002677,quiesced,1915
train_b23_f03_01951,train,classical,189,100,123,2002674,quiesced,1915
train_b23_f03_01951,train,classical,189,200,204,2002670,quiesced,1915
train_b23_f03_01951,train,classical,189,400,402,1001283,quiesced,1915
train_b23_f03_01951,train,classical,189,800,807,1001283,quiesced,1915
train_b23_f03_01951,train,classical,189,1600,1606,1001283,quiesced,1915
train_b23_f03_01951,train,classical,189,3200,1915,1001283,quiesced,1915
train_b23_f03_01951,train,classical,189,6400,1915,1001283,quiesced,1915
train_b23_f03_01951,train,classical,189,12800,1915,1001283,quiesced,1915
train_b23_f03_01951,train,classical,189,25600,1915,1001283,quiesced,1915
train_b23_f03_01951,train,classical,189,51200,1915,1001283,quiesced,1915
train_b23_f03_01951,train,classical,189,102400,1915,1001283,quiesced,1915
train_b23_f03_01951,train,classical,189,204800,1915,1001283,quiesced,1915
train_b28_f05_02431,train,classical,192,25,37,1002516,quiesced,27402
train_b28_f05_02431,train,classical,192,50,54,1002516,quiesced,27402
train_b28_f05_02431,train,classical,192,100,125,1002516,quiesced,27402
train_b28_f05_02431,train,classical,192,200,208,1002516,quiesced,27402
train_b28_f05_02431,train,classical,192,400,411,4673,quiesced,27402
train_b28_f05_02431,train,classical,192,800,847,4318,quiesced,27402
train_b28_f05_02431,train,classical,192,1600,1601,4314,quiesced,27402
train_b28_f05_02431,train,classical,192,3200,3487,4134,quiesced,27402
train_b28_f05_02431,train,classical,192,6400,6410,4134,quiesced,27402
train_b28_f05_02431,train,classical,192,12800,12892,4134,quiesced,27402
train_b28_f05_02431,train,classical,192,25600,25640,4134,quiesced,27402
train_b28_f05_02431,train,classical,192,51200,27402,4134,quiesced,27402
train_b28_f05_02431,train,classical,192,102400,27402,4134,quiesced,27402
train_b28_f05_02431,train,classical,192,204800,27402,4134,quiesced,27402
train_b28_f02_02385,train,classical,196,25,41,1000243,quiesced,24184
train_b28_f02_02385,train,classical,196,50,65,1000243,quiesced,24184
train_b28_f02_02385,train,classical,196,100,145,1000243,quiesced,24184
train_b28_f02_02385,train,classical,196,200,231,1000243,quiesced,24184
train_b28_f02_02385,train,classical,196,400,404,5791,quiesced,24184
train_b28_f02_02385,train,classical,196,800,821,5791,quiesced,24184
train_b28_f02_02385,train,classical,196,1600,1705,5791,quiesced,24184
train_b28_f02_02385,train,classical,196,3200,3427,5791,quiesced,24184
train_b28_f02_02385,train,classical,196,6400,7182,5791,quiesced,24184
train_b28_f02_02385,train,classical,196,12800,13521,3613,quiesced,24184
train_b28_f02_02385,train,classical,196,25600,24184,3593,quiesced,24184
train_b28_f02_02385,train,classical,196,51200,24184,3593,quiesced,24184
train_b28_f02_02385,train,classical,196,102400,24184,3593,quiesced,24184
train_b28_f02_02385,train,classical,196,204800,24184,3593,quiesced,24184
train_b29_f02_02498,train,classical,199,25,42,1000209,quiesced,3817
train_b29_f02_02498,train,classical,199,50,67,1000209,quiesced,3817
train_b29_f02_02498,train,classical,199,100,102,1000209,quiesced,3817
train_b29_f02_02498,train,classical,199,200,200,5351,quiesced,3817
train_b29_f02_02498,train,classical,199,400,418,3372,quiesced,3817
train_b29_f02_02498,train,classical,199,800,888,3096,quiesced,3817
train_b29_f02_02498,train,classical,199,1600,1644,3096,quiesced,3817
train_b29_f02_02498,train,classical,199,3200,3202,3096,quiesced,3817
train_b29_f02_02498,train,classical,199,6400,3817,3096,quiesced,3817
train_b29_f02_02498,train,classical,199,12800,3817,3096,quiesced,3817
train_b29_f02_02498,train,classical,199,25600,3817,3096,quiesced,3817
train_b29_f02_02498,train,classical,199,51200,3817,3096,quiesced,3817
train_b29_f02_02498,train,classical,199,102400,3817,3096,quiesced,3817
train_b29_f02_02498,train,classical,199,204800,3817,3096,quiesced,3817
train_b23_f06_01999,train,classical,204,25,48,3012939,quiesced,4165
train_b23_f06_01999,train,classical,204,50,73,3012939,quiesced,4165
train_b23_f06_01999,train,classical,204,100,118,3012869,quiesced,4165
train_b23_f06_01999,train,classical,204,200,221,3012837,quiesced,4165
train_b23_f06_01999,train,classical,204,400,401,5808,quiesced,4165
train_b23_f06_01999,train,classical,204,800,812,5364,quiesced,4165
train_b23_f06_01999,train,classical,204,1600,1661,5364,quiesced,4165
train_b23_f06_01999,train,classical,204,3200,3406,5364,quiesced,4165
train_b23_f06_01999,train,classical,204,6400,4165,5364,quiesced,4165
train_b23_f06_01999,train,classical,204,12800,4165,5364,quiesced,4165
train_b23_f06_01999,train,classical,204,25600,4165,5364,quiesced,4165
train_b23_f06_01999,train,classical,204,51200,4165,5364,quiesced,4165
train_b23_f06_01999,train,classical,204,102400,4165,5364,quiesced,4165
train_b23_f06_01999,train,classical,204,204800,4165,5364,quiesced,4165
train_b32_f00_02810,train,classical,207,25,40,1000316,quiesced,16292
train_b32_f00_02810,train,classical,207,50,63,1000316,quiesced,16292
train_b32_f00_02810,train,classical,207,100,142,1000316,quiesced,16292
train_b32_f00_02810,train,classical,207,200,222,1000316,quiesced,16292
train_b32_f00_02810,train,classical,207,400,418,7121,quiesced,16292
train_b32_f00_02810,train,classical,207,800,801,1000310,quiesced,16292
train_b32_f00_02810,train,classical,207,1600,1864,1000310,quiesced,16292
train_b32_f00_02810,train,classical,207,3200,3266,1000310,quiesced,16292
train_b32_f00_02810,train,classical,207,6400,6708,1000310,quiesced,16292
train_b32_f00_02810,train,classical,207,12800,13079,1000310,quiesced,16292
train_b32_f00_02810,train,classical,207,25600,16292,1000310,quiesced,16292
train_b32_f00_02810,train,classical,207,51200,16292,1000310,quiesced,16292
train_b32_f00_02810,train,classical,207,102400,16292,1000310,quiesced,16292
train_b32_f00_02810,train,classical,207,204800,16292,1000310,quiesced,16292
train_b26_f03_02294,train,classical,210,25,45,2004813,quiesced,1047
train_b26_f03_02294,train,classical,210,50,73,2004813,quiesced,1047
train_b26_f03_02294,train,classical,210,100,101,2004813,quiesced,1047
train_b26_f03_02294,train,classical,210,200,200,2004813,quiesced,1047
train_b26_f03_02294,train,classical,210,400,400,1002597,quiesced,1047
train_b26_f03_02294,train,classical,210,800,806,2597,quiesced,1047
train_b26_f03_02294,train,classical,210,1600,1047,2597,quiesced,1047
train_b26_f03_02294,train,classical,210,3200,1047,2597,quiesced,1047
train_b26_f03_02294,train,classical,210,6400,1047,2597,quiesced,1047
train_b26_f03_02294,train,classical,210,12800,1047,2597,quiesced,1047
train_b26_f03_02294,train,classical,210,25600,1047,2597,quiesced,1047
train_b26_f03_02294,train,classical,210,51200,1047,2597,quiesced,1047
train_b26_f03_02294,train,classical,210,102400,1047,2597,quiesced,1047
train_b26_f03_02294,train,classical,210,204800,1047,2597,quiesced,1047
train_b24_f06_02102,train,classical,214,25,42,3006158,quiesced,4074
train_b24_f06_02102,train,classical,214,50,56,3006158,quiesced,4074
train_b24_f06_02102,train,classical,214,100,140,3006149,quiesced,4074
train_b24_f06_02102,train,classical,214,200,233,3006135,quiesced,4074
train_b24_f06_02102,train,classical,214,400,411,6371,quiesced,4074
train_b24_f06_02102,train,classical,214,800,826,4187,quiesced,4074
train_b24_f06_02102,train,classical,214,1600,1664,4147,quiesced,4074
train_b24_f06_02102,train,classical,214,3200,3346,4147,quiesced,4074
train_b24_f06_02102,train,classical,214,6400,4074,4147,quiesced,4074
train_b24_f06_02102,train,classical,214,12800,4074,4147,quiesced,4074
train_b24_f06_02102,train,classical,214,25600,4074,4147,quiesced,4074
train_b24_f06_02102,train,classical,214,51200,4074,4147,quiesced,4074
train_b24_f06_02102,train,classical,214,102400,4074,4147,quiesced,4074
train_b24_f06_02102,train,classical,214,204800,4074,4147,quiesced,4074
train_b23_f06_01989,train,classical,220,25,51,2001444,quiesced,11243
train_b23_f06_01989,train,classical,220,50,51,2001444,quiesced,11243
train_b23_f06_01989,train,classical,220,100,157,2001444,quiesced,11243
train_b23_f06_01989,train,classical,220,200,211,2001444,quiesced,11243
train_b23_f06_01989,train,classical,220,400,403,6168,quiesced,11243
train_b23_f06_01989,train,classical,220,800,873,3800,quiesced,11243
train_b23_f06_01989,train,classical,220,1600,1689,3800,quiesced,11243
train_b23_f06_01989,train,classical,220,3200,3467,3790,quiesced,11243
train_b23_f06_01989,train,classical,220,6400,6406,3790,quiesced,11243
train_b23_f06_01989,train,classical,220,12800,11243,3790,quiesced,11243
train_b23_f06_01989,train,classical,220,25600,11243,3790,quiesced,11243
train_b23_f06_01989,train,classical,220,51200,11243,3790,quiesced,11243
train_b23_f06_01989,train,classical,220,102400,11243,3790,quiesced,11243
train_b23_f06_01989,train,classical,220,204800,11243,3790,quiesced,11243
train_b36_f02_03170,train,classical,221,25,42,7815,quiesced,1035
train_b36_f02_03170,train,classical,221,50,60,7815,quiesced,1035
train_b36_f02_03170,train,classical,221,100,142,7809,quiesced,1035
train_b36_f02_03170,train,classical,221,200,236,7801,quiesced,1035
train_b36_f02_03170,train,classical,221,400,403,1004648,quiesced,1035
train_b36_f02_03170,train,classical,221,800,809,4665,quiesced,1035
train_b36_f02_03170,train,classical,221,1600,1035,4665,quiesced,1035
train_b36_f02_03170,train,classical,221,3200,1035,4665,quiesced,1035
train_b36_f02_03170,train,classical,221,6400,1035,4665,quiesced,1035
train_b36_f02_03170,train,classical,221,12800,1035,4665,quiesced,1035
train_b36_f02_03170,train,classical,221,25600,1035,4665,quiesced,1035
train_b36_f02_03170,train,classical,221,51200,1035,4665,quiesced,1035
train_b36_f02_03170,train,classical,221,102400,1035,4665,quiesced,1035
train_b36_f02_03170,train,classical,221,204800,1035,4665,quiesced,1035
train_b29_f02_02494,train,classical,225,25,55,1000029,quiesced,61859
train_b29_f02_02494,train,classical,225,50,55,1000029,quiesced,61859
train_b29_f02_02494,train,classical,225,100,167,1000029,quiesced,61859
train_b29_f02_02494,train,classical,225,200,207,1000029,quiesced,61859
train_b29_f02_02494,train,classical,225,400,404,1000029,quiesced,61859
train_b29_f02_02494,train,classical,225,800,854,1000029,quiesced,61859
train_b29_f02_02494,train,classical,225,1600,1608,1000029,quiesced,61859
train_b29_f02_02494,train,classical,225,3200,3654,7330,quiesced,61859
train_b29_f02_02494,train,classical,225,6400,6596,7330,quiesced,61859
train_b29_f02_02494,train,classical,225,12800,13043,7330,quiesced,61859
train_b29_f02_02494,train,classical,225,25600,25885,7330,quiesced,61859
train_b29_f02_02494,train,classical,225,51200,51776,7330,quiesced,61859
train_b29_f02_02494,train,classical,225,102400,61859,7330,quiesced,61859
train_b29_f02_02494,train,classical,225,204800,61859,7330,quiesced,61859
dev_b22_f00_00455,dev,classical,229,25,49,2010697,quiesced,1948
dev_b22_f00_00455,dev,classical,229,50,67,2010697,quiesced,1948
dev_b22_f00_00455,dev,classical,229,100,161,2010679,quiesced,1948
dev_b22_f00_00455,dev,classical,229,200,261,2010671,quiesced,1948
dev_b22_f00_00455,dev,classical,229,400,413,2010611,quiesced,1948
dev_b22_f00_00455,dev,classical,229,800,830,2005285,quiesced,1948
dev_b22_f00_00455,dev,classical,229,1600,1621,2005275,quiesced,1948
dev_b22_f00_00455,dev,classical,229,3200,1948,2005275,quiesced,1948
dev_b22_f00_00455,dev,classical,229,6400,1948,2005275,quiesced,1948
dev_b22_f00_00455,dev,classical,229,12800,1948,2005275,quiesced,1948
dev_b22_f00_00455,dev,classical,229,25600,1948,2005275,quiesced,1948
dev_b22_f00_00455,dev,classical,229,51200,1948,2005275,quiesced,1948
dev_b22_f00_00455,dev,classical,229,102400,1948,2005275,quiesced,1948
dev_b22_f00_00455,dev,classical,229,204800,1948,2005275,quiesced,1948
train_b37_f06_03333,train,classical,233,25,25,5481,quiesced,1906
train_b37_f06_03333,train,classical,233,50,51,5481,quiesced,1906
train_b37_f06_03333,train,classical,233,100,128,5460,quiesced,1906
train_b37_f06_03333,train,classical,233,200,240,5456,quiesced,1906
train_b37_f06_03333,train,classical,233,400,415,5420,quiesced,1906
train_b37_f06_03333,train,classical,233,800,800,3938,quiesced,1906
train_b37_f06_03333,train,classical,233,1600,1610,3931,quiesced,1906
train_b37_f06_03333,train,classical,233,3200,1906,3931,quiesced,1906
train_b37_f06_03333,train,classical,233,6400,1906,3931,quiesced,1906
train_b37_f06_03333,train,classical,233,12800,1906,3931,quiesced,1906
train_b37_f06_03333,train,classical,233,25600,1906,3931,quiesced,1906
train_b37_f06_03333,train,classical,233,51200,1906,3931,quiesced,1906
train_b37_f06_03333,train,classical,233,102400,1906,3931,quiesced,1906
train_b37_f06_03333,train,classical,233,204800,1906,3931,quiesced,1906
train_b32_f03_02850,train,classical,235,25,40,6097,quiesced,30563
train_b32_f03_02850,train,classical,235,50,50,6091,quiesced,30563
train_b32_f03_02850,train,classical,235,100,130,6083,quiesced,30563
train_b32_f03_02850,train,classical,235,200,211,6068,quiesced,30563
train_b32_f03_02850,train,classical,235,400,422,3575,quiesced,30563
train_b32_f03_02850,train,classical,235,800,854,3575,quiesced,30563
train_b32_f03_02850,train,classical,235,1600,1607,3575,quiesced,30563
train_b32_f03_02850,train,classical,235,3200,3233,3575,quiesced,30563
train_b32_f03_02850,train,classical,235,6400,7209,3527,quiesced,30563
train_b32_f03_02850,train,classical,235,12800,12865,3527,quiesced,30563
train_b32_f03_02850,train,classical,235,25600,25646,3003086,quiesced,30563
train_b32_f03_02850,train,classical,235,51200,30563,3003086,quiesced,30563
train_b32_f03_02850,train,classical,235,102400,30563,3003086,quiesced,30563
train_b32_f03_02850,train,classical,235,204800,30563,3003086,quiesced,30563
train_b29_f03_02511,train,classical,238,25,52,1003665,quiesced,19723
train_b29_f03_02511,train,classical,238,50,52,1003665,quiesced,19723
train_b29_f03_02511,train,classical,238,100,154,1003648,quiesced,19723
train_b29_f03_02511,train,classical,238,200,263,1003625,quiesced,19723
train_b29_f03_02511,train,classical,238,400,405,3002501,quiesced,19723
train_b29_f03_02511,train,classical,238,800,857,5989,quiesced,19723
train_b29_f03_02511,train,classical,238,1600,1778,5463,quiesced,19723
train_b29_f03_02511,train,classical,238,3200,3626,5463,quiesced,19723
train_b29_f03_02511,train,classical,238,6400,6689,5463,quiesced,19723
train_b29_f03_02511,train,classical,238,12800,12811,5250,quiesced,19723
train_b29_f03_02511,train,classical,238,25600,19723,5250,quiesced,19723
train_b29_f03_02511,train,classical,238,51200,19723,5250,quiesced,19723
train_b29_f03_02511,train,classical,238,102400,19723,5250,quiesced,19723
train_b29_f03_02511,train,classical,238,204800,19723,5250,quiesced,19723
train_b35_f04_03093,train,classical,240,25,54,1004890,quiesced,39222
train_b35_f04_03093,train,classical,240,50,54,1004890,quiesced,39222
train_b35_f04_03093,train,classical,240,100,100,1004869,quiesced,39222
train_b35_f04_03093,train,classical,240,200,212,1004869,quiesced,39222
train_b35_f04_03093,train,classical,240,400,434,1000021,quiesced,39222
train_b35_f04_03093,train,classical,240,800,801,1000021,quiesced,39222
train_b35_f04_03093,train,classical,240,1600,1791,1000021,quiesced,39222
train_b35_f04_03093,train,classical,240,3200,3933,1000021,quiesced,39222
train_b35_f04_03093,train,classical,240,6400,6409,1000021,quiesced,39222
train_b35_f04_03093,train,classical,240,12800,13100,1000021,quiesced,39222
train_b35_f04_03093,train,classical,240,25600,25939,1000021,quiesced,39222
train_b35_f04_03093,train,classical,240,51200,39222,3862,quiesced,39222
train_b35_f04_03093,train,classical,240,102400,39222,3862,quiesced,39222
train_b35_f04_03093,train,classical,240,204800,39222,3862,quiesced,39222
train_b36_f02_03165,train,classical,246,25,25,15924,quiesced,9092
train_b36_f02_03165,train,classical,246,50,60,15924,quiesced,9092
train_b36_f02_03165,train,classical,246,100,108,15873,quiesced,9092
train_b36_f02_03165,train,classical,246,200,201,15841,quiesced,9092
train_b36_f02_03165,train,classical,246,400,403,11488,quiesced,9092
train_b36_f02_03165,train,classical,246,800,801,10338,quiesced,9092
train_b36_f02_03165,train,classical,246,1600,1699,10338,quiesced,9092
train_b36_f02_03165,train,classical,246,3200,3299,10338,quiesced,9092
train_b36_f02_03165,train,classical,246,6400,6516,10338,quiesced,9092
train_b36_f02_03165,train,classical,246,12800,9092,10338,quiesced,9092
train_b36_f02_03165,train,classical,246,25600,9092,10338,quiesced,9092
train_b36_f02_03165,train,classical,246,51200,9092,10338,quiesced,9092
train_b36_f02_03165,train,classical,246,102400,9092,10338,quiesced,9092
train_b36_f02_03165,train,classical,246,204800,9092,10338,quiesced,9092
train_b26_f07_02339,train,classical,250,25,51,10060,quiesced,28931
train_b26_f07_02339,train,classical,250,50,51,10060,quiesced,28931
train_b26_f07_02339,train,classical,250,100,149,10037,quiesced,28931
train_b26_f07_02339,train,classical,250,200,265,10017,quiesced,28931
train_b26_f07_02339,train,classical,250,400,402,10017,quiesced,28931
train_b26_f07_02339,train,classical,250,800,915,5780,quiesced,28931
train_b26_f07_02339,train,classical,250,1600,1630,5780,quiesced,28931
train_b26_f07_02339,train,classical,250,3200,3816,5780,quiesced,28931
train_b26_f07_02339,train,classical,250,6400,6703,5780,quiesced,28931
train_b26_f07_02339,train,classical,250,12800,12829,5776,quiesced,28931
train_b26_f07_02339,train,classical,250,25600,25967,5776,quiesced,28931
train_b26_f07_02339,train,classical,250,51200,28931,5776,quiesced,28931
train_b26_f07_02339,train,classical,250,102400,28931,5776,quiesced,28931
train_b26_f07_02339,train,classical,250,204800,28931,5776,quiesced,28931
train_b30_f01_02598,train,classical,253,25,47,7521,quiesced,46989
train_b30_f01_02598,train,classical,253,50,58,7521,quiesced,46989
train_b30_f01_02598,train,classical,253,100,150,7508,quiesced,46989
train_b30_f01_02598,train,classical,253,200,254,7496,quiesced,46989
train_b30_f01_02598,train,classical,253,400,416,7412,quiesced,46989
train_b30_f01_02598,train,classical,253,800,800,4163,quiesced,46989
train_b30_f01_02598,train,classical,253,1600,1600,4163,quiesced,46989
train_b30_f01_02598,train,classical,253,3200,3475,4163,quiesced,46989
train_b30_f01_02598,train,classical,253,6400,6710,4163,quiesced,46989
train_b30_f01_02598,train,classical,253,12800,13254,4163,quiesced,46989
train_b30_f01_02598,train,classical,253,25600,26221,4163,quiesced,46989
train_b30_f01_02598,train,classical,253,51200,46989,4163,quiesced,46989
train_b30_f01_02598,train,classical,253,102400,46989,4163,quiesced,46989
train_b30_f01_02598,train,classical,253,204800,46989,4163,quiesced,46989
train_b25_f02_02166,train,classical,257,25,54,3005815,quiesced,1984
train_b25_f02_02166,train,classical,257,50,54,3005815,quiesced,1984
train_b25_f02_02166,train,classical,257,100,159,3005809,quiesced,1984
train_b25_f02_02166,train,classical,257,200,210,3005801,quiesced,1984
train_b25_f02_02166,train,classical,257,400,400,1004659,quiesced,1984
train_b25_f02_02166,train,classical,257,800,873,4088,quiesced,1984
train_b25_f02_02166,train,classical,257,1600,1609,4088,quiesced,1984
train_b25_f02_02166,train,classical,257,3200,1984,4088,quiesced,1984
train_b25_f02_02166,train,classical,257,6400,1984,4088,quiesced,1984
train_b25_f02_02166,train,classical,257,12800,1984,4088,quiesced,1984
train_b25_f02_02166,train,classical,257,25600,1984,4088,quiesced,1984
train_b25_f02_02166,train,classical,257,51200,1984,4088,quiesced,1984
train_b25_f02_02166,train,classical,257,102400,1984,4088,quiesced,1984
train_b25_f02_02166,train,classical,257,204800,1984,4088,quiesced,1984
train_b24_f07_02122,train,classical,259,25,49,3007990,quiesced,4149
train_b24_f07_02122,train,classical,259,50,50,3007990,quiesced,4149
train_b24_f07_02122,train,classical,259,100,142,3007987,quiesced,4149
train_b24_f07_02122,train,classical,259,200,240,3007983,quiesced,4149
train_b24_f07_02122,train,classical,259,400,403,2007953,quiesced,4149
train_b24_f07_02122,train,classical,259,800,828,5076,quiesced,4149
train_b24_f07_02122,train,classical,259,1600,1694,5062,quiesced,4149
train_b24_f07_02122,train,classical,259,3200,3407,5062,quiesced,4149
train_b24_f07_02122,train,classical,259,6400,4149,5062,quiesced,4149
train_b24_f07_02122,train,classical,259,12800,4149,5062,quiesced,4149
train_b24_f07_02122,train,classical,259,25600,4149,5062,quiesced,4149
train_b24_f07_02122,train,classical,259,51200,4149,5062,quiesced,4149
train_b24_f07_02122,train,classical,259,102400,4149,5062,quiesced,4149
train_b24_f07_02122,train,classical,259,204800,4149,5062,quiesced,4149
dev_b27_f03_00603,dev,classical,262,25,50,3013011,quiesced,8444
dev_b27_f03_00603,dev,classical,262,50,50,3013011,quiesced,8444
dev_b27_f03_00603,dev,classical,262,100,154,3012953,quiesced,8444
dev_b27_f03_00603,dev,classical,262,200,272,3012925,quiesced,8444
dev_b27_f03_00603,dev,classical,262,400,406,3012925,quiesced,8444
dev_b27_f03_00603,dev,classical,262,800,953,7188,quiesced,8444
dev_b27_f03_00603,dev,classical,262,1600,1603,1007188,quiesced,8444
dev_b27_f03_00603,dev,classical,262,3200,3468,1007188,quiesced,8444
dev_b27_f03_00603,dev,classical,262,6400,6753,1007188,quiesced,8444
dev_b27_f03_00603,dev,classical,262,12800,8444,1007188,quiesced,8444
dev_b27_f03_00603,dev,classical,262,25600,8444,1007188,quiesced,8444
dev_b27_f03_00603,dev,classical,262,51200,8444,1007188,quiesced,8444
dev_b27_f03_00603,dev,classical,262,102400,8444,1007188,quiesced,8444
dev_b27_f03_00603,dev,classical,262,204800,8444,1007188,quiesced,8444
train_b28_f07_02460,train,classical,267,25,50,5008157,quiesced,11589
train_b28_f07_02460,train,classical,267,50,50,5008157,quiesced,11589
train_b28_f07_02460,train,classical,267,100,150,5008151,quiesced,11589
train_b28_f07_02460,train,classical,267,200,256,5008147,quiesced,11589
train_b28_f07_02460,train,classical,267,400,403,5008127,quiesced,11589
train_b28_f07_02460,train,classical,267,800,811,4931,quiesced,11589
train_b28_f07_02460,train,classical,267,1600,1709,4673,quiesced,11589
train_b28_f07_02460,train,classical,267,3200,3303,4673,quiesced,11589
train_b28_f07_02460,train,classical,267,6400,6677,4673,quiesced,11589
train_b28_f07_02460,train,classical,267,12800,11589,4673,quiesced,11589
train_b28_f07_02460,train,classical,267,25600,11589,4673,quiesced,11589
train_b28_f07_02460,train,classical,267,51200,11589,4673,quiesced,11589
train_b28_f07_02460,train,classical,267,102400,11589,4673,quiesced,11589
train_b28_f07_02460,train,classical,267,204800,11589,4673,quiesced,11589
train_b31_f03_02738,train,classical,269,25,59,1000144,quiesced,1962
train_b31_f03_02738,train,classical,269,50,59,1000144,quiesced,1962
train_b31_f03_02738,train,classical,269,100,176,1000144,quiesced,1962
train_b31_f03_02738,train,classical,269,200,206,1000144,quiesced,1962
train_b31_f03_02738,train,classical,269,400,401,1000141,quiesced,1962
train_b31_f03_02738,train,classical,269,800,857,1000127,quiesced,1962
train_b31_f03_02738,train,classical,269,1600,1600,1000127,quiesced,1962
train_b31_f03_02738,train,classical,269,3200,1962,1000127,quiesced,1962
train_b31_f03_02738,train,classical,269,6400,1962,1000127,quiesced,1962
train_b31_f03_02738,train,classical,269,12800,1962,1000127,quiesced,1962
train_b31_f03_02738,train,classical,269,25600,1962,1000127,quiesced,1962
train_b31_f03_02738,train,classical,269,51200,1962,1000127,quiesced,1962
train_b31_f03_02738,train,classical,269,102400,1962,1000127,quiesced,1962
train_b31_f03_02738,train,classical,269,204800,1962,1000127,quiesced,1962
train_b28_f04_02413,train,classical,271,25,64,8016162,quiesced,19831
train_b28_f04_02413,train,classical,271,50,64,8016162,quiesced,19831
train_b28_f04_02413,train,classical,271,100,111,8016122,quiesced,19831
train_b28_f04_02413,train,classical,271,200,248,8016084,quiesced,19831
train_b28_f04_02413,train,classical,271,400,404,8016076,quiesced,19831
train_b28_f04_02413,train,classical,271,800,827,12592,quiesced,19831
train_b28_f04_02413,train,classical,271,1600,1641,12592,quiesced,19831
train_b28_f04_02413,train,classical,271,3200,3573,12592,quiesced,19831
train_b28_f04_02413,train,classical,271,6400,7525,12592,quiesced,19831
train_b28_f04_02413,train,classical,271,12800,13165,12592,quiesced,19831
train_b28_f04_02413,train,classical,271,25600,19831,12592,quiesced,19831
train_b28_f04_02413,train,classical,271,51200,19831,12592,quiesced,19831
train_b28_f04_02413,train,classical,271,102400,19831,12592,quiesced,19831
train_b28_f04_02413,train,classical,271,204800,19831,12592,quiesced,19831
train_b28_f00_02353,train,classical,274,25,50,1008286,quiesced,7858
train_b28_f00_02353,train,classical,274,50,50,1008286,quiesced,7858
train_b28_f00_02353,train,classical,274,100,146,1008279,quiesced,7858
train_b28_f00_02353,train,classical,274,200,248,1008275,quiesced,7858
train_b28_f00_02353,train,classical,274,400,424,1006409,quiesced,7858
train_b28_f00_02353,train,classical,274,800,803,1003689,quiesced,7858
train_b28_f00_02353,train,classical,274,1600,1610,1003669,quiesced,7858
train_b28_f00_02353,train,classical,274,3200,3225,1003669,quiesced,7858
train_b28_f00_02353,train,classical,274,6400,6548,1003669,quiesced,7858
train_b28_f00_02353,train,classical,274,12800,7858,1003669,quiesced,7858
train_b28_f00_02353,train,classical,274,25600,7858,1003669,quiesced,7858
train_b28_f00_02353,train,classical,274,51200,7858,1003669,quiesced,7858
train_b28_f00_02353,train,classical,274,102400,7858,1003669,quiesced,7858
train_b28_f00_02353,train,classical,274,204800,7858,1003669,quiesced,7858
dev_b33_f02_00703,dev,classical,276,25,48,4009904,quiesced,2685
dev_b33_f02_00703,dev,classical,276,50,59,4009904,quiesced,2685
dev_b33_f02_00703,dev,classical,276,100,151,4009898,quiesced,2685
dev_b33_f02_00703,dev,classical,276,200,249,4009890,quiesced,2685
dev_b33_f02_00703,dev,classical,276,400,423,1009386,quiesced,2685
dev_b33_f02_00703,dev,classical,276,800,900,2006405,quiesced,2685
dev_b33_f02_00703,dev,classical,276,1600,1633,2006405,quiesced,2685
dev_b33_f02_00703,dev,classical,276,3200,2685,2006405,quiesced,2685
dev_b33_f02_00703,dev,classical,276,6400,2685,2006405,quiesced,2685
dev_b33_f02_00703,dev,classical,276,12800,2685,2006405,quiesced,2685
dev_b33_f02_00703,dev,classical,276,25600,2685,2006405,quiesced,2685
dev_b33_f02_00703,dev,classical,276,51200,2685,2006405,quiesced,2685
dev_b33_f02_00703,dev,classical,276,102400,2685,2006405,quiesced,2685
dev_b33_f02_00703,dev,classical,276,204800,2685,2006405,quiesced,2685
train_b26_f03_02295,train,classical,279,25,49,1000081,quiesced,4339
train_b26_f03_02295,train,classical,279,50,50,1000081,quiesced,4339
train_b26_f03_02295,train,classical,279,100,146,1000081,quiesced,4339
train_b26_f03_02295,train,classical,279,200,248,1000081,quiesced,4339
train_b26_f03_02295,train,classical,279,400,400,1000081,quiesced,4339
train_b26_f03_02295,train,classical,279,800,830,1000078,quiesced,4339
train_b26_f03_02295,train,classical,279,1600,1621,1000078,quiesced,4339
train_b26_f03_02295,train,classical,279,3200,3216,1000078,quiesced,4339
train_b26_f03_02295,train,classical,279,6400,4339,1000078,quiesced,4339
train_b26_f03_02295,train,classical,279,12800,4339,1000078,quiesced,4339
train_b26_f03_02295,train,classical,279,25600,4339,1000078,quiesced,4339
train_b26_f03_02295,train,classical,279,51200,4339,1000078,quiesced,4339
train_b26_f03_02295,train,classical,279,102400,4339,1000078,quiesced,4339
train_b26_f03_02295,train,classical,279,204800,4339,1000078,quiesced,4339
train_b31_f03_02739,train,classical,281,25,57,3006406,quiesced,3136
train_b31_f03_02739,train,classical,281,50,57,3006406,quiesced,3136
train_b31_f03_02739,train,classical,281,100,170,3006388,quiesced,3136
train_b31_f03_02739,train,classical,281,200,213,3006380,quiesced,3136
train_b31_f03_02739,train,classical,281,400,400,8282,quiesced,3136
train_b31_f03_02739,train,classical,281,800,828,7184,quiesced,3136
train_b31_f03_02739,train,classical,281,1600,1604,7184,quiesced,3136
train_b31_f03_02739,train,classical,281,3200,3136,7184,quiesced,3136
train_b31_f03_02739,train,classical,281,6400,3136,7184,quiesced,3136
train_b31_f03_02739,train,classical,281,12800,3136,7184,quiesced,3136
train_b31_f03_02739,train,classical,281,25600,3136,7184,quiesced,3136
train_b31_f03_02739,train,classical,281,51200,3136,7184,quiesced,3136
train_b31_f03_02739,train,classical,281,102400,3136,7184,quiesced,3136
train_b31_f03_02739,train,classical,281,204800,3136,7184,quiesced,3136
train_b34_f05_02991,train,classical,284,25,51,4016463,quiesced,45474
train_b34_f05_02991,train,classical,284,50,51,4016463,quiesced,45474
train_b34_f05_02991,train,classical,284,100,154,4016436,quiesced,45474
train_b34_f05_02991,train,classical,284,200,206,4016408,quiesced,45474
train_b34_f05_02991,train,classical,284,400,407,10421,quiesced,45474
train_b34_f05_02991,train,classical,284,800,856,8715,quiesced,45474
train_b34_f05_02991,train,classical,284,1600,1600,8707,quiesced,45474
train_b34_f05_02991,train,classical,284,3200,3209,8707,quiesced,45474
train_b34_f05_02991,train,classical,284,6400,6561,8707,quiesced,45474
train_b34_f05_02991,train,classical,284,12800,13262,8707,quiesced,45474
train_b34_f05_02991,train,classical,284,25600,25916,8707,quiesced,45474
train_b34_f05_02991,train,classical,284,51200,45474,8707,quiesced,45474
train_b34_f05_02991,train,classical,284,102400,45474,8707,quiesced,45474
train_b34_f05_02991,train,classical,284,204800,45474,8707,quiesced,45474
train_b30_f01_02597,train,classical,287,25,57,1002345,quiesced,1959
train_b30_f01_02597,train,classical,287,50,57,1002345,quiesced,1959
train_b30_f01_02597,train,classical,287,100,170,1002342,quiesced,1959
train_b30_f01_02597,train,classical,287,200,220,1002338,quiesced,1959
train_b30_f01_02597,train,classical,287,400,400,1002338,quiesced,1959
train_b30_f01_02597,train,classical,287,800,865,5433,quiesced,1959
train_b30_f01_02597,train,classical,287,1600,1607,5427,quiesced,1959
train_b30_f01_02597,train,classical,287,3200,1959,5427,quiesced,1959
train_b30_f01_02597,train,classical,287,6400,1959,5427,quiesced,1959
train_b30_f01_02597,train,classical,287,12800,1959,5427,quiesced,1959
train_b30_f01_02597,train,classical,287,25600,1959,5427,quiesced,1959
train_b30_f01_02597,train,classical,287,51200,1959,5427,quiesced,1959
train_b30_f01_02597,train,classical,287,102400,1959,5427,quiesced,1959
train_b30_f01_02597,train,classical,287,204800,1959,5427,quiesced,1959
train_b29_f00_02474,train,classical,290,25,52,10489,quiesced,6185
train_b29_f00_02474,train,classical,290,50,52,10489,quiesced,6185
train_b29_f00_02474,train,classical,290,100,154,10481,quiesced,6185
train_b29_f00_02474,train,classical,290,200,256,10481,quiesced,6185
train_b29_f00_02474,train,classical,290,400,423,10379,quiesced,6185
train_b29_f00_02474,train,classical,290,800,811,7778,quiesced,6185
train_b29_f00_02474,train,classical,290,1600,1602,7778,quiesced,6185
train_b29_f00_02474,train,classical,290,3200,3309,7778,quiesced,6185
train_b29_f00_02474,train,classical,290,6400,6185,7778,quiesced,6185
train_b29_f00_02474,train,classical,290,12800,6185,7778,quiesced,6185
train_b29_f00_02474,train,classical,290,25600,6185,7778,quiesced,6185
train_b29_f00_02474,train,classical,290,51200,6185,7778,quiesced,6185
train_b29_f00_02474,train,classical,290,102400,6185,7778,quiesced,6185
train_b29_f00_02474,train,classical,290,204800,6185,7778,quiesced,6185
train_b37_f05_03329,train,classical,292,25,42,6010602,quiesced,18486
train_b37_f05_03329,train,classical,292,50,55,6010582,quiesced,18486
train_b37_f05_03329,train,classical,292,100,140,6010574,quiesced,18486
train_b37_f05_03329,train,classical,292,200,225,6010574,quiesced,18486
train_b37_f05_03329,train,classical,292,400,400,6420,quiesced,18486
train_b37_f05_03329,train,classical,292,800,906,4399,quiesced,18486
train_b37_f05_03329,train,classical,292,1600,1629,4396,quiesced,18486
train_b37_f05_03329,train,classical,292,3200,3627,4396,quiesced,18486
train_b37_f05_03329,train,classical,292,6400,7027,4396,quiesced,18486
train_b37_f05_03329,train,classical,292,12800,12982,4396,quiesced,18486
train_b37_f05_03329,train,classical,292,25600,18486,4396,quiesced,18486
train_b37_f05_03329,train,classical,292,51200,18486,4396,quiesced,18486
train_b37_f05_03329,train,classical,292,102400,18486,4396,quiesced,18486
train_b37_f05_03329,train,classical,292,204800,18486,4396,quiesced,18486
train_b30_f06_02669,train,classical,297,25,26,1009723,quiesced,6252
train_b30_f06_02669,train,classical,297,50,53,1009723,quiesced,6252
train_b30_f06_02669,train,classical,297,100,134,1009697,quiesced,6252
train_b30_f06_02669,train,classical,297,200,256,1009673,quiesced,6252
train_b30_f06_02669,train,classical,297,400,401,1009673,quiesced,6252
train_b30_f06_02669,train,classical,297,800,822,7323,quiesced,6252
train_b30_f06_02669,train,classical,297,1600,1611,7116,quiesced,6252
train_b30_f06_02669,train,classical,297,3200,3358,7116,quiesced,6252
train_b30_f06_02669,train,classical,297,6400,6252,7116,quiesced,6252
train_b30_f06_02669,train,classical,297,12800,6252,7116,quiesced,6252
train_b30_f06_02669,train,classical,297,25600,6252,7116,quiesced,6252
train_b30_f06_02669,train,classical,297,51200,6252,7116,quiesced,6252
train_b30_f06_02669,train,classical,297,102400,6252,7116,quiesced,6252
train_b30_f06_02669,train,classical,297,204800,6252,7116,quiesced,6252
dev_b33_f02_00701,dev,classical,301,25,55,18119,quiesced,2716
dev_b33_f02_00701,dev,classical,301,50,55,18119,quiesced,2716
dev_b33_f02_00701,dev,classical,301,100,160,18063,quiesced,2716
dev_b33_f02_00701,dev,classical,301,200,295,17999,quiesced,2716
dev_b33_f02_00701,dev,classical,301,400,431,17969,quiesced,2716
dev_b33_f02_00701,dev,classical,301,800,814,13080,quiesced,2716
dev_b33_f02_00701,dev,classical,301,1600,1631,12826,quiesced,2716
dev_b33_f02_00701,dev,classical,301,3200,2716,12826,quiesced,2716
dev_b33_f02_00701,dev,classical,301,6400,2716,12826,quiesced,2716
dev_b33_f02_00701,dev,classical,301,12800,2716,12826,quiesced,2716
dev_b33_f02_00701,dev,classical,301,25600,2716,12826,quiesced,2716
dev_b33_f02_00701,dev,classical,301,51200,2716,12826,quiesced,2716
dev_b33_f02_00701,dev,classical,301,102400,2716,12826,quiesced,2716
dev_b33_f02_00701,dev,classical,301,204800,2716,12826,quiesced,2716
train_b36_f07_03237,train,classical,303,25,55,3010476,quiesced,14425
train_b36_f07_03237,train,classical,303,50,55,3010476,quiesced,14425
train_b36_f07_03237,train,classical,303,100,164,3010472,quiesced,14425
train_b36_f07_03237,train,classical,303,200,273,3010472,quiesced,14425
train_b36_f07_03237,train,classical,303,400,401,3010472,quiesced,14425
train_b36_f07_03237,train,classical,303,800,843,1005806,quiesced,14425
train_b36_f07_03237,train,classical,303,1600,1686,1005223,quiesced,14425
train_b36_f07_03237,train,classical,303,3200,3238,1005223,quiesced,14425
train_b36_f07_03237,train,classical,303,6400,6485,1005223,quiesced,14425
train_b36_f07_03237,train,classical,303,12800,12801,1005223,quiesced,14425
train_b36_f07_03237,train,classical,303,25600,14425,1005223,quiesced,14425
train_b36_f07_03237,train,classical,303,51200,14425,1005223,quiesced,14425
train_b36_f07_03237,train,classical,303,102400,14425,1005223,quiesced,14425
train_b36_f07_03237,train,classical,303,204800,14425,1005223,quiesced,14425
train_b36_f04_03202,train,classical,307,25,65,7352,quiesced,50840
train_b36_f04_03202,train,classical,307,50,65,7352,quiesced,50840
train_b36_f04_03202,train,classical,307,100,184,7343,quiesced,50840
train_b36_f04_03202,train,classical,307,200,215,7331,quiesced,50840
train_b36_f04_03202,train,classical,307,400,404,7331,quiesced,50840
train_b36_f04_03202,train,classical,307,800,869,5062,quiesced,50840
train_b36_f04_03202,train,classical,307,1600,1643,5062,quiesced,50840
train_b36_f04_03202,train,classical,307,3200,3468,5052,quiesced,50840
train_b36_f04_03202,train,classical,307,6400,6488,5052,quiesced,50840
train_b36_f04_03202,train,classical,307,12800,13858,5052,quiesced,50840
train_b36_f04_03202,train,classical,307,25600,25646,5052,quiesced,50840
train_b36_f04_03202,train,classical,307,51200,50840,5052,quiesced,50840
train_b36_f04_03202,train,classical,307,102400,50840,5052,quiesced,50840
train_b36_f04_03202,train,classical,307,204800,50840,5052,quiesced,50840
train_b28_f06_02442,train,classical,312,25,52,17344,quiesced,34674
train_b28_f06_02442,train,classical,312,50,52,17344,quiesced,34674
train_b28_f06_02442,train,classical,312,100,155,17307,quiesced,34674
train_b28_f06_02442,train,classical,312,200,270,17283,quiesced,34674
train_b28_f06_02442,train,classical,312,400,403,17283,quiesced,34674
train_b28_f06_02442,train,classical,312,800,845,13171,quiesced,34674
train_b28_f06_02442,train,classical,312,1600,1607,11500,quiesced,34674
train_b28_f06_02442,train,classical,312,3200,3241,11304,quiesced,34674
train_b28_f06_02442,train,classical,312,6400,6548,11304,quiesced,34674
train_b28_f06_02442,train,classical,312,12800,12837,11304,quiesced,34674
train_b28_f06_02442,train,classical,312,25600,25612,11304,quiesced,34674
train_b28_f06_02442,train,classical,312,51200,34674,11304,quiesced,34674
train_b28_f06_02442,train,classical,312,102400,34674,11304,quiesced,34674
train_b28_f06_02442,train,classical,312,204800,34674,11304,quiesced,34674
train_b35_f06_03113,train,classical,316,25,52,11690,quiesced,9755
train_b35_f06_03113,train,classical,316,50,52,11690,quiesced,9755
train_b35_f06_03113,train,classical,316,100,153,11659,quiesced,9755
train_b35_f06_03113,train,classical,316,200,267,11642,quiesced,9755
train_b35_f06_03113,train,classical,316,400,402,11642,quiesced,9755
train_b35_f06_03113,train,classical,316,800,830,7236,quiesced,9755
train_b35_f06_03113,train,classical,316,1600,1677,7236,quiesced,9755
train_b35_f06_03113,train,classical,316,3200,3238,7236,quiesced,9755
train_b35_f06_03113,train,classical,316,6400,6578,7236,quiesced,9755
train_b35_f06_03113,train,classical,316,12800,9755,7236,quiesced,9755
train_b35_f06_03113,train,classical,316,25600,9755,7236,quiesced,9755
train_b35_f06_03113,train,classical,316,51200,9755,7236,quiesced,9755
train_b35_f06_03113,train,classical,316,102400,9755,7236,quiesced,9755
train_b35_f06_03113,train,classical,316,204800,9755,7236,quiesced,9755
train_b32_f00_02802,train,classical,320,25,51,11304,quiesced,20889
train_b32_f00_02802,train,classical,320,50,51,11304,quiesced,20889
train_b32_f00_02802,train,classical,320,100,151,11285,quiesced,20889
train_b32_f00_02802,train,classical,320,200,263,11277,quiesced,20889
train_b32_f00_02802,train,classical,320,400,405,11277,quiesced,20889
train_b32_f00_02802,train,classical,320,800,802,5612,quiesced,20889
train_b32_f00_02802,train,classical,320,1600,1683,5612,quiesced,20889
train_b32_f00_02802,train,classical,320,3200,3401,5607,quiesced,20889
train_b32_f00_02802,train,classical,320,6400,6699,5607,quiesced,20889
train_b32_f00_02802,train,classical,320,12800,13704,5499,quiesced,20889
train_b32_f00_02802,train,classical,320,25600,20889,5499,quiesced,20889
train_b32_f00_02802,train,classical,320,51200,20889,5499,quiesced,20889
train_b32_f00_02802,train,classical,320,102400,20889,5499,quiesced,20889
train_b32_f00_02802,train,classical,320,204800,20889,5499,quiesced,20889
train_b30_f06_02660,train,classical,324,25,45,12196,quiesced,24191
train_b30_f06_02660,train,classical,324,50,50,12196,quiesced,24191
train_b30_f06_02660,train,classical,324,100,137,12187,quiesced,24191
train_b30_f06_02660,train,classical,324,200,225,12157,quiesced,24191
train_b30_f06_02660,train,classical,324,400,410,8445,quiesced,24191
train_b30_f06_02660,train,classical,324,800,808,6751,quiesced,24191
train_b30_f06_02660,train,classical,324,1600,1621,6747,quiesced,24191
train_b30_f06_02660,train,classical,324,3200,3660,6747,quiesced,24191
train_b30_f06_02660,train,classical,324,6400,6976,6747,quiesced,24191
train_b30_f06_02660,train,classical,324,12800,12826,6747,quiesced,24191
train_b30_f06_02660,train,classical,324,25600,24191,6747,quiesced,24191
train_b30_f06_02660,train,classical,324,51200,24191,6747,quiesced,24191
train_b30_f06_02660,train,classical,324,102400,24191,6747,quiesced,24191
train_b30_f06_02660,train,classical,324,204800,24191,6747,quiesced,24191
dev_b33_f05_00742,dev,classical,330,25,64,10521,quiesced,12579
dev_b33_f05_00742,dev,classical,330,50,64,10521,quiesced,12579
dev_b33_f05_00742,dev,classical,330,100,191,10492,quiesced,12579
dev_b33_f05_00742,dev,classical,330,200,224,10480,quiesced,12579
dev_b33_f05_00742,dev,classical,330,400,400,10480,quiesced,12579
dev_b33_f05_00742,dev,classical,330,800,937,6921,quiesced,12579
dev_b33_f05_00742,dev,classical,330,1600,1641,6725,quiesced,12579
dev_b33_f05_00742,dev,classical,330,3200,3261,6725,quiesced,12579
dev_b33_f05_00742,dev,classical,330,6400,6430,6725,quiesced,12579
dev_b33_f05_00742,dev,classical,330,12800,12579,6725,quiesced,12579
dev_b33_f05_00742,dev,classical,330,25600,12579,6725,quiesced,12579
dev_b33_f05_00742,dev,classical,330,51200,12579,6725,quiesced,12579
dev_b33_f05_00742,dev,classical,330,102400,12579,6725,quiesced,12579
dev_b33_f05_00742,dev,classical,330,204800,12579,6725,quiesced,12579
train_b28_f03_02404,train,classical,334,25,57,19473,quiesced,14916
train_b28_f03_02404,train,classical,334,50,57,19473,quiesced,14916
train_b28_f03_02404,train,classical,334,100,168,19431,quiesced,14916
train_b28_f03_02404,train,classical,334,200,204,19377,quiesced,14916
train_b28_f03_02404,train,classical,334,400,400,18871,quiesced,14916
train_b28_f03_02404,train,classical,334,800,801,18863,quiesced,14916
train_b28_f03_02404,train,classical,334,1600,1730,18863,quiesced,14916
train_b28_f03_02404,train,classical,334,3200,3493,18863,quiesced,14916
train_b28_f03_02404,train,classical,334,6400,6831,18863,quiesced,14916
train_b28_f03_02404,train,classical,334,12800,12909,15520,quiesced,14916
train_b28_f03_02404,train,classical,334,25600,14916,15520,quiesced,14916
train_b28_f03_02404,train,classical,334,51200,14916,15520,quiesced,14916
train_b28_f03_02404,train,classical,334,102400,14916,15520,quiesced,14916
train_b28_f03_02404,train,classical,334,204800,14916,15520,quiesced,14916
train_b35_f07_03126,train,classical,339,25,58,9906,quiesced,7425
train_b35_f07_03126,train,classical,339,50,58,9906,quiesced,7425
train_b35_f07_03126,train,classical,339,100,170,9881,quiesced,7425
train_b35_f07_03126,train,classical,339,200,204,9853,quiesced,7425
train_b35_f07_03126,train,classical,339,400,414,9730,quiesced,7425
train_b35_f07_03126,train,classical,339,800,892,6517,quiesced,7425
train_b35_f07_03126,train,classical,339,1600,1651,6517,quiesced,7425
train_b35_f07_03126,train,classical,339,3200,3218,6517,quiesced,7425
train_b35_f07_03126,train,classical,339,6400,6483,6517,quiesced,7425
train_b35_f07_03126,train,classical,339,12800,7425,6517,quiesced,7425
train_b35_f07_03126,train,classical,339,25600,7425,6517,quiesced,7425
train_b35_f07_03126,train,classical,339,51200,7425,6517,quiesced,7425
train_b35_f07_03126,train,classical,339,102400,7425,6517,quiesced,7425
train_b35_f07_03126,train,classical,339,204800,7425,6517,quiesced,7425
train_b35_f01_03047,train,classical,344,25,53,9463,quiesced,2521
train_b35_f01_03047,train,classical,344,50,53,9463,quiesced,2521
train_b35_f01_03047,train,classical,344,100,156,9452,quiesced,2521
train_b35_f01_03047,train,classical,344,200,265,9448,quiesced,2521
train_b35_f01_03047,train,classical,344,400,401,9448,quiesced,2521
train_b35_f01_03047,train,classical,344,800,833,6359,quiesced,2521
train_b35_f01_03047,train,classical,344,1600,1713,6359,quiesced,2521
train_b35_f01_03047,train,classical,344,3200,2521,6359,quiesced,2521
train_b35_f01_03047,train,classical,344,6400,2521,6359,quiesced,2521
train_b35_f01_03047,train,classical,344,12800,2521,6359,quiesced,2521
train_b35_f01_03047,train,classical,344,25600,2521,6359,quiesced,2521
train_b35_f01_03047,train,classical,344,51200,2521,6359,quiesced,2521
train_b35_f01_03047,train,classical,344,102400,2521,6359,quiesced,2521
train_b35_f01_03047,train,classical,344,204800,2521,6359,quiesced,2521
train_b32_f01_02827,train,classical,348,25,67,3008747,quiesced,29982
train_b32_f01_02827,train,classical,348,50,67,3008747,quiesced,29982
train_b32_f01_02827,train,classical,348,100,195,3008744,quiesced,29982
train_b32_f01_02827,train,classical,348,200,208,3008744,quiesced,29982
train_b32_f01_02827,train,classical,348,400,403,2008163,quiesced,29982
train_b32_f01_02827,train,classical,348,800,853,2008163,quiesced,29982
train_b32_f01_02827,train,classical,348,1600,1692,2008163,quiesced,29982
train_b32_f01_02827,train,classical,348,3200,3203,2008163,quiesced,29982
train_b32_f01_02827,train,classical,348,6400,7863,3005701,quiesced,29982
train_b32_f01_02827,train,classical,348,12800,13753,3005677,quiesced,29982
train_b32_f01_02827,train,classical,348,25600,25938,3005677,quiesced,29982
train_b32_f01_02827,train,classical,348,51200,29982,3005677,quiesced,29982
train_b32_f01_02827,train,classical,348,102400,29982,3005677,quiesced,29982
train_b32_f01_02827,train,classical,348,204800,29982,3005677,quiesced,29982
train_b31_f02_02718,train,classical,353,25,62,9849,quiesced,10533
train_b31_f02_02718,train,classical,353,50,62,9849,quiesced,10533
train_b31_f02_02718,train,classical,353,100,185,9816,quiesced,10533
train_b31_f02_02718,train,classical,353,200,224,9788,quiesced,10533
train_b31_f02_02718,train,classical,353,400,401,9788,quiesced,10533
train_b31_f02_02718,train,classical,353,800,930,6853,quiesced,10533
train_b31_f02_02718,train,classical,353,1600,1636,6853,quiesced,10533
train_b31_f02_02718,train,classical,353,3200,3205,6853,quiesced,10533
train_b31_f02_02718,train,classical,353,6400,6445,6853,quiesced,10533
train_b31_f02_02718,train,classical,353,12800,10533,6853,quiesced,10533
train_b31_f02_02718,train,classical,353,25600,10533,6853,quiesced,10533
train_b31_f02_02718,train,classical,353,51200,10533,6853,quiesced,10533
train_b31_f02_02718,train,classical,353,102400,10533,6853,quiesced,10533
train_b31_f02_02718,train,classical,353,204800,10533,6853,quiesced,10533
train_b34_f02_02953,train,classical,356,25,62,4020540,quiesced,7894
train_b34_f02_02953,train,classical,356,50,62,4020540,quiesced,7894
train_b34_f02_02953,train,classical,356,100,186,4020496,quiesced,7894
train_b34_f02_02953,train,classical,356,200,218,4020480,quiesced,7894
train_b34_f02_02953,train,classical,356,400,402,12020470,quiesced,7894
train_b34_f02_02953,train,classical,356,800,823,14234,quiesced,7894
train_b34_f02_02953,train,classical,356,1600,1671,14234,quiesced,7894
train_b34_f02_02953,train,classical,356,3200,3209,14234,quiesced,7894
train_b34_f02_02953,train,classical,356,6400,6420,14234,quiesced,7894
train_b34_f02_02953,train,classical,356,12800,7894,14234,quiesced,7894
train_b34_f02_02953,train,classical,356,25600,7894,14234,quiesced,7894
train_b34_f02_02953,train,classical,356,51200,7894,14234,quiesced,7894
train_b34_f02_02953,train,classical,356,102400,7894,14234,quiesced,7894
train_b34_f02_02953,train,classical,356,204800,7894,14234,quiesced,7894
train_b26_f02_02270,train,classical,364,25,59,10043,quiesced,6146
train_b26_f02_02270,train,classical,364,50,59,10043,quiesced,6146
train_b26_f02_02270,train,classical,364,100,174,10034,quiesced,6146
train_b26_f02_02270,train,classical,364,200,296,10025,quiesced,6146
train_b26_f02_02270,train,classical,364,400,418,10025,quiesced,6146
train_b26_f02_02270,train,classical,364,800,850,7317,quiesced,6146
train_b26_f02_02270,train,classical,364,1600,1655,7111,quiesced,6146
train_b26_f02_02270,train,classical,364,3200,3267,7107,quiesced,6146
train_b26_f02_02270,train,classical,364,6400,6146,7107,quiesced,6146
train_b26_f02_02270,train,classical,364,12800,6146,7107,quiesced,6146
train_b26_f02_02270,train,classical,364,25600,6146,7107,quiesced,6146
train_b26_f02_02270,train,classical,364,51200,6146,7107,quiesced,6146
train_b26_f02_02270,train,classical,364,102400,6146,7107,quiesced,6146
train_b26_f02_02270,train,classical,364,204800,6146,7107,quiesced,6146
train_b34_f02_02950,train,classical,372,25,66,17310,quiesced,34556
train_b34_f02_02950,train,classical,372,50,66,17310,quiesced,34556
train_b34_f02_02950,train,classical,372,100,193,17290,quiesced,34556
train_b34_f02_02950,train,classical,372,200,201,17290,quiesced,34556
train_b34_f02_02950,train,classical,372,400,431,17256,quiesced,34556
train_b34_f02_02950,train,classical,372,800,885,17256,quiesced,34556
train_b34_f02_02950,train,classical,372,1600,1612,17256,quiesced,34556
train_b34_f02_02950,train,classical,372,3200,3290,17256,quiesced,34556
train_b34_f02_02950,train,classical,372,6400,7166,1002690,quiesced,34556
train_b34_f02_02950,train,classical,372,12800,13048,1001204,quiesced,34556
train_b34_f02_02950,train,classical,372,25600,25693,1001004,quiesced,34556
train_b34_f02_02950,train,classical,372,51200,34556,1001004,quiesced,34556
train_b34_f02_02950,train,classical,372,102400,34556,1001004,quiesced,34556
train_b34_f02_02950,train,classical,372,204800,34556,1001004,quiesced,34556
train_b34_f01_02939,train,classical,378,25,57,14821,quiesced,5018
train_b34_f01_02939,train,classical,378,50,57,14821,quiesced,5018
train_b34_f01_02939,train,classical,378,100,166,14794,quiesced,5018
train_b34_f01_02939,train,classical,378,200,287,14774,quiesced,5018
train_b34_f01_02939,train,classical,378,400,408,14774,quiesced,5018
train_b34_f01_02939,train,classical,378,800,837,8659,quiesced,5018
train_b34_f01_02939,train,classical,378,1600,1638,8651,quiesced,5018
train_b34_f01_02939,train,classical,378,3200,3398,8651,quiesced,5018
train_b34_f01_02939,train,classical,378,6400,5018,8651,quiesced,5018
train_b34_f01_02939,train,classical,378,12800,5018,8651,quiesced,5018
train_b34_f01_02939,train,classical,378,25600,5018,8651,quiesced,5018
train_b34_f01_02939,train,classical,378,51200,5018,8651,quiesced,5018
train_b34_f01_02939,train,classical,378,102400,5018,8651,quiesced,5018
train_b34_f01_02939,train,classical,378,204800,5018,8651,quiesced,5018
dev_b27_f02_00590,dev,classical,385,25,73,16701,quiesced,127855
dev_b27_f02_00590,dev,classical,385,50,73,16701,quiesced,127855
dev_b27_f02_00590,dev,classical,385,100,105,16620,quiesced,127855
dev_b27_f02_00590,dev,classical,385,200,252,16594,quiesced,127855
dev_b27_f02_00590,dev,classical,385,400,416,16594,quiesced,127855
dev_b27_f02_00590,dev,classical,385,800,891,10571,quiesced,127855
dev_b27_f02_00590,dev,classical,385,1600,1698,10548,quiesced,127855
dev_b27_f02_00590,dev,classical,385,3200,3201,10548,quiesced,127855
dev_b27_f02_00590,dev,classical,385,6400,6444,2010548,quiesced,127855
dev_b27_f02_00590,dev,classical,385,12800,13164,3011236,quiesced,127855
dev_b27_f02_00590,dev,classical,385,25600,26000,2011279,quiesced,127855
dev_b27_f02_00590,dev,classical,385,51200,51448,2011279,quiesced,127855
dev_b27_f02_00590,dev,classical,385,102400,102754,2011279,quiesced,127855
dev_b27_f02_00590,dev,classical,385,204800,127855,2011279,quiesced,127855
train_b28_f02_02392,train,classical,394,25,61,9708,quiesced,10462
train_b28_f02_02392,train,classical,394,50,61,9708,quiesced,10462
train_b28_f02_02392,train,classical,394,100,179,9698,quiesced,10462
train_b28_f02_02392,train,classical,394,200,205,9690,quiesced,10462
train_b28_f02_02392,train,classical,394,400,412,9684,quiesced,10462
train_b28_f02_02392,train,classical,394,800,826,9684,quiesced,10462
train_b28_f02_02392,train,classical,394,1600,1618,9552,quiesced,10462
train_b28_f02_02392,train,classical,394,3200,3269,7359,quiesced,10462
train_b28_f02_02392,train,classical,394,6400,6456,7359,quiesced,10462
train_b28_f02_02392,train,classical,394,12800,10462,7359,quiesced,10462
train_b28_f02_02392,train,classical,394,25600,10462,7359,quiesced,10462
train_b28_f02_02392,train,classical,394,51200,10462,7359,quiesced,10462
train_b28_f02_02392,train,classical,394,102400,10462,7359,quiesced,10462
train_b28_f02_02392,train,classical,394,204800,10462,7359,quiesced,10462
train_b28_f01_02371,train,classical,402,25,72,14228,quiesced,29266
train_b28_f01_02371,train,classical,402,50,72,14228,quiesced,29266
train_b28_f01_02371,train,classical,402,100,105,14167,quiesced,29266
train_b28_f01_02371,train,classical,402,200,257,14148,quiesced,29266
train_b28_f01_02371,train,classical,402,400,415,14144,quiesced,29266
train_b28_f01_02371,train,classical,402,800,829,10351,quiesced,29266
train_b28_f01_02371,train,classical,402,1600,1808,10306,quiesced,29266
train_b28_f01_02371,train,classical,402,3200,3504,10302,quiesced,29266
train_b28_f01_02371,train,classical,402,6400,7136,2009078,quiesced,29266
train_b28_f01_02371,train,classical,402,12800,12803,10252,quiesced,29266
train_b28_f01_02371,train,classical,402,25600,25955,10232,quiesced,29266
train_b28_f01_02371,train,classical,402,51200,29266,10232,quiesced,29266
train_b28_f01_02371,train,classical,402,102400,29266,10232,quiesced,29266
train_b28_f01_02371,train,classical,402,204800,29266,10232,quiesced,29266
train_b28_f04_02412,train,classical,407,25,78,11195,quiesced,6395
train_b28_f04_02412,train,classical,407,50,78,11195,quiesced,6395
train_b28_f04_02412,train,classical,407,100,113,11165,quiesced,6395
train_b28_f04_02412,train,classical,407,200,268,11141,quiesced,6395
train_b28_f04_02412,train,classical,407,400,423,11141,quiesced,6395
train_b28_f04_02412,train,classical,407,800,809,7763,quiesced,6395
train_b28_f04_02412,train,classical,407,1600,1708,7763,quiesced,6395
train_b28_f04_02412,train,classical,407,3200,3229,7757,quiesced,6395
train_b28_f04_02412,train,classical,407,6400,6395,7757,quiesced,6395
train_b28_f04_02412,train,classical,407,12800,6395,7757,quiesced,6395
train_b28_f04_02412,train,classical,407,25600,6395,7757,quiesced,6395
train_b28_f04_02412,train,classical,407,51200,6395,7757,quiesced,6395
train_b28_f04_02412,train,classical,407,102400,6395,7757,quiesced,6395
train_b28_f04_02412,train,classical,407,204800,6395,7757,quiesced,6395
train_b30_f03_02624,train,classical,415,25,77,18448,quiesced,3817
train_b30_f03_02624,train,classical,415,50,77,18448,quiesced,3817
train_b30_f03_02624,train,classical,415,100,102,18411,quiesced,3817
train_b30_f03_02624,train,classical,415,200,258,18345,quiesced,3817
train_b30_f03_02624,train,classical,415,400,414,18345,quiesced,3817
train_b30_f03_02624,train,classical,415,800,894,12249,quiesced,3817
train_b30_f03_02624,train,classical,415,1600,1627,4011926,quiesced,3817
train_b30_f03_02624,train,classical,415,3200,3224,4011926,quiesced,3817
train_b30_f03_02624,train,classical,415,6400,3817,4011926,quiesced,3817
train_b30_f03_02624,train,classical,415,12800,3817,4011926,quiesced,3817
train_b30_f03_02624,train,classical,415,25600,3817,4011926,quiesced,3817
train_b30_f03_02624,train,classical,415,51200,3817,4011926,quiesced,3817
train_b30_f03_02624,train,classical,415,102400,3817,4011926,quiesced,3817
train_b30_f03_02624,train,classical,415,204800,3817,4011926,quiesced,3817
train_b31_f04_02745,train,classical,422,25,79,15856,quiesced,30675
train_b31_f04_02745,train,classical,422,50,79,15856,quiesced,30675
train_b31_f04_02745,train,classical,422,100,113,15793,quiesced,30675
train_b31_f04_02745,train,classical,422,200,276,15735,quiesced,30675
train_b31_f04_02745,train,classical,422,400,439,15735,quiesced,30675
train_b31_f04_02745,train,classical,422,800,824,8155,quiesced,30675
train_b31_f04_02745,train,classical,422,1600,1697,7590,quiesced,30675
train_b31_f04_02745,train,classical,422,3200,3349,7590,quiesced,30675
train_b31_f04_02745,train,classical,422,6400,6812,7580,quiesced,30675
train_b31_f04_02745,train,classical,422,12800,12822,7580,quiesced,30675
train_b31_f04_02745,train,classical,422,25600,25820,7580,quiesced,30675
train_b31_f04_02745,train,classical,422,51200,30675,7580,quiesced,30675
train_b31_f04_02745,train,classical,422,102400,30675,7580,quiesced,30675
train_b31_f04_02745,train,classical,422,204800,30675,7580,quiesced,30675
train_b34_f00_02917,train,classical,433,25,65,15879,quiesced,42440
train_b34_f00_02917,train,classical,433,50,65,15879,quiesced,42440
train_b34_f00_02917,train,classical,433,100,189,15868,quiesced,42440
train_b34_f00_02917,train,classical,433,200,205,15864,quiesced,42440
train_b34_f00_02917,train,classical,433,400,400,15232,quiesced,42440
train_b34_f00_02917,train,classical,433,800,801,15043,quiesced,42440
train_b34_f00_02917,train,classical,433,1600,1651,10871,quiesced,42440
train_b34_f00_02917,train,classical,433,3200,3275,10829,quiesced,42440
train_b34_f00_02917,train,classical,433,6400,6456,10829,quiesced,42440
train_b34_f00_02917,train,classical,433,12800,13184,10829,quiesced,42440
train_b34_f00_02917,train,classical,433,25600,26586,10829,quiesced,42440
train_b34_f00_02917,train,classical,433,51200,42440,10829,quiesced,42440
train_b34_f00_02917,train,classical,433,102400,42440,10829,quiesced,42440
train_b34_f00_02917,train,classical,433,204800,42440,10829,quiesced,42440
train_b34_f02_02941,train,classical,443,25,82,4010145,quiesced,8738
train_b34_f02_02941,train,classical,443,50,82,4010145,quiesced,8738
train_b34_f02_02941,train,classical,443,100,106,4010122,quiesced,8738
train_b34_f02_02941,train,classical,443,200,272,4010110,quiesced,8738
train_b34_f02_02941,train,classical,443,400,438,4010110,quiesced,8738
train_b34_f02_02941,train,classical,443,800,958,2008659,quiesced,8738
train_b34_f02_02941,train,classical,443,1600,1777,2008659,quiesced,8738
train_b34_f02_02941,train,classical,443,3200,3208,2008659,quiesced,8738
train_b34_f02_02941,train,classical,443,6400,6471,2008659,quiesced,8738
train_b34_f02_02941,train,classical,443,12800,8738,2008659,quiesced,8738
train_b34_f02_02941,train,classical,443,25600,8738,2008659,quiesced,8738
train_b34_f02_02941,train,classical,443,51200,8738,2008659,quiesced,8738
train_b34_f02_02941,train,classical,443,102400,8738,2008659,quiesced,8738
train_b34_f02_02941,train,classical,443,204800,8738,2008659,quiesced,8738
train_b31_f04_02756,train,classical,451,25,76,14024,quiesced,13943
train_b31_f04_02756,train,classical,451,50,76,14024,quiesced,13943
train_b31_f04_02756,train,classical,451,100,224,14018,quiesced,13943
train_b31_f04_02756,train,classical,451,200,224,14018,quiesced,13943
train_b31_f04_02756,train,classical,451,400,403,14011,quiesced,13943
train_b31_f04_02756,train,classical,451,800,855,8800,quiesced,13943
train_b31_f04_02756,train,classical,451,1600,1684,8800,quiesced,13943
train_b31_f04_02756,train,classical,451,3200,3296,8800,quiesced,13943
train_b31_f04_02756,train,classical,451,6400,6704,8800,quiesced,13943
train_b31_f04_02756,train,classical,451,12800,12862,8672,quiesced,13943
train_b31_f04_02756,train,classical,451,25600,13943,8672,quiesced,13943
train_b31_f04_02756,train,classical,451,51200,13943,8672,quiesced,13943
train_b31_f04_02756,train,classical,451,102400,13943,8672,quiesced,13943
train_b31_f04_02756,train,classical,451,204800,13943,8672,quiesced,13943
train_b28_f00_02365,train,classical,455,25,72,4011877,quiesced,40639
train_b28_f00_02365,train,classical,455,50,72,4011877,quiesced,40639
train_b28_f00_02365,train,classical,455,100,213,4011842,quiesced,40639
train_b28_f00_02365,train,classical,455,200,213,4011842,quiesced,40639
train_b28_f00_02365,train,classical,455,400,403,4011076,quiesced,40639
train_b28_f00_02365,train,classical,455,800,831,7562,quiesced,40639
train_b28_f00_02365,train,classical,455,1600,1667,7524,quiesced,40639
train_b28_f00_02365,train,classical,455,3200,3245,7521,quiesced,40639
train_b28_f00_02365,train,classical,455,6400,7334,7507,quiesced,40639
train_b28_f00_02365,train,classical,455,12800,13865,7507,quiesced,40639
train_b28_f00_02365,train,classical,455,25600,25955,7507,quiesced,40639
train_b28_f00_02365,train,classical,455,51200,40639,7507,quiesced,40639
train_b28_f00_02365,train,classical,455,102400,40639,7507,quiesced,40639
train_b28_f00_02365,train,classical,455,204800,40639,7507,quiesced,40639
train_b25_f03_02178,train,classical,465,25,86,3016743,quiesced,9722
train_b25_f03_02178,train,classical,465,50,86,3016743,quiesced,9722
train_b25_f03_02178,train,classical,465,100,112,3016728,quiesced,9722
train_b25_f03_02178,train,classical,465,200,282,3016708,quiesced,9722
train_b25_f03_02178,train,classical,465,400,453,3016693,quiesced,9722
train_b25_f03_02178,train,classical,465,800,822,10914,quiesced,9722
train_b25_f03_02178,train,classical,465,1600,1863,10675,quiesced,9722
train_b25_f03_02178,train,classical,465,3200,3497,10675,quiesced,9722
train_b25_f03_02178,train,classical,465,6400,6508,10675,quiesced,9722
train_b25_f03_02178,train,classical,465,12800,9722,10675,quiesced,9722
train_b25_f03_02178,train,classical,465,25600,9722,10675,quiesced,9722
train_b25_f03_02178,train,classical,465,51200,9722,10675,quiesced,9722
train_b25_f03_02178,train,classical,465,102400,9722,10675,quiesced,9722
train_b25_f03_02178,train,classical,465,204800,9722,10675,quiesced,9722
train_b35_f05_03100,train,classical,472,25,80,18836,quiesced,10010
train_b35_f05_03100,train,classical,472,50,80,18836,quiesced,10010
train_b35_f05_03100,train,classical,472,100,107,18795,quiesced,10010
train_b35_f05_03100,train,classical,472,200,274,18755,quiesced,10010
train_b35_f05_03100,train,classical,472,400,441,18755,quiesced,10010
train_b35_f05_03100,train,classical,472,800,807,12213,quiesced,10010
train_b35_f05_03100,train,classical,472,1600,1601,11147,quiesced,10010
train_b35_f05_03100,train,classical,472,3200,3379,10967,quiesced,10010
train_b35_f05_03100,train,classical,472,6400,6440,10967,quiesced,10010
train_b35_f05_03100,train,classical,472,12800,10010,10967,quiesced,10010
train_b35_f05_03100,train,classical,472,25600,10010,10967,quiesced,10010
train_b35_f05_03100,train,classical,472,51200,10010,10967,quiesced,10010
train_b35_f05_03100,train,classical,472,102400,10010,10967,quiesced,10010
train_b35_f05_03100,train,classical,472,204800,10010,10967,quiesced,10010
train_b28_f01_02370,train,classical,477,25,91,14656,quiesced,21513
train_b28_f01_02370,train,classical,477,50,91,14656,quiesced,21513
train_b28_f01_02370,train,classical,477,100,114,14624,quiesced,21513
train_b28_f01_02370,train,classical,477,200,297,14592,quiesced,21513
train_b28_f01_02370,train,classical,477,400,480,14592,quiesced,21513
train_b28_f01_02370,train,classical,477,800,801,11471,quiesced,21513
train_b28_f01_02370,train,classical,477,1600,1870,8836,quiesced,21513
train_b28_f01_02370,train,classical,477,3200,3520,8836,quiesced,21513
train_b28_f01_02370,train,classical,477,6400,6412,8836,quiesced,21513
train_b28_f01_02370,train,classical,477,12800,12855,8838,quiesced,21513
train_b28_f01_02370,train,classical,477,25600,21513,8838,quiesced,21513
train_b28_f01_02370,train,classical,477,51200,21513,8838,quiesced,21513
train_b28_f01_02370,train,classical,477,102400,21513,8838,quiesced,21513
train_b28_f01_02370,train,classical,477,204800,21513,8838,quiesced,21513
dev_b33_f01_00690,dev,classical,482,25,81,21432,quiesced,3178
dev_b33_f01_00690,dev,classical,482,50,81,21432,quiesced,3178
dev_b33_f01_00690,dev,classical,482,100,236,21401,quiesced,3178
dev_b33_f01_00690,dev,classical,482,200,236,21401,quiesced,3178
dev_b33_f01_00690,dev,classical,482,400,403,21381,quiesced,3178
dev_b33_f01_00690,dev,classical,482,800,897,14666,quiesced,3178
dev_b33_f01_00690,dev,classical,482,1600,1636,14666,quiesced,3178
dev_b33_f01_00690,dev,classical,482,3200,3178,14666,quiesced,3178
dev_b33_f01_00690,dev,classical,482,6400,3178,14666,quiesced,3178
dev_b33_f01_00690,dev,classical,482,12800,3178,14666,quiesced,3178
dev_b33_f01_00690,dev,classical,482,25600,3178,14666,quiesced,3178
dev_b33_f01_00690,dev,classical,482,51200,3178,14666,quiesced,3178
dev_b33_f01_00690,dev,classical,482,102400,3178,14666,quiesced,3178
dev_b33_f01_00690,dev,classical,482,204800,3178,14666,quiesced,3178
train_b34_f01_02931,train,classical,490,25,74,10017113,quiesced,5019
train_b34_f01_02931,train,classical,490,50,74,10017113,quiesced,5019
train_b34_f01_02931,train,classical,490,100,217,10017100,quiesced,5019
train_b34_f01_02931,train,classical,490,200,217,10017100,quiesced,5019
train_b34_f01_02931,train,classical,490,400,401,10017089,quiesced,5019
train_b34_f01_02931,train,classical,490,800,800,2011206,quiesced,5019
train_b34_f01_02931,train,classical,490,1600,1638,2011002,quiesced,5019
train_b34_f01_02931,train,classical,490,3200,3266,11002,quiesced,5019
train_b34_f01_02931,train,classical,490,6400,5019,11002,quiesced,5019
train_b34_f01_02931,train,classical,490,12800,5019,11002,quiesced,5019
train_b34_f01_02931,train,classical,490,25600,5019,11002,quiesced,5019
train_b34_f01_02931,train,classical,490,51200,5019,11002,quiesced,5019
train_b34_f01_02931,train,classical,490,102400,5019,11002,quiesced,5019
train_b34_f01_02931,train,classical,490,204800,5019,11002,quiesced,5019
train_b37_f00_03256,train,classical,505,25,80,14315,quiesced,38305
train_b37_f00_03256,train,classical,505,50,80,14315,quiesced,38305
train_b37_f00_03256,train,classical,505,100,109,14295,quiesced,38305
train_b37_f00_03256,train,classical,505,200,267,14280,quiesced,38305
train_b37_f00_03256,train,classical,505,400,431,14276,quiesced,38305
train_b37_f00_03256,train,classical,505,800,805,13669,quiesced,38305
train_b37_f00_03256,train,classical,505,1600,1935,13669,quiesced,38305
train_b37_f00_03256,train,classical,505,3200,3892,1000575,quiesced,38305
train_b37_f00_03256,train,classical,505,6400,6611,1000575,quiesced,38305
train_b37_f00_03256,train,classical,505,12800,13711,1000388,quiesced,38305
train_b37_f00_03256,train,classical,505,25600,25888,1000388,quiesced,38305
train_b37_f00_03256,train,classical,505,51200,38305,1000388,quiesced,38305
train_b37_f00_03256,train,classical,505,102400,38305,1000388,quiesced,38305
train_b37_f00_03256,train,classical,505,204800,38305,1000388,quiesced,38305
train_b34_f07_03023,train,classical,525,25,92,14981,quiesced,8903
train_b34_f07_03023,train,classical,525,50,92,14981,quiesced,8903
train_b34_f07_03023,train,classical,525,100,100,14981,quiesced,8903
train_b34_f07_03023,train,classical,525,200,279,14944,quiesced,8903
train_b34_f07_03023,train,classical,525,400,495,14893,quiesced,8903
train_b34_f07_03023,train,classical,525,800,835,14746,quiesced,8903
train_b34_f07_03023,train,classical,525,1600,1752,13030,quiesced,8903
train_b34_f07_03023,train,classical,525,3200,3218,13030,quiesced,8903
train_b34_f07_03023,train,classical,525,6400,6403,13030,quiesced,8903
train_b34_f07_03023,train,classical,525,12800,8903,13030,quiesced,8903
train_b34_f07_03023,train,classical,525,25600,8903,13030,quiesced,8903
train_b34_f07_03023,train,classical,525,51200,8903,13030,quiesced,8903
train_b34_f07_03023,train,classical,525,102400,8903,13030,quiesced,8903
train_b34_f07_03023,train,classical,525,204800,8903,13030,quiesced,8903
train_b29_f05_02534,train,classical,536,25,84,17817,quiesced,36321
train_b29_f05_02534,train,classical,536,50,84,17817,quiesced,36321
train_b29_f05_02534,train,classical,536,100,106,17792,quiesced,36321
train_b29_f05_02534,train,classical,536,200,279,17777,quiesced,36321
train_b29_f05_02534,train,classical,536,400,458,17773,quiesced,36321
train_b29_f05_02534,train,classical,536,800,820,10421,quiesced,36321
train_b29_f05_02534,train,classical,536,1600,1649,10095,quiesced,36321
train_b29_f05_02534,train,classical,536,3200,3223,9905,quiesced,36321
train_b29_f05_02534,train,classical,536,6400,7011,9905,quiesced,36321
train_b29_f05_02534,train,classical,536,12800,13503,9905,quiesced,36321
train_b29_f05_02534,train,classical,536,25600,25847,9905,quiesced,36321
train_b29_f05_02534,train,classical,536,51200,36321,9905,quiesced,36321
train_b29_f05_02534,train,classical,536,102400,36321,9905,quiesced,36321
train_b29_f05_02534,train,classical,536,204800,36321,9905,quiesced,36321
train_b34_f00_02915,train,classical,562,25,32,17701,quiesced,28537
train_b34_f00_02915,train,classical,562,50,77,17644,quiesced,28537
train_b34_f00_02915,train,classical,562,100,131,17571,quiesced,28537
train_b34_f00_02915,train,classical,562,200,276,17561,quiesced,28537
train_b34_f00_02915,train,classical,562,400,524,17555,quiesced,28537
train_b34_f00_02915,train,classical,562,800,806,17547,quiesced,28537
train_b34_f00_02915,train,classical,562,1600,1630,11771,quiesced,28537
train_b34_f00_02915,train,classical,562,3200,3202,11629,quiesced,28537
train_b34_f00_02915,train,classical,562,6400,6546,1011625,quiesced,28537
train_b34_f00_02915,train,classical,562,12800,12837,1011625,quiesced,28537
train_b34_f00_02915,train,classical,562,25600,25680,6011419,quiesced,28537
train_b34_f00_02915,train,classical,562,51200,28537,6011419,quiesced,28537
train_b34_f00_02915,train,classical,562,102400,28537,6011419,quiesced,28537
train_b34_f00_02915,train,classical,562,204800,28537,6011419,quiesced,28537
train_b35_f03_03073,train,classical,575,25,86,17020246,quiesced,7621
train_b35_f03_03073,train,classical,575,50,86,17020246,quiesced,7621
train_b35_f03_03073,train,classical,575,100,111,17020227,quiesced,7621
train_b35_f03_03073,train,classical,575,200,280,17020215,quiesced,7621
train_b35_f03_03073,train,classical,575,400,450,17020200,quiesced,7621
train_b35_f03_03073,train,classical,575,800,813,12792,quiesced,7621
train_b35_f03_03073,train,classical,575,1600,1689,12622,quiesced,7621
train_b35_f03_03073,train,classical,575,3200,3243,12622,quiesced,7621
train_b35_f03_03073,train,classical,575,6400,6520,12622,quiesced,7621
train_b35_f03_03073,train,classical,575,12800,7621,12622,quiesced,7621
train_b35_f03_03073,train,classical,575,25600,7621,12622,quiesced,7621
train_b35_f03_03073,train,classical,575,51200,7621,12622,quiesced,7621
train_b35_f03_03073,train,classical,575,102400,7621,12622,quiesced,7621
train_b35_f03_03073,train,classical,575,204800,7621,12622,quiesced,7621
train_b35_f01_03049,train,classical,594,25,105,24355,quiesced,9072
train_b35_f01_03049,train,classical,594,50,105,24355,quiesced,9072
train_b35_f01_03049,train,classical,594,100,105,24355,quiesced,9072
train_b35_f01_03049,train,classical,594,200,304,24340,quiesced,9072
train_b35_f01_03049,train,classical,594,400,527,24320,quiesced,9072
train_b35_f01_03049,train,classical,594,800,803,24014,quiesced,9072
train_b35_f01_03049,train,classical,594,1600,1644,18001,quiesced,9072
train_b35_f01_03049,train,classical,594,3200,3263,17792,quiesced,9072
train_b35_f01_03049,train,classical,594,6400,6558,17792,quiesced,9072
train_b35_f01_03049,train,classical,594,12800,9072,17792,quiesced,9072
train_b35_f01_03049,train,classical,594,25600,9072,17792,quiesced,9072
train_b35_f01_03049,train,classical,594,51200,9072,17792,quiesced,9072
train_b35_f01_03049,train,classical,594,102400,9072,17792,quiesced,9072
train_b35_f01_03049,train,classical,594,204800,9072,17792,quiesced,9072
train_b31_f05_02761,train,classical,622,25,27,2018927,quiesced,36695
train_b31_f05_02761,train,classical,622,50,70,2018861,quiesced,36695
train_b31_f05_02761,train,classical,622,100,121,2018815,quiesced,36695
train_b31_f05_02761,train,classical,622,200,254,2018777,quiesced,36695
train_b31_f05_02761,train,classical,622,400,476,2018777,quiesced,36695
train_b31_f05_02761,train,classical,622,800,814,1003561,quiesced,36695
train_b31_f05_02761,train,classical,622,1600,1746,1003561,quiesced,36695
train_b31_f05_02761,train,classical,622,3200,3934,1003561,quiesced,36695
train_b31_f05_02761,train,classical,622,6400,7018,1003561,quiesced,36695
train_b31_f05_02761,train,classical,622,12800,13915,10151,quiesced,36695
train_b31_f05_02761,train,classical,622,25600,25956,9657,quiesced,36695
train_b31_f05_02761,train,classical,622,51200,36695,9657,quiesced,36695
train_b31_f05_02761,train,classical,622,102400,36695,9657,quiesced,36695
train_b31_f05_02761,train,classical,622,204800,36695,9657,quiesced,36695
train_b36_f04_03205,train,classical,634,25,25,13022419,quiesced,16502
train_b36_f04_03205,train,classical,634,50,69,13022350,quiesced,16502
train_b36_f04_03205,train,classical,634,100,122,13022285,quiesced,16502
train_b36_f04_03205,train,classical,634,200,267,22278,quiesced,16502
train_b36_f04_03205,train,classical,634,400,515,22275,quiesced,16502
train_b36_f04_03205,train,classical,634,800,804,11022272,quiesced,16502
train_b36_f04_03205,train,classical,634,1600,1676,1012036,quiesced,16502
train_b36_f04_03205,train,classical,634,3200,3291,1011920,quiesced,16502
train_b36_f04_03205,train,classical,634,6400,6429,1011920,quiesced,16502
train_b36_f04_03205,train,classical,634,12800,12900,1011920,quiesced,16502
train_b36_f04_03205,train,classical,634,25600,16502,1011920,quiesced,16502
train_b36_f04_03205,train,classical,634,51200,16502,1011920,quiesced,16502
train_b36_f04_03205,train,classical,634,102400,16502,1011920,quiesced,16502
train_b36_f04_03205,train,classical,634,204800,16502,1011920,quiesced,16502
train_b35_f05_03097,train,classical,667,25,26,19394,quiesced,7689
train_b35_f05_03097,train,classical,667,50,67,19350,quiesced,7689
train_b35_f05_03097,train,classical,667,100,112,19330,quiesced,7689
train_b35_f05_03097,train,classical,667,200,244,19330,quiesced,7689
train_b35_f05_03097,train,classical,667,400,470,19330,quiesced,7689
train_b35_f05_03097,train,classical,667,800,804,19327,quiesced,7689
train_b35_f05_03097,train,classical,667,1600,1766,15624,quiesced,7689
train_b35_f05_03097,train,classical,667,3200,3272,15610,quiesced,7689
train_b35_f05_03097,train,classical,667,6400,6414,15610,quiesced,7689
train_b35_f05_03097,train,classical,667,12800,7689,15610,quiesced,7689
train_b35_f05_03097,train,classical,667,25600,7689,15610,quiesced,7689
train_b35_f05_03097,train,classical,667,51200,7689,15610,quiesced,7689
train_b35_f05_03097,train,classical,667,102400,7689,15610,quiesced,7689
train_b35_f05_03097,train,classical,667,204800,7689,15610,quiesced,7689
train_b37_f04_03307,train,classical,700,25,110,2021425,quiesced,15382
train_b37_f04_03307,train,classical,700,50,110,2021425,quiesced,15382
train_b37_f04_03307,train,classical,700,100,110,2021425,quiesced,15382
train_b37_f04_03307,train,classical,700,200,325,2021390,quiesced,15382
train_b37_f04_03307,train,classical,700,400,564,2021370,quiesced,15382
train_b37_f04_03307,train,classical,700,800,803,2021370,quiesced,15382
train_b37_f04_03307,train,classical,700,1600,1619,13748,quiesced,15382
train_b37_f04_03307,train,classical,700,3200,3604,13576,quiesced,15382
train_b37_f04_03307,train,classical,700,6400,7181,13576,quiesced,15382
train_b37_f04_03307,train,classical,700,12800,12853,13576,quiesced,15382
train_b37_f04_03307,train,classical,700,25600,15382,13576,quiesced,15382
train_b37_f04_03307,train,classical,700,51200,15382,13576,quiesced,15382
train_b37_f04_03307,train,classical,700,102400,15382,13576,quiesced,15382
train_b37_f04_03307,train,classical,700,204800,15382,13576,quiesced,15382
train_b35_f06_03117,train,classical,736,25,25,20953,quiesced,35099
train_b35_f06_03117,train,classical,736,50,61,20899,quiesced,35099
train_b35_f06_03117,train,classical,736,100,103,20853,quiesced,35099
train_b35_f06_03117,train,classical,736,200,252,20847,quiesced,35099
train_b35_f06_03117,train,classical,736,400,519,20841,quiesced,35099
train_b35_f06_03117,train,classical,736,800,833,20833,quiesced,35099
train_b35_f06_03117,train,classical,736,1600,1741,13900,quiesced,35099
train_b35_f06_03117,train,classical,736,3200,3558,13694,quiesced,35099
train_b35_f06_03117,train,classical,736,6400,7103,13694,quiesced,35099
train_b35_f06_03117,train,classical,736,12800,13608,13622,quiesced,35099
train_b35_f06_03117,train,classical,736,25600,25635,13622,quiesced,35099
train_b35_f06_03117,train,classical,736,51200,35099,13622,quiesced,35099
train_b35_f06_03117,train,classical,736,102400,35099,13622,quiesced,35099
train_b35_f06_03117,train,classical,736,204800,35099,13622,quiesced,35099
