expr_name,tier,node_count,curve,frac,iteration,rules_allowed,applications,classes,nodes,cost,regret_pct
band0_depth2_s0,rapid,11,unguided,0.25,2,62,15,15,15,31,0.0000
band0_depth2_s0,rapid,11,unguided,0.5,2,62,15,15,15,31,0.0000
band0_depth2_s0,rapid,11,unguided,1,2,62,15,15,15,31,0.0000
band0_depth2_s0,rapid,11,unguided,2,2,62,15,15,15,31,0.0000
band0_depth2_s0,rapid,11,unguided,3,2,62,15,15,15,31,0.0000
band0_depth2_s0,rapid,11,oracle,0.25,2,4,15,15,15,31,0.0000
band0_depth2_s0,rapid,11,oracle,0.5,2,4,15,15,15,31,0.0000
band0_depth2_s0,rapid,11,oracle,1,2,4,15,15,15,31,0.0000
band0_depth2_s0,rapid,11,oracle,2,2,4,15,15,15,31,0.0000
band0_depth2_s0,rapid,11,oracle,3,2,4,15,15,15,31,0.0000
band0_depth2_s1,blitz,9,unguided,0.25,2,62,15,11,11,7,0.0000
band0_depth2_s1,blitz,9,unguided,0.5,2,62,15,11,11,7,0.0000
band0_depth2_s1,blitz,9,unguided,1,2,62,15,11,11,7,0.0000
band0_depth2_s1,blitz,9,unguided,2,2,62,15,11,11,7,0.0000
band0_depth2_s1,blitz,9,unguided,3,2,62,15,11,11,7,0.0000
band0_depth2_s1,blitz,9,oracle,0.25,2,4,13,11,11,7,0.0000
band0_depth2_s1,blitz,9,oracle,0.5,2,4,13,11,11,7,0.0000
band0_depth2_s1,blitz,9,oracle,1,2,4,13,11,11,7,0.0000
band0_depth2_s1,blitz,9,oracle,2,2,4,13,11,11,7,0.0000
band0_depth2_s1,blitz,9,oracle,3,2,4,13,11,11,7,0.0000
band0_depth2_s2,rapid,11,unguided,0.25,3,62,34,16,16,204,0.0000
band0_depth2_s2,rapid,11,unguided,0.5,3,62,34,16,16,204,0.0000
band0_depth2_s2,rapid,11,unguided,1,3,62,34,16,16,204,0.0000
band0_depth2_s2,rapid,11,unguided,2,3,62,34,16,16,204,0.0000
band0_depth2_s2,rapid,11,unguided,3,3,62,34,16,16,204,0.0000
band0_depth2_s2,rapid,11,oracle,0.25,3,4,34,16,16,204,0.0000
band0_depth2_s2,rapid,11,oracle,0.5,3,4,34,16,16,204,0.0000
band0_depth2_s2,rapid,11,oracle,1,3,4,34,16,16,204,0.0000
band0_depth2_s2,rapid,11,oracle,2,3,4,34,16,16,204,0.0000
band0_depth2_s2,rapid,11,oracle,3,3,4,34,16,16,204,0.0000
band0_depth2_s3,rapid,23,unguided,0.25,3,62,80,33,33,52,0.0000
band0_depth2_s3,rapid,23,unguided,0.5,3,62,80,33,33,52,0.0000
band0_depth2_s3,rapid,23,unguided,1,3,62,80,33,33,52,0.0000
band0_depth2_s3,rapid,23,unguided,2,3,62,80,33,33,52,0.0000
band0_depth2_s3,rapid,23,unguided,3,3,62,80,33,33,52,0.0000
band0_depth2_s3,rapid,23,oracle,0.25,3,8,80,33,33,52,0.0000
band0_depth2_s3,rapid,23,oracle,0.5,3,8,80,33,33,52,0.0000
band0_depth2_s3,rapid,23,oracle,1,3,8,80,33,33,52,0.0000
band0_depth2_s3,rapid,23,oracle,2,3,8,80,33,33,52,0.0000
band0_depth2_s3,rapid,23,oracle,3,3,8,80,33,33,52,0.0000
band0_depth2_s4,blitz,6,unguided,0.25,2,62,7,7,7,8,0.0000
band0_depth2_s4,blitz,6,unguided,0.5,2,62,7,7,7,8,0.0000
band0_depth2_s4,blitz,6,unguided,1,2,62,7,7,7,8,0.0000
band0_depth2_s4,blitz,6,unguided,2,2,62,7,7,7,8,0.0000
band0_depth2_s4,blitz,6,unguided,3,2,62,7,7,7,8,0.0000
band0_depth2_s4,blitz,6,oracle,0.25,2,2,7,7,7,8,0.0000
band0_depth2_s4,blitz,6,oracle,0.5,2,2,7,7,7,8,0.0000
band0_depth2_s4,blitz,6,oracle,1,2,2,7,7,7,8,0.0000
band0_depth2_s4,blitz,6,oracle,2,2,2,7,7,7,8,0.0000
band0_depth2_s4,blitz,6,oracle,3,2,2,7,7,7,8,0.0000
band0_depth2_s5,rapid,13,unguided,0.25,2,62,18,17,17,115,0.0000
band0_depth2_s5,rapid,13,unguided,0.5,2,62,18,17,17,115,0.0000
band0_depth2_s5,rapid,13,unguided,1,2,62,18,17,17,115,0.0000
band0_depth2_s5,rapid,13,unguided,2,2,62,18,17,17,115,0.0000
band0_depth2_s5,rapid,13,unguided,3,2,62,18,17,17,115,0.0000
band0_depth2_s5,rapid,13,oracle,0.25,2,5,18,17,17,115,0.0000
band0_depth2_s5,rapid,13,oracle,0.5,2,5,18,17,17,115,0.0000
band0_depth2_s5,rapid,13,oracle,1,2,5,18,17,17,115,0.0000
band0_depth2_s5,rapid,13,oracle,2,2,5,18,17,17,115,0.0000
band0_depth2_s5,rapid,13,oracle,3,2,5,18,17,17,115,0.0000
band0_depth2_s6,rapid,12,unguided,0.25,3,62,52,24,24,209,0.0000
band0_depth2_s6,rapid,12,unguided,0.5,3,62,52,24,24,209,0.0000
band0_depth2_s6,rapid,12,unguided,1,3,62,52,24,24,209,0.0000
band0_depth2_s6,rapid,12,unguided,2,3,62,52,24,24,209,0.0000
band0_depth2_s6,rapid,12,unguided,3,3,62,52,24,24,209,0.0000
band0_depth2_s6,rapid,12,oracle,0.25,3,6,52,24,24,209,0.0000
band0_depth2_s6,rapid,12,oracle,0.5,3,6,52,24,24,209,0.0000
band0_depth2_s6,rapid,12,oracle,1,3,6,52,24,24,209,0.0000
band0_depth2_s6,rapid,12,oracle,2,3,6,52,24,24,209,0.0000
band0_depth2_s6,rapid,12,oracle,3,3,6,52,24,24,209,0.0000
band0_depth2_s7,rapid,21,unguided,0.25,2,62,38,30,30,337,0.0000
band0_depth2_s7,rapid,21,unguided,0.5,2,62,38,30,30,337,0.0000
band0_depth2_s7,rapid,21,unguided,1,2,62,38,30,30,337,0.0000
band0_depth2_s7,rapid,21,unguided,2,2,62,38,30,30,337,0.0000
band0_depth2_s7,rapid,21,unguided,3,2,62,38,30,30,337,0.0000
band0_depth2_s7,rapid,21,oracle,0.25,2,6,38,30,30,337,0.0000
band0_depth2_s7,rapid,21,oracle,0.5,2,6,38,30,30,337,0.0000
band0_depth2_s7,rapid,21,oracle,1,2,6,38,30,30,337,0.0000
band0_depth2_s7,rapid,21,oracle,2,2,6,38,30,30,337,0.0000
band0_depth2_s7,rapid,21,oracle,3,2,6,38,30,30,337,0.0000
band0_depth2_s8,blitz,7,unguided,0.25,5,62,374,88,88,0,0.0000
band0_depth2_s8,blitz,7,unguided,0.5,10,62,2159,242,242,0,0.0000
band0_depth2_s8,blitz,7,unguided,1,20,62,12758,585,585,0,0.0000
band0_depth2_s8,blitz,7,unguided,2,40,62,40168,825,825,0,0.0000
band0_depth2_s8,blitz,7,unguided,3,60,62,68559,1011,1011,0,0.0000
band0_depth2_s8,blitz,7,oracle,0.25,5,8,349,88,88,0,0.0000
band0_depth2_s8,blitz,7,oracle,0.5,10,8,2059,242,242,0,0.0000
band0_depth2_s8,blitz,7,oracle,1,20,8,12358,585,585,0,0.0000
band0_depth2_s8,blitz,7,oracle,2,40,8,38568,825,825,0,0.0000
band0_depth2_s8,blitz,7,oracle,3,60,8,64959,1011,1011,0,0.0000
band0_depth2_s9,blitz,8,unguided,0.25,4,62,29,14,14,73,0.0000
band0_depth2_s9,blitz,8,unguided,0.5,4,62,29,14,14,73,0.0000
band0_depth2_s9,blitz,8,unguided,1,4,62,29,14,14,73,0.0000
band0_depth2_s9,blitz,8,unguided,2,4,62,29,14,14,73,0.0000
band0_depth2_s9,blitz,8,unguided,3,4,62,29,14,14,73,0.0000
band0_depth2_s9,blitz,8,oracle,0.25,4,4,29,14,14,73,0.0000
band0_depth2_s9,blitz,8,oracle,0.5,4,4,29,14,14,73,0.0000
band0_depth2_s9,blitz,8,oracle,1,4,4,29,14,14,73,0.0000
band0_depth2_s9,blitz,8,oracle,2,4,4,29,14,14,73,0.0000
band0_depth2_s9,blitz,8,oracle,3,4,4,29,14,14,73,0.0000
band0_depth2_s10,blitz,6,unguided,0.25,2,62,8,8,8,6,0.0000
band0_depth2_s10,blitz,6,unguided,0.5,2,62,8,8,8,6,0.0000
band0_depth2_s10,blitz,6,unguided,1,2,62,8,8,8,6,0.0000
band0_depth2_s10,blitz,6,unguided,2,2,62,8,8,8,6,0.0000
band0_depth2_s10,blitz,6,unguided,3,2,62,8,8,8,6,0.0000
band0_depth2_s10,blitz,6,oracle,0.25,2,2,8,8,8,6,0.0000
band0_depth2_s10,blitz,6,oracle,0.5,2,2,8,8,8,6,0.0000
band0_depth2_s10,blitz,6,oracle,1,2,2,8,8,8,6,0.0000
band0_depth2_s10,blitz,6,oracle,2,2,2,8,8,8,6,0.0000
band0_depth2_s10,blitz,6,oracle,3,2,2,8,8,8,6,0.0000
band0_depth2_s11,blitz,10,unguided,0.25,5,62,1204,243,243,128,0.0000
band0_depth2_s11,blitz,10,unguided,0.5,10,62,9268,953,953,128,0.0000
band0_depth2_s11,blitz,10,unguided,1,17,62,20746,1354,1354,128,0.0000
band0_depth2_s11,blitz,10,unguided,2,17,62,20746,1354,1354,128,0.0000
band0_depth2_s11,blitz,10,unguided,3,17,62,20746,1354,1354,128,0.0000
band0_depth2_s11,blitz,10,oracle,0.25,5,16,1186,243,243,128,0.0000
band0_depth2_s11,blitz,10,oracle,0.5,10,16,9166,953,953,128,0.0000
band0_depth2_s11,blitz,10,oracle,1,17,16,20286,1354,1354,128,0.0000
band0_depth2_s11,blitz,10,oracle,2,17,16,20286,1354,1354,128,0.0000
band0_depth2_s11,blitz,10,oracle,3,17,16,20286,1354,1354,128,0.0000
band0_depth2_s12,rapid,20,unguided,0.25,2,62,32,27,27,56,0.0000
band0_depth2_s12,rapid,20,unguided,0.5,2,62,32,27,27,56,0.0000
band0_depth2_s12,rapid,20,unguided,1,2,62,32,27,27,56,0.0000
band0_depth2_s12,rapid,20,unguided,2,2,62,32,27,27,56,0.0000
band0_depth2_s12,rapid,20,unguided,3,2,62,32,27,27,56,0.0000
band0_depth2_s12,rapid,20,oracle,0.25,2,7,32,27,27,56,0.0000
band0_depth2_s12,rapid,20,oracle,0.5,2,7,32,27,27,56,0.0000
band0_depth2_s12,rapid,20,oracle,1,2,7,32,27,27,56,0.0000
band0_depth2_s12,rapid,20,oracle,2,2,7,32,27,27,56,0.0000
band0_depth2_s12,rapid,20,oracle,3,2,7,32,27,27,56,0.0000
band0_depth2_s13,blitz,10,unguided,0.25,2,62,13,12,12,204,0.0000
band0_depth2_s13,blitz,10,unguided,0.5,2,62,13,12,12,204,0.0000
band0_depth2_s13,blitz,10,unguided,1,2,62,13,12,12,204,0.0000
band0_depth2_s13,blitz,10,unguided,2,2,62,13,12,12,204,0.0000
band0_depth2_s13,blitz,10,unguided,3,2,62,13,12,12,204,0.0000
band0_depth2_s13,blitz,10,oracle,0.25,2,3,13,12,12,204,0.0000
band0_depth2_s13,blitz,10,oracle,0.5,2,3,13,12,12,204,0.0000
band0_depth2_s13,blitz,10,oracle,1,2,3,13,12,12,204,0.0000
band0_depth2_s13,blitz,10,oracle,2,2,3,13,12,12,204,0.0000
band0_depth2_s13,blitz,10,oracle,3,2,3,13,12,12,204,0.0000
band0_depth2_s14,blitz,10,unguided,0.25,2,62,14,14,14,33,0.0000
band0_depth2_s14,blitz,10,unguided,0.5,2,62,14,14,14,33,0.0000
band0_depth2_s14,blitz,10,unguided,1,2,62,14,14,14,33,0.0000
band0_depth2_s14,blitz,10,unguided,2,2,62,14,14,14,33,0.0000
band0_depth2_s14,blitz,10,unguided,3,2,62,14,14,14,33,0.0000
band0_depth2_s14,blitz,10,oracle,0.25,2,5,14,14,14,33,0.0000
band0_depth2_s14,blitz,10,oracle,0.5,2,5,14,14,14,33,0.0000
band0_depth2_s14,blitz,10,oracle,1,2,5,14,14,14,33,0.0000
band0_depth2_s14,blitz,10,oracle,2,2,5,14,14,14,33,0.0000
band0_depth2_s14,blitz,10,oracle,3,2,5,14,14,14,33,0.0000
band0_depth2_s15,blitz,6,unguided,0.25,2,62,10,8,8,74,0.0000
band0_depth2_s15,blitz,6,unguided,0.5,2,62,10,8,8,74,0.0000
band0_depth2_s15,blitz,6,unguided,1,2,62,10,8,8,74,0.0000
band0_depth2_s15,blitz,6,unguided,2,2,62,10,8,8,74,0.0000
band0_depth2_s15,blitz,6,unguided,3,2,62,10,8,8,74,0.0000
band0_depth2_s15,blitz,6,oracle,0.25,2,3,10,8,8,74,0.0000
band0_depth2_s15,blitz,6,oracle,0.5,2,3,10,8,8,74,0.0000
band0_depth2_s15,blitz,6,oracle,1,2,3,10,8,8,74,0.0000
band0_depth2_s15,blitz,6,oracle,2,2,3,10,8,8,74,0.0000
band0_depth2_s15,blitz,6,oracle,3,2,3,10,8,8,74,0.0000
band0_depth2_s16,blitz,7,unguided,0.25,2,62,10,8,8,162,0.0000
band0_depth2_s16,blitz,7,unguided,0.5,2,62,10,8,8,162,0.0000
band0_depth2_s16,blitz,7,unguided,1,2,62,10,8,8,162,0.0000
band0_depth2_s16,blitz,7,unguided,2,2,62,10,8,8,162,0.0000
band0_depth2_s16,blitz,7,unguided,3,2,62,10,8,8,162,0.0000
band0_depth2_s16,blitz,7,oracle,0.25,2,2,10,8,8,162,0.0000
band0_depth2_s16,blitz,7,oracle,0.5,2,2,10,8,8,162,0.0000
band0_depth2_s16,blitz,7,oracle,1,2,2,10,8,8,162,0.0000
band0_depth2_s16,blitz,7,oracle,2,2,2,10,8,8,162,0.0000
band0_depth2_s16,blitz,7,oracle,3,2,2,10,8,8,162,0.0000
band0_depth2_s17,blitz,7,unguided,0.25,2,62,8,10,10,94,0.0000
band0_depth2_s17,blitz,7,unguided,0.5,2,62,8,10,10,94,0.0000
band0_depth2_s17,blitz,7,unguided,1,2,62,8,10,10,94,0.0000
band0_depth2_s17,blitz,7,unguided,2,2,62,8,10,10,94,0.0000
band0_depth2_s17,blitz,7,unguided,3,2,62,8,10,10,94,0.0000
band0_depth2_s17,blitz,7,oracle,0.25,2,3,8,10,10,94,0.0000
band0_depth2_s17,blitz,7,oracle,0.5,2,3,8,10,10,94,0.0000
band0_depth2_s17,blitz,7,oracle,1,2,3,8,10,10,94,0.0000
band0_depth2_s17,blitz,7,oracle,2,2,3,8,10,10,94,0.0000
band0_depth2_s17,blitz,7,oracle,3,2,3,8,10,10,94,0.0000
band0_depth2_s18,rapid,15,unguided,0.25,2,62,21,24,24,48,0.0000
band0_depth2_s18,rapid,15,unguided,0.5,2,62,21,24,24,48,0.0000
band0_depth2_s18,rapid,15,unguided,1,2,62,21,24,24,48,0.0000
band0_depth2_s18,rapid,15,unguided,2,2,62,21,24,24,48,0.0000
band0_depth2_s18,rapid,15,unguided,3,2,62,21,24,24,48,0.0000
band0_depth2_s18,rapid,15,oracle,0.25,2,7,21,24,24,48,0.0000
band0_depth2_s18,rapid,15,oracle,0.5,2,7,21,24,24,48,0.0000
band0_depth2_s18,rapid,15,oracle,1,2,7,21,24,24,48,0.0000
band0_depth2_s18,rapid,15,oracle,2,2,7,21,24,24,48,0.0000
band0_depth2_s18,rapid,15,oracle,3,2,7,21,24,24,48,0.0000
band0_depth2_s19,blitz,9,unguided,0.25,2,62,15,12,12,7,0.0000
band0_depth2_s19,blitz,9,unguided,0.5,2,62,15,12,12,7,0.0000
band0_depth2_s19,blitz,9,unguided,1,2,62,15,12,12,7,0.0000
band0_depth2_s19,blitz,9,unguided,2,2,62,15,12,12,7,0.0000
band0_depth2_s19,blitz,9,unguided,3,2,62,15,12,12,7,0.0000
band0_depth2_s19,blitz,9,oracle,0.25,2,4,15,12,12,7,0.0000
band0_depth2_s19,blitz,9,oracle,0.5,2,4,15,12,12,7,0.0000
band0_depth2_s19,blitz,9,oracle,1,2,4,15,12,12,7,0.0000
band0_depth2_s19,blitz,9,oracle,2,2,4,15,12,12,7,0.0000
band0_depth2_s19,blitz,9,oracle,3,2,4,15,12,12,7,0.0000
band0_depth2_s20,rapid,13,unguided,0.25,2,62,20,17,17,28,0.0000
band0_depth2_s20,rapid,13,unguided,0.5,2,62,20,17,17,28,0.0000
band0_depth2_s20,rapid,13,unguided,1,2,62,20,17,17,28,0.0000
band0_depth2_s20,rapid,13,unguided,2,2,62,20,17,17,28,0.0000
band0_depth2_s20,rapid,13,unguided,3,2,62,20,17,17,28,0.0000
band0_depth2_s20,rapid,13,oracle,0.25,2,5,20,17,17,28,0.0000
band0_depth2_s20,rapid,13,oracle,0.5,2,5,20,17,17,28,0.0000
band0_depth2_s20,rapid,13,oracle,1,2,5,20,17,17,28,0.0000
band0_depth2_s20,rapid,13,oracle,2,2,5,20,17,17,28,0.0000
band0_depth2_s20,rapid,13,oracle,3,2,5,20,17,17,28,0.0000
band0_depth2_s21,rapid,13,unguided,0.25,3,62,122,43,43,88,0.0000
band0_depth2_s21,rapid,13,unguided,0.5,3,62,122,43,43,88,0.0000
band0_depth2_s21,rapid,13,unguided,1,3,62,122,43,43,88,0.0000
band0_depth2_s21,rapid,13,unguided,2,3,62,122,43,43,88,0.0000
band0_depth2_s21,rapid,13,unguided,3,3,62,122,43,43,88,0.0000
band0_depth2_s21,rapid,13,oracle,0.25,3,10,113,43,43,88,0.0000
band0_depth2_s21,rapid,13,oracle,0.5,3,10,113,43,43,88,0.0000
band0_depth2_s21,rapid,13,oracle,1,3,10,113,43,43,88,0.0000
band0_depth2_s21,rapid,13,oracle,2,3,10,113,43,43,88,0.0000
band0_depth2_s21,rapid,13,oracle,3,3,10,113,43,43,88,0.0000
band1_depth3_s0,rapid,21,unguided,0.25,3,62,84,37,37,206,0.0000
band1_depth3_s0,rapid,21,unguided,0.5,3,62,84,37,37,206,0.0000
band1_depth3_s0,rapid,21,unguided,1,3,62,84,37,37,206,0.0000
band1_depth3_s0,rapid,21,unguided,2,3,62,84,37,37,206,0.0000
band1_depth3_s0,rapid,21,unguided,3,3,62,84,37,37,206,0.0000
band1_depth3_s0,rapid,21,oracle,0.25,3,8,84,37,37,206,0.0000
band1_depth3_s0,rapid,21,oracle,0.5,3,8,84,37,37,206,0.0000
band1_depth3_s0,rapid,21,oracle,1,3,8,84,37,37,206,0.0000
band1_depth3_s0,rapid,21,oracle,2,3,8,84,37,37,206,0.0000
band1_depth3_s0,rapid,21,oracle,3,3,8,84,37,37,206,0.0000
band1_depth3_s1,blitz,7,unguided,0.25,2,62,6,8,8,160,0.0000
band1_depth3_s1,blitz,7,unguided,0.5,2,62,6,8,8,160,0.0000
band1_depth3_s1,blitz,7,unguided,1,2,62,6,8,8,160,0.0000
band1_depth3_s1,blitz,7,unguided,2,2,62,6,8,8,160,0.0000
band1_depth3_s1,blitz,7,unguided,3,2,62,6,8,8,160,0.0000
band1_depth3_s1,blitz,7,oracle,0.25,2,1,6,8,8,160,0.0000
band1_depth3_s1,blitz,7,oracle,0.5,2,1,6,8,8,160,0.0000
band1_depth3_s1,blitz,7,oracle,1,2,1,6,8,8,160,0.0000
band1_depth3_s1,blitz,7,oracle,2,2,1,6,8,8,160,0.0000
band1_depth3_s1,blitz,7,oracle,3,2,1,6,8,8,160,0.0000
band1_depth3_s2,rapid,31,unguided,0.25,4,62,220,57,57,189,0.0000
band1_depth3_s2,rapid,31,unguided,0.5,4,62,220,57,57,189,0.0000
band1_depth3_s2,rapid,31,unguided,1,4,62,220,57,57,189,0.0000
band1_depth3_s2,rapid,31,unguided,2,4,62,220,57,57,189,0.0000
band1_depth3_s2,rapid,31,unguided,3,4,62,220,57,57,189,0.0000
band1_depth3_s2,rapid,31,oracle,0.25,4,11,212,57,57,189,0.0000
band1_depth3_s2,rapid,31,oracle,0.5,4,11,212,57,57,189,0.0000
band1_depth3_s2,rapid,31,oracle,1,4,11,212,57,57,189,0.0000
band1_depth3_s2,rapid,31,oracle,2,4,11,212,57,57,189,0.0000
band1_depth3_s2,rapid,31,oracle,3,4,11,212,57,57,189,0.0000
band1_depth3_s3,rapid,27,unguided,0.25,7,62,2462,277,277,290,0.0000
band1_depth3_s3,rapid,27,unguided,0.5,7,62,2462,277,277,290,0.0000
band1_depth3_s3,rapid,27,unguided,1,7,62,2462,277,277,290,0.0000
band1_depth3_s3,rapid,27,unguided,2,7,62,2462,277,277,290,0.0000
band1_depth3_s3,rapid,27,unguided,3,7,62,2462,277,277,290,0.0000
band1_depth3_s3,rapid,27,oracle,0.25,7,11,2438,277,277,290,0.0000
band1_depth3_s3,rapid,27,oracle,0.5,7,11,2438,277,277,290,0.0000
band1_depth3_s3,rapid,27,oracle,1,7,11,2438,277,277,290,0.0000
band1_depth3_s3,rapid,27,oracle,2,7,11,2438,277,277,290,0.0000
band1_depth3_s3,rapid,27,oracle,3,7,11,2438,277,277,290,0.0000
band1_depth3_s4,rapid,30,unguided,0.25,5,62,822,152,152,179,0.0000
band1_depth3_s4,rapid,30,unguided,0.5,5,62,822,152,152,179,0.0000
band1_depth3_s4,rapid,30,unguided,1,5,62,822,152,152,179,0.0000
band1_depth3_s4,rapid,30,unguided,2,5,62,822,152,152,179,0.0000
band1_depth3_s4,rapid,30,unguided,3,5,62,822,152,152,179,0.0000
band1_depth3_s4,rapid,30,oracle,0.25,5,13,790,152,152,179,0.0000
band1_depth3_s4,rapid,30,oracle,0.5,5,13,790,152,152,179,0.0000
band1_depth3_s4,rapid,30,oracle,1,5,13,790,152,152,179,0.0000
band1_depth3_s4,rapid,30,oracle,2,5,13,790,152,152,179,0.0000
band1_depth3_s4,rapid,30,oracle,3,5,13,790,152,152,179,0.0000
band1_depth3_s5,rapid,18,unguided,0.25,3,62,67,31,31,54,0.0000
band1_depth3_s5,rapid,18,unguided,0.5,3,62,67,31,31,54,0.0000
band1_depth3_s5,rapid,18,unguided,1,3,62,67,31,31,54,0.0000
band1_depth3_s5,rapid,18,unguided,2,3,62,67,31,31,54,0.0000
band1_depth3_s5,rapid,18,unguided,3,3,62,67,31,31,54,0.0000
band1_depth3_s5,rapid,18,oracle,0.25,3,7,67,31,31,54,0.0000
band1_depth3_s5,rapid,18,oracle,0.5,3,7,67,31,31,54,0.0000
band1_depth3_s5,rapid,18,oracle,1,3,7,67,31,31,54,0.0000
band1_depth3_s5,rapid,18,oracle,2,3,7,67,31,31,54,0.0000
band1_depth3_s5,rapid,18,oracle,3,3,7,67,31,31,54,0.0000
band1_depth3_s6,rapid,21,unguided,0.25,2,62,31,26,26,355,0.0000
band1_depth3_s6,rapid,21,unguided,0.5,2,62,31,26,26,355,0.0000
band1_depth3_s6,rapid,21,unguided,1,2,62,31,26,26,355,0.0000
band1_depth3_s6,rapid,21,unguided,2,2,62,31,26,26,355,0.0000
band1_depth3_s6,rapid,21,unguided,3,2,62,31,26,26,355,0.0000
band1_depth3_s6,rapid,21,oracle,0.25,2,7,31,26,26,355,0.0000
band1_depth3_s6,rapid,21,oracle,0.5,2,7,31,26,26,355,0.0000
band1_depth3_s6,rapid,21,oracle,1,2,7,31,26,26,355,0.0000
band1_depth3_s6,rapid,21,oracle,2,2,7,31,26,26,355,0.0000
band1_depth3_s6,rapid,21,oracle,3,2,7,31,26,26,355,0.0000
band1_depth3_s7,rapid,28,unguided,0.25,4,62,1098,199,199,189,0.0000
band1_depth3_s7,rapid,28,unguided,0.5,4,62,1098,199,199,189,0.0000
band1_depth3_s7,rapid,28,unguided,1,4,62,1098,199,199,189,0.0000
band1_depth3_s7,rapid,28,unguided,2,4,62,1098,199,199,189,0.0000
band1_depth3_s7,rapid,28,unguided,3,4,62,1098,199,199,189,0.0000
band1_depth3_s7,rapid,28,oracle,0.25,4,16,1098,199,199,189,0.0000
band1_depth3_s7,rapid,28,oracle,0.5,4,16,1098,199,199,189,0.0000
band1_depth3_s7,rapid,28,oracle,1,4,16,1098,199,199,189,0.0000
band1_depth3_s7,rapid,28,oracle,2,4,16,1098,199,199,189,0.0000
band1_depth3_s7,rapid,28,oracle,3,4,16,1098,199,199,189,0.0000
band1_depth3_s8,rapid,21,unguided,0.25,2,62,32,27,27,234,0.0000
band1_depth3_s8,rapid,21,unguided,0.5,2,62,32,27,27,234,0.0000
band1_depth3_s8,rapid,21,unguided,1,2,62,32,27,27,234,0.0000
band1_depth3_s8,rapid,21,unguided,2,2,62,32,27,27,234,0.0000
band1_depth3_s8,rapid,21,unguided,3,2,62,32,27,27,234,0.0000
band1_depth3_s8,rapid,21,oracle,0.25,2,6,32,27,27,234,0.0000
band1_depth3_s8,rapid,21,oracle,0.5,2,6,32,27,27,234,0.0000
band1_depth3_s8,rapid,21,oracle,1,2,6,32,27,27,234,0.0000
band1_depth3_s8,rapid,21,oracle,2,2,6,32,27,27,234,0.0000
band1_depth3_s8,rapid,21,oracle,3,2,6,32,27,27,234,0.0000
band1_depth3_s9,blitz,9,unguided,0.25,2,62,11,11,11,216,0.0000
band1_depth3_s9,blitz,9,unguided,0.5,2,62,11,11,11,216,0.0000
band1_depth3_s9,blitz,9,unguided,1,2,62,11,11,11,216,0.0000
band1_depth3_s9,blitz,9,unguided,2,2,62,11,11,11,216,0.0000
band1_depth3_s9,blitz,9,unguided,3,2,62,11,11,11,216,0.0000
band1_depth3_s9,blitz,9,oracle,0.25,2,3,11,11,11,216,0.0000
band1_depth3_s9,blitz,9,oracle,0.5,2,3,11,11,11,216,0.0000
band1_depth3_s9,blitz,9,oracle,1,2,3,11,11,11,216,0.0000
band1_depth3_s9,blitz,9,oracle,2,2,3,11,11,11,216,0.0000
band1_depth3_s9,blitz,9,oracle,3,2,3,11,11,11,216,0.0000
band1_depth3_s10,rapid,22,unguided,0.25,3,62,94,39,39,164,0.0000
band1_depth3_s10,rapid,22,unguided,0.5,3,62,94,39,39,164,0.0000
band1_depth3_s10,rapid,22,unguided,1,3,62,94,39,39,164,0.0000
band1_depth3_s10,rapid,22,unguided,2,3,62,94,39,39,164,0.0000
band1_depth3_s10,rapid,22,unguided,3,3,62,94,39,39,164,0.0000
band1_depth3_s10,rapid,22,oracle,0.25,3,8,94,39,39,164,0.0000
band1_depth3_s10,rapid,22,oracle,0.5,3,8,94,39,39,164,0.0000
band1_depth3_s10,rapid,22,oracle,1,3,8,94,39,39,164,0.0000
band1_depth3_s10,rapid,22,oracle,2,3,8,94,39,39,164,0.0000
band1_depth3_s10,rapid,22,oracle,3,3,8,94,39,39,164,0.0000
band1_depth3_s11,rapid,31,unguided,0.25,2,62,43,34,34,197,0.0000
band1_depth3_s11,rapid,31,unguided,0.5,2,62,43,34,34,197,0.0000
band1_depth3_s11,rapid,31,unguided,1,2,62,43,34,34,197,0.0000
band1_depth3_s11,rapid,31,unguided,2,2,62,43,34,34,197,0.0000
band1_depth3_s11,rapid,31,unguided,3,2,62,43,34,34,197,0.0000
band1_depth3_s11,rapid,31,oracle,0.25,2,8,43,34,34,197,0.0000
band1_depth3_s11,rapid,31,oracle,0.5,2,8,43,34,34,197,0.0000
band1_depth3_s11,rapid,31,oracle,1,2,8,43,34,34,197,0.0000
band1_depth3_s11,rapid,31,oracle,2,2,8,43,34,34,197,0.0000
band1_depth3_s11,rapid,31,oracle,3,2,8,43,34,34,197,0.0000
band1_depth3_s12,rapid,23,unguided,0.25,3,62,127,45,45,219,0.0000
band1_depth3_s12,rapid,23,unguided,0.5,3,62,127,45,45,219,0.0000
band1_depth3_s12,rapid,23,unguided,1,3,62,127,45,45,219,0.0000
band1_depth3_s12,rapid,23,unguided,2,3,62,127,45,45,219,0.0000
band1_depth3_s12,rapid,23,unguided,3,3,62,127,45,45,219,0.0000
band1_depth3_s12,rapid,23,oracle,0.25,3,10,117,45,45,219,0.0000
band1_depth3_s12,rapid,23,oracle,0.5,3,10,117,45,45,219,0.0000
band1_depth3_s12,rapid,23,oracle,1,3,10,117,45,45,219,0.0000
band1_depth3_s12,rapid,23,oracle,2,3,10,117,45,45,219,0.0000
band1_depth3_s12,rapid,23,oracle,3,3,10,117,45,45,219,0.0000
band1_depth3_s13,rapid,13,unguided,0.25,5,62,352,64,64,20,0.0000
band1_depth3_s13,rapid,13,unguided,0.5,5,62,352,64,64,20,0.0000
band1_depth3_s13,rapid,13,unguided,1,5,62,352,64,64,20,0.0000
band1_depth3_s13,rapid,13,unguided,2,5,62,352,64,64,20,0.0000
band1_depth3_s13,rapid,13,unguided,3,5,62,352,64,64,20,0.0000
band1_depth3_s13,rapid,13,oracle,0.25,5,6,352,64,64,20,0.0000
band1_depth3_s13,rapid,13,oracle,0.5,5,6,352,64,64,20,0.0000
band1_depth3_s13,rapid,13,oracle,1,5,6,352,64,64,20,0.0000
band1_depth3_s13,rapid,13,oracle,2,5,6,352,64,64,20,0.0000
band1_depth3_s13,rapid,13,oracle,3,5,6,352,64,64,20,0.0000
band1_depth3_s14,rapid,14,unguided,0.25,2,62,27,19,19,28,0.0000
band1_depth3_s14,rapid,14,unguided,0.5,2,62,27,19,19,28,0.0000
band1_depth3_s14,rapid,14,unguided,1,2,62,27,19,19,28,0.0000
band1_depth3_s14,rapid,14,unguided,2,2,62,27,19,19,28,0.0000
band1_depth3_s14,rapid,14,unguided,3,2,62,27,19,19,28,0.0000
band1_depth3_s14,rapid,14,oracle,0.25,2,7,23,19,19,28,0.0000
band1_depth3_s14,rapid,14,oracle,0.5,2,7,23,19,19,28,0.0000
band1_depth3_s14,rapid,14,oracle,1,2,7,23,19,19,28,0.0000
band1_depth3_s14,rapid,14,oracle,2,2,7,23,19,19,28,0.0000
band1_depth3_s14,rapid,14,oracle,3,2,7,23,19,19,28,0.0000
band1_depth3_s15,rapid,15,unguided,0.25,5,62,122,39,39,79,0.0000
band1_depth3_s15,rapid,15,unguided,0.5,5,62,122,39,39,79,0.0000
band1_depth3_s15,rapid,15,unguided,1,5,62,122,39,39,79,0.0000
band1_depth3_s15,rapid,15,unguided,2,5,62,122,39,39,79,0.0000
band1_depth3_s15,rapid,15,unguided,3,5,62,122,39,39,79,0.0000
band1_depth3_s15,rapid,15,oracle,0.25,5,10,122,39,39,79,0.0000
band1_depth3_s15,rapid,15,oracle,0.5,5,10,122,39,39,79,0.0000
band1_depth3_s15,rapid,15,oracle,1,5,10,122,39,39,79,0.0000
band1_depth3_s15,rapid,15,oracle,2,5,10,122,39,39,79,0.0000
band1_depth3_s15,rapid,15,oracle,3,5,10,122,39,39,79,0.0000
band1_depth3_s16,rapid,16,unguided,0.25,2,62,20,18,18,151,0.0000
band1_depth3_s16,rapid,16,unguided,0.5,2,62,20,18,18,151,0.0000
band1_depth3_s16,rapid,16,unguided,1,2,62,20,18,18,151,0.0000
band1_depth3_s16,rapid,16,unguided,2,2,62,20,18,18,151,0.0000
band1_depth3_s16,rapid,16,unguided,3,2,62,20,18,18,151,0.0000
band1_depth3_s16,rapid,16,oracle,0.25,2,6,20,18,18,151,0.0000
band1_depth3_s16,rapid,16,oracle,0.5,2,6,20,18,18,151,0.0000
band1_depth3_s16,rapid,16,oracle,1,2,6,20,18,18,151,0.0000
band1_depth3_s16,rapid,16,oracle,2,2,6,20,18,18,151,0.0000
band1_depth3_s16,rapid,16,oracle,3,2,6,20,18,18,151,0.0000
band1_depth3_s17,rapid,13,unguided,0.25,4,62,65,21,21,98,0.0000
band1_depth3_s17,rapid,13,unguided,0.5,4,62,65,21,21,98,0.0000
band1_depth3_s17,rapid,13,unguided,1,4,62,65,21,21,98,0.0000
band1_depth3_s17,rapid,13,unguided,2,4,62,65,21,21,98,0.0000
band1_depth3_s17,rapid,13,unguided,3,4,62,65,21,21,98,0.0000
band1_depth3_s17,rapid,13,oracle,0.25,4,5,65,21,21,98,0.0000
band1_depth3_s17,rapid,13,oracle,0.5,4,5,65,21,21,98,0.0000
band1_depth3_s17,rapid,13,oracle,1,4,5,65,21,21,98,0.0000
band1_depth3_s17,rapid,13,oracle,2,4,5,65,21,21,98,0.0000
band1_depth3_s17,rapid,13,oracle,3,4,5,65,21,21,98,0.0000
band1_depth3_s18,rapid,21,unguided,0.25,13,62,58261,5195,5195,24,0.0000
band1_depth3_s18,rapid,21,unguided,0.5,13,62,58261,5195,5195,24,0.0000
band1_depth3_s18,rapid,21,unguided,1,13,62,58261,5195,5195,24,0.0000
band1_depth3_s18,rapid,21,unguided,2,13,62,58261,5195,5195,24,0.0000
band1_depth3_s18,rapid,21,unguided,3,13,62,58261,5195,5195,24,0.0000
band1_depth3_s18,rapid,21,oracle,0.25,13,20,58261,5195,5195,24,0.0000
band1_depth3_s18,rapid,21,oracle,0.5,13,20,58261,5195,5195,24,0.0000
band1_depth3_s18,rapid,21,oracle,1,13,20,58261,5195,5195,24,0.0000
band1_depth3_s18,rapid,21,oracle,2,13,20,58261,5195,5195,24,0.0000
band1_depth3_s18,rapid,21,oracle,3,13,20,58261,5195,5195,24,0.0000
band1_depth3_s19,rapid,17,unguided,0.25,2,62,26,25,25,113,0.0000
band1_depth3_s19,rapid,17,unguided,0.5,2,62,26,25,25,113,0.0000
band1_depth3_s19,rapid,17,unguided,1,2,62,26,25,25,113,0.0000
band1_depth3_s19,rapid,17,unguided,2,2,62,26,25,25,113,0.0000
band1_depth3_s19,rapid,17,unguided,3,2,62,26,25,25,113,0.0000
band1_depth3_s19,rapid,17,oracle,0.25,2,7,26,25,25,113,0.0000
band1_depth3_s19,rapid,17,oracle,0.5,2,7,26,25,25,113,0.0000
band1_depth3_s19,rapid,17,oracle,1,2,7,26,25,25,113,0.0000
band1_depth3_s19,rapid,17,oracle,2,2,7,26,25,25,113,0.0000
band1_depth3_s19,rapid,17,oracle,3,2,7,26,25,25,113,0.0000
band1_depth3_s20,rapid,13,unguided,0.25,2,62,22,18,18,143,0.0000
band1_depth3_s20,rapid,13,unguided,0.5,2,62,22,18,18,143,0.0000
band1_depth3_s20,rapid,13,unguided,1,2,62,22,18,18,143,0.0000
band1_depth3_s20,rapid,13,unguided,2,2,62,22,18,18,143,0.0000
band1_depth3_s20,rapid,13,unguided,3,2,62,22,18,18,143,0.0000
band1_depth3_s20,rapid,13,oracle,0.25,2,6,22,18,18,143,0.0000
band1_depth3_s20,rapid,13,oracle,0.5,2,6,22,18,18,143,0.0000
band1_depth3_s20,rapid,13,oracle,1,2,6,22,18,18,143,0.0000
band1_depth3_s20,rapid,13,oracle,2,2,6,22,18,18,143,0.0000
band1_depth3_s20,rapid,13,oracle,3,2,6,22,18,18,143,0.0000
band1_depth3_s21,rapid,18,unguided,0.25,3,62,86,46,46,111,0.0000
band1_depth3_s21,rapid,18,unguided,0.5,3,62,86,46,46,111,0.0000
band1_depth3_s21,rapid,18,unguided,1,3,62,86,46,46,111,0.0000
band1_depth3_s21,rapid,18,unguided,2,3,62,86,46,46,111,0.0000
band1_depth3_s21,rapid,18,unguided,3,3,62,86,46,46,111,0.0000
band1_depth3_s21,rapid,18,oracle,0.25,3,10,81,46,46,111,0.0000
band1_depth3_s21,rapid,18,oracle,0.5,3,10,81,46,46,111,0.0000
band1_depth3_s21,rapid,18,oracle,1,3,10,81,46,46,111,0.0000
band1_depth3_s21,rapid,18,oracle,2,3,10,81,46,46,111,0.0000
band1_depth3_s21,rapid,18,oracle,3,3,10,81,46,46,111,0.0000
band2_depth4_s0,rapid,26,unguided,0.25,3,62,110,44,44,180,0.0000
band2_depth4_s0,rapid,26,unguided,0.5,3,62,110,44,44,180,0.0000
band2_depth4_s0,rapid,26,unguided,1,3,62,110,44,44,180,0.0000
band2_depth4_s0,rapid,26,unguided,2,3,62,110,44,44,180,0.0000
band2_depth4_s0,rapid,26,unguided,3,3,62,110,44,44,180,0.0000
band2_depth4_s0,rapid,26,oracle,0.25,3,8,110,44,44,180,0.0000
band2_depth4_s0,rapid,26,oracle,0.5,3,8,110,44,44,180,0.0000
band2_depth4_s0,rapid,26,oracle,1,3,8,110,44,44,180,0.0000
band2_depth4_s0,rapid,26,oracle,2,3,8,110,44,44,180,0.0000
band2_depth4_s0,rapid,26,oracle,3,3,8,110,44,44,180,0.0000
band2_depth4_s1,rapid,30,unguided,0.25,9,62,6476,563,563,444,0.0000
band2_depth4_s1,rapid,30,unguided,0.5,9,62,6476,563,563,444,0.0000
band2_depth4_s1,rapid,30,unguided,1,9,62,6476,563,563,444,0.0000
band2_depth4_s1,rapid,30,unguided,2,9,62,6476,563,563,444,0.0000
band2_depth4_s1,rapid,30,unguided,3,9,62,6476,563,563,444,0.0000
band2_depth4_s1,rapid,30,oracle,0.25,9,10,6466,563,563,444,0.0000
band2_depth4_s1,rapid,30,oracle,0.5,9,10,6466,563,563,444,0.0000
band2_depth4_s1,rapid,30,oracle,1,9,10,6466,563,563,444,0.0000
band2_depth4_s1,rapid,30,oracle,2,9,10,6466,563,563,444,0.0000
band2_depth4_s1,rapid,30,oracle,3,9,10,6466,563,563,444,0.0000
band2_depth4_s2,rapid,20,unguided,0.25,3,62,75,31,31,296,0.0000
band2_depth4_s2,rapid,20,unguided,0.5,3,62,75,31,31,296,0.0000
band2_depth4_s2,rapid,20,unguided,1,3,62,75,31,31,296,0.0000
band2_depth4_s2,rapid,20,unguided,2,3,62,75,31,31,296,0.0000
band2_depth4_s2,rapid,20,unguided,3,3,62,75,31,31,296,0.0000
band2_depth4_s2,rapid,20,oracle,0.25,3,9,63,31,31,296,0.0000
band2_depth4_s2,rapid,20,oracle,0.5,3,9,63,31,31,296,0.0000
band2_depth4_s2,rapid,20,oracle,1,3,9,63,31,31,296,0.0000
band2_depth4_s2,rapid,20,oracle,2,3,9,63,31,31,296,0.0000
band2_depth4_s2,rapid,20,oracle,3,3,9,63,31,31,296,0.0000
band2_depth4_s3,classical,53,unguided,0.25,9,62,9102,732,732,1030,0.0000
band2_depth4_s3,classical,53,unguided,0.5,9,62,9102,732,732,1030,0.0000
band2_depth4_s3,classical,53,unguided,1,9,62,9102,732,732,1030,0.0000
band2_depth4_s3,classical,53,unguided,2,9,62,9102,732,732,1030,0.0000
band2_depth4_s3,classical,53,unguided,3,9,62,9102,732,732,1030,0.0000
band2_depth4_s3,classical,53,oracle,0.25,9,16,8914,732,732,1030,0.0000
band2_depth4_s3,classical,53,oracle,0.5,9,16,8914,732,732,1030,0.0000
band2_depth4_s3,classical,53,oracle,1,9,16,8914,732,732,1030,0.0000
band2_depth4_s3,classical,53,oracle,2,9,16,8914,732,732,1030,0.0000
band2_depth4_s3,classical,53,oracle,3,9,16,8914,732,732,1030,0.0000
band2_depth4_s4,rapid,15,unguided,0.25,2,62,19,18,18,228,0.0000
band2_depth4_s4,rapid,15,unguided,0.5,2,62,19,18,18,228,0.0000
band2_depth4_s4,rapid,15,unguided,1,2,62,19,18,18,228,0.0000
band2_depth4_s4,rapid,15,unguided,2,2,62,19,18,18,228,0.0000
band2_depth4_s4,rapid,15,unguided,3,2,62,19,18,18,228,0.0000
band2_depth4_s4,rapid,15,oracle,0.25,2,5,19,18,18,228,0.0000
band2_depth4_s4,rapid,15,oracle,0.5,2,5,19,18,18,228,0.0000
band2_depth4_s4,rapid,15,oracle,1,2,5,19,18,18,228,0.0000
band2_depth4_s4,rapid,15,oracle,2,2,5,19,18,18,228,0.0000
band2_depth4_s4,rapid,15,oracle,3,2,5,19,18,18,228,0.0000
band2_depth4_s5,rapid,29,unguided,0.25,5,62,234,63,63,148,0.0000
band2_depth4_s5,rapid,29,unguided,0.5,5,62,234,63,63,148,0.0000
band2_depth4_s5,rapid,29,unguided,1,5,62,234,63,63,148,0.0000
band2_depth4_s5,rapid,29,unguided,2,5,62,234,63,63,148,0.0000
band2_depth4_s5,rapid,29,unguided,3,5,62,234,63,63,148,0.0000
band2_depth4_s5,rapid,29,oracle,0.25,5,12,229,63,63,148,0.0000
band2_depth4_s5,rapid,29,oracle,0.5,5,12,229,63,63,148,0.0000
band2_depth4_s5,rapid,29,oracle,1,5,12,229,63,63,148,0.0000
band2_depth4_s5,rapid,29,oracle,2,5,12,229,63,63,148,0.0000
band2_depth4_s5,rapid,29,oracle,3,5,12,229,63,63,148,0.0000
band2_depth4_s6,rapid,24,unguided,0.25,2,62,32,34,34,166,0.0000
band2_depth4_s6,rapid,24,unguided,0.5,2,62,32,34,34,166,0.0000
band2_depth4_s6,rapid,24,unguided,1,2,62,32,34,34,166,0.0000
band2_depth4_s6,rapid,24,unguided,2,2,62,32,34,34,166,0.0000
band2_depth4_s6,rapid,24,unguided,3,2,62,32,34,34,166,0.0000
band2_depth4_s6,rapid,24,oracle,0.25,2,7,32,34,34,166,0.0000
band2_depth4_s6,rapid,24,oracle,0.5,2,7,32,34,34,166,0.0000
band2_depth4_s6,rapid,24,oracle,1,2,7,32,34,34,166,0.0000
band2_depth4_s6,rapid,24,oracle,2,2,7,32,34,34,166,0.0000
band2_depth4_s6,rapid,24,oracle,3,2,7,32,34,34,166,0.0000
band2_depth4_s7,rapid,34,unguided,0.25,6,62,1951,271,271,231,0.0000
band2_depth4_s7,rapid,34,unguided,0.5,6,62,1951,271,271,231,0.0000
band2_depth4_s7,rapid,34,unguided,1,6,62,1951,271,271,231,0.0000
band2_depth4_s7,rapid,34,unguided,2,6,62,1951,271,271,231,0.0000
band2_depth4_s7,rapid,34,unguided,3,6,62,1951,271,271,231,0.0000
band2_depth4_s7,rapid,34,oracle,0.25,6,15,1897,271,271,231,0.0000
band2_depth4_s7,rapid,34,oracle,0.5,6,15,1897,271,271,231,0.0000
band2_depth4_s7,rapid,34,oracle,1,6,15,1897,271,271,231,0.0000
band2_depth4_s7,rapid,34,oracle,2,6,15,1897,271,271,231,0.0000
band2_depth4_s7,rapid,34,oracle,3,6,15,1897,271,271,231,0.0000
band2_depth4_s8,rapid,11,unguided,0.25,3,62,58,24,24,23,0.0000
band2_depth4_s8,rapid,11,unguided,0.5,3,62,58,24,24,23,0.0000
band2_depth4_s8,rapid,11,unguided,1,3,62,58,24,24,23,0.0000
band2_depth4_s8,rapid,11,unguided,2,3,62,58,24,24,23,0.0000
band2_depth4_s8,rapid,11,unguided,3,3,62,58,24,24,23,0.0000
band2_depth4_s8,rapid,11,oracle,0.25,3,8,54,24,24,23,0.0000
band2_depth4_s8,rapid,11,oracle,0.5,3,8,54,24,24,23,0.0000
band2_depth4_s8,rapid,11,oracle,1,3,8,54,24,24,23,0.0000
band2_depth4_s8,rapid,11,oracle,2,3,8,54,24,24,23,0.0000
band2_depth4_s8,rapid,11,oracle,3,3,8,54,24,24,23,0.0000
band2_depth4_s9,rapid,20,unguided,0.25,10,62,14169,5987,5987,229,0.0000
band2_depth4_s9,rapid,20,unguided,0.5,10,62,14169,5987,5987,229,0.0000
band2_depth4_s9,rapid,20,unguided,1,10,62,14169,5987,5987,229,0.0000
band2_depth4_s9,rapid,20,unguided,2,10,62,14169,5987,5987,229,0.0000
band2_depth4_s9,rapid,20,unguided,3,10,62,14169,5987,5987,229,0.0000
band2_depth4_s9,rapid,20,oracle,0.25,10,27,14134,5987,5987,229,0.0000
band2_depth4_s9,rapid,20,oracle,0.5,10,27,14134,5987,5987,229,0.0000
band2_depth4_s9,rapid,20,oracle,1,10,27,14134,5987,5987,229,0.0000
band2_depth4_s9,rapid,20,oracle,2,10,27,14134,5987,5987,229,0.0000
band2_depth4_s9,rapid,20,oracle,3,10,27,14134,5987,5987,229,0.0000
band2_depth4_s10,blitz,8,unguided,0.25,2,62,9,8,8,97,0.0000
band2_depth4_s10,blitz,8,unguided,0.5,2,62,9,8,8,97,0.0000
band2_depth4_s10,blitz,8,unguided,1,2,62,9,8,8,97,0.0000
band2_depth4_s10,blitz,8,unguided,2,2,62,9,8,8,97,0.0000
band2_depth4_s10,blitz,8,unguided,3,2,62,9,8,8,97,0.0000
band2_depth4_s10,blitz,8,oracle,0.25,2,3,9,8,8,97,0.0000
band2_depth4_s10,blitz,8,oracle,0.5,2,3,9,8,8,97,0.0000
band2_depth4_s10,blitz,8,oracle,1,2,3,9,8,8,97,0.0000
band2_depth4_s10,blitz,8,oracle,2,2,3,9,8,8,97,0.0000
band2_depth4_s10,blitz,8,oracle,3,2,3,9,8,8,97,0.0000
band2_depth4_s11,blitz,8,unguided,0.25,2,62,9,10,10,210,0.0000
band2_depth4_s11,blitz,8,unguided,0.5,2,62,9,10,10,210,0.0000
band2_depth4_s11,blitz,8,unguided,1,2,62,9,10,10,210,0.0000
band2_depth4_s11,blitz,8,unguided,2,2,62,9,10,10,210,0.0000
band2_depth4_s11,blitz,8,unguided,3,2,62,9,10,10,210,0.0000
band2_depth4_s11,blitz,8,oracle,0.25,2,3,9,10,10,210,0.0000
band2_depth4_s11,blitz,8,oracle,0.5,2,3,9,10,10,210,0.0000
band2_depth4_s11,blitz,8,oracle,1,2,3,9,10,10,210,0.0000
band2_depth4_s11,blitz,8,oracle,2,2,3,9,10,10,210,0.0000
band2_depth4_s11,blitz,8,oracle,3,2,3,9,10,10,210,0.0000
band2_depth4_s12,rapid,20,unguided,0.25,3,62,63,28,28,157,0.0000
band2_depth4_s12,rapid,20,unguided,0.5,3,62,63,28,28,157,0.0000
band2_depth4_s12,rapid,20,unguided,1,3,62,63,28,28,157,0.0000
band2_depth4_s12,rapid,20,unguided,2,3,62,63,28,28,157,0.0000
band2_depth4_s12,rapid,20,unguided,3,3,62,63,28,28,157,0.0000
band2_depth4_s12,rapid,20,oracle,0.25,3,7,63,28,28,157,0.0000
band2_depth4_s12,rapid,20,oracle,0.5,3,7,63,28,28,157,0.0000
band2_depth4_s12,rapid,20,oracle,1,3,7,63,28,28,157,0.0000
band2_depth4_s12,rapid,20,oracle,2,3,7,63,28,28,157,0.0000
band2_depth4_s12,rapid,20,oracle,3,3,7,63,28,28,157,0.0000
band2_depth4_s13,rapid,23,unguided,0.25,2,62,35,30,30,310,0.0000
band2_depth4_s13,rapid,23,unguided,0.5,2,62,35,30,30,310,0.0000
band2_depth4_s13,rapid,23,unguided,1,2,62,35,30,30,310,0.0000
band2_depth4_s13,rapid,23,unguided,2,2,62,35,30,30,310,0.0000
band2_depth4_s13,rapid,23,unguided,3,2,62,35,30,30,310,0.0000
band2_depth4_s13,rapid,23,oracle,0.25,2,6,35,30,30,310,0.0000
band2_depth4_s13,rapid,23,oracle,0.5,2,6,35,30,30,310,0.0000
band2_depth4_s13,rapid,23,oracle,1,2,6,35,30,30,310,0.0000
band2_depth4_s13,rapid,23,oracle,2,2,6,35,30,30,310,0.0000
band2_depth4_s13,rapid,23,oracle,3,2,6,35,30,30,310,0.0000
band2_depth4_s14,rapid,15,unguided,0.25,2,62,22,20,20,32,0.0000
band2_depth4_s14,rapid,15,unguided,0.5,2,62,22,20,20,32,0.0000
band2_depth4_s14,rapid,15,unguided,1,2,62,22,20,20,32,0.0000
band2_depth4_s14,rapid,15,unguided,2,2,62,22,20,20,32,0.0000
band2_depth4_s14,rapid,15,unguided,3,2,62,22,20,20,32,0.0000
band2_depth4_s14,rapid,15,oracle,0.25,2,5,22,20,20,32,0.0000
band2_depth4_s14,rapid,15,oracle,0.5,2,5,22,20,20,32,0.0000
band2_depth4_s14,rapid,15,oracle,1,2,5,22,20,20,32,0.0000
band2_depth4_s14,rapid,15,oracle,2,2,5,22,20,20,32,0.0000
band2_depth4_s14,rapid,15,oracle,3,2,5,22,20,20,32,0.0000
band2_depth4_s15,rapid,45,unguided,0.25,3,62,136,64,64,321,0.0000
band2_depth4_s15,rapid,45,unguided,0.5,3,62,136,64,64,321,0.0000
band2_depth4_s15,rapid,45,unguided,1,3,62,136,64,64,321,0.0000
band2_depth4_s15,rapid,45,unguided,2,3,62,136,64,64,321,0.0000
band2_depth4_s15,rapid,45,unguided,3,3,62,136,64,64,321,0.0000
band2_depth4_s15,rapid,45,oracle,0.25,3,9,136,64,64,321,0.0000
band2_depth4_s15,rapid,45,oracle,0.5,3,9,136,64,64,321,0.0000
band2_depth4_s15,rapid,45,oracle,1,3,9,136,64,64,321,0.0000
band2_depth4_s15,rapid,45,oracle,2,3,9,136,64,64,321,0.0000
band2_depth4_s15,rapid,45,oracle,3,3,9,136,64,64,321,0.0000
band2_depth4_s16,rapid,22,unguided,0.25,2,62,32,30,30,128,0.0000
band2_depth4_s16,rapid,22,unguided,0.5,2,62,32,30,30,128,0.0000
band2_depth4_s16,rapid,22,unguided,1,2,62,32,30,30,128,0.0000
band2_depth4_s16,rapid,22,unguided,2,2,62,32,30,30,128,0.0000
band2_depth4_s16,rapid,22,unguided,3,2,62,32,30,30,128,0.0000
band2_depth4_s16,rapid,22,oracle,0.25,2,7,32,30,30,128,0.0000
band2_depth4_s16,rapid,22,oracle,0.5,2,7,32,30,30,128,0.0000
band2_depth4_s16,rapid,22,oracle,1,2,7,32,30,30,128,0.0000
band2_depth4_s16,rapid,22,oracle,2,2,7,32,30,30,128,0.0000
band2_depth4_s16,rapid,22,oracle,3,2,7,32,30,30,128,0.0000
band2_depth4_s17,rapid,19,unguided,0.25,2,62,27,25,25,126,0.0000
band2_depth4_s17,rapid,19,unguided,0.5,2,62,27,25,25,126,0.0000
band2_depth4_s17,rapid,19,unguided,1,2,62,27,25,25,126,0.0000
band2_depth4_s17,rapid,19,unguided,2,2,62,27,25,25,126,0.0000
band2_depth4_s17,rapid,19,unguided,3,2,62,27,25,25,126,0.0000
band2_depth4_s17,rapid,19,oracle,0.25,2,6,27,25,25,126,0.0000
band2_depth4_s17,rapid,19,oracle,0.5,2,6,27,25,25,126,0.0000
band2_depth4_s17,rapid,19,oracle,1,2,6,27,25,25,126,0.0000
band2_depth4_s17,rapid,19,oracle,2,2,6,27,25,25,126,0.0000
band2_depth4_s17,rapid,19,oracle,3,2,6,27,25,25,126,0.0000
band2_depth4_s18,rapid,32,unguided,0.25,8,62,4079,399,399,394,0.0000
band2_depth4_s18,rapid,32,unguided,0.5,8,62,4079,399,399,394,0.0000
band2_depth4_s18,rapid,32,unguided,1,8,62,4079,399,399,394,0.0000
band2_depth4_s18,rapid,32,unguided,2,8,62,4079,399,399,394,0.0000
band2_depth4_s18,rapid,32,unguided,3,8,62,4079,399,399,394,0.0000
band2_depth4_s18,rapid,32,oracle,0.25,8,13,4049,399,399,394,0.0000
band2_depth4_s18,rapid,32,oracle,0.5,8,13,4049,399,399,394,0.0000
band2_depth4_s18,rapid,32,oracle,1,8,13,4049,399,399,394,0.0000
band2_depth4_s18,rapid,32,oracle,2,8,13,4049,399,399,394,0.0000
band2_depth4_s18,rapid,32,oracle,3,8,13,4049,399,399,394,0.0000
band2_depth4_s19,rapid,35,unguided,0.25,4,62,186,57,57,161,0.0000
band2_depth4_s19,rapid,35,unguided,0.5,4,62,186,57,57,161,0.0000
band2_depth4_s19,rapid,35,unguided,1,4,62,186,57,57,161,0.0000
band2_depth4_s19,rapid,35,unguided,2,4,62,186,57,57,161,0.0000
band2_depth4_s19,rapid,35,unguided,3,4,62,186,57,57,161,0.0000
band2_depth4_s19,rapid,35,oracle,0.25,4,9,186,57,57,161,0.0000
band2_depth4_s19,rapid,35,oracle,0.5,4,9,186,57,57,161,0.0000
band2_depth4_s19,rapid,35,oracle,1,4,9,186,57,57,161,0.0000
band2_depth4_s19,rapid,35,oracle,2,4,9,186,57,57,161,0.0000
band2_depth4_s19,rapid,35,oracle,3,4,9,186,57,57,161,0.0000
band2_depth4_s20,blitz,10,unguided,0.25,3,62,24,14,14,136,0.0000
band2_depth4_s20,blitz,10,unguided,0.5,3,62,24,14,14,136,0.0000
band2_depth4_s20,blitz,10,unguided,1,3,62,24,14,14,136,0.0000
band2_depth4_s20,blitz,10,unguided,2,3,62,24,14,14,136,0.0000
band2_depth4_s20,blitz,10,unguided,3,3,62,24,14,14,136,0.0000
band2_depth4_s20,blitz,10,oracle,0.25,3,5,19,14,14,136,0.0000
band2_depth4_s20,blitz,10,oracle,0.5,3,5,19,14,14,136,0.0000
band2_depth4_s20,blitz,10,oracle,1,3,5,19,14,14,136,0.0000
band2_depth4_s20,blitz,10,oracle,2,3,5,19,14,14,136,0.0000
band2_depth4_s20,blitz,10,oracle,3,3,5,19,14,14,136,0.0000
band2_depth4_s21,rapid,16,unguided,0.25,3,62,31,18,18,171,0.0000
band2_depth4_s21,rapid,16,unguided,0.5,3,62,31,18,18,171,0.0000
band2_depth4_s21,rapid,16,unguided,1,3,62,31,18,18,171,0.0000
band2_depth4_s21,rapid,16,unguided,2,3,62,31,18,18,171,0.0000
band2_depth4_s21,rapid,16,unguided,3,3,62,31,18,18,171,0.0000
band2_depth4_s21,rapid,16,oracle,0.25,3,4,31,18,18,171,0.0000
band2_depth4_s21,rapid,16,oracle,0.5,3,4,31,18,18,171,0.0000
band2_depth4_s21,rapid,16,oracle,1,3,4,31,18,18,171,0.0000
band2_depth4_s21,rapid,16,oracle,2,3,4,31,18,18,171,0.0000
band2_depth4_s21,rapid,16,oracle,3,3,4,31,18,18,171,0.0000
band3_depth5_s0,rapid,40,unguided,0.25,3,62,115,54,54,452,0.0000
band3_depth5_s0,rapid,40,unguided,0.5,3,62,115,54,54,452,0.0000
band3_depth5_s0,rapid,40,unguided,1,3,62,115,54,54,452,0.0000
band3_depth5_s0,rapid,40,unguided,2,3,62,115,54,54,452,0.0000
band3_depth5_s0,rapid,40,unguided,3,3,62,115,54,54,452,0.0000
band3_depth5_s0,rapid,40,oracle,0.25,3,8,115,54,54,452,0.0000
band3_depth5_s0,rapid,40,oracle,0.5,3,8,115,54,54,452,0.0000
band3_depth5_s0,rapid,40,oracle,1,3,8,115,54,54,452,0.0000
band3_depth5_s0,rapid,40,oracle,2,3,8,115,54,54,452,0.0000
band3_depth5_s0,rapid,40,oracle,3,3,8,115,54,54,452,0.0000
band3_depth5_s1,rapid,14,unguided,0.25,2,62,20,17,17,264,0.0000
band3_depth5_s1,rapid,14,unguided,0.5,2,62,20,17,17,264,0.0000
band3_depth5_s1,rapid,14,unguided,1,2,62,20,17,17,264,0.0000
band3_depth5_s1,rapid,14,unguided,2,2,62,20,17,17,264,0.0000
band3_depth5_s1,rapid,14,unguided,3,2,62,20,17,17,264,0.0000
band3_depth5_s1,rapid,14,oracle,0.25,2,3,20,17,17,264,0.0000
band3_depth5_s1,rapid,14,oracle,0.5,2,3,20,17,17,264,0.0000
band3_depth5_s1,rapid,14,oracle,1,2,3,20,17,17,264,0.0000
band3_depth5_s1,rapid,14,oracle,2,2,3,20,17,17,264,0.0000
band3_depth5_s1,rapid,14,oracle,3,2,3,20,17,17,264,0.0000
band3_depth5_s2,rapid,30,unguided,0.25,3,62,81,40,40,360,0.0000
band3_depth5_s2,rapid,30,unguided,0.5,3,62,81,40,40,360,0.0000
band3_depth5_s2,rapid,30,unguided,1,3,62,81,40,40,360,0.0000
band3_depth5_s2,rapid,30,unguided,2,3,62,81,40,40,360,0.0000
band3_depth5_s2,rapid,30,unguided,3,3,62,81,40,40,360,0.0000
band3_depth5_s2,rapid,30,oracle,0.25,3,6,81,40,40,360,0.0000
band3_depth5_s2,rapid,30,oracle,0.5,3,6,81,40,40,360,0.0000
band3_depth5_s2,rapid,30,oracle,1,3,6,81,40,40,360,0.0000
band3_depth5_s2,rapid,30,oracle,2,3,6,81,40,40,360,0.0000
band3_depth5_s2,rapid,30,oracle,3,3,6,81,40,40,360,0.0000
band3_depth5_s3,rapid,41,unguided,0.25,4,62,169,64,64,576,0.0000
band3_depth5_s3,rapid,41,unguided,0.5,4,62,169,64,64,576,0.0000
band3_depth5_s3,rapid,41,unguided,1,4,62,169,64,64,576,0.0000
band3_depth5_s3,rapid,41,unguided,2,4,62,169,64,64,576,0.0000
band3_depth5_s3,rapid,41,unguided,3,4,62,169,64,64,576,0.0000
band3_depth5_s3,rapid,41,oracle,0.25,4,10,164,64,64,576,0.0000
band3_depth5_s3,rapid,41,oracle,0.5,4,10,164,64,64,576,0.0000
band3_depth5_s3,rapid,41,oracle,1,4,10,164,64,64,576,0.0000
band3_depth5_s3,rapid,41,oracle,2,4,10,164,64,64,576,0.0000
band3_depth5_s3,rapid,41,oracle,3,4,10,164,64,64,576,0.0000
band3_depth5_s4,blitz,9,unguided,0.25,2,62,11,12,12,144,0.0000
band3_depth5_s4,blitz,9,unguided,0.5,2,62,11,12,12,144,0.0000
band3_depth5_s4,blitz,9,unguided,1,2,62,11,12,12,144,0.0000
band3_depth5_s4,blitz,9,unguided,2,2,62,11,12,12,144,0.0000
band3_depth5_s4,blitz,9,unguided,3,2,62,11,12,12,144,0.0000
band3_depth5_s4,blitz,9,oracle,0.25,2,3,11,12,12,144,0.0000
band3_depth5_s4,blitz,9,oracle,0.5,2,3,11,12,12,144,0.0000
band3_depth5_s4,blitz,9,oracle,1,2,3,11,12,12,144,0.0000
band3_depth5_s4,blitz,9,oracle,2,2,3,11,12,12,144,0.0000
band3_depth5_s4,blitz,9,oracle,3,2,3,11,12,12,144,0.0000
band3_depth5_s5,classical,75,unguided,0.25,9,62,63789,13551,13551,1475,0.0000
band3_depth5_s5,classical,75,unguided,0.5,9,62,63789,13551,13551,1475,0.0000
band3_depth5_s5,classical,75,unguided,1,9,62,63789,13551,13551,1475,0.0000
band3_depth5_s5,classical,75,unguided,2,9,62,63789,13551,13551,1475,0.0000
band3_depth5_s5,classical,75,unguided,3,9,62,63789,13551,13551,1475,0.0000
band3_depth5_s5,classical,75,oracle,0.25,9,20,63789,13551,13551,1475,0.0000
band3_depth5_s5,classical,75,oracle,0.5,9,20,63789,13551,13551,1475,0.0000
band3_depth5_s5,classical,75,oracle,1,9,20,63789,13551,13551,1475,0.0000
band3_depth5_s5,classical,75,oracle,2,9,20,63789,13551,13551,1475,0.0000
band3_depth5_s5,classical,75,oracle,3,9,20,63789,13551,13551,1475,0.0000
band3_depth5_s6,rapid,27,unguided,0.25,6,62,2821,382,382,92,0.0000
band3_depth5_s6,rapid,27,unguided,0.5,6,62,2821,382,382,92,0.0000
band3_depth5_s6,rapid,27,unguided,1,6,62,2821,382,382,92,0.0000
band3_depth5_s6,rapid,27,unguided,2,6,62,2821,382,382,92,0.0000
band3_depth5_s6,rapid,27,unguided,3,6,62,2821,382,382,92,0.0000
band3_depth5_s6,rapid,27,oracle,0.25,6,18,2821,382,382,92,0.0000
band3_depth5_s6,rapid,27,oracle,0.5,6,18,2821,382,382,92,0.0000
band3_depth5_s6,rapid,27,oracle,1,6,18,2821,382,382,92,0.0000
band3_depth5_s6,rapid,27,oracle,2,6,18,2821,382,382,92,0.0000
band3_depth5_s6,rapid,27,oracle,3,6,18,2821,382,382,92,0.0000
band3_depth5_s7,rapid,15,unguided,0.25,3,62,70,27,27,32,0.0000
band3_depth5_s7,rapid,15,unguided,0.5,3,62,70,27,27,32,0.0000
band3_depth5_s7,rapid,15,unguided,1,3,62,70,27,27,32,0.0000
band3_depth5_s7,rapid,15,unguided,2,3,62,70,27,27,32,0.0000
band3_depth5_s7,rapid,15,unguided,3,3,62,70,27,27,32,0.0000
band3_depth5_s7,rapid,15,oracle,0.25,3,7,64,27,27,32,0.0000
band3_depth5_s7,rapid,15,oracle,0.5,3,7,64,27,27,32,0.0000
band3_depth5_s7,rapid,15,oracle,1,3,7,64,27,27,32,0.0000
band3_depth5_s7,rapid,15,oracle,2,3,7,64,27,27,32,0.0000
band3_depth5_s7,rapid,15,oracle,3,3,7,64,27,27,32,0.0000
band3_depth5_s8,blitz,6,unguided,0.25,2,62,8,7,7,144,0.0000
band3_depth5_s8,blitz,6,unguided,0.5,2,62,8,7,7,144,0.0000
band3_depth5_s8,blitz,6,unguided,1,2,62,8,7,7,144,0.0000
band3_depth5_s8,blitz,6,unguided,2,2,62,8,7,7,144,0.0000
band3_depth5_s8,blitz,6,unguided,3,2,62,8,7,7,144,0.0000
band3_depth5_s8,blitz,6,oracle,0.25,2,2,8,7,7,144,0.0000
band3_depth5_s8,blitz,6,oracle,0.5,2,2,8,7,7,144,0.0000
band3_depth5_s8,blitz,6,oracle,1,2,2,8,7,7,144,0.0000
band3_depth5_s8,blitz,6,oracle,2,2,2,8,7,7,144,0.0000
band3_depth5_s8,blitz,6,oracle,3,2,2,8,7,7,144,0.0000
band3_depth5_s9,rapid,46,unguided,0.25,13,62,3635,259,259,173,0.0000
band3_depth5_s9,rapid,46,unguided,0.5,13,62,3635,259,259,173,0.0000
band3_depth5_s9,rapid,46,unguided,1,13,62,3635,259,259,173,0.0000
band3_depth5_s9,rapid,46,unguided,2,13,62,3635,259,259,173,0.0000
band3_depth5_s9,rapid,46,unguided,3,13,62,3635,259,259,173,0.0000
band3_depth5_s9,rapid,46,oracle,0.25,13,19,3557,259,259,173,0.0000
band3_depth5_s9,rapid,46,oracle,0.5,13,19,3557,259,259,173,0.0000
band3_depth5_s9,rapid,46,oracle,1,13,19,3557,259,259,173,0.0000
band3_depth5_s9,rapid,46,oracle,2,13,19,3557,259,259,173,0.0000
band3_depth5_s9,rapid,46,oracle,3,13,19,3557,259,259,173,0.0000
band3_depth5_s10,rapid,17,unguided,0.25,2,62,19,21,21,399,0.0000
band3_depth5_s10,rapid,17,unguided,0.5,2,62,19,21,21,399,0.0000
band3_depth5_s10,rapid,17,unguided,1,2,62,19,21,21,399,0.0000
band3_depth5_s10,rapid,17,unguided,2,2,62,19,21,21,399,0.0000
band3_depth5_s10,rapid,17,unguided,3,2,62,19,21,21,399,0.0000
band3_depth5_s10,rapid,17,oracle,0.25,2,4,19,21,21,399,0.0000
band3_depth5_s10,rapid,17,oracle,0.5,2,4,19,21,21,399,0.0000
band3_depth5_s10,rapid,17,oracle,1,2,4,19,21,21,399,0.0000
band3_depth5_s10,rapid,17,oracle,2,2,4,19,21,21,399,0.0000
band3_depth5_s10,rapid,17,oracle,3,2,4,19,21,21,399,0.0000
band3_depth5_s11,rapid,24,unguided,0.25,4,62,116,37,37,193,0.0000
band3_depth5_s11,rapid,24,unguided,0.5,4,62,116,37,37,193,0.0000
band3_depth5_s11,rapid,24,unguided,1,4,62,116,37,37,193,0.0000
band3_depth5_s11,rapid,24,unguided,2,4,62,116,37,37,193,0.0000
band3_depth5_s11,rapid,24,unguided,3,4,62,116,37,37,193,0.0000
band3_depth5_s11,rapid,24,oracle,0.25,4,9,116,37,37,193,0.0000
band3_depth5_s11,rapid,24,oracle,0.5,4,9,116,37,37,193,0.0000
band3_depth5_s11,rapid,24,oracle,1,4,9,116,37,37,193,0.0000
band3_depth5_s11,rapid,24,oracle,2,4,9,116,37,37,193,0.0000
band3_depth5_s11,rapid,24,oracle,3,4,9,116,37,37,193,0.0000
band3_depth5_s12,blitz,9,unguided,0.25,2,62,16,11,11,78,0.0000
band3_depth5_s12,blitz,9,unguided,0.5,2,62,16,11,11,78,0.0000
band3_depth5_s12,blitz,9,unguided,1,2,62,16,11,11,78,0.0000
band3_depth5_s12,blitz,9,unguided,2,2,62,16,11,11,78,0.0000
band3_depth5_s12,blitz,9,unguided,3,2,62,16,11,11,78,0.0000
band3_depth5_s12,blitz,9,oracle,0.25,2,3,16,11,11,78,0.0000
band3_depth5_s12,blitz,9,oracle,0.5,2,3,16,11,11,78,0.0000
band3_depth5_s12,blitz,9,oracle,1,2,3,16,11,11,78,0.0000
band3_depth5_s12,blitz,9,oracle,2,2,3,16,11,11,78,0.0000
band3_depth5_s12,blitz,9,oracle,3,2,3,16,11,11,78,0.0000
band3_depth5_s13,rapid,25,unguided,0.25,2,62,37,34,34,142,0.0000
band3_depth5_s13,rapid,25,unguided,0.5,2,62,37,34,34,142,0.0000
band3_depth5_s13,rapid,25,unguided,1,2,62,37,34,34,142,0.0000
band3_depth5_s13,rapid,25,unguided,2,2,62,37,34,34,142,0.0000
band3_depth5_s13,rapid,25,unguided,3,2,62,37,34,34,142,0.0000
band3_depth5_s13,rapid,25,oracle,0.25,2,7,37,34,34,142,0.0000
band3_depth5_s13,rapid,25,oracle,0.5,2,7,37,34,34,142,0.0000
band3_depth5_s13,rapid,25,oracle,1,2,7,37,34,34,142,0.0000
band3_depth5_s13,rapid,25,oracle,2,2,7,37,34,34,142,0.0000
band3_depth5_s13,rapid,25,oracle,3,2,7,37,34,34,142,0.0000
band3_depth5_s14,rapid,33,unguided,0.25,2,62,52,41,41,152,0.0000
band3_depth5_s14,rapid,33,unguided,0.5,2,62,52,41,41,152,0.0000
band3_depth5_s14,rapid,33,unguided,1,2,62,52,41,41,152,0.0000
band3_depth5_s14,rapid,33,unguided,2,2,62,52,41,41,152,0.0000
band3_depth5_s14,rapid,33,unguided,3,2,62,52,41,41,152,0.0000
band3_depth5_s14,rapid,33,oracle,0.25,2,6,52,41,41,152,0.0000
band3_depth5_s14,rapid,33,oracle,0.5,2,6,52,41,41,152,0.0000
band3_depth5_s14,rapid,33,oracle,1,2,6,52,41,41,152,0.0000
band3_depth5_s14,rapid,33,oracle,2,2,6,52,41,41,152,0.0000
band3_depth5_s14,rapid,33,oracle,3,2,6,52,41,41,152,0.0000
band3_depth5_s15,rapid,22,unguided,0.25,4,62,94,36,36,212,0.0000
band3_depth5_s15,rapid,22,unguided,0.5,4,62,94,36,36,212,0.0000
band3_depth5_s15,rapid,22,unguided,1,4,62,94,36,36,212,0.0000
band3_depth5_s15,rapid,22,unguided,2,4,62,94,36,36,212,0.0000
band3_depth5_s15,rapid,22,unguided,3,4,62,94,36,36,212,0.0000
band3_depth5_s15,rapid,22,oracle,0.25,4,10,89,36,36,212,0.0000
band3_depth5_s15,rapid,22,oracle,0.5,4,10,89,36,36,212,0.0000
band3_depth5_s15,rapid,22,oracle,1,4,10,89,36,36,212,0.0000
band3_depth5_s15,rapid,22,oracle,2,4,10,89,36,36,212,0.0000
band3_depth5_s15,rapid,22,oracle,3,4,10,89,36,36,212,0.0000
band3_depth5_s16,rapid,15,unguided,0.25,2,62,21,19,19,147,0.0000
band3_depth5_s16,rapid,15,unguided,0.5,2,62,21,19,19,147,0.0000
band3_depth5_s16,rapid,15,unguided,1,2,62,21,19,19,147,0.0000
band3_depth5_s16,rapid,15,unguided,2,2,62,21,19,19,147,0.0000
band3_depth5_s16,rapid,15,unguided,3,2,62,21,19,19,147,0.0000
band3_depth5_s16,rapid,15,oracle,0.25,2,5,21,19,19,147,0.0000
band3_depth5_s16,rapid,15,oracle,0.5,2,5,21,19,19,147,0.0000
band3_depth5_s16,rapid,15,oracle,1,2,5,21,19,19,147,0.0000
band3_depth5_s16,rapid,15,oracle,2,2,5,21,19,19,147,0.0000
band3_depth5_s16,rapid,15,oracle,3,2,5,21,19,19,147,0.0000
band3_depth5_s17,rapid,17,unguided,0.25,3,62,47,28,28,253,0.0000
band3_depth5_s17,rapid,17,unguided,0.5,3,62,47,28,28,253,0.0000
band3_depth5_s17,rapid,17,unguided,1,3,62,47,28,28,253,0.0000
band3_depth5_s17,rapid,17,unguided,2,3,62,47,28,28,253,0.0000
band3_depth5_s17,rapid,17,unguided,3,3,62,47,28,28,253,0.0000
band3_depth5_s17,rapid,17,oracle,0.25,3,6,42,28,28,253,0.0000
band3_depth5_s17,rapid,17,oracle,0.5,3,6,42,28,28,253,0.0000
band3_depth5_s17,rapid,17,oracle,1,3,6,42,28,28,253,0.0000
band3_depth5_s17,rapid,17,oracle,2,3,6,42,28,28,253,0.0000
band3_depth5_s17,rapid,17,oracle,3,3,6,42,28,28,253,0.0000
band3_depth5_s18,classical,57,unguided,0.25,4,62,243,79,79,597,0.0000
band3_depth5_s18,classical,57,unguided,0.5,4,62,243,79,79,597,0.0000
band3_depth5_s18,classical,57,unguided,1,4,62,243,79,79,597,0.0000
band3_depth5_s18,classical,57,unguided,2,4,62,243,79,79,597,0.0000
band3_depth5_s18,classical,57,unguided,3,4,62,243,79,79,597,0.0000
band3_depth5_s18,classical,57,oracle,0.25,4,12,236,79,79,597,0.0000
band3_depth5_s18,classical,57,oracle,0.5,4,12,236,79,79,597,0.0000
band3_depth5_s18,classical,57,oracle,1,4,12,236,79,79,597,0.0000
band3_depth5_s18,classical,57,oracle,2,4,12,236,79,79,597,0.0000
band3_depth5_s18,classical,57,oracle,3,4,12,236,79,79,597,0.0000
band3_depth5_s19,classical,60,unguided,0.25,2,62,86,69,69,638,0.0000
band3_depth5_s19,classical,60,unguided,0.5,2,62,86,69,69,638,0.0000
band3_depth5_s19,classical,60,unguided,1,2,62,86,69,69,638,0.0000
band3_depth5_s19,classical,60,unguided,2,2,62,86,69,69,638,0.0000
band3_depth5_s19,classical,60,unguided,3,2,62,86,69,69,638,0.0000
band3_depth5_s19,classical,60,oracle,0.25,2,9,86,69,69,638,0.0000
band3_depth5_s19,classical,60,oracle,0.5,2,9,86,69,69,638,0.0000
band3_depth5_s19,classical,60,oracle,1,2,9,86,69,69,638,0.0000
band3_depth5_s19,classical,60,oracle,2,2,9,86,69,69,638,0.0000
band3_depth5_s19,classical,60,oracle,3,2,9,86,69,69,638,0.0000
band3_depth5_s20,rapid,38,unguided,0.25,3,62,188,72,72,447,0.0000
band3_depth5_s20,rapid,38,unguided,0.5,3,62,188,72,72,447,0.0000
band3_depth5_s20,rapid,38,unguided,1,3,62,188,72,72,447,0.0000
band3_depth5_s20,rapid,38,unguided,2,3,62,188,72,72,447,0.0000
band3_depth5_s20,rapid,38,unguided,3,3,62,188,72,72,447,0.0000
band3_depth5_s20,rapid,38,oracle,0.25,3,10,179,72,72,447,0.0000
band3_depth5_s20,rapid,38,oracle,0.5,3,10,179,72,72,447,0.0000
band3_depth5_s20,rapid,38,oracle,1,3,10,179,72,72,447,0.0000
band3_depth5_s20,rapid,38,oracle,2,3,10,179,72,72,447,0.0000
band3_depth5_s20,rapid,38,oracle,3,3,10,179,72,72,447,0.0000
band3_depth5_s21,rapid,26,unguided,0.25,3,62,74,36,36,428,0.0000
band3_depth5_s21,rapid,26,unguided,0.5,3,62,74,36,36,428,0.0000
band3_depth5_s21,rapid,26,unguided,1,3,62,74,36,36,428,0.0000
band3_depth5_s21,rapid,26,unguided,2,3,62,74,36,36,428,0.0000
band3_depth5_s21,rapid,26,unguided,3,3,62,74,36,36,428,0.0000
band3_depth5_s21,rapid,26,oracle,0.25,3,6,74,36,36,428,0.0000
band3_depth5_s21,rapid,26,oracle,0.5,3,6,74,36,36,428,0.0000
band3_depth5_s21,rapid,26,oracle,1,3,6,74,36,36,428,0.0000
band3_depth5_s21,rapid,26,oracle,2,3,6,74,36,36,428,0.0000
band3_depth5_s21,rapid,26,oracle,3,3,6,74,36,36,428,0.0000
band4_depth6_s0,rapid,25,unguided,0.25,2,62,33,32,32,250,0.0000
band4_depth6_s0,rapid,25,unguided,0.5,2,62,33,32,32,250,0.0000
band4_depth6_s0,rapid,25,unguided,1,2,62,33,32,32,250,0.0000
band4_depth6_s0,rapid,25,unguided,2,2,62,33,32,32,250,0.0000
band4_depth6_s0,rapid,25,unguided,3,2,62,33,32,32,250,0.0000
band4_depth6_s0,rapid,25,oracle,0.25,2,5,33,32,32,250,0.0000
band4_depth6_s0,rapid,25,oracle,0.5,2,5,33,32,32,250,0.0000
band4_depth6_s0,rapid,25,oracle,1,2,5,33,32,32,250,0.0000
band4_depth6_s0,rapid,25,oracle,2,2,5,33,32,32,250,0.0000
band4_depth6_s0,rapid,25,oracle,3,2,5,33,32,32,250,0.0000
band4_depth6_s1,rapid,24,unguided,0.25,2,62,35,32,32,242,0.0000
band4_depth6_s1,rapid,24,unguided,0.5,2,62,35,32,32,242,0.0000
band4_depth6_s1,rapid,24,unguided,1,2,62,35,32,32,242,0.0000
band4_depth6_s1,rapid,24,unguided,2,2,62,35,32,32,242,0.0000
band4_depth6_s1,rapid,24,unguided,3,2,62,35,32,32,242,0.0000
band4_depth6_s1,rapid,24,oracle,0.25,2,8,35,32,32,242,0.0000
band4_depth6_s1,rapid,24,oracle,0.5,2,8,35,32,32,242,0.0000
band4_depth6_s1,rapid,24,oracle,1,2,8,35,32,32,242,0.0000
band4_depth6_s1,rapid,24,oracle,2,2,8,35,32,32,242,0.0000
band4_depth6_s1,rapid,24,oracle,3,2,8,35,32,32,242,0.0000
band4_depth6_s2,classical,70,unguided,0.25,7,62,1595,235,235,734,0.0000
band4_depth6_s2,classical,70,unguided,0.5,7,62,1595,235,235,734,0.0000
band4_depth6_s2,classical,70,unguided,1,7,62,1595,235,235,734,0.0000
band4_depth6_s2,classical,70,unguided,2,7,62,1595,235,235,734,0.0000
band4_depth6_s2,classical,70,unguided,3,7,62,1595,235,235,734,0.0000
band4_depth6_s2,classical,70,oracle,0.25,7,19,1595,235,235,734,0.0000
band4_depth6_s2,classical,70,oracle,0.5,7,19,1595,235,235,734,0.0000
band4_depth6_s2,classical,70,oracle,1,7,19,1595,235,235,734,0.0000
band4_depth6_s2,classical,70,oracle,2,7,19,1595,235,235,734,0.0000
band4_depth6_s2,classical,70,oracle,3,7,19,1595,235,235,734,0.0000
band4_depth6_s3,classical,63,unguided,0.25,3,62,203,94,94,722,0.0000
band4_depth6_s3,classical,63,unguided,0.5,3,62,203,94,94,722,0.0000
band4_depth6_s3,classical,63,unguided,1,3,62,203,94,94,722,0.0000
band4_depth6_s3,classical,63,unguided,2,3,62,203,94,94,722,0.0000
band4_depth6_s3,classical,63,unguided,3,3,62,203,94,94,722,0.0000
band4_depth6_s3,classical,63,oracle,0.25,3,12,203,94,94,722,0.0000
band4_depth6_s3,classical,63,oracle,0.5,3,12,203,94,94,722,0.0000
band4_depth6_s3,classical,63,oracle,1,3,12,203,94,94,722,0.0000
band4_depth6_s3,classical,63,oracle,2,3,12,203,94,94,722,0.0000
band4_depth6_s3,classical,63,oracle,3,3,12,203,94,94,722,0.0000
band4_depth6_s4,rapid,13,unguided,0.25,3,62,51,24,24,27,0.0000
band4_depth6_s4,rapid,13,unguided,0.5,3,62,51,24,24,27,0.0000
band4_depth6_s4,rapid,13,unguided,1,3,62,51,24,24,27,0.0000
band4_depth6_s4,rapid,13,unguided,2,3,62,51,24,24,27,0.0000
band4_depth6_s4,rapid,13,unguided,3,3,62,51,24,24,27,0.0000
band4_depth6_s4,rapid,13,oracle,0.25,3,8,46,24,24,27,0.0000
band4_depth6_s4,rapid,13,oracle,0.5,3,8,46,24,24,27,0.0000
band4_depth6_s4,rapid,13,oracle,1,3,8,46,24,24,27,0.0000
band4_depth6_s4,rapid,13,oracle,2,3,8,46,24,24,27,0.0000
band4_depth6_s4,rapid,13,oracle,3,3,8,46,24,24,27,0.0000
band4_depth6_s5,rapid,34,unguided,0.25,3,62,137,56,56,387,0.0000
band4_depth6_s5,rapid,34,unguided,0.5,3,62,137,56,56,387,0.0000
band4_depth6_s5,rapid,34,unguided,1,3,62,137,56,56,387,0.0000
band4_depth6_s5,rapid,34,unguided,2,3,62,137,56,56,387,0.0000
band4_depth6_s5,rapid,34,unguided,3,3,62,137,56,56,387,0.0000
band4_depth6_s5,rapid,34,oracle,0.25,3,9,137,56,56,387,0.0000
band4_depth6_s5,rapid,34,oracle,0.5,3,9,137,56,56,387,0.0000
band4_depth6_s5,rapid,34,oracle,1,3,9,137,56,56,387,0.0000
band4_depth6_s5,rapid,34,oracle,2,3,9,137,56,56,387,0.0000
band4_depth6_s5,rapid,34,oracle,3,3,9,137,56,56,387,0.0000
band4_depth6_s6,rapid,25,unguided,0.25,2,62,39,32,32,181,0.0000
band4_depth6_s6,rapid,25,unguided,0.5,2,62,39,32,32,181,0.0000
band4_depth6_s6,rapid,25,unguided,1,2,62,39,32,32,181,0.0000
band4_depth6_s6,rapid,25,unguided,2,2,62,39,32,32,181,0.0000
band4_depth6_s6,rapid,25,unguided,3,2,62,39,32,32,181,0.0000
band4_depth6_s6,rapid,25,oracle,0.25,2,6,39,32,32,181,0.0000
band4_depth6_s6,rapid,25,oracle,0.5,2,6,39,32,32,181,0.0000
band4_depth6_s6,rapid,25,oracle,1,2,6,39,32,32,181,0.0000
band4_depth6_s6,rapid,25,oracle,2,2,6,39,32,32,181,0.0000
band4_depth6_s6,rapid,25,oracle,3,2,6,39,32,32,181,0.0000
band4_depth6_s7,rapid,33,unguided,0.25,10,62,14230,5990,5990,509,0.0000
band4_depth6_s7,rapid,33,unguided,0.5,10,62,14230,5990,5990,509,0.0000
band4_depth6_s7,rapid,33,unguided,1,10,62,14230,5990,5990,509,0.0000
band4_depth6_s7,rapid,33,unguided,2,10,62,14230,5990,5990,509,0.0000
band4_depth6_s7,rapid,33,unguided,3,10,62,14230,5990,5990,509,0.0000
band4_depth6_s7,rapid,33,oracle,0.25,10,28,14197,5990,5990,509,0.0000
band4_depth6_s7,rapid,33,oracle,0.5,10,28,14197,5990,5990,509,0.0000
band4_depth6_s7,rapid,33,oracle,1,10,28,14197,5990,5990,509,0.0000
band4_depth6_s7,rapid,33,oracle,2,10,28,14197,5990,5990,509,0.0000
band4_depth6_s7,rapid,33,oracle,3,10,28,14197,5990,5990,509,0.0000
band4_depth6_s8,rapid,26,unguided,0.25,3,62,63,35,35,523,0.0000
band4_depth6_s8,rapid,26,unguided,0.5,3,62,63,35,35,523,0.0000
band4_depth6_s8,rapid,26,unguided,1,3,62,63,35,35,523,0.0000
band4_depth6_s8,rapid,26,unguided,2,3,62,63,35,35,523,0.0000
band4_depth6_s8,rapid,26,unguided,3,3,62,63,35,35,523,0.0000
band4_depth6_s8,rapid,26,oracle,0.25,3,8,63,35,35,523,0.0000
band4_depth6_s8,rapid,26,oracle,0.5,3,8,63,35,35,523,0.0000
band4_depth6_s8,rapid,26,oracle,1,3,8,63,35,35,523,0.0000
band4_depth6_s8,rapid,26,oracle,2,3,8,63,35,35,523,0.0000
band4_depth6_s8,rapid,26,oracle,3,3,8,63,35,35,523,0.0000
band4_depth6_s9,rapid,34,unguided,0.25,3,62,111,48,48,390,0.0000
band4_depth6_s9,rapid,34,unguided,0.5,3,62,111,48,48,390,0.0000
band4_depth6_s9,rapid,34,unguided,1,3,62,111,48,48,390,0.0000
band4_depth6_s9,rapid,34,unguided,2,3,62,111,48,48,390,0.0000
band4_depth6_s9,rapid,34,unguided,3,3,62,111,48,48,390,0.0000
band4_depth6_s9,rapid,34,oracle,0.25,3,8,111,48,48,390,0.0000
band4_depth6_s9,rapid,34,oracle,0.5,3,8,111,48,48,390,0.0000
band4_depth6_s9,rapid,34,oracle,1,3,8,111,48,48,390,0.0000
band4_depth6_s9,rapid,34,oracle,2,3,8,111,48,48,390,0.0000
band4_depth6_s9,rapid,34,oracle,3,3,8,111,48,48,390,0.0000
band4_depth6_s10,classical,119,unguided,0.25,10,62,71933,12486,12486,2585,0.0000
band4_depth6_s10,classical,119,unguided,0.5,10,62,71933,12486,12486,2585,0.0000
band4_depth6_s10,classical,119,unguided,1,10,62,71933,12486,12486,2585,0.0000
band4_depth6_s10,classical,119,unguided,2,10,62,71933,12486,12486,2585,0.0000
band4_depth6_s10,classical,119,unguided,3,10,62,71933,12486,12486,2585,0.0000
band4_depth6_s10,classical,119,oracle,0.25,10,20,71933,12486,12486,2585,0.0000
band4_depth6_s10,classical,119,oracle,0.5,10,20,71933,12486,12486,2585,0.0000
band4_depth6_s10,classical,119,oracle,1,10,20,71933,12486,12486,2585,0.0000
band4_depth6_s10,classical,119,oracle,2,10,20,71933,12486,12486,2585,0.0000
band4_depth6_s10,classical,119,oracle,3,10,20,71933,12486,12486,2585,0.0000
band4_depth6_s11,rapid,26,unguided,0.25,2,62,34,37,37,873,0.0000
band4_depth6_s11,rapid,26,unguided,0.5,2,62,34,37,37,873,0.0000
band4_depth6_s11,rapid,26,unguided,1,2,62,34,37,37,873,0.0000
band4_depth6_s11,rapid,26,unguided,2,2,62,34,37,37,873,0.0000
band4_depth6_s11,rapid,26,unguided,3,2,62,34,37,37,873,0.0000
band4_depth6_s11,rapid,26,oracle,0.25,2,7,34,37,37,873,0.0000
band4_depth6_s11,rapid,26,oracle,0.5,2,7,34,37,37,873,0.0000
band4_depth6_s11,rapid,26,oracle,1,2,7,34,37,37,873,0.0000
band4_depth6_s11,rapid,26,oracle,2,2,7,34,37,37,873,0.0000
band4_depth6_s11,rapid,26,oracle,3,2,7,34,37,37,873,0.0000
band4_depth6_s12,rapid,44,unguided,0.25,3,62,87,51,51,766,0.0000
band4_depth6_s12,rapid,44,unguided,0.5,3,62,87,51,51,766,0.0000
band4_depth6_s12,rapid,44,unguided,1,3,62,87,51,51,766,0.0000
band4_depth6_s12,rapid,44,unguided,2,3,62,87,51,51,766,0.0000
band4_depth6_s12,rapid,44,unguided,3,3,62,87,51,51,766,0.0000
band4_depth6_s12,rapid,44,oracle,0.25,3,7,87,51,51,766,0.0000
band4_depth6_s12,rapid,44,oracle,0.5,3,7,87,51,51,766,0.0000
band4_depth6_s12,rapid,44,oracle,1,3,7,87,51,51,766,0.0000
band4_depth6_s12,rapid,44,oracle,2,3,7,87,51,51,766,0.0000
band4_depth6_s12,rapid,44,oracle,3,3,7,87,51,51,766,0.0000
band4_depth6_s13,classical,82,unguided,0.25,5,62,605,163,163,1106,0.0000
band4_depth6_s13,classical,82,unguided,0.5,5,62,605,163,163,1106,0.0000
band4_depth6_s13,classical,82,unguided,1,5,62,605,163,163,1106,0.0000
band4_depth6_s13,classical,82,unguided,2,5,62,605,163,163,1106,0.0000
band4_depth6_s13,classical,82,unguided,3,5,62,605,163,163,1106,0.0000
band4_depth6_s13,classical,82,oracle,0.25,5,15,605,163,163,1106,0.0000
band4_depth6_s13,classical,82,oracle,0.5,5,15,605,163,163,1106,0.0000
band4_depth6_s13,classical,82,oracle,1,5,15,605,163,163,1106,0.0000
band4_depth6_s13,classical,82,oracle,2,5,15,605,163,163,1106,0.0000
band4_depth6_s13,classical,82,oracle,3,5,15,605,163,163,1106,0.0000
band4_depth6_s14,rapid,20,unguided,0.25,2,62,28,27,27,129,0.0000
band4_depth6_s14,rapid,20,unguided,0.5,2,62,28,27,27,129,0.0000
band4_depth6_s14,rapid,20,unguided,1,2,62,28,27,27,129,0.0000
band4_depth6_s14,rapid,20,unguided,2,2,62,28,27,27,129,0.0000
band4_depth6_s14,rapid,20,unguided,3,2,62,28,27,27,129,0.0000
band4_depth6_s14,rapid,20,oracle,0.25,2,6,28,27,27,129,0.0000
band4_depth6_s14,rapid,20,oracle,0.5,2,6,28,27,27,129,0.0000
band4_depth6_s14,rapid,20,oracle,1,2,6,28,27,27,129,0.0000
band4_depth6_s14,rapid,20,oracle,2,2,6,28,27,27,129,0.0000
band4_depth6_s14,rapid,20,oracle,3,2,6,28,27,27,129,0.0000
band4_depth6_s15,rapid,16,unguided,0.25,2,62,23,20,20,111,0.0000
band4_depth6_s15,rapid,16,unguided,0.5,2,62,23,20,20,111,0.0000
band4_depth6_s15,rapid,16,unguided,1,2,62,23,20,20,111,0.0000
band4_depth6_s15,rapid,16,unguided,2,2,62,23,20,20,111,0.0000
band4_depth6_s15,rapid,16,unguided,3,2,62,23,20,20,111,0.0000
band4_depth6_s15,rapid,16,oracle,0.25,2,5,23,20,20,111,0.0000
band4_depth6_s15,rapid,16,oracle,0.5,2,5,23,20,20,111,0.0000
band4_depth6_s15,rapid,16,oracle,1,2,5,23,20,20,111,0.0000
band4_depth6_s15,rapid,16,oracle,2,2,5,23,20,20,111,0.0000
band4_depth6_s15,rapid,16,oracle,3,2,5,23,20,20,111,0.0000
band4_depth6_s16,classical,75,unguided,0.25,3,62,316,121,121,408,0.0000
band4_depth6_s16,classical,75,unguided,0.5,3,62,316,121,121,408,0.0000
band4_depth6_s16,classical,75,unguided,1,3,62,316,121,121,408,0.0000
band4_depth6_s16,classical,75,unguided,2,3,62,316,121,121,408,0.0000
band4_depth6_s16,classical,75,unguided,3,3,62,316,121,121,408,0.0000
band4_depth6_s16,classical,75,oracle,0.25,3,15,306,121,121,408,0.0000
band4_depth6_s16,classical,75,oracle,0.5,3,15,306,121,121,408,0.0000
band4_depth6_s16,classical,75,oracle,1,3,15,306,121,121,408,0.0000
band4_depth6_s16,classical,75,oracle,2,3,15,306,121,121,408,0.0000
band4_depth6_s16,classical,75,oracle,3,3,15,306,121,121,408,0.0000
band4_depth6_s17,rapid,13,unguided,0.25,2,62,21,17,17,26,0.0000
band4_depth6_s17,rapid,13,unguided,0.5,2,62,21,17,17,26,0.0000
band4_depth6_s17,rapid,13,unguided,1,2,62,21,17,17,26,0.0000
band4_depth6_s17,rapid,13,unguided,2,2,62,21,17,17,26,0.0000
band4_depth6_s17,rapid,13,unguided,3,2,62,21,17,17,26,0.0000
band4_depth6_s17,rapid,13,oracle,0.25,2,4,21,17,17,26,0.0000
band4_depth6_s17,rapid,13,oracle,0.5,2,4,21,17,17,26,0.0000
band4_depth6_s17,rapid,13,oracle,1,2,4,21,17,17,26,0.0000
band4_depth6_s17,rapid,13,oracle,2,2,4,21,17,17,26,0.0000
band4_depth6_s17,rapid,13,oracle,3,2,4,21,17,17,26,0.0000
band4_depth6_s18,classical,54,unguided,0.25,4,62,254,87,87,609,0.0000
band4_depth6_s18,classical,54,unguided,0.5,4,62,254,87,87,609,0.0000
band4_depth6_s18,classical,54,unguided,1,4,62,254,87,87,609,0.0000
band4_depth6_s18,classical,54,unguided,2,4,62,254,87,87,609,0.0000
band4_depth6_s18,classical,54,unguided,3,4,62,254,87,87,609,0.0000
band4_depth6_s18,classical,54,oracle,0.25,4,12,247,87,87,609,0.0000
band4_depth6_s18,classical,54,oracle,0.5,4,12,247,87,87,609,0.0000
band4_depth6_s18,classical,54,oracle,1,4,12,247,87,87,609,0.0000
band4_depth6_s18,classical,54,oracle,2,4,12,247,87,87,609,0.0000
band4_depth6_s18,classical,54,oracle,3,4,12,247,87,87,609,0.0000
band4_depth6_s19,rapid,24,unguided,0.25,2,62,32,31,31,391,0.0000
band4_depth6_s19,rapid,24,unguided,0.5,2,62,32,31,31,391,0.0000
band4_depth6_s19,rapid,24,unguided,1,2,62,32,31,31,391,0.0000
band4_depth6_s19,rapid,24,unguided,2,2,62,32,31,31,391,0.0000
band4_depth6_s19,rapid,24,unguided,3,2,62,32,31,31,391,0.0000
band4_depth6_s19,rapid,24,oracle,0.25,2,7,32,31,31,391,0.0000
band4_depth6_s19,rapid,24,oracle,0.5,2,7,32,31,31,391,0.0000
band4_depth6_s19,rapid,24,oracle,1,2,7,32,31,31,391,0.0000
band4_depth6_s19,rapid,24,oracle,2,2,7,32,31,31,391,0.0000
band4_depth6_s19,rapid,24,oracle,3,2,7,32,31,31,391,0.0000
band4_depth6_s20,classical,69,unguided,0.25,4,62,249,87,87,1181,0.0000
band4_depth6_s20,classical,69,unguided,0.5,4,62,249,87,87,1181,0.0000
band4_depth6_s20,classical,69,unguided,1,4,62,249,87,87,1181,0.0000
band4_depth6_s20,classical,69,unguided,2,4,62,249,87,87,1181,0.0000
band4_depth6_s20,classical,69,unguided,3,4,62,249,87,87,1181,0.0000
band4_depth6_s20,classical,69,oracle,0.25,4,8,249,87,87,1181,0.0000
band4_depth6_s20,classical,69,oracle,0.5,4,8,249,87,87,1181,0.0000
band4_depth6_s20,classical,69,oracle,1,4,8,249,87,87,1181,0.0000
band4_depth6_s20,classical,69,oracle,2,4,8,249,87,87,1181,0.0000
band4_depth6_s20,classical,69,oracle,3,4,8,249,87,87,1181,0.0000
band4_depth6_s21,rapid,22,unguided,0.25,2,62,31,28,28,231,0.0000
band4_depth6_s21,rapid,22,unguided,0.5,2,62,31,28,28,231,0.0000
band4_depth6_s21,rapid,22,unguided,1,2,62,31,28,28,231,0.0000
band4_depth6_s21,rapid,22,unguided,2,2,62,31,28,28,231,0.0000
band4_depth6_s21,rapid,22,unguided,3,2,62,31,28,28,231,0.0000
band4_depth6_s21,rapid,22,oracle,0.25,2,5,31,28,28,231,0.0000
band4_depth6_s21,rapid,22,oracle,0.5,2,5,31,28,28,231,0.0000
band4_depth6_s21,rapid,22,oracle,1,2,5,31,28,28,231,0.0000
band4_depth6_s21,rapid,22,oracle,2,2,5,31,28,28,231,0.0000
band4_depth6_s21,rapid,22,oracle,3,2,5,31,28,28,231,0.0000
band5_depth8_s0,rapid,11,unguided,0.25,2,62,11,13,13,284,0.0000
band5_depth8_s0,rapid,11,unguided,0.5,2,62,11,13,13,284,0.0000
band5_depth8_s0,rapid,11,unguided,1,2,62,11,13,13,284,0.0000
band5_depth8_s0,rapid,11,unguided,2,2,62,11,13,13,284,0.0000
band5_depth8_s0,rapid,11,unguided,3,2,62,11,13,13,284,0.0000
band5_depth8_s0,rapid,11,oracle,0.25,2,3,11,13,13,284,0.0000
band5_depth8_s0,rapid,11,oracle,0.5,2,3,11,13,13,284,0.0000
band5_depth8_s0,rapid,11,oracle,1,2,3,11,13,13,284,0.0000
band5_depth8_s0,rapid,11,oracle,2,2,3,11,13,13,284,0.0000
band5_depth8_s0,rapid,11,oracle,3,2,3,11,13,13,284,0.0000
band5_depth8_s1,classical,90,unguided,0.25,10,62,12962,1236,1236,1021,0.0000
band5_depth8_s1,classical,90,unguided,0.5,10,62,12962,1236,1236,1021,0.0000
band5_depth8_s1,classical,90,unguided,1,10,62,12962,1236,1236,1021,0.0000
band5_depth8_s1,classical,90,unguided,2,10,62,12962,1236,1236,1021,0.0000
band5_depth8_s1,classical,90,unguided,3,10,62,12962,1236,1236,1021,0.0000
band5_depth8_s1,classical,90,oracle,0.25,10,22,12942,1236,1236,1021,0.0000
band5_depth8_s1,classical,90,oracle,0.5,10,22,12942,1236,1236,1021,0.0000
band5_depth8_s1,classical,90,oracle,1,10,22,12942,1236,1236,1021,0.0000
band5_depth8_s1,classical,90,oracle,2,10,22,12942,1236,1236,1021,0.0000
band5_depth8_s1,classical,90,oracle,3,10,22,12942,1236,1236,1021,0.0000
band5_depth8_s2,classical,55,unguided,0.25,6,62,1987,288,288,1347,0.0000
band5_depth8_s2,classical,55,unguided,0.5,6,62,1987,288,288,1347,0.0000
band5_depth8_s2,classical,55,unguided,1,6,62,1987,288,288,1347,0.0000
band5_depth8_s2,classical,55,unguided,2,6,62,1987,288,288,1347,0.0000
band5_depth8_s2,classical,55,unguided,3,6,62,1987,288,288,1347,0.0000
band5_depth8_s2,classical,55,oracle,0.25,6,16,1942,288,288,1347,0.0000
band5_depth8_s2,classical,55,oracle,0.5,6,16,1942,288,288,1347,0.0000
band5_depth8_s2,classical,55,oracle,1,6,16,1942,288,288,1347,0.0000
band5_depth8_s2,classical,55,oracle,2,6,16,1942,288,288,1347,0.0000
band5_depth8_s2,classical,55,oracle,3,6,16,1942,288,288,1347,0.0000
band5_depth8_s3,rapid,41,unguided,0.25,3,62,115,59,59,836,0.0000
band5_depth8_s3,rapid,41,unguided,0.5,3,62,115,59,59,836,0.0000
band5_depth8_s3,rapid,41,unguided,1,3,62,115,59,59,836,0.0000
band5_depth8_s3,rapid,41,unguided,2,3,62,115,59,59,836,0.0000
band5_depth8_s3,rapid,41,unguided,3,3,62,115,59,59,836,0.0000
band5_depth8_s3,rapid,41,oracle,0.25,3,7,115,59,59,836,0.0000
band5_depth8_s3,rapid,41,oracle,0.5,3,7,115,59,59,836,0.0000
band5_depth8_s3,rapid,41,oracle,1,3,7,115,59,59,836,0.0000
band5_depth8_s3,rapid,41,oracle,2,3,7,115,59,59,836,0.0000
band5_depth8_s3,rapid,41,oracle,3,3,7,115,59,59,836,0.0000
band5_depth8_s4,classical,72,unguided,0.25,3,62,194,88,88,1044,0.0000
band5_depth8_s4,classical,72,unguided,0.5,3,62,194,88,88,1044,0.0000
band5_depth8_s4,classical,72,unguided,1,3,62,194,88,88,1044,0.0000
band5_depth8_s4,classical,72,unguided,2,3,62,194,88,88,1044,0.0000
band5_depth8_s4,classical,72,unguided,3,3,62,194,88,88,1044,0.0000
band5_depth8_s4,classical,72,oracle,0.25,3,10,194,88,88,1044,0.0000
band5_depth8_s4,classical,72,oracle,0.5,3,10,194,88,88,1044,0.0000
band5_depth8_s4,classical,72,oracle,1,3,10,194,88,88,1044,0.0000
band5_depth8_s4,classical,72,oracle,2,3,10,194,88,88,1044,0.0000
band5_depth8_s4,classical,72,oracle,3,3,10,194,88,88,1044,0.0000
band5_depth8_s5,rapid,24,unguided,0.25,2,62,32,30,30,414,0.0000
band5_depth8_s5,rapid,24,unguided,0.5,2,62,32,30,30,414,0.0000
band5_depth8_s5,rapid,24,unguided,1,2,62,32,30,30,414,0.0000
band5_depth8_s5,rapid,24,unguided,2,2,62,32,30,30,414,0.0000
band5_depth8_s5,rapid,24,unguided,3,2,62,32,30,30,414,0.0000
band5_depth8_s5,rapid,24,oracle,0.25,2,6,32,30,30,414,0.0000
band5_depth8_s5,rapid,24,oracle,0.5,2,6,32,30,30,414,0.0000
band5_depth8_s5,rapid,24,oracle,1,2,6,32,30,30,414,0.0000
band5_depth8_s5,rapid,24,oracle,2,2,6,32,30,30,414,0.0000
band5_depth8_s5,rapid,24,oracle,3,2,6,32,30,30,414,0.0000
band5_depth8_s6,rapid,32,unguided,0.25,3,62,105,46,46,488,0.0000
band5_depth8_s6,rapid,32,unguided,0.5,3,62,105,46,46,488,0.0000
band5_depth8_s6,rapid,32,unguided,1,3,62,105,46,46,488,0.0000
band5_depth8_s6,rapid,32,unguided,2,3,62,105,46,46,488,0.0000
band5_depth8_s6,rapid,32,unguided,3,3,62,105,46,46,488,0.0000
band5_depth8_s6,rapid,32,oracle,0.25,3,6,101,46,46,488,0.0000
band5_depth8_s6,rapid,32,oracle,0.5,3,6,101,46,46,488,0.0000
band5_depth8_s6,rapid,32,oracle,1,3,6,101,46,46,488,0.0000
band5_depth8_s6,rapid,32,oracle,2,3,6,101,46,46,488,0.0000
band5_depth8_s6,rapid,32,oracle,3,3,6,101,46,46,488,0.0000
band5_depth8_s7,classical,91,unguided,0.25,4,62,334,125,125,1400,0.0000
band5_depth8_s7,classical,91,unguided,0.5,4,62,334,125,125,1400,0.0000
band5_depth8_s7,classical,91,unguided,1,4,62,334,125,125,1400,0.0000
band5_depth8_s7,classical,91,unguided,2,4,62,334,125,125,1400,0.0000
band5_depth8_s7,classical,91,unguided,3,4,62,334,125,125,1400,0.0000
band5_depth8_s7,classical,91,oracle,0.25,4,12,315,125,125,1400,0.0000
band5_depth8_s7,classical,91,oracle,0.5,4,12,315,125,125,1400,0.0000
band5_depth8_s7,classical,91,oracle,1,4,12,315,125,125,1400,0.0000
band5_depth8_s7,classical,91,oracle,2,4,12,315,125,125,1400,0.0000
band5_depth8_s7,classical,91,oracle,3,4,12,315,125,125,1400,0.0000
band5_depth8_s8,rapid,37,unguided,0.25,3,62,127,55,55,649,0.0000
band5_depth8_s8,rapid,37,unguided,0.5,3,62,127,55,55,649,0.0000
band5_depth8_s8,rapid,37,unguided,1,3,62,127,55,55,649,0.0000
band5_depth8_s8,rapid,37,unguided,2,3,62,127,55,55,649,0.0000
band5_depth8_s8,rapid,37,unguided,3,3,62,127,55,55,649,0.0000
band5_depth8_s8,rapid,37,oracle,0.25,3,9,127,55,55,649,0.0000
band5_depth8_s8,rapid,37,oracle,0.5,3,9,127,55,55,649,0.0000
band5_depth8_s8,rapid,37,oracle,1,3,9,127,55,55,649,0.0000
band5_depth8_s8,rapid,37,oracle,2,3,9,127,55,55,649,0.0000
band5_depth8_s8,rapid,37,oracle,3,3,9,127,55,55,649,0.0000
band5_depth8_s9,rapid,11,unguided,0.25,2,62,16,15,15,133,0.0000
band5_depth8_s9,rapid,11,unguided,0.5,2,62,16,15,15,133,0.0000
band5_depth8_s9,rapid,11,unguided,1,2,62,16,15,15,133,0.0000
band5_depth8_s9,rapid,11,unguided,2,2,62,16,15,15,133,0.0000
band5_depth8_s9,rapid,11,unguided,3,2,62,16,15,15,133,0.0000
band5_depth8_s9,rapid,11,oracle,0.25,2,4,16,15,15,133,0.0000
band5_depth8_s9,rapid,11,oracle,0.5,2,4,16,15,15,133,0.0000
band5_depth8_s9,rapid,11,oracle,1,2,4,16,15,15,133,0.0000
band5_depth8_s9,rapid,11,oracle,2,2,4,16,15,15,133,0.0000
band5_depth8_s9,rapid,11,oracle,3,2,4,16,15,15,133,0.0000
band5_depth8_s10,rapid,22,unguided,0.25,3,62,68,30,30,291,0.0000
band5_depth8_s10,rapid,22,unguided,0.5,3,62,68,30,30,291,0.0000
band5_depth8_s10,rapid,22,unguided,1,3,62,68,30,30,291,0.0000
band5_depth8_s10,rapid,22,unguided,2,3,62,68,30,30,291,0.0000
band5_depth8_s10,rapid,22,unguided,3,3,62,68,30,30,291,0.0000
band5_depth8_s10,rapid,22,oracle,0.25,3,5,68,30,30,291,0.0000
band5_depth8_s10,rapid,22,oracle,0.5,3,5,68,30,30,291,0.0000
band5_depth8_s10,rapid,22,oracle,1,3,5,68,30,30,291,0.0000
band5_depth8_s10,rapid,22,oracle,2,3,5,68,30,30,291,0.0000
band5_depth8_s10,rapid,22,oracle,3,3,5,68,30,30,291,0.0000
band5_depth8_s11,classical,116,unguided,0.25,7,62,29777,14505,14505,1000303,0.0000
band5_depth8_s11,classical,116,unguided,0.5,7,62,29777,14505,14505,1000303,0.0000
band5_depth8_s11,classical,116,unguided,1,7,62,29777,14505,14505,1000303,0.0000
band5_depth8_s11,classical,116,unguided,2,7,62,29777,14505,14505,1000303,0.0000
band5_depth8_s11,classical,116,unguided,3,7,62,29777,14505,14505,1000303,0.0000
band5_depth8_s11,classical,116,oracle,0.25,7,21,29777,14505,14505,1000303,0.0000
band5_depth8_s11,classical,116,oracle,0.5,7,21,29777,14505,14505,1000303,0.0000
band5_depth8_s11,classical,116,oracle,1,7,21,29777,14505,14505,1000303,0.0000
band5_depth8_s11,classical,116,oracle,2,7,21,29777,14505,14505,1000303,0.0000
band5_depth8_s11,classical,116,oracle,3,7,21,29777,14505,14505,1000303,0.0000
band5_depth8_s12,classical,53,unguided,0.25,4,62,221,83,83,1181,0.0000
band5_depth8_s12,classical,53,unguided,0.5,4,62,221,83,83,1181,0.0000
band5_depth8_s12,classical,53,unguided,1,4,62,221,83,83,1181,0.0000
band5_depth8_s12,classical,53,unguided,2,4,62,221,83,83,1181,0.0000
band5_depth8_s12,classical,53,unguided,3,4,62,221,83,83,1181,0.0000
band5_depth8_s12,classical,53,oracle,0.25,4,15,216,83,83,1181,0.0000
band5_depth8_s12,classical,53,oracle,0.5,4,15,216,83,83,1181,0.0000
band5_depth8_s12,classical,53,oracle,1,4,15,216,83,83,1181,0.0000
band5_depth8_s12,classical,53,oracle,2,4,15,216,83,83,1181,0.0000
band5_depth8_s12,classical,53,oracle,3,4,15,216,83,83,1181,0.0000
band5_depth8_s13,classical,107,unguided,0.25,3,62,252,137,137,2760,0.0000
band5_depth8_s13,classical,107,unguided,0.5,3,62,252,137,137,2760,0.0000
band5_depth8_s13,classical,107,unguided,1,3,62,252,137,137,2760,0.0000
band5_depth8_s13,classical,107,unguided,2,3,62,252,137,137,2760,0.0000
band5_depth8_s13,classical,107,unguided,3,3,62,252,137,137,2760,0.0000
band5_depth8_s13,classical,107,oracle,0.25,3,15,252,137,137,2760,0.0000
band5_depth8_s13,classical,107,oracle,0.5,3,15,252,137,137,2760,0.0000
band5_depth8_s13,classical,107,oracle,1,3,15,252,137,137,2760,0.0000
band5_depth8_s13,classical,107,oracle,2,3,15,252,137,137,2760,0.0000
band5_depth8_s13,classical,107,oracle,3,3,15,252,137,137,2760,0.0000
band5_depth8_s14,classical,54,unguided,0.25,4,62,197,71,71,739,0.0000
band5_depth8_s14,classical,54,unguided,0.5,4,62,197,71,71,739,0.0000
band5_depth8_s14,classical,54,unguided,1,4,62,197,71,71,739,0.0000
band5_depth8_s14,classical,54,unguided,2,4,62,197,71,71,739,0.0000
band5_depth8_s14,classical,54,unguided,3,4,62,197,71,71,739,0.0000
band5_depth8_s14,classical,54,oracle,0.25,4,8,197,71,71,739,0.0000
band5_depth8_s14,classical,54,oracle,0.5,4,8,197,71,71,739,0.0000
band5_depth8_s14,classical,54,oracle,1,4,8,197,71,71,739,0.0000
band5_depth8_s14,classical,54,oracle,2,4,8,197,71,71,739,0.0000
band5_depth8_s14,classical,54,oracle,3,4,8,197,71,71,739,0.0000
band5_depth8_s15,classical,102,unguided,0.25,14,62,157887,10657,10657,1420,0.0000
band5_depth8_s15,classical,102,unguided,0.5,14,62,157887,10657,10657,1420,0.0000
band5_depth8_s15,classical,102,unguided,1,14,62,157887,10657,10657,1420,0.0000
band5_depth8_s15,classical,102,unguided,2,14,62,157887,10657,10657,1420,0.0000
band5_depth8_s15,classical,102,unguided,3,14,62,157887,10657,10657,1420,0.0000
band5_depth8_s15,classical,102,oracle,0.25,14,22,157887,10657,10657,1420,0.0000
band5_depth8_s15,classical,102,oracle,0.5,14,22,157887,10657,10657,1420,0.0000
band5_depth8_s15,classical,102,oracle,1,14,22,157887,10657,10657,1420,0.0000
band5_depth8_s15,classical,102,oracle,2,14,22,157887,10657,10657,1420,0.0000
band5_depth8_s15,classical,102,oracle,3,14,22,157887,10657,10657,1420,0.0000
band5_depth8_s16,classical,66,unguided,0.25,6,62,2100,325,325,1194,0.0000
band5_depth8_s16,classical,66,unguided,0.5,6,62,2100,325,325,1194,0.0000
band5_depth8_s16,classical,66,unguided,1,6,62,2100,325,325,1194,0.0000
band5_depth8_s16,classical,66,unguided,2,6,62,2100,325,325,1194,0.0000
band5_depth8_s16,classical,66,unguided,3,6,62,2100,325,325,1194,0.0000
band5_depth8_s16,classical,66,oracle,0.25,6,16,2046,325,325,1194,0.0000
band5_depth8_s16,classical,66,oracle,0.5,6,16,2046,325,325,1194,0.0000
band5_depth8_s16,classical,66,oracle,1,6,16,2046,325,325,1194,0.0000
band5_depth8_s16,classical,66,oracle,2,6,16,2046,325,325,1194,0.0000
band5_depth8_s16,classical,66,oracle,3,6,16,2046,325,325,1194,0.0000
band5_depth8_s17,rapid,28,unguided,0.25,3,62,88,44,44,456,0.0000
band5_depth8_s17,rapid,28,unguided,0.5,3,62,88,44,44,456,0.0000
band5_depth8_s17,rapid,28,unguided,1,3,62,88,44,44,456,0.0000
band5_depth8_s17,rapid,28,unguided,2,3,62,88,44,44,456,0.0000
band5_depth8_s17,rapid,28,unguided,3,3,62,88,44,44,456,0.0000
band5_depth8_s17,rapid,28,oracle,0.25,3,10,88,44,44,456,0.0000
band5_depth8_s17,rapid,28,oracle,0.5,3,10,88,44,44,456,0.0000
band5_depth8_s17,rapid,28,oracle,1,3,10,88,44,44,456,0.0000
band5_depth8_s17,rapid,28,oracle,2,3,10,88,44,44,456,0.0000
band5_depth8_s17,rapid,28,oracle,3,3,10,88,44,44,456,0.0000
band5_depth8_s18,classical,97,unguided,0.25,5,62,911,191,191,1469,0.0000
band5_depth8_s18,classical,97,unguided,0.5,5,62,911,191,191,1469,0.0000
band5_depth8_s18,classical,97,unguided,1,5,62,911,191,191,1469,0.0000
band5_depth8_s18,classical,97,unguided,2,5,62,911,191,191,1469,0.0000
band5_depth8_s18,classical,97,unguided,3,5,62,911,191,191,1469,0.0000
band5_depth8_s18,classical,97,oracle,0.25,5,16,911,191,191,1469,0.0000
band5_depth8_s18,classical,97,oracle,0.5,5,16,911,191,191,1469,0.0000
band5_depth8_s18,classical,97,oracle,1,5,16,911,191,191,1469,0.0000
band5_depth8_s18,classical,97,oracle,2,5,16,911,191,191,1469,0.0000
band5_depth8_s18,classical,97,oracle,3,5,16,911,191,191,1469,0.0000
band5_depth8_s19,classical,239,unguided,0.25,15,62,160139,8595,8595,3484,0.0000
band5_depth8_s19,classical,239,unguided,0.5,15,62,160139,8595,8595,3484,0.0000
band5_depth8_s19,classical,239,unguided,1,15,62,160139,8595,8595,3484,0.0000
band5_depth8_s19,classical,239,unguided,2,15,62,160139,8595,8595,3484,0.0000
band5_depth8_s19,classical,239,unguided,3,15,62,160139,8595,8595,3484,0.0000
band5_depth8_s19,classical,239,oracle,0.25,15,22,160112,8595,8595,3484,0.0000
band5_depth8_s19,classical,239,oracle,0.5,15,22,160112,8595,8595,3484,0.0000
band5_depth8_s19,classical,239,oracle,1,15,22,160112,8595,8595,3484,0.0000
band5_depth8_s19,classical,239,oracle,2,15,22,160112,8595,8595,3484,0.0000
band5_depth8_s19,classical,239,oracle,3,15,22,160112,8595,8595,3484,0.0000
band5_depth8_s20,blitz,10,unguided,0.25,2,62,13,14,14,167,0.0000
band5_depth8_s20,blitz,10,unguided,0.5,2,62,13,14,14,167,0.0000
band5_depth8_s20,blitz,10,unguided,1,2,62,13,14,14,167,0.0000
band5_depth8_s20,blitz,10,unguided,2,2,62,13,14,14,167,0.0000
band5_depth8_s20,blitz,10,unguided,3,2,62,13,14,14,167,0.0000
band5_depth8_s20,blitz,10,oracle,0.25,2,4,13,14,14,167,0.0000
band5_depth8_s20,blitz,10,oracle,0.5,2,4,13,14,14,167,0.0000
band5_depth8_s20,blitz,10,oracle,1,2,4,13,14,14,167,0.0000
band5_depth8_s20,blitz,10,oracle,2,2,4,13,14,14,167,0.0000
band5_depth8_s20,blitz,10,oracle,3,2,4,13,14,14,167,0.0000
band5_depth8_s21,classical,103,unguided,0.25,25,62,253984,13361,13361,1560,0.0000
band5_depth8_s21,classical,103,unguided,0.5,25,62,253984,13361,13361,1560,0.0000
band5_depth8_s21,classical,103,unguided,1,25,62,253984,13361,13361,1560,0.0000
band5_depth8_s21,classical,103,unguided,2,25,62,253984,13361,13361,1560,0.0000
band5_depth8_s21,classical,103,unguided,3,25,62,253984,13361,13361,1560,0.0000
band5_depth8_s21,classical,103,oracle,0.25,25,23,253962,13361,13361,1560,0.0000
band5_depth8_s21,classical,103,oracle,0.5,25,23,253962,13361,13361,1560,0.0000
band5_depth8_s21,classical,103,oracle,1,25,23,253962,13361,13361,1560,0.0000
band5_depth8_s21,classical,103,oracle,2,25,23,253962,13361,13361,1560,0.0000
band5_depth8_s21,classical,103,oracle,3,25,23,253962,13361,13361,1560,0.0000
band6_depth10_s0,classical,94,unguided,0.25,17,62,78652,3260,3260,1231,0.0000
band6_depth10_s0,classical,94,unguided,0.5,17,62,78652,3260,3260,1231,0.0000
band6_depth10_s0,classical,94,unguided,1,17,62,78652,3260,3260,1231,0.0000
band6_depth10_s0,classical,94,unguided,2,17,62,78652,3260,3260,1231,0.0000
band6_depth10_s0,classical,94,unguided,3,17,62,78652,3260,3260,1231,0.0000
band6_depth10_s0,classical,94,oracle,0.25,17,20,78552,3260,3260,1231,0.0000
band6_depth10_s0,classical,94,oracle,0.5,17,20,78552,3260,3260,1231,0.0000
band6_depth10_s0,classical,94,oracle,1,17,20,78552,3260,3260,1231,0.0000
band6_depth10_s0,classical,94,oracle,2,17,20,78552,3260,3260,1231,0.0000
band6_depth10_s0,classical,94,oracle,3,17,20,78552,3260,3260,1231,0.0000
band6_depth10_s1,rapid,11,unguided,0.25,2,62,17,14,14,28,0.0000
band6_depth10_s1,rapid,11,unguided,0.5,2,62,17,14,14,28,0.0000
band6_depth10_s1,rapid,11,unguided,1,2,62,17,14,14,28,0.0000
band6_depth10_s1,rapid,11,unguided,2,2,62,17,14,14,28,0.0000
band6_depth10_s1,rapid,11,unguided,3,2,62,17,14,14,28,0.0000
band6_depth10_s1,rapid,11,oracle,0.25,2,4,17,14,14,28,0.0000
band6_depth10_s1,rapid,11,oracle,0.5,2,4,17,14,14,28,0.0000
band6_depth10_s1,rapid,11,oracle,1,2,4,17,14,14,28,0.0000
band6_depth10_s1,rapid,11,oracle,2,2,4,17,14,14,28,0.0000
band6_depth10_s1,rapid,11,oracle,3,2,4,17,14,14,28,0.0000
band6_depth10_s2,classical,80,unguided,0.25,9,62,46063,13716,13716,1727,0.0000
band6_depth10_s2,classical,80,unguided,0.5,9,62,46063,13716,13716,1727,0.0000
band6_depth10_s2,classical,80,unguided,1,9,62,46063,13716,13716,1727,0.0000
band6_depth10_s2,classical,80,unguided,2,9,62,46063,13716,13716,1727,0.0000
band6_depth10_s2,classical,80,unguided,3,9,62,46063,13716,13716,1727,0.0000
band6_depth10_s2,classical,80,oracle,0.25,9,26,46063,13716,13716,1727,0.0000
band6_depth10_s2,classical,80,oracle,0.5,9,26,46063,13716,13716,1727,0.0000
band6_depth10_s2,classical,80,oracle,1,9,26,46063,13716,13716,1727,0.0000
band6_depth10_s2,classical,80,oracle,2,9,26,46063,13716,13716,1727,0.0000
band6_depth10_s2,classical,80,oracle,3,9,26,46063,13716,13716,1727,0.0000
band6_depth10_s3,rapid,19,unguided,0.25,2,62,23,24,24,233,0.0000
band6_depth10_s3,rapid,19,unguided,0.5,2,62,23,24,24,233,0.0000
band6_depth10_s3,rapid,19,unguided,1,2,62,23,24,24,233,0.0000
band6_depth10_s3,rapid,19,unguided,2,2,62,23,24,24,233,0.0000
band6_depth10_s3,rapid,19,unguided,3,2,62,23,24,24,233,0.0000
band6_depth10_s3,rapid,19,oracle,0.25,2,5,23,24,24,233,0.0000
band6_depth10_s3,rapid,19,oracle,0.5,2,5,23,24,24,233,0.0000
band6_depth10_s3,rapid,19,oracle,1,2,5,23,24,24,233,0.0000
band6_depth10_s3,rapid,19,oracle,2,2,5,23,24,24,233,0.0000
band6_depth10_s3,rapid,19,oracle,3,2,5,23,24,24,233,0.0000
band6_depth10_s4,classical,135,unguided,0.25,3,62,337,173,173,1731,0.0000
band6_depth10_s4,classical,135,unguided,0.5,3,62,337,173,173,1731,0.0000
band6_depth10_s4,classical,135,unguided,1,3,62,337,173,173,1731,0.0000
band6_depth10_s4,classical,135,unguided,2,3,62,337,173,173,1731,0.0000
band6_depth10_s4,classical,135,unguided,3,3,62,337,173,173,1731,0.0000
band6_depth10_s4,classical,135,oracle,0.25,3,15,331,173,173,1731,0.0000
band6_depth10_s4,classical,135,oracle,0.5,3,15,331,173,173,1731,0.0000
band6_depth10_s4,classical,135,oracle,1,3,15,331,173,173,1731,0.0000
band6_depth10_s4,classical,135,oracle,2,3,15,331,173,173,1731,0.0000
band6_depth10_s4,classical,135,oracle,3,3,15,331,173,173,1731,0.0000
band6_depth10_s5,classical,120,unguided,0.25,4,62,477,163,163,3487,0.0000
band6_depth10_s5,classical,120,unguided,0.5,4,62,477,163,163,3487,0.0000
band6_depth10_s5,classical,120,unguided,1,4,62,477,163,163,3487,0.0000
band6_depth10_s5,classical,120,unguided,2,4,62,477,163,163,3487,0.0000
band6_depth10_s5,classical,120,unguided,3,4,62,477,163,163,3487,0.0000
band6_depth10_s5,classical,120,oracle,0.25,4,17,458,163,163,3487,0.0000
band6_depth10_s5,classical,120,oracle,0.5,4,17,458,163,163,3487,0.0000
band6_depth10_s5,classical,120,oracle,1,4,17,458,163,163,3487,0.0000
band6_depth10_s5,classical,120,oracle,2,4,17,458,163,163,3487,0.0000
band6_depth10_s5,classical,120,oracle,3,4,17,458,163,163,3487,0.0000
band6_depth10_s6,classical,92,unguided,0.25,4,62,289,121,121,2023,0.0000
band6_depth10_s6,classical,92,unguided,0.5,4,62,289,121,121,2023,0.0000
band6_depth10_s6,classical,92,unguided,1,4,62,289,121,121,2023,0.0000
band6_depth10_s6,classical,92,unguided,2,4,62,289,121,121,2023,0.0000
band6_depth10_s6,classical,92,unguided,3,4,62,289,121,121,2023,0.0000
band6_depth10_s6,classical,92,oracle,0.25,4,11,289,121,121,2023,0.0000
band6_depth10_s6,classical,92,oracle,0.5,4,11,289,121,121,2023,0.0000
band6_depth10_s6,classical,92,oracle,1,4,11,289,121,121,2023,0.0000
band6_depth10_s6,classical,92,oracle,2,4,11,289,121,121,2023,0.0000
band6_depth10_s6,classical,92,oracle,3,4,11,289,121,121,2023,0.0000
band6_depth10_s7,classical,228,unguided,0.25,5,62,1478,371,371,4004067,0.0000
band6_depth10_s7,classical,228,unguided,0.5,5,62,1478,371,371,4004067,0.0000
band6_depth10_s7,classical,228,unguided,1,5,62,1478,371,371,4004067,0.0000
band6_depth10_s7,classical,228,unguided,2,5,62,1478,371,371,4004067,0.0000
band6_depth10_s7,classical,228,unguided,3,5,62,1478,371,371,4004067,0.0000
band6_depth10_s7,classical,228,oracle,0.25,5,17,1478,371,371,4004067,0.0000
band6_depth10_s7,classical,228,oracle,0.5,5,17,1478,371,371,4004067,0.0000
band6_depth10_s7,classical,228,oracle,1,5,17,1478,371,371,4004067,0.0000
band6_depth10_s7,classical,228,oracle,2,5,17,1478,371,371,4004067,0.0000
band6_depth10_s7,classical,228,oracle,3,5,17,1478,371,371,4004067,0.0000
band6_depth10_s8,classical,226,unguided,0.25,17,62,176543,7946,7946,1003554,0.0000
band6_depth10_s8,classical,226,unguided,0.5,17,62,176543,7946,7946,1003554,0.0000
band6_depth10_s8,classical,226,unguided,1,17,62,176543,7946,7946,1003554,0.0000
band6_depth10_s8,classical,226,unguided,2,17,62,176543,7946,7946,1003554,0.0000
band6_depth10_s8,classical,226,unguided,3,17,62,176543,7946,7946,1003554,0.0000
band6_depth10_s8,classical,226,oracle,0.25,17,21,176543,7946,7946,1003554,0.0000
band6_depth10_s8,classical,226,oracle,0.5,17,21,176543,7946,7946,1003554,0.0000
band6_depth10_s8,classical,226,oracle,1,17,21,176543,7946,7946,1003554,0.0000
band6_depth10_s8,classical,226,oracle,2,17,21,176543,7946,7946,1003554,0.0000
band6_depth10_s8,classical,226,oracle,3,17,21,176543,7946,7946,1003554,0.0000
band6_depth10_s9,classical,224,unguided,0.25,16,62,74852,14266,14266,5496,0.0000
band6_depth10_s9,classical,224,unguided,0.5,16,62,74852,14266,14266,5496,0.0000
band6_depth10_s9,classical,224,unguided,1,16,62,74852,14266,14266,5496,0.0000
band6_depth10_s9,classical,224,unguided,2,16,62,74852,14266,14266,5496,0.0000
band6_depth10_s9,classical,224,unguided,3,16,62,74852,14266,14266,5496,0.0000
band6_depth10_s9,classical,224,oracle,0.25,16,22,74852,14266,14266,5496,0.0000
band6_depth10_s9,classical,224,oracle,0.5,16,22,74852,14266,14266,5496,0.0000
band6_depth10_s9,classical,224,oracle,1,16,22,74852,14266,14266,5496,0.0000
band6_depth10_s9,classical,224,oracle,2,16,22,74852,14266,14266,5496,0.0000
band6_depth10_s9,classical,224,oracle,3,16,22,74852,14266,14266,5496,0.0000
band6_depth10_s10,classical,76,unguided,0.25,3,62,225,103,103,1104,0.0000
band6_depth10_s10,classical,76,unguided,0.5,3,62,225,103,103,1104,0.0000
band6_depth10_s10,classical,76,unguided,1,3,62,225,103,103,1104,0.0000
band6_depth10_s10,classical,76,unguided,2,3,62,225,103,103,1104,0.0000
band6_depth10_s10,classical,76,unguided,3,3,62,225,103,103,1104,0.0000
band6_depth10_s10,classical,76,oracle,0.25,3,11,225,103,103,1104,0.0000
band6_depth10_s10,classical,76,oracle,0.5,3,11,225,103,103,1104,0.0000
band6_depth10_s10,classical,76,oracle,1,3,11,225,103,103,1104,0.0000
band6_depth10_s10,classical,76,oracle,2,3,11,225,103,103,1104,0.0000
band6_depth10_s10,classical,76,oracle,3,3,11,225,103,103,1104,0.0000
band6_depth10_s11,classical,208,unguided,0.25,13,62,54252,3014,3014,1993,0.0000
band6_depth10_s11,classical,208,unguided,0.5,13,62,54252,3014,3014,1993,0.0000
band6_depth10_s11,classical,208,unguided,1,13,62,54252,3014,3014,1993,0.0000
band6_depth10_s11,classical,208,unguided,2,13,62,54252,3014,3014,1993,0.0000
band6_depth10_s11,classical,208,unguided,3,13,62,54252,3014,3014,1993,0.0000
band6_depth10_s11,classical,208,oracle,0.25,13,22,54252,3014,3014,1993,0.0000
band6_depth10_s11,classical,208,oracle,0.5,13,22,54252,3014,3014,1993,0.0000
band6_depth10_s11,classical,208,oracle,1,13,22,54252,3014,3014,1993,0.0000
band6_depth10_s11,classical,208,oracle,2,13,22,54252,3014,3014,1993,0.0000
band6_depth10_s11,classical,208,oracle,3,13,22,54252,3014,3014,1993,0.0000
band6_depth10_s12,classical,187,unguided,0.25,3,62,493,257,257,2846,0.0000
band6_depth10_s12,classical,187,unguided,0.5,3,62,493,257,257,2846,0.0000
band6_depth10_s12,classical,187,unguided,1,3,62,493,257,257,2846,0.0000
band6_depth10_s12,classical,187,unguided,2,3,62,493,257,257,2846,0.0000
band6_depth10_s12,classical,187,unguided,3,3,62,493,257,257,2846,0.0000
band6_depth10_s12,classical,187,oracle,0.25,3,20,488,257,257,2846,0.0000
band6_depth10_s12,classical,187,oracle,0.5,3,20,488,257,257,2846,0.0000
band6_depth10_s12,classical,187,oracle,1,3,20,488,257,257,2846,0.0000
band6_depth10_s12,classical,187,oracle,2,3,20,488,257,257,2846,0.0000
band6_depth10_s12,classical,187,oracle,3,3,20,488,257,257,2846,0.0000
band6_depth10_s13,classical,76,unguided,0.25,3,62,178,97,97,1335,0.0000
band6_depth10_s13,classical,76,unguided,0.5,3,62,178,97,97,1335,0.0000
band6_depth10_s13,classical,76,unguided,1,3,62,178,97,97,1335,0.0000
band6_depth10_s13,classical,76,unguided,2,3,62,178,97,97,1335,0.0000
band6_depth10_s13,classical,76,unguided,3,3,62,178,97,97,1335,0.0000
band6_depth10_s13,classical,76,oracle,0.25,3,10,178,97,97,1335,0.0000
band6_depth10_s13,classical,76,oracle,0.5,3,10,178,97,97,1335,0.0000
band6_depth10_s13,classical,76,oracle,1,3,10,178,97,97,1335,0.0000
band6_depth10_s13,classical,76,oracle,2,3,10,178,97,97,1335,0.0000
band6_depth10_s13,classical,76,oracle,3,3,10,178,97,97,1335,0.0000
band6_depth10_s14,classical,235,unguided,0.25,8,62,7092,810,810,7748,0.0000
band6_depth10_s14,classical,235,unguided,0.5,8,62,7092,810,810,7748,0.0000
band6_depth10_s14,classical,235,unguided,1,8,62,7092,810,810,7748,0.0000
band6_depth10_s14,classical,235,unguided,2,8,62,7092,810,810,7748,0.0000
band6_depth10_s14,classical,235,unguided,3,8,62,7092,810,810,7748,0.0000
band6_depth10_s14,classical,235,oracle,0.25,8,21,7092,810,810,7748,0.0000
band6_depth10_s14,classical,235,oracle,0.5,8,21,7092,810,810,7748,0.0000
band6_depth10_s14,classical,235,oracle,1,8,21,7092,810,810,7748,0.0000
band6_depth10_s14,classical,235,oracle,2,8,21,7092,810,810,7748,0.0000
band6_depth10_s14,classical,235,oracle,3,8,21,7092,810,810,7748,0.0000
band6_depth10_s15,rapid,47,unguided,0.25,3,62,157,76,76,433,0.0000
band6_depth10_s15,rapid,47,unguided,0.5,3,62,157,76,76,433,0.0000
band6_depth10_s15,rapid,47,unguided,1,3,62,157,76,76,433,0.0000
band6_depth10_s15,rapid,47,unguided,2,3,62,157,76,76,433,0.0000
band6_depth10_s15,rapid,47,unguided,3,3,62,157,76,76,433,0.0000
band6_depth10_s15,rapid,47,oracle,0.25,3,12,152,76,76,433,0.0000
band6_depth10_s15,rapid,47,oracle,0.5,3,12,152,76,76,433,0.0000
band6_depth10_s15,rapid,47,oracle,1,3,12,152,76,76,433,0.0000
band6_depth10_s15,rapid,47,oracle,2,3,12,152,76,76,433,0.0000
band6_depth10_s15,rapid,47,oracle,3,3,12,152,76,76,433,0.0000
band6_depth10_s16,classical,259,unguided,0.25,7,62,10066,1250,1250,2979,0.0000
band6_depth10_s16,classical,259,unguided,0.5,7,62,10066,1250,1250,2979,0.0000
band6_depth10_s16,classical,259,unguided,1,7,62,10066,1250,1250,2979,0.0000
band6_depth10_s16,classical,259,unguided,2,7,62,10066,1250,1250,2979,0.0000
band6_depth10_s16,classical,259,unguided,3,7,62,10066,1250,1250,2979,0.0000
band6_depth10_s16,classical,259,oracle,0.25,7,22,10066,1250,1250,2979,0.0000
band6_depth10_s16,classical,259,oracle,0.5,7,22,10066,1250,1250,2979,0.0000
band6_depth10_s16,classical,259,oracle,1,7,22,10066,1250,1250,2979,0.0000
band6_depth10_s16,classical,259,oracle,2,7,22,10066,1250,1250,2979,0.0000
band6_depth10_s16,classical,259,oracle,3,7,22,10066,1250,1250,2979,0.0000
band6_depth10_s17,classical,149,unguided,0.25,14,62,77575,3881,3881,1710,0.0000
band6_depth10_s17,classical,149,unguided,0.5,14,62,77575,3881,3881,1710,0.0000
band6_depth10_s17,classical,149,unguided,1,14,62,77575,3881,3881,1710,0.0000
band6_depth10_s17,classical,149,unguided,2,14,62,77575,3881,3881,1710,0.0000
band6_depth10_s17,classical,149,unguided,3,14,62,77575,3881,3881,1710,0.0000
band6_depth10_s17,classical,149,oracle,0.25,14,20,77575,3881,3881,1710,0.0000
band6_depth10_s17,classical,149,oracle,0.5,14,20,77575,3881,3881,1710,0.0000
band6_depth10_s17,classical,149,oracle,1,14,20,77575,3881,3881,1710,0.0000
band6_depth10_s17,classical,149,oracle,2,14,20,77575,3881,3881,1710,0.0000
band6_depth10_s17,classical,149,oracle,3,14,20,77575,3881,3881,1710,0.0000
band6_depth10_s18,classical,197,unguided,0.25,16,62,77314,3759,3759,1000799,0.0000
band6_depth10_s18,classical,197,unguided,0.5,16,62,77314,3759,3759,1000799,0.0000
band6_depth10_s18,classical,197,unguided,1,16,62,77314,3759,3759,1000799,0.0000
band6_depth10_s18,classical,197,unguided,2,16,62,77314,3759,3759,1000799,0.0000
band6_depth10_s18,classical,197,unguided,3,16,62,77314,3759,3759,1000799,0.0000
band6_depth10_s18,classical,197,oracle,0.25,16,26,77256,3759,3759,1000799,0.0000
band6_depth10_s18,classical,197,oracle,0.5,16,26,77256,3759,3759,1000799,0.0000
band6_depth10_s18,classical,197,oracle,1,16,26,77256,3759,3759,1000799,0.0000
band6_depth10_s18,classical,197,oracle,2,16,26,77256,3759,3759,1000799,0.0000
band6_depth10_s18,classical,197,oracle,3,16,26,77256,3759,3759,1000799,0.0000
band6_depth10_s19,rapid,15,unguided,0.25,2,62,22,20,20,254,0.0000
band6_depth10_s19,rapid,15,unguided,0.5,2,62,22,20,20,254,0.0000
band6_depth10_s19,rapid,15,unguided,1,2,62,22,20,20,254,0.0000
band6_depth10_s19,rapid,15,unguided,2,2,62,22,20,20,254,0.0000
band6_depth10_s19,rapid,15,unguided,3,2,62,22,20,20,254,0.0000
band6_depth10_s19,rapid,15,oracle,0.25,2,6,22,20,20,254,0.0000
band6_depth10_s19,rapid,15,oracle,0.5,2,6,22,20,20,254,0.0000
band6_depth10_s19,rapid,15,oracle,1,2,6,22,20,20,254,0.0000
band6_depth10_s19,rapid,15,oracle,2,2,6,22,20,20,254,0.0000
band6_depth10_s19,rapid,15,oracle,3,2,6,22,20,20,254,0.0000
band6_depth10_s20,rapid,46,unguided,0.25,3,62,172,77,77,505,0.0000
band6_depth10_s20,rapid,46,unguided,0.5,3,62,172,77,77,505,0.0000
band6_depth10_s20,rapid,46,unguided,1,3,62,172,77,77,505,0.0000
band6_depth10_s20,rapid,46,unguided,2,3,62,172,77,77,505,0.0000
band6_depth10_s20,rapid,46,unguided,3,3,62,172,77,77,505,0.0000
band6_depth10_s20,rapid,46,oracle,0.25,3,12,168,77,77,505,0.0000
band6_depth10_s20,rapid,46,oracle,0.5,3,12,168,77,77,505,0.0000
band6_depth10_s20,rapid,46,oracle,1,3,12,168,77,77,505,0.0000
band6_depth10_s20,rapid,46,oracle,2,3,12,168,77,77,505,0.0000
band6_depth10_s20,rapid,46,oracle,3,3,12,168,77,77,505,0.0000
band6_depth10_s21,classical,57,unguided,0.25,4,62,172,80,80,1445,0.0000
band6_depth10_s21,classical,57,unguided,0.5,4,62,172,80,80,1445,0.0000
band6_depth10_s21,classical,57,unguided,1,4,62,172,80,80,1445,0.0000
band6_depth10_s21,classical,57,unguided,2,4,62,172,80,80,1445,0.0000
band6_depth10_s21,classical,57,unguided,3,4,62,172,80,80,1445,0.0000
band6_depth10_s21,classical,57,oracle,0.25,4,11,172,80,80,1445,0.0000
band6_depth10_s21,classical,57,oracle,0.5,4,11,172,80,80,1445,0.0000
band6_depth10_s21,classical,57,oracle,1,4,11,172,80,80,1445,0.0000
band6_depth10_s21,classical,57,oracle,2,4,11,172,80,80,1445,0.0000
band6_depth10_s21,classical,57,oracle,3,4,11,172,80,80,1445,0.0000
band7_depth12_s0,classical,656,unguided,0.25,8,62,54615,13579,13579,10218,0.0000
band7_depth12_s0,classical,656,unguided,0.5,8,62,54615,13579,13579,10218,0.0000
band7_depth12_s0,classical,656,unguided,1,8,62,54615,13579,13579,10218,0.0000
band7_depth12_s0,classical,656,unguided,2,8,62,54615,13579,13579,10218,0.0000
band7_depth12_s0,classical,656,unguided,3,8,62,54615,13579,13579,10218,0.0000
band7_depth12_s0,classical,656,oracle,0.25,8,34,54607,13579,13579,10218,0.0000
band7_depth12_s0,classical,656,oracle,0.5,8,34,54607,13579,13579,10218,0.0000
band7_depth12_s0,classical,656,oracle,1,8,34,54607,13579,13579,10218,0.0000
band7_depth12_s0,classical,656,oracle,2,8,34,54607,13579,13579,10218,0.0000
band7_depth12_s0,classical,656,oracle,3,8,34,54607,13579,13579,10218,0.0000
band7_depth12_s1,classical,124,unguided,0.25,4,62,464,167,167,3411,0.0000
band7_depth12_s1,classical,124,unguided,0.5,4,62,464,167,167,3411,0.0000
band7_depth12_s1,classical,124,unguided,1,4,62,464,167,167,3411,0.0000
band7_depth12_s1,classical,124,unguided,2,4,62,464,167,167,3411,0.0000
band7_depth12_s1,classical,124,unguided,3,4,62,464,167,167,3411,0.0000
band7_depth12_s1,classical,124,oracle,0.25,4,17,459,167,167,3411,0.0000
band7_depth12_s1,classical,124,oracle,0.5,4,17,459,167,167,3411,0.0000
band7_depth12_s1,classical,124,oracle,1,4,17,459,167,167,3411,0.0000
band7_depth12_s1,classical,124,oracle,2,4,17,459,167,167,3411,0.0000
band7_depth12_s1,classical,124,oracle,3,4,17,459,167,167,3411,0.0000
band7_depth12_s2,classical,735,unguided,0.25,11,62,45778,3541,3541,2011681,0.0000
band7_depth12_s2,classical,735,unguided,0.5,11,62,45778,3541,3541,2011681,0.0000
band7_depth12_s2,classical,735,unguided,1,11,62,45778,3541,3541,2011681,0.0000
band7_depth12_s2,classical,735,unguided,2,11,62,45778,3541,3541,2011681,0.0000
band7_depth12_s2,classical,735,unguided,3,11,62,45778,3541,3541,2011681,0.0000
band7_depth12_s2,classical,735,oracle,0.25,11,33,45677,3541,3541,2011681,0.0000
band7_depth12_s2,classical,735,oracle,0.5,11,33,45677,3541,3541,2011681,0.0000
band7_depth12_s2,classical,735,oracle,1,11,33,45677,3541,3541,2011681,0.0000
band7_depth12_s2,classical,735,oracle,2,11,33,45677,3541,3541,2011681,0.0000
band7_depth12_s2,classical,735,oracle,3,11,33,45677,3541,3541,2011681,0.0000
band7_depth12_s3,classical,346,unguided,0.25,24,62,211985,14480,14480,1004626,0.0000
band7_depth12_s3,classical,346,unguided,0.5,24,62,211985,14480,14480,1004626,0.0000
band7_depth12_s3,classical,346,unguided,1,24,62,211985,14480,14480,1004626,0.0000
band7_depth12_s3,classical,346,unguided,2,24,62,211985,14480,14480,1004626,0.0000
band7_depth12_s3,classical,346,unguided,3,24,62,211985,14480,14480,1004626,0.0000
band7_depth12_s3,classical,346,oracle,0.25,24,36,211669,14480,14480,1004626,0.0000
band7_depth12_s3,classical,346,oracle,0.5,24,36,211669,14480,14480,1004626,0.0000
band7_depth12_s3,classical,346,oracle,1,24,36,211669,14480,14480,1004626,0.0000
band7_depth12_s3,classical,346,oracle,2,24,36,211669,14480,14480,1004626,0.0000
band7_depth12_s3,classical,346,oracle,3,24,36,211669,14480,14480,1004626,0.0000
band7_depth12_s4,classical,309,unguided,0.25,14,62,92461,13752,13752,11141,0.0000
band7_depth12_s4,classical,309,unguided,0.5,14,62,92461,13752,13752,11141,0.0000
band7_depth12_s4,classical,309,unguided,1,14,62,92461,13752,13752,11141,0.0000
band7_depth12_s4,classical,309,unguided,2,14,62,92461,13752,13752,11141,0.0000
band7_depth12_s4,classical,309,unguided,3,14,62,92461,13752,13752,11141,0.0000
band7_depth12_s4,classical,309,oracle,0.25,14,25,92395,13752,13752,11141,0.0000
band7_depth12_s4,classical,309,oracle,0.5,14,25,92395,13752,13752,11141,0.0000
band7_depth12_s4,classical,309,oracle,1,14,25,92395,13752,13752,11141,0.0000
band7_depth12_s4,classical,309,oracle,2,14,25,92395,13752,13752,11141,0.0000
band7_depth12_s4,classical,309,oracle,3,14,25,92395,13752,13752,11141,0.0000
band7_depth12_s5,classical,455,unguided,0.25,12,62,95069,12756,12756,13117,0.0000
band7_depth12_s5,classical,455,unguided,0.5,12,62,95069,12756,12756,13117,0.0000
band7_depth12_s5,classical,455,unguided,1,12,62,95069,12756,12756,13117,0.0000
band7_depth12_s5,classical,455,unguided,2,12,62,95069,12756,12756,13117,0.0000
band7_depth12_s5,classical,455,unguided,3,12,62,95069,12756,12756,13117,0.0000
band7_depth12_s5,classical,455,oracle,0.25,12,29,95048,12756,12756,13117,0.0000
band7_depth12_s5,classical,455,oracle,0.5,12,29,95048,12756,12756,13117,0.0000
band7_depth12_s5,classical,455,oracle,1,12,29,95048,12756,12756,13117,0.0000
band7_depth12_s5,classical,455,oracle,2,12,29,95048,12756,12756,13117,0.0000
band7_depth12_s5,classical,455,oracle,3,12,29,95048,12756,12756,13117,0.0000
band7_depth12_s6,classical,689,unguided,0.25,10,62,66772,13886,13886,14760,0.0000
band7_depth12_s6,classical,689,unguided,0.5,10,62,66772,13886,13886,14760,0.0000
band7_depth12_s6,classical,689,unguided,1,10,62,66772,13886,13886,14760,0.0000
band7_depth12_s6,classical,689,unguided,2,10,62,66772,13886,13886,14760,0.0000
band7_depth12_s6,classical,689,unguided,3,10,62,66772,13886,13886,14760,0.0000
band7_depth12_s6,classical,689,oracle,0.25,10,31,66762,13886,13886,14760,0.0000
band7_depth12_s6,classical,689,oracle,0.5,10,31,66762,13886,13886,14760,0.0000
band7_depth12_s6,classical,689,oracle,1,10,31,66762,13886,13886,14760,0.0000
band7_depth12_s6,classical,689,oracle,2,10,31,66762,13886,13886,14760,0.0000
band7_depth12_s6,classical,689,oracle,3,10,31,66762,13886,13886,14760,0.0000
band7_depth12_s7,classical,116,unguided,0.25,4,62,517,167,167,1592,0.0000
band7_depth12_s7,classical,116,unguided,0.5,4,62,517,167,167,1592,0.0000
band7_depth12_s7,classical,116,unguided,1,4,62,517,167,167,1592,0.0000
band7_depth12_s7,classical,116,unguided,2,4,62,517,167,167,1592,0.0000
band7_depth12_s7,classical,116,unguided,3,4,62,517,167,167,1592,0.0000
band7_depth12_s7,classical,116,oracle,0.25,4,18,510,167,167,1592,0.0000
band7_depth12_s7,classical,116,oracle,0.5,4,18,510,167,167,1592,0.0000
band7_depth12_s7,classical,116,oracle,1,4,18,510,167,167,1592,0.0000
band7_depth12_s7,classical,116,oracle,2,4,18,510,167,167,1592,0.0000
band7_depth12_s7,classical,116,oracle,3,4,18,510,167,167,1592,0.0000
band7_depth12_s8,classical,80,unguided,0.25,5,62,822,183,183,1220,0.0000
band7_depth12_s8,classical,80,unguided,0.5,5,62,822,183,183,1220,0.0000
band7_depth12_s8,classical,80,unguided,1,5,62,822,183,183,1220,0.0000
band7_depth12_s8,classical,80,unguided,2,5,62,822,183,183,1220,0.0000
band7_depth12_s8,classical,80,unguided,3,5,62,822,183,183,1220,0.0000
band7_depth12_s8,classical,80,oracle,0.25,5,16,822,183,183,1220,0.0000
band7_depth12_s8,classical,80,oracle,0.5,5,16,822,183,183,1220,0.0000
band7_depth12_s8,classical,80,oracle,1,5,16,822,183,183,1220,0.0000
band7_depth12_s8,classical,80,oracle,2,5,16,822,183,183,1220,0.0000
band7_depth12_s8,classical,80,oracle,3,5,16,822,183,183,1220,0.0000
band7_depth12_s9,classical,381,unguided,0.25,14,62,56678,14969,14969,13489,0.0000
band7_depth12_s9,classical,381,unguided,0.5,14,62,56678,14969,14969,13489,0.0000
band7_depth12_s9,classical,381,unguided,1,14,62,56678,14969,14969,13489,0.0000
band7_depth12_s9,classical,381,unguided,2,14,62,56678,14969,14969,13489,0.0000
band7_depth12_s9,classical,381,unguided,3,14,62,56678,14969,14969,13489,0.0000
band7_depth12_s9,classical,381,oracle,0.25,14,33,56655,14969,14969,13489,0.0000
band7_depth12_s9,classical,381,oracle,0.5,14,33,56655,14969,14969,13489,0.0000
band7_depth12_s9,classical,381,oracle,1,14,33,56655,14969,14969,13489,0.0000
band7_depth12_s9,classical,381,oracle,2,14,33,56655,14969,14969,13489,0.0000
band7_depth12_s9,classical,381,oracle,3,14,33,56655,14969,14969,13489,0.0000
band7_depth12_s10,classical,231,unguided,0.25,5,62,2079,468,468,4920,0.0000
band7_depth12_s10,classical,231,unguided,0.5,5,62,2079,468,468,4920,0.0000
band7_depth12_s10,classical,231,unguided,1,5,62,2079,468,468,4920,0.0000
band7_depth12_s10,classical,231,unguided,2,5,62,2079,468,468,4920,0.0000
band7_depth12_s10,classical,231,unguided,3,5,62,2079,468,468,4920,0.0000
band7_depth12_s10,classical,231,oracle,0.25,5,24,2057,468,468,4920,0.0000
band7_depth12_s10,classical,231,oracle,0.5,5,24,2057,468,468,4920,0.0000
band7_depth12_s10,classical,231,oracle,1,5,24,2057,468,468,4920,0.0000
band7_depth12_s10,classical,231,oracle,2,5,24,2057,468,468,4920,0.0000
band7_depth12_s10,classical,231,oracle,3,5,24,2057,468,468,4920,0.0000
band7_depth12_s11,classical,458,unguided,0.25,10,62,46961,14672,14672,10314,0.0000
band7_depth12_s11,classical,458,unguided,0.5,10,62,46961,14672,14672,10314,0.0000
band7_depth12_s11,classical,458,unguided,1,10,62,46961,14672,14672,10314,0.0000
band7_depth12_s11,classical,458,unguided,2,10,62,46961,14672,14672,10314,0.0000
band7_depth12_s11,classical,458,unguided,3,10,62,46961,14672,14672,10314,0.0000
band7_depth12_s11,classical,458,oracle,0.25,10,34,46950,14672,14672,10314,0.0000
band7_depth12_s11,classical,458,oracle,0.5,10,34,46950,14672,14672,10314,0.0000
band7_depth12_s11,classical,458,oracle,1,10,34,46950,14672,14672,10314,0.0000
band7_depth12_s11,classical,458,oracle,2,10,34,46950,14672,14672,10314,0.0000
band7_depth12_s11,classical,458,oracle,3,10,34,46950,14672,14672,10314,0.0000
band7_depth12_s12,classical,87,unguided,0.25,4,62,297,120,120,1019,0.0000
band7_depth12_s12,classical,87,unguided,0.5,4,62,297,120,120,1019,0.0000
band7_depth12_s12,classical,87,unguided,1,4,62,297,120,120,1019,0.0000
band7_depth12_s12,classical,87,unguided,2,4,62,297,120,120,1019,0.0000
band7_depth12_s12,classical,87,unguided,3,4,62,297,120,120,1019,0.0000
band7_depth12_s12,classical,87,oracle,0.25,4,12,297,120,120,1019,0.0000
band7_depth12_s12,classical,87,oracle,0.5,4,12,297,120,120,1019,0.0000
band7_depth12_s12,classical,87,oracle,1,4,12,297,120,120,1019,0.0000
band7_depth12_s12,classical,87,oracle,2,4,12,297,120,120,1019,0.0000
band7_depth12_s12,classical,87,oracle,3,4,12,297,120,120,1019,0.0000
band7_depth12_s13,classical,87,unguided,0.25,20,62,157698,14537,14537,1000006,0.0000
band7_depth12_s13,classical,87,unguided,0.5,20,62,157698,14537,14537,1000006,0.0000
band7_depth12_s13,classical,87,unguided,1,20,62,157698,14537,14537,1000006,0.0000
band7_depth12_s13,classical,87,unguided,2,20,62,157698,14537,14537,1000006,0.0000
band7_depth12_s13,classical,87,unguided,3,20,62,157698,14537,14537,1000006,0.0000
band7_depth12_s13,classical,87,oracle,0.25,20,21,157698,14537,14537,1000006,0.0000
band7_depth12_s13,classical,87,oracle,0.5,20,21,157698,14537,14537,1000006,0.0000
band7_depth12_s13,classical,87,oracle,1,20,21,157698,14537,14537,1000006,0.0000
band7_depth12_s13,classical,87,oracle,2,20,21,157698,14537,14537,1000006,0.0000
band7_depth12_s13,classical,87,oracle,3,20,21,157698,14537,14537,1000006,0.0000
band7_depth12_s14,classical,78,unguided,0.25,4,62,610,171,171,1279,0.0000
band7_depth12_s14,classical,78,unguided,0.5,4,62,610,171,171,1279,0.0000
band7_depth12_s14,classical,78,unguided,1,4,62,610,171,171,1279,0.0000
band7_depth12_s14,classical,78,unguided,2,4,62,610,171,171,1279,0.0000
band7_depth12_s14,classical,78,unguided,3,4,62,610,171,171,1279,0.0000
band7_depth12_s14,classical,78,oracle,0.25,4,15,604,171,171,1279,0.0000
band7_depth12_s14,classical,78,oracle,0.5,4,15,604,171,171,1279,0.0000
band7_depth12_s14,classical,78,oracle,1,4,15,604,171,171,1279,0.0000
band7_depth12_s14,classical,78,oracle,2,4,15,604,171,171,1279,0.0000
band7_depth12_s14,classical,78,oracle,3,4,15,604,171,171,1279,0.0000
band7_depth12_s15,classical,245,unguided,0.25,19,62,154451,14114,14114,3303,0.0000
band7_depth12_s15,classical,245,unguided,0.5,19,62,154451,14114,14114,3303,0.0000
band7_depth12_s15,classical,245,unguided,1,19,62,154451,14114,14114,3303,0.0000
band7_depth12_s15,classical,245,unguided,2,19,62,154451,14114,14114,3303,0.0000
band7_depth12_s15,classical,245,unguided,3,19,62,154451,14114,14114,3303,0.0000
band7_depth12_s15,classical,245,oracle,0.25,19,27,154415,14114,14114,3303,0.0000
band7_depth12_s15,classical,245,oracle,0.5,19,27,154415,14114,14114,3303,0.0000
band7_depth12_s15,classical,245,oracle,1,19,27,154415,14114,14114,3303,0.0000
band7_depth12_s15,classical,245,oracle,2,19,27,154415,14114,14114,3303,0.0000
band7_depth12_s15,classical,245,oracle,3,19,27,154415,14114,14114,3303,0.0000
band7_depth12_s16,classical,624,unguided,0.25,12,62,151561,11616,11616,18271,0.0000
band7_depth12_s16,classical,624,unguided,0.5,12,62,151561,11616,11616,18271,0.0000
band7_depth12_s16,classical,624,unguided,1,12,62,151561,11616,11616,18271,0.0000
band7_depth12_s16,classical,624,unguided,2,12,62,151561,11616,11616,18271,0.0000
band7_depth12_s16,classical,624,unguided,3,12,62,151561,11616,11616,18271,0.0000
band7_depth12_s16,classical,624,oracle,0.25,12,31,151492,11616,11616,18271,0.0000
band7_depth12_s16,classical,624,oracle,0.5,12,31,151492,11616,11616,18271,0.0000
band7_depth12_s16,classical,624,oracle,1,12,31,151492,11616,11616,18271,0.0000
band7_depth12_s16,classical,624,oracle,2,12,31,151492,11616,11616,18271,0.0000
band7_depth12_s16,classical,624,oracle,3,12,31,151492,11616,11616,18271,0.0000
band7_depth12_s17,classical,757,unguided,0.25,11,62,112631,10811,10811,12637,0.0000
band7_depth12_s17,classical,757,unguided,0.5,11,62,112631,10811,10811,12637,0.0000
band7_depth12_s17,classical,757,unguided,1,11,62,112631,10811,10811,12637,0.0000
band7_depth12_s17,classical,757,unguided,2,11,62,112631,10811,10811,12637,0.0000
band7_depth12_s17,classical,757,unguided,3,11,62,112631,10811,10811,12637,0.0000
band7_depth12_s17,classical,757,oracle,0.25,11,29,112509,10811,10811,12637,0.0000
band7_depth12_s17,classical,757,oracle,0.5,11,29,112509,10811,10811,12637,0.0000
band7_depth12_s17,classical,757,oracle,1,11,29,112509,10811,10811,12637,0.0000
band7_depth12_s17,classical,757,oracle,2,11,29,112509,10811,10811,12637,0.0000
band7_depth12_s17,classical,757,oracle,3,11,29,112509,10811,10811,12637,0.0000
band7_depth12_s18,classical,92,unguided,0.25,3,62,218,114,114,1607,0.0000
band7_depth12_s18,classical,92,unguided,0.5,3,62,218,114,114,1607,0.0000
band7_depth12_s18,classical,92,unguided,1,3,62,218,114,114,1607,0.0000
band7_depth12_s18,classical,92,unguided,2,3,62,218,114,114,1607,0.0000
band7_depth12_s18,classical,92,unguided,3,3,62,218,114,114,1607,0.0000
band7_depth12_s18,classical,92,oracle,0.25,3,9,213,114,114,1607,0.0000
band7_depth12_s18,classical,92,oracle,0.5,3,9,213,114,114,1607,0.0000
band7_depth12_s18,classical,92,oracle,1,3,9,213,114,114,1607,0.0000
band7_depth12_s18,classical,92,oracle,2,3,9,213,114,114,1607,0.0000
band7_depth12_s18,classical,92,oracle,3,3,9,213,114,114,1607,0.0000
band7_depth12_s19,classical,352,unguided,0.25,14,62,54997,14981,14981,10004655,0.0000
band7_depth12_s19,classical,352,unguided,0.5,14,62,54997,14981,14981,10004655,0.0000
band7_depth12_s19,classical,352,unguided,1,14,62,54997,14981,14981,10004655,0.0000
band7_depth12_s19,classical,352,unguided,2,14,62,54997,14981,14981,10004655,0.0000
band7_depth12_s19,classical,352,unguided,3,14,62,54997,14981,14981,10004655,0.0000
band7_depth12_s19,classical,352,oracle,0.25,14,35,54981,14981,14981,10004655,0.0000
band7_depth12_s19,classical,352,oracle,0.5,14,35,54981,14981,14981,10004655,0.0000
band7_depth12_s19,classical,352,oracle,1,14,35,54981,14981,14981,10004655,0.0000
band7_depth12_s19,classical,352,oracle,2,14,35,54981,14981,14981,10004655,0.0000
band7_depth12_s19,classical,352,oracle,3,14,35,54981,14981,14981,10004655,0.0000
band7_depth12_s20,classical,68,unguided,0.25,9,62,2185,219,219,1563,0.0000
band7_depth12_s20,classical,68,unguided,0.5,9,62,2185,219,219,1563,0.0000
band7_depth12_s20,classical,68,unguided,1,9,62,2185,219,219,1563,0.0000
band7_depth12_s20,classical,68,unguided,2,9,62,2185,219,219,1563,0.0000
band7_depth12_s20,classical,68,unguided,3,9,62,2185,219,219,1563,0.0000
band7_depth12_s20,classical,68,oracle,0.25,9,14,2185,219,219,1563,0.0000
band7_depth12_s20,classical,68,oracle,0.5,9,14,2185,219,219,1563,0.0000
band7_depth12_s20,classical,68,oracle,1,9,14,2185,219,219,1563,0.0000
band7_depth12_s20,classical,68,oracle,2,9,14,2185,219,219,1563,0.0000
band7_depth12_s20,classical,68,oracle,3,9,14,2185,219,219,1563,0.0000
band7_depth12_s21,classical,378,unguided,0.25,10,62,15021,1314,1314,4875,0.0000
band7_depth12_s21,classical,378,unguided,0.5,10,62,15021,1314,1314,4875,0.0000
band7_depth12_s21,classical,378,unguided,1,10,62,15021,1314,1314,4875,0.0000
band7_depth12_s21,classical,378,unguided,2,10,62,15021,1314,1314,4875,0.0000
band7_depth12_s21,classical,378,unguided,3,10,62,15021,1314,1314,4875,0.0000
band7_depth12_s21,classical,378,oracle,0.25,10,25,15003,1314,1314,4875,0.0000
band7_depth12_s21,classical,378,oracle,0.5,10,25,15003,1314,1314,4875,0.0000
band7_depth12_s21,classical,378,oracle,1,10,25,15003,1314,1314,4875,0.0000
band7_depth12_s21,classical,378,oracle,2,10,25,15003,1314,1314,4875,0.0000
band7_depth12_s21,classical,378,oracle,3,10,25,15003,1314,1314,4875,0.0000
band8_depth15_s0,classical,1651,unguided,0.25,18,62,106528,14696,14696,2001202,0.0000
band8_depth15_s0,classical,1651,unguided,0.5,18,62,106528,14696,14696,2001202,0.0000
band8_depth15_s0,classical,1651,unguided,1,18,62,106528,14696,14696,2001202,0.0000
band8_depth15_s0,classical,1651,unguided,2,18,62,106528,14696,14696,2001202,0.0000
band8_depth15_s0,classical,1651,unguided,3,18,62,106528,14696,14696,2001202,0.0000
band8_depth15_s0,classical,1651,oracle,0.25,18,37,106466,14696,14696,2001202,0.0000
band8_depth15_s0,classical,1651,oracle,0.5,18,37,106466,14696,14696,2001202,0.0000
band8_depth15_s0,classical,1651,oracle,1,18,37,106466,14696,14696,2001202,0.0000
band8_depth15_s0,classical,1651,oracle,2,18,37,106466,14696,14696,2001202,0.0000
band8_depth15_s0,classical,1651,oracle,3,18,37,106466,14696,14696,2001202,0.0000
band8_depth15_s1,classical,254,unguided,0.25,13,62,75989,4403,4403,1001724,0.0000
band8_depth15_s1,classical,254,unguided,0.5,13,62,75989,4403,4403,1001724,0.0000
band8_depth15_s1,classical,254,unguided,1,13,62,75989,4403,4403,1001724,0.0000
band8_depth15_s1,classical,254,unguided,2,13,62,75989,4403,4403,1001724,0.0000
band8_depth15_s1,classical,254,unguided,3,13,62,75989,4403,4403,1001724,0.0000
band8_depth15_s1,classical,254,oracle,0.25,13,24,75989,4403,4403,1001724,0.0000
band8_depth15_s1,classical,254,oracle,0.5,13,24,75989,4403,4403,1001724,0.0000
band8_depth15_s1,classical,254,oracle,1,13,24,75989,4403,4403,1001724,0.0000
band8_depth15_s1,classical,254,oracle,2,13,24,75989,4403,4403,1001724,0.0000
band8_depth15_s1,classical,254,oracle,3,13,24,75989,4403,4403,1001724,0.0000
band8_depth15_s2,classical,421,unguided,0.25,11,62,32275,2577,2577,7068,0.0000
band8_depth15_s2,classical,421,unguided,0.5,11,62,32275,2577,2577,7068,0.0000
band8_depth15_s2,classical,421,unguided,1,11,62,32275,2577,2577,7068,0.0000
band8_depth15_s2,classical,421,unguided,2,11,62,32275,2577,2577,7068,0.0000
band8_depth15_s2,classical,421,unguided,3,11,62,32275,2577,2577,7068,0.0000
band8_depth15_s2,classical,421,oracle,0.25,11,27,32275,2577,2577,7068,0.0000
band8_depth15_s2,classical,421,oracle,0.5,11,27,32275,2577,2577,7068,0.0000
band8_depth15_s2,classical,421,oracle,1,11,27,32275,2577,2577,7068,0.0000
band8_depth15_s2,classical,421,oracle,2,11,27,32275,2577,2577,7068,0.0000
band8_depth15_s2,classical,421,oracle,3,11,27,32275,2577,2577,7068,0.0000
band8_depth15_s3,classical,1665,unguided,0.25,7,62,39526,14318,14318,27863,0.0000
band8_depth15_s3,classical,1665,unguided,0.5,7,62,39526,14318,14318,27863,0.0000
band8_depth15_s3,classical,1665,unguided,1,7,62,39526,14318,14318,27863,0.0000
band8_depth15_s3,classical,1665,unguided,2,7,62,39526,14318,14318,27863,0.0000
band8_depth15_s3,classical,1665,unguided,3,7,62,39526,14318,14318,27863,0.0000
band8_depth15_s3,classical,1665,oracle,0.25,7,32,39472,14318,14318,27863,0.0000
band8_depth15_s3,classical,1665,oracle,0.5,7,32,39472,14318,14318,27863,0.0000
band8_depth15_s3,classical,1665,oracle,1,7,32,39472,14318,14318,27863,0.0000
band8_depth15_s3,classical,1665,oracle,2,7,32,39472,14318,14318,27863,0.0000
band8_depth15_s3,classical,1665,oracle,3,7,32,39472,14318,14318,27863,0.0000
band8_depth15_s4,classical,1518,unguided,0.25,8,62,38713,14983,14983,1000128,0.0000
band8_depth15_s4,classical,1518,unguided,0.5,8,62,38713,14983,14983,1000128,0.0000
band8_depth15_s4,classical,1518,unguided,1,8,62,38713,14983,14983,1000128,0.0000
band8_depth15_s4,classical,1518,unguided,2,8,62,38713,14983,14983,1000128,0.0000
band8_depth15_s4,classical,1518,unguided,3,8,62,38713,14983,14983,1000128,0.0000
band8_depth15_s4,classical,1518,oracle,0.25,8,40,38636,14983,14983,1000128,0.0000
band8_depth15_s4,classical,1518,oracle,0.5,8,40,38636,14983,14983,1000128,0.0000
band8_depth15_s4,classical,1518,oracle,1,8,40,38636,14983,14983,1000128,0.0000
band8_depth15_s4,classical,1518,oracle,2,8,40,38636,14983,14983,1000128,0.0000
band8_depth15_s4,classical,1518,oracle,3,8,40,38636,14983,14983,1000128,0.0000
band8_depth15_s5,classical,984,unguided,0.25,8,62,60489,13228,13228,6028728,0.0000
band8_depth15_s5,classical,984,unguided,0.5,8,62,60489,13228,13228,6028728,0.0000
band8_depth15_s5,classical,984,unguided,1,8,62,60489,13228,13228,6028728,0.0000
band8_depth15_s5,classical,984,unguided,2,8,62,60489,13228,13228,6028728,0.0000
band8_depth15_s5,classical,984,unguided,3,8,62,60489,13228,13228,6028728,0.0000
band8_depth15_s5,classical,984,oracle,0.25,8,30,60482,13228,13228,6028728,0.0000
band8_depth15_s5,classical,984,oracle,0.5,8,30,60482,13228,13228,6028728,0.0000
band8_depth15_s5,classical,984,oracle,1,8,30,60482,13228,13228,6028728,0.0000
band8_depth15_s5,classical,984,oracle,2,8,30,60482,13228,13228,6028728,0.0000
band8_depth15_s5,classical,984,oracle,3,8,30,60482,13228,13228,6028728,0.0000
band8_depth15_s6,classical,481,unguided,0.25,10,62,57353,14106,14106,8042,0.0000
band8_depth15_s6,classical,481,unguided,0.5,10,62,57353,14106,14106,8042,0.0000
band8_depth15_s6,classical,481,unguided,1,10,62,57353,14106,14106,8042,0.0000
band8_depth15_s6,classical,481,unguided,2,10,62,57353,14106,14106,8042,0.0000
band8_depth15_s6,classical,481,unguided,3,10,62,57353,14106,14106,8042,0.0000
band8_depth15_s6,classical,481,oracle,0.25,10,27,57353,14106,14106,8042,0.0000
band8_depth15_s6,classical,481,oracle,0.5,10,27,57353,14106,14106,8042,0.0000
band8_depth15_s6,classical,481,oracle,1,10,27,57353,14106,14106,8042,0.0000
band8_depth15_s6,classical,481,oracle,2,10,27,57353,14106,14106,8042,0.0000
band8_depth15_s6,classical,481,oracle,3,10,27,57353,14106,14106,8042,0.0000
band8_depth15_s7,classical,2174,unguided,0.25,11,62,44786,14953,14953,20035547,0.0000
band8_depth15_s7,classical,2174,unguided,0.5,11,62,44786,14953,14953,20035547,0.0000
band8_depth15_s7,classical,2174,unguided,1,11,62,44786,14953,14953,20035547,0.0000
band8_depth15_s7,classical,2174,unguided,2,11,62,44786,14953,14953,20035547,0.0000
band8_depth15_s7,classical,2174,unguided,3,11,62,44786,14953,14953,20035547,0.0000
band8_depth15_s7,classical,2174,oracle,0.25,11,42,44768,14953,14953,20035547,0.0000
band8_depth15_s7,classical,2174,oracle,0.5,11,42,44768,14953,14953,20035547,0.0000
band8_depth15_s7,classical,2174,oracle,1,11,42,44768,14953,14953,20035547,0.0000
band8_depth15_s7,classical,2174,oracle,2,11,42,44768,14953,14953,20035547,0.0000
band8_depth15_s7,classical,2174,oracle,3,11,42,44768,14953,14953,20035547,0.0000
band8_depth15_s8,classical,462,unguided,0.25,10,62,57640,14104,14104,12665,0.0000
band8_depth15_s8,classical,462,unguided,0.5,10,62,57640,14104,14104,12665,0.0000
band8_depth15_s8,classical,462,unguided,1,10,62,57640,14104,14104,12665,0.0000
band8_depth15_s8,classical,462,unguided,2,10,62,57640,14104,14104,12665,0.0000
band8_depth15_s8,classical,462,unguided,3,10,62,57640,14104,14104,12665,0.0000
band8_depth15_s8,classical,462,oracle,0.25,10,27,57594,14104,14104,12665,0.0000
band8_depth15_s8,classical,462,oracle,0.5,10,27,57594,14104,14104,12665,0.0000
band8_depth15_s8,classical,462,oracle,1,10,27,57594,14104,14104,12665,0.0000
band8_depth15_s8,classical,462,oracle,2,10,27,57594,14104,14104,12665,0.0000
band8_depth15_s8,classical,462,oracle,3,10,27,57594,14104,14104,12665,0.0000
band8_depth15_s9,classical,2156,unguided,0.25,13,62,142307,8567,8567,39113,0.0000
band8_depth15_s9,classical,2156,unguided,0.5,13,62,142307,8567,8567,39113,0.0000
band8_depth15_s9,classical,2156,unguided,1,13,62,142307,8567,8567,39113,0.0000
band8_depth15_s9,classical,2156,unguided,2,13,62,142307,8567,8567,39113,0.0000
band8_depth15_s9,classical,2156,unguided,3,13,62,142307,8567,8567,39113,0.0000
band8_depth15_s9,classical,2156,oracle,0.25,13,33,141926,8567,8567,39113,0.0000
band8_depth15_s9,classical,2156,oracle,0.5,13,33,141926,8567,8567,39113,0.0000
band8_depth15_s9,classical,2156,oracle,1,13,33,141926,8567,8567,39113,0.0000
band8_depth15_s9,classical,2156,oracle,2,13,33,141926,8567,8567,39113,0.0000
band8_depth15_s9,classical,2156,oracle,3,13,33,141926,8567,8567,39113,0.0000
band8_depth15_s10,classical,1547,unguided,0.25,8,62,36965,14907,14907,4027445,0.0000
band8_depth15_s10,classical,1547,unguided,0.5,8,62,36965,14907,14907,4027445,0.0000
band8_depth15_s10,classical,1547,unguided,1,8,62,36965,14907,14907,4027445,0.0000
band8_depth15_s10,classical,1547,unguided,2,8,62,36965,14907,14907,4027445,0.0000
band8_depth15_s10,classical,1547,unguided,3,8,62,36965,14907,14907,4027445,0.0000
band8_depth15_s10,classical,1547,oracle,0.25,8,41,36941,14907,14907,4027445,0.0000
band8_depth15_s10,classical,1547,oracle,0.5,8,41,36941,14907,14907,4027445,0.0000
band8_depth15_s10,classical,1547,oracle,1,8,41,36941,14907,14907,4027445,0.0000
band8_depth15_s10,classical,1547,oracle,2,8,41,36941,14907,14907,4027445,0.0000
band8_depth15_s10,classical,1547,oracle,3,8,41,36941,14907,14907,4027445,0.0000
band8_depth15_s11,blitz,9,unguided,0.25,2,62,12,11,11,93,0.0000
band8_depth15_s11,blitz,9,unguided,0.5,2,62,12,11,11,93,0.0000
band8_depth15_s11,blitz,9,unguided,1,2,62,12,11,11,93,0.0000
band8_depth15_s11,blitz,9,unguided,2,2,62,12,11,11,93,0.0000
band8_depth15_s11,blitz,9,unguided,3,2,62,12,11,11,93,0.0000
band8_depth15_s11,blitz,9,oracle,0.25,2,3,12,11,11,93,0.0000
band8_depth15_s11,blitz,9,oracle,0.5,2,3,12,11,11,93,0.0000
band8_depth15_s11,blitz,9,oracle,1,2,3,12,11,11,93,0.0000
band8_depth15_s11,blitz,9,oracle,2,2,3,12,11,11,93,0.0000
band8_depth15_s11,blitz,9,oracle,3,2,3,12,11,11,93,0.0000
band8_depth15_s12,rapid,14,unguided,0.25,3,62,32,18,18,136,0.0000
band8_depth15_s12,rapid,14,unguided,0.5,3,62,32,18,18,136,0.0000
band8_depth15_s12,rapid,14,unguided,1,3,62,32,18,18,136,0.0000
band8_depth15_s12,rapid,14,unguided,2,3,62,32,18,18,136,0.0000
band8_depth15_s12,rapid,14,unguided,3,3,62,32,18,18,136,0.0000
band8_depth15_s12,rapid,14,oracle,0.25,3,4,29,18,18,136,0.0000
band8_depth15_s12,rapid,14,oracle,0.5,3,4,29,18,18,136,0.0000
band8_depth15_s12,rapid,14,oracle,1,3,4,29,18,18,136,0.0000
band8_depth15_s12,rapid,14,oracle,2,3,4,29,18,18,136,0.0000
band8_depth15_s12,rapid,14,oracle,3,3,4,29,18,18,136,0.0000
band8_depth15_s13,classical,1116,unguided,0.25,14,62,89795,14471,14471,1004132,0.0000
band8_depth15_s13,classical,1116,unguided,0.5,14,62,89795,14471,14471,1004132,0.0000
band8_depth15_s13,classical,1116,unguided,1,14,62,89795,14471,14471,1004132,0.0000
band8_depth15_s13,classical,1116,unguided,2,14,62,89795,14471,14471,1004132,0.0000
band8_depth15_s13,classical,1116,unguided,3,14,62,89795,14471,14471,1004132,0.0000
band8_depth15_s13,classical,1116,oracle,0.25,14,36,89700,14471,14471,1004132,0.0000
band8_depth15_s13,classical,1116,oracle,0.5,14,36,89700,14471,14471,1004132,0.0000
band8_depth15_s13,classical,1116,oracle,1,14,36,89700,14471,14471,1004132,0.0000
band8_depth15_s13,classical,1116,oracle,2,14,36,89700,14471,14471,1004132,0.0000
band8_depth15_s13,classical,1116,oracle,3,14,36,89700,14471,14471,1004132,0.0000
band8_depth15_s14,classical,3239,unguided,0.25,9,62,71447,13747,13747,1063215,0.0000
band8_depth15_s14,classical,3239,unguided,0.5,9,62,71447,13747,13747,1063215,0.0000
band8_depth15_s14,classical,3239,unguided,1,9,62,71447,13747,13747,1063215,0.0000
band8_depth15_s14,classical,3239,unguided,2,9,62,71447,13747,13747,1063215,0.0000
band8_depth15_s14,classical,3239,unguided,3,9,62,71447,13747,13747,1063215,0.0000
band8_depth15_s14,classical,3239,oracle,0.25,9,39,71353,13747,13747,1063215,0.0000
band8_depth15_s14,classical,3239,oracle,0.5,9,39,71353,13747,13747,1063215,0.0000
band8_depth15_s14,classical,3239,oracle,1,9,39,71353,13747,13747,1063215,0.0000
band8_depth15_s14,classical,3239,oracle,2,9,39,71353,13747,13747,1063215,0.0000
band8_depth15_s14,classical,3239,oracle,3,9,39,71353,13747,13747,1063215,0.0000
band8_depth15_s15,classical,381,unguided,0.25,11,62,35520,2524,2524,5781,0.0000
band8_depth15_s15,classical,381,unguided,0.5,11,62,35520,2524,2524,5781,0.0000
band8_depth15_s15,classical,381,unguided,1,11,62,35520,2524,2524,5781,0.0000
band8_depth15_s15,classical,381,unguided,2,11,62,35520,2524,2524,5781,0.0000
band8_depth15_s15,classical,381,unguided,3,11,62,35520,2524,2524,5781,0.0000
band8_depth15_s15,classical,381,oracle,0.25,11,27,35520,2524,2524,5781,0.0000
band8_depth15_s15,classical,381,oracle,0.5,11,27,35520,2524,2524,5781,0.0000
band8_depth15_s15,classical,381,oracle,1,11,27,35520,2524,2524,5781,0.0000
band8_depth15_s15,classical,381,oracle,2,11,27,35520,2524,2524,5781,0.0000
band8_depth15_s15,classical,381,oracle,3,11,27,35520,2524,2524,5781,0.0000
band8_depth15_s16,classical,1275,unguided,0.25,9,62,41189,14950,14950,8002443,0.0000
band8_depth15_s16,classical,1275,unguided,0.5,9,62,41189,14950,14950,8002443,0.0000
band8_depth15_s16,classical,1275,unguided,1,9,62,41189,14950,14950,8002443,0.0000
band8_depth15_s16,classical,1275,unguided,2,9,62,41189,14950,14950,8002443,0.0000
band8_depth15_s16,classical,1275,unguided,3,9,62,41189,14950,14950,8002443,0.0000
band8_depth15_s16,classical,1275,oracle,0.25,9,38,41183,14950,14950,8002443,0.0000
band8_depth15_s16,classical,1275,oracle,0.5,9,38,41183,14950,14950,8002443,0.0000
band8_depth15_s16,classical,1275,oracle,1,9,38,41183,14950,14950,8002443,0.0000
band8_depth15_s16,classical,1275,oracle,2,9,38,41183,14950,14950,8002443,0.0000
band8_depth15_s16,classical,1275,oracle,3,9,38,41183,14950,14950,8002443,0.0000
band8_depth15_s17,classical,514,unguided,0.25,25,62,113355,14810,14810,2000727,0.0000
band8_depth15_s17,classical,514,unguided,0.5,33,62,135829,14858,14858,2000727,0.0000
band8_depth15_s17,classical,514,unguided,1,33,62,135829,14858,14858,2000727,0.0000
band8_depth15_s17,classical,514,unguided,2,33,62,135829,14858,14858,2000727,0.0000
band8_depth15_s17,classical,514,unguided,3,33,62,135829,14858,14858,2000727,0.0000
band8_depth15_s17,classical,514,oracle,0.25,25,36,113220,14810,14810,2000727,0.0000
band8_depth15_s17,classical,514,oracle,0.5,33,36,135638,14858,14858,2000727,0.0000
band8_depth15_s17,classical,514,oracle,1,33,36,135638,14858,14858,2000727,0.0000
band8_depth15_s17,classical,514,oracle,2,33,36,135638,14858,14858,2000727,0.0000
band8_depth15_s17,classical,514,oracle,3,33,36,135638,14858,14858,2000727,0.0000
band8_depth15_s18,rapid,12,unguided,0.25,2,62,16,16,16,115,0.0000
band8_depth15_s18,rapid,12,unguided,0.5,2,62,16,16,16,115,0.0000
band8_depth15_s18,rapid,12,unguided,1,2,62,16,16,16,115,0.0000
band8_depth15_s18,rapid,12,unguided,2,2,62,16,16,16,115,0.0000
band8_depth15_s18,rapid,12,unguided,3,2,62,16,16,16,115,0.0000
band8_depth15_s18,rapid,12,oracle,0.25,2,5,16,16,16,115,0.0000
band8_depth15_s18,rapid,12,oracle,0.5,2,5,16,16,16,115,0.0000
band8_depth15_s18,rapid,12,oracle,1,2,5,16,16,16,115,0.0000
band8_depth15_s18,rapid,12,oracle,2,2,5,16,16,16,115,0.0000
band8_depth15_s18,rapid,12,oracle,3,2,5,16,16,16,115,0.0000
band8_depth15_s19,rapid,18,unguided,0.25,2,62,27,25,25,166,0.0000
band8_depth15_s19,rapid,18,unguided,0.5,2,62,27,25,25,166,0.0000
band8_depth15_s19,rapid,18,unguided,1,2,62,27,25,25,166,0.0000
band8_depth15_s19,rapid,18,unguided,2,2,62,27,25,25,166,0.0000
band8_depth15_s19,rapid,18,unguided,3,2,62,27,25,25,166,0.0000
band8_depth15_s19,rapid,18,oracle,0.25,2,7,27,25,25,166,0.0000
band8_depth15_s19,rapid,18,oracle,0.5,2,7,27,25,25,166,0.0000
band8_depth15_s19,rapid,18,oracle,1,2,7,27,25,25,166,0.0000
band8_depth15_s19,rapid,18,oracle,2,2,7,27,25,25,166,0.0000
band8_depth15_s19,rapid,18,oracle,3,2,7,27,25,25,166,0.0000
band8_depth15_s20,blitz,10,unguided,0.25,2,62,11,12,12,303,0.0000
band8_depth15_s20,blitz,10,unguided,0.5,2,62,11,12,12,303,0.0000
band8_depth15_s20,blitz,10,unguided,1,2,62,11,12,12,303,0.0000
band8_depth15_s20,blitz,10,unguided,2,2,62,11,12,12,303,0.0000
band8_depth15_s20,blitz,10,unguided,3,2,62,11,12,12,303,0.0000
band8_depth15_s20,blitz,10,oracle,0.25,2,3,11,12,12,303,0.0000
band8_depth15_s20,blitz,10,oracle,0.5,2,3,11,12,12,303,0.0000
band8_depth15_s20,blitz,10,oracle,1,2,3,11,12,12,303,0.0000
band8_depth15_s20,blitz,10,oracle,2,2,3,11,12,12,303,0.0000
band8_depth15_s20,blitz,10,oracle,3,2,3,11,12,12,303,0.0000
band8_depth15_s21,classical,1431,unguided,0.25,8,62,61570,13590,13590,6029244,0.0000
band8_depth15_s21,classical,1431,unguided,0.5,8,62,61570,13590,13590,6029244,0.0000
band8_depth15_s21,classical,1431,unguided,1,8,62,61570,13590,13590,6029244,0.0000
band8_depth15_s21,classical,1431,unguided,2,8,62,61570,13590,13590,6029244,0.0000
band8_depth15_s21,classical,1431,unguided,3,8,62,61570,13590,13590,6029244,0.0000
band8_depth15_s21,classical,1431,oracle,0.25,8,34,61570,13590,13590,6029244,0.0000
band8_depth15_s21,classical,1431,oracle,0.5,8,34,61570,13590,13590,6029244,0.0000
band8_depth15_s21,classical,1431,oracle,1,8,34,61570,13590,13590,6029244,0.0000
band8_depth15_s21,classical,1431,oracle,2,8,34,61570,13590,13590,6029244,0.0000
band8_depth15_s21,classical,1431,oracle,3,8,34,61570,13590,13590,6029244,0.0000
band9_depth18_s0,classical,2455,unguided,0.25,21,62,124023,14641,14641,1000134,0.0000
band9_depth18_s0,classical,2455,unguided,0.5,21,62,124023,14641,14641,1000134,0.0000
band9_depth18_s0,classical,2455,unguided,1,21,62,124023,14641,14641,1000134,0.0000
band9_depth18_s0,classical,2455,unguided,2,21,62,124023,14641,14641,1000134,0.0000
band9_depth18_s0,classical,2455,unguided,3,21,62,124023,14641,14641,1000134,0.0000
band9_depth18_s0,classical,2455,oracle,0.25,21,38,123875,14641,14641,1000134,0.0000
band9_depth18_s0,classical,2455,oracle,0.5,21,38,123875,14641,14641,1000134,0.0000
band9_depth18_s0,classical,2455,oracle,1,21,38,123875,14641,14641,1000134,0.0000
band9_depth18_s0,classical,2455,oracle,2,21,38,123875,14641,14641,1000134,0.0000
band9_depth18_s0,classical,2455,oracle,3,21,38,123875,14641,14641,1000134,0.0000
band9_depth18_s1,rapid,38,unguided,0.25,4,62,151,52,52,432,0.0000
band9_depth18_s1,rapid,38,unguided,0.5,4,62,151,52,52,432,0.0000
band9_depth18_s1,rapid,38,unguided,1,4,62,151,52,52,432,0.0000
band9_depth18_s1,rapid,38,unguided,2,4,62,151,52,52,432,0.0000
band9_depth18_s1,rapid,38,unguided,3,4,62,151,52,52,432,0.0000
band9_depth18_s1,rapid,38,oracle,0.25,4,10,151,52,52,432,0.0000
band9_depth18_s1,rapid,38,oracle,0.5,4,10,151,52,52,432,0.0000
band9_depth18_s1,rapid,38,oracle,1,4,10,151,52,52,432,0.0000
band9_depth18_s1,rapid,38,oracle,2,4,10,151,52,52,432,0.0000
band9_depth18_s1,rapid,38,oracle,3,4,10,151,52,52,432,0.0000
band9_depth18_s2,classical,2030,unguided,0.25,12,62,51095,14898,14898,28010001,0.0000
band9_depth18_s2,classical,2030,unguided,0.5,12,62,51095,14898,14898,28010001,0.0000
band9_depth18_s2,classical,2030,unguided,1,12,62,51095,14898,14898,28010001,0.0000
band9_depth18_s2,classical,2030,unguided,2,12,62,51095,14898,14898,28010001,0.0000
band9_depth18_s2,classical,2030,unguided,3,12,62,51095,14898,14898,28010001,0.0000
band9_depth18_s2,classical,2030,oracle,0.25,12,40,50983,14898,14898,28010001,0.0000
band9_depth18_s2,classical,2030,oracle,0.5,12,40,50983,14898,14898,28010001,0.0000
band9_depth18_s2,classical,2030,oracle,1,12,40,50983,14898,14898,28010001,0.0000
band9_depth18_s2,classical,2030,oracle,2,12,40,50983,14898,14898,28010001,0.0000
band9_depth18_s2,classical,2030,oracle,3,12,40,50983,14898,14898,28010001,0.0000
band9_depth18_s3,classical,1919,unguided,0.25,7,62,36311,14956,14956,1000161,0.0000
band9_depth18_s3,classical,1919,unguided,0.5,7,62,36311,14956,14956,1000161,0.0000
band9_depth18_s3,classical,1919,unguided,1,7,62,36311,14956,14956,1000161,0.0000
band9_depth18_s3,classical,1919,unguided,2,7,62,36311,14956,14956,1000161,0.0000
band9_depth18_s3,classical,1919,unguided,3,7,62,36311,14956,14956,1000161,0.0000
band9_depth18_s3,classical,1919,oracle,0.25,7,40,36209,14956,14956,1000161,0.0000
band9_depth18_s3,classical,1919,oracle,0.5,7,40,36209,14956,14956,1000161,0.0000
band9_depth18_s3,classical,1919,oracle,1,7,40,36209,14956,14956,1000161,0.0000
band9_depth18_s3,classical,1919,oracle,2,7,40,36209,14956,14956,1000161,0.0000
band9_depth18_s3,classical,1919,oracle,3,7,40,36209,14956,14956,1000161,0.0000
band9_depth18_s4,classical,2156,unguided,0.25,9,62,37145,14989,14989,126077430,0.0000
band9_depth18_s4,classical,2156,unguided,0.5,9,62,37145,14989,14989,126077430,0.0000
band9_depth18_s4,classical,2156,unguided,1,9,62,37145,14989,14989,126077430,0.0000
band9_depth18_s4,classical,2156,unguided,2,9,62,37145,14989,14989,126077430,0.0000
band9_depth18_s4,classical,2156,unguided,3,9,62,37145,14989,14989,126077430,0.0000
band9_depth18_s4,classical,2156,oracle,0.25,9,43,37122,14989,14989,126077430,0.0000
band9_depth18_s4,classical,2156,oracle,0.5,9,43,37122,14989,14989,126077430,0.0000
band9_depth18_s4,classical,2156,oracle,1,9,43,37122,14989,14989,126077430,0.0000
band9_depth18_s4,classical,2156,oracle,2,9,43,37122,14989,14989,126077430,0.0000
band9_depth18_s4,classical,2156,oracle,3,9,43,37122,14989,14989,126077430,0.0000
band9_depth18_s5,classical,3688,unguided,0.25,14,62,52694,14965,14965,36063814,0.0000
band9_depth18_s5,classical,3688,unguided,0.5,14,62,52694,14965,14965,36063814,0.0000
band9_depth18_s5,classical,3688,unguided,1,14,62,52694,14965,14965,36063814,0.0000
band9_depth18_s5,classical,3688,unguided,2,14,62,52694,14965,14965,36063814,0.0000
band9_depth18_s5,classical,3688,unguided,3,14,62,52694,14965,14965,36063814,0.0000
band9_depth18_s5,classical,3688,oracle,0.25,14,45,52536,14965,14965,36063814,0.0000
band9_depth18_s5,classical,3688,oracle,0.5,14,45,52536,14965,14965,36063814,0.0000
band9_depth18_s5,classical,3688,oracle,1,14,45,52536,14965,14965,36063814,0.0000
band9_depth18_s5,classical,3688,oracle,2,14,45,52536,14965,14965,36063814,0.0000
band9_depth18_s5,classical,3688,oracle,3,14,45,52536,14965,14965,36063814,0.0000
band9_depth18_s6,classical,232,unguided,0.25,8,62,6529,706,706,1000288,0.0000
band9_depth18_s6,classical,232,unguided,0.5,8,62,6529,706,706,1000288,0.0000
band9_depth18_s6,classical,232,unguided,1,8,62,6529,706,706,1000288,0.0000
band9_depth18_s6,classical,232,unguided,2,8,62,6529,706,706,1000288,0.0000
band9_depth18_s6,classical,232,unguided,3,8,62,6529,706,706,1000288,0.0000
band9_depth18_s6,classical,232,oracle,0.25,8,17,6513,706,706,1000288,0.0000
band9_depth18_s6,classical,232,oracle,0.5,8,17,6513,706,706,1000288,0.0000
band9_depth18_s6,classical,232,oracle,1,8,17,6513,706,706,1000288,0.0000
band9_depth18_s6,classical,232,oracle,2,8,17,6513,706,706,1000288,0.0000
band9_depth18_s6,classical,232,oracle,3,8,17,6513,706,706,1000288,0.0000
band9_depth18_s7,classical,1255,unguided,0.25,11,62,58860,14949,14949,24268,0.0000
band9_depth18_s7,classical,1255,unguided,0.5,11,62,58860,14949,14949,24268,0.0000
band9_depth18_s7,classical,1255,unguided,1,11,62,58860,14949,14949,24268,0.0000
band9_depth18_s7,classical,1255,unguided,2,11,62,58860,14949,14949,24268,0.0000
band9_depth18_s7,classical,1255,unguided,3,11,62,58860,14949,14949,24268,0.0000
band9_depth18_s7,classical,1255,oracle,0.25,11,38,58844,14949,14949,24268,0.0000
band9_depth18_s7,classical,1255,oracle,0.5,11,38,58844,14949,14949,24268,0.0000
band9_depth18_s7,classical,1255,oracle,1,11,38,58844,14949,14949,24268,0.0000
band9_depth18_s7,classical,1255,oracle,2,11,38,58844,14949,14949,24268,0.0000
band9_depth18_s7,classical,1255,oracle,3,11,38,58844,14949,14949,24268,0.0000
band9_depth18_s8,classical,2104,unguided,0.25,7,62,56597,13622,13622,171722,0.0000
band9_depth18_s8,classical,2104,unguided,0.5,7,62,56597,13622,13622,171722,0.0000
band9_depth18_s8,classical,2104,unguided,1,7,62,56597,13622,13622,171722,0.0000
band9_depth18_s8,classical,2104,unguided,2,7,62,56597,13622,13622,171722,0.0000
band9_depth18_s8,classical,2104,unguided,3,7,62,56597,13622,13622,171722,0.0000
band9_depth18_s8,classical,2104,oracle,0.25,7,37,56572,13622,13622,171722,0.0000
band9_depth18_s8,classical,2104,oracle,0.5,7,37,56572,13622,13622,171722,0.0000
band9_depth18_s8,classical,2104,oracle,1,7,37,56572,13622,13622,171722,0.0000
band9_depth18_s8,classical,2104,oracle,2,7,37,56572,13622,13622,171722,0.0000
band9_depth18_s8,classical,2104,oracle,3,7,37,56572,13622,13622,171722,0.0000
band9_depth18_s9,classical,3839,unguided,0.25,7,62,55649,13724,13724,20112107,0.0000
band9_depth18_s9,classical,3839,unguided,0.5,7,62,55649,13724,13724,20112107,0.0000
band9_depth18_s9,classical,3839,unguided,1,7,62,55649,13724,13724,20112107,0.0000
band9_depth18_s9,classical,3839,unguided,2,7,62,55649,13724,13724,20112107,0.0000
band9_depth18_s9,classical,3839,unguided,3,7,62,55649,13724,13724,20112107,0.0000
band9_depth18_s9,classical,3839,oracle,0.25,7,36,55545,13724,13724,20112107,0.0000
band9_depth18_s9,classical,3839,oracle,0.5,7,36,55545,13724,13724,20112107,0.0000
band9_depth18_s9,classical,3839,oracle,1,7,36,55545,13724,13724,20112107,0.0000
band9_depth18_s9,classical,3839,oracle,2,7,36,55545,13724,13724,20112107,0.0000
band9_depth18_s9,classical,3839,oracle,3,7,36,55545,13724,13724,20112107,0.0000
band9_depth18_s10,rapid,15,unguided,0.25,4,62,140,60,60,250,0.0000
band9_depth18_s10,rapid,15,unguided,0.5,4,62,140,60,60,250,0.0000
band9_depth18_s10,rapid,15,unguided,1,4,62,140,60,60,250,0.0000
band9_depth18_s10,rapid,15,unguided,2,4,62,140,60,60,250,0.0000
band9_depth18_s10,rapid,15,unguided,3,4,62,140,60,60,250,0.0000
band9_depth18_s10,rapid,15,oracle,0.25,4,11,140,60,60,250,0.0000
band9_depth18_s10,rapid,15,oracle,0.5,4,11,140,60,60,250,0.0000
band9_depth18_s10,rapid,15,oracle,1,4,11,140,60,60,250,0.0000
band9_depth18_s10,rapid,15,oracle,2,4,11,140,60,60,250,0.0000
band9_depth18_s10,rapid,15,oracle,3,4,11,140,60,60,250,0.0000
band9_depth18_s11,classical,3152,unguided,0.25,8,62,73118,13175,13175,2072124,0.0000
band9_depth18_s11,classical,3152,unguided,0.5,8,62,73118,13175,13175,2072124,0.0000
band9_depth18_s11,classical,3152,unguided,1,8,62,73118,13175,13175,2072124,0.0000
band9_depth18_s11,classical,3152,unguided,2,8,62,73118,13175,13175,2072124,0.0000
band9_depth18_s11,classical,3152,unguided,3,8,62,73118,13175,13175,2072124,0.0000
band9_depth18_s11,classical,3152,oracle,0.25,8,38,73110,13175,13175,2072124,0.0000
band9_depth18_s11,classical,3152,oracle,0.5,8,38,73110,13175,13175,2072124,0.0000
band9_depth18_s11,classical,3152,oracle,1,8,38,73110,13175,13175,2072124,0.0000
band9_depth18_s11,classical,3152,oracle,2,8,38,73110,13175,13175,2072124,0.0000
band9_depth18_s11,classical,3152,oracle,3,8,38,73110,13175,13175,2072124,0.0000
band9_depth18_s12,classical,3381,unguided,0.25,15,62,69611,14828,14828,89058446,0.0000
band9_depth18_s12,classical,3381,unguided,0.5,15,62,69611,14828,14828,89058446,0.0000
band9_depth18_s12,classical,3381,unguided,1,15,62,69611,14828,14828,89058446,0.0000
band9_depth18_s12,classical,3381,unguided,2,15,62,69611,14828,14828,89058446,0.0000
band9_depth18_s12,classical,3381,unguided,3,15,62,69611,14828,14828,89058446,0.0000
band9_depth18_s12,classical,3381,oracle,0.25,15,41,69402,14828,14828,89058446,0.0000
band9_depth18_s12,classical,3381,oracle,0.5,15,41,69402,14828,14828,89058446,0.0000
band9_depth18_s12,classical,3381,oracle,1,15,41,69402,14828,14828,89058446,0.0000
band9_depth18_s12,classical,3381,oracle,2,15,41,69402,14828,14828,89058446,0.0000
band9_depth18_s12,classical,3381,oracle,3,15,41,69402,14828,14828,89058446,0.0000
band9_depth18_s13,classical,1067,unguided,0.25,14,62,163741,12006,12006,47976,0.0000
band9_depth18_s13,classical,1067,unguided,0.5,14,62,163741,12006,12006,47976,0.0000
band9_depth18_s13,classical,1067,unguided,1,14,62,163741,12006,12006,47976,0.0000
band9_depth18_s13,classical,1067,unguided,2,14,62,163741,12006,12006,47976,0.0000
band9_depth18_s13,classical,1067,unguided,3,14,62,163741,12006,12006,47976,0.0000
band9_depth18_s13,classical,1067,oracle,0.25,14,33,163631,12006,12006,47976,0.0000
band9_depth18_s13,classical,1067,oracle,0.5,14,33,163631,12006,12006,47976,0.0000
band9_depth18_s13,classical,1067,oracle,1,14,33,163631,12006,12006,47976,0.0000
band9_depth18_s13,classical,1067,oracle,2,14,33,163631,12006,12006,47976,0.0000
band9_depth18_s13,classical,1067,oracle,3,14,33,163631,12006,12006,47976,0.0000
band9_depth18_s14,classical,2737,unguided,0.25,8,62,59689,13732,13732,10046699,0.0000
band9_depth18_s14,classical,2737,unguided,0.5,8,62,59689,13732,13732,10046699,0.0000
band9_depth18_s14,classical,2737,unguided,1,8,62,59689,13732,13732,10046699,0.0000
band9_depth18_s14,classical,2737,unguided,2,8,62,59689,13732,13732,10046699,0.0000
band9_depth18_s14,classical,2737,unguided,3,8,62,59689,13732,13732,10046699,0.0000
band9_depth18_s14,classical,2737,oracle,0.25,8,38,59681,13732,13732,10046699,0.0000
band9_depth18_s14,classical,2737,oracle,0.5,8,38,59681,13732,13732,10046699,0.0000
band9_depth18_s14,classical,2737,oracle,1,8,38,59681,13732,13732,10046699,0.0000
band9_depth18_s14,classical,2737,oracle,2,8,38,59681,13732,13732,10046699,0.0000
band9_depth18_s14,classical,2737,oracle,3,8,38,59681,13732,13732,10046699,0.0000
band9_depth18_s15,classical,6997,unguided,0.25,6,62,43561,14182,14182,7171422,0.0000
band9_depth18_s15,classical,6997,unguided,0.5,6,62,43561,14182,14182,7171422,0.0000
band9_depth18_s15,classical,6997,unguided,1,6,62,43561,14182,14182,7171422,0.0000
band9_depth18_s15,classical,6997,unguided,2,6,62,43561,14182,14182,7171422,0.0000
band9_depth18_s15,classical,6997,unguided,3,6,62,43561,14182,14182,7171422,0.0000
band9_depth18_s15,classical,6997,oracle,0.25,6,40,43531,14182,14182,7171422,0.0000
band9_depth18_s15,classical,6997,oracle,0.5,6,40,43531,14182,14182,7171422,0.0000
band9_depth18_s15,classical,6997,oracle,1,6,40,43531,14182,14182,7171422,0.0000
band9_depth18_s15,classical,6997,oracle,2,6,40,43531,14182,14182,7171422,0.0000
band9_depth18_s15,classical,6997,oracle,3,6,40,43531,14182,14182,7171422,0.0000
band9_depth18_s16,classical,8511,unguided,0.25,4,62,17938,14998,14998,12138109,0.0000
band9_depth18_s16,classical,8511,unguided,0.5,4,62,17938,14998,14998,12138109,0.0000
band9_depth18_s16,classical,8511,unguided,1,4,62,17938,14998,14998,12138109,0.0000
band9_depth18_s16,classical,8511,unguided,2,4,62,17938,14998,14998,12138109,0.0000
band9_depth18_s16,classical,8511,unguided,3,4,62,17938,14998,14998,12138109,0.0000
band9_depth18_s16,classical,8511,oracle,0.25,4,46,17930,14998,14998,12138109,0.0000
band9_depth18_s16,classical,8511,oracle,0.5,4,46,17930,14998,14998,12138109,0.0000
band9_depth18_s16,classical,8511,oracle,1,4,46,17930,14998,14998,12138109,0.0000
band9_depth18_s16,classical,8511,oracle,2,4,46,17930,14998,14998,12138109,0.0000
band9_depth18_s16,classical,8511,oracle,3,4,46,17930,14998,14998,12138109,0.0000
band9_depth18_s17,classical,474,unguided,0.25,8,62,49251,13891,13891,10121,0.0000
band9_depth18_s17,classical,474,unguided,0.5,8,62,49251,13891,13891,10121,0.0000
band9_depth18_s17,classical,474,unguided,1,8,62,49251,13891,13891,10121,0.0000
band9_depth18_s17,classical,474,unguided,2,8,62,49251,13891,13891,10121,0.0000
band9_depth18_s17,classical,474,unguided,3,8,62,49251,13891,13891,10121,0.0000
band9_depth18_s17,classical,474,oracle,0.25,8,28,49223,13891,13891,10121,0.0000
band9_depth18_s17,classical,474,oracle,0.5,8,28,49223,13891,13891,10121,0.0000
band9_depth18_s17,classical,474,oracle,1,8,28,49223,13891,13891,10121,0.0000
band9_depth18_s17,classical,474,oracle,2,8,28,49223,13891,13891,10121,0.0000
band9_depth18_s17,classical,474,oracle,3,8,28,49223,13891,13891,10121,0.0000
band9_depth18_s18,classical,1554,unguided,0.25,9,62,83604,13101,13101,39466,0.0000
band9_depth18_s18,classical,1554,unguided,0.5,9,62,83604,13101,13101,39466,0.0000
band9_depth18_s18,classical,1554,unguided,1,9,62,83604,13101,13101,39466,0.0000
band9_depth18_s18,classical,1554,unguided,2,9,62,83604,13101,13101,39466,0.0000
band9_depth18_s18,classical,1554,unguided,3,9,62,83604,13101,13101,39466,0.0000
band9_depth18_s18,classical,1554,oracle,0.25,9,31,83595,13101,13101,39466,0.0000
band9_depth18_s18,classical,1554,oracle,0.5,9,31,83595,13101,13101,39466,0.0000
band9_depth18_s18,classical,1554,oracle,1,9,31,83595,13101,13101,39466,0.0000
band9_depth18_s18,classical,1554,oracle,2,9,31,83595,13101,13101,39466,0.0000
band9_depth18_s18,classical,1554,oracle,3,9,31,83595,13101,13101,39466,0.0000
band9_depth18_s19,classical,832,unguided,0.25,25,62,275832,14070,14070,1000178,0.0000
band9_depth18_s19,classical,832,unguided,0.5,50,62,532054,14220,14220,1000178,0.0000
band9_depth18_s19,classical,832,unguided,1,90,62,909159,14335,14335,1000178,0.0000
band9_depth18_s19,classical,832,unguided,2,90,62,909159,14335,14335,1000178,0.0000
band9_depth18_s19,classical,832,unguided,3,90,62,909159,14335,14335,1000178,0.0000
band9_depth18_s19,classical,832,oracle,0.25,25,43,275443,14070,14070,1000178,0.0000
band9_depth18_s19,classical,832,oracle,0.5,50,43,531165,14220,14220,1000178,0.0000
band9_depth18_s19,classical,832,oracle,1,90,43,907470,14335,14335,1000178,0.0000
band9_depth18_s19,classical,832,oracle,2,90,43,907470,14335,14335,1000178,0.0000
band9_depth18_s19,classical,832,oracle,3,90,43,907470,14335,14335,1000178,0.0000
band9_depth18_s20,classical,220,unguided,0.25,6,62,2917,532,532,4602,0.0000
band9_depth18_s20,classical,220,unguided,0.5,6,62,2917,532,532,4602,0.0000
band9_depth18_s20,classical,220,unguided,1,6,62,2917,532,532,4602,0.0000
band9_depth18_s20,classical,220,unguided,2,6,62,2917,532,532,4602,0.0000
band9_depth18_s20,classical,220,unguided,3,6,62,2917,532,532,4602,0.0000
band9_depth18_s20,classical,220,oracle,0.25,6,24,2880,532,532,4602,0.0000
band9_depth18_s20,classical,220,oracle,0.5,6,24,2880,532,532,4602,0.0000
band9_depth18_s20,classical,220,oracle,1,6,24,2880,532,532,4602,0.0000
band9_depth18_s20,classical,220,oracle,2,6,24,2880,532,532,4602,0.0000
band9_depth18_s20,classical,220,oracle,3,6,24,2880,532,532,4602,0.0000
band9_depth18_s21,classical,967,unguided,0.25,13,62,123484,8925,8925,20796,0.0000
band9_depth18_s21,classical,967,unguided,0.5,13,62,123484,8925,8925,20796,0.0000
band9_depth18_s21,classical,967,unguided,1,13,62,123484,8925,8925,20796,0.0000
band9_depth18_s21,classical,967,unguided,2,13,62,123484,8925,8925,20796,0.0000
band9_depth18_s21,classical,967,unguided,3,13,62,123484,8925,8925,20796,0.0000
band9_depth18_s21,classical,967,oracle,0.25,13,30,123121,8925,8925,20796,0.0000
band9_depth18_s21,classical,967,oracle,0.5,13,30,123121,8925,8925,20796,0.0000
band9_depth18_s21,classical,967,oracle,1,13,30,123121,8925,8925,20796,0.0000
band9_depth18_s21,classical,967,oracle,2,13,30,123121,8925,8925,20796,0.0000
band9_depth18_s21,classical,967,oracle,3,13,30,123121,8925,8925,20796,0.0000
shader_swirl,rapid,15,unguided,0.25,2,62,20,19,19,105,0.0000
shader_swirl,rapid,15,unguided,0.5,2,62,20,19,19,105,0.0000
shader_swirl,rapid,15,unguided,1,2,62,20,19,19,105,0.0000
shader_swirl,rapid,15,unguided,2,2,62,20,19,19,105,0.0000
shader_swirl,rapid,15,unguided,3,2,62,20,19,19,105,0.0000
shader_swirl,rapid,15,oracle,0.25,2,3,20,19,19,105,0.0000
shader_swirl,rapid,15,oracle,0.5,2,3,20,19,19,105,0.0000
shader_swirl,rapid,15,oracle,1,2,3,20,19,19,105,0.0000
shader_swirl,rapid,15,oracle,2,2,3,20,19,19,105,0.0000
shader_swirl,rapid,15,oracle,3,2,3,20,19,19,105,0.0000
shader_circle_sdf,rapid,18,unguided,0.25,13,62,47580,2579,2579,41,0.0000
shader_circle_sdf,rapid,18,unguided,0.5,13,62,47580,2579,2579,41,0.0000
shader_circle_sdf,rapid,18,unguided,1,13,62,47580,2579,2579,41,0.0000
shader_circle_sdf,rapid,18,unguided,2,13,62,47580,2579,2579,41,0.0000
shader_circle_sdf,rapid,18,unguided,3,13,62,47580,2579,2579,41,0.0000
shader_circle_sdf,rapid,18,oracle,0.25,13,11,47351,2579,2579,41,0.0000
shader_circle_sdf,rapid,18,oracle,0.5,13,11,47351,2579,2579,41,0.0000
shader_circle_sdf,rapid,18,oracle,1,13,11,47351,2579,2579,41,0.0000
shader_circle_sdf,rapid,18,oracle,2,13,11,47351,2579,2579,41,0.0000
shader_circle_sdf,rapid,18,oracle,3,13,11,47351,2579,2579,41,0.0000
shader_poly,rapid,11,unguided,0.25,4,62,406,84,84,10,0.0000
shader_poly,rapid,11,unguided,0.5,4,62,406,84,84,10,0.0000
shader_poly,rapid,11,unguided,1,4,62,406,84,84,10,0.0000
shader_poly,rapid,11,unguided,2,4,62,406,84,84,10,0.0000
shader_poly,rapid,11,unguided,3,4,62,406,84,84,10,0.0000
shader_poly,rapid,11,oracle,0.25,4,10,392,84,84,10,0.0000
shader_poly,rapid,11,oracle,0.5,4,10,392,84,84,10,0.0000
shader_poly,rapid,11,oracle,1,4,10,392,84,84,10,0.0000
shader_poly,rapid,11,oracle,2,4,10,392,84,84,10,0.0000
shader_poly,rapid,11,oracle,3,4,10,392,84,84,10,0.0000
shader_redundant,rapid,13,unguided,0.25,13,62,35942,1826,1826,17,0.0000
shader_redundant,rapid,13,unguided,0.5,14,62,39987,1826,1826,17,0.0000
shader_redundant,rapid,13,unguided,1,14,62,39987,1826,1826,17,0.0000
shader_redundant,rapid,13,unguided,2,14,62,39987,1826,1826,17,0.0000
shader_redundant,rapid,13,unguided,3,14,62,39987,1826,1826,17,0.0000
shader_redundant,rapid,13,oracle,0.25,13,10,35912,1826,1826,17,0.0000
shader_redundant,rapid,13,oracle,0.5,14,10,39954,1826,1826,17,0.0000
shader_redundant,rapid,13,oracle,1,14,10,39954,1826,1826,17,0.0000
shader_redundant,rapid,13,oracle,2,14,10,39954,1826,1826,17,0.0000
shader_redundant,rapid,13,oracle,3,14,10,39954,1826,1826,17,0.0000
shader_normalize,blitz,10,unguided,0.25,2,62,14,14,14,36,0.0000
shader_normalize,blitz,10,unguided,0.5,2,62,14,14,14,36,0.0000
shader_normalize,blitz,10,unguided,1,2,62,14,14,14,36,0.0000
shader_normalize,blitz,10,unguided,2,2,62,14,14,14,36,0.0000
shader_normalize,blitz,10,unguided,3,2,62,14,14,14,36,0.0000
shader_normalize,blitz,10,oracle,0.25,2,5,14,14,14,36,0.0000
shader_normalize,blitz,10,oracle,0.5,2,5,14,14,14,36,0.0000
shader_normalize,blitz,10,oracle,1,2,5,14,14,14,36,0.0000
shader_normalize,blitz,10,oracle,2,2,5,14,14,14,36,0.0000
shader_normalize,blitz,10,oracle,3,2,5,14,14,14,36,0.0000
