kernel,class,class_cap,app_cap,tier_nodes,stop,iterations,applications,classes_at_stop,live_classes,objective,shared_pass_bytes,input_nodes,compiled_nodes,bytes,dag_cost,schedule,selects,guarded,exclusive,spill_slots,hoisted,same_form_nan_mismatch,same_form_max_abs,packed_mismatch_same,optimize_ms,emit_ms,sat_wall_ms,peak_alloc_mb,git_sha
cellgrid_80x24_d2,cellgrid,10000,200000,667,class_cap,3,12749,9059,2057,shared,427208,667,117,2576,428,217,0,0,0,6,19,0,0,0,27.584,0.588,26.627,4.67,8ecdc098
chrome_packed,chrome,10000,200000,390815,class_cap,2,11528,9495,2933,shared,573144,335411,404,3600,1673,388,17,612,614,28,9,0,0,0,193.262,4.335,37.815,34.88,8ecdc098
chrome_R,chrome_channel,10000,200000,133101,class_cap,2,11432,9413,2850,shared,544036,114633,294,2704,1384,281,9,404,406,24,8,0,0.000017881393432617188,0,70.381,2.777,33.092,12.00,8ecdc098
glyph16_U0020,glyph16,10000,200000,1,quiesced,1,0,1,1,tree_cheaper,4,1,1,164,0,1,0,0,0,0,0,0,0,0,0.452,0.245,0.015,0.00,a1d56ee4
glyph16_U0021,glyph16,10000,200000,267,class_cap,5,34662,7498,1103,tree_cheaper,30688,283,91,1104,275,56,7,48,54,0,15,0,0.00000095367431640625,0,867.431,2.045,866.831,3.66,a1d56ee4
glyph16_U0022,glyph16,10000,200000,191,quiesced,7,17694,1642,151,tree_cheaper,2276,207,62,736,175,46,5,31,49,0,8,0,0.000000476837158203125,0,118.474,1.084,118.019,0.84,a1d56ee4
glyph16_U0023,glyph16,10000,200000,647,class_cap,3,17063,6079,940,tree_cheaper,44316,663,276,2720,1071,144,17,143,207,0,39,0,0.0000018477439880371096,0,209.533,3.017,208.805,2.91,a1d56ee4
glyph16_U0024,glyph16,10000,200000,6151,class_cap,1,6451,9939,5014,shared,552712,3363,2850,26752,12604,680,83,1574,1602,0,329,0,0.000002294778823852539,0,36.534,19.034,31.873,5.57,a1d56ee4
glyph16_U0025,glyph16,10000,200000,8791,class_cap,1,5403,9988,5462,shared,588820,4599,3870,35024,17563,982,113,2442,2442,0,391,0,0.0000019371509552001953,0,41.001,27.046,33.643,6.02,a1d56ee4
glyph16_U0026,glyph16,10000,200000,7719,class_cap,1,6117,9971,5282,shared,594640,4103,3522,34064,15751,859,101,2076,2093,0,370,0,0.0000020265579223632813,0,38.805,24.795,32.561,5.89,a1d56ee4
glyph16_U0027,glyph16,10000,200000,123,quiesced,7,12774,1153,108,tree_cheaper,1208,131,46,592,124,33,3,18,28,0,6,0,0.00000095367431640625,0,71.831,0.987,71.450,0.64,a1d56ee4
glyph16_U0028,glyph16,10000,200000,1959,class_cap,2,12387,9583,2616,shared,252472,1031,732,8048,3138,210,25,490,490,0,75,0,0.0000013113021850585938,0,62.893,14.841,60.971,4.89,a1d56ee4
glyph16_U0029,glyph16,10000,200000,1777,class_cap,2,12038,9562,2783,shared,261800,953,674,7440,2903,197,23,448,448,0,72,0,0.0000015348196029663086,0,54.970,6.476,53.617,4.88,a1d56ee4
glyph16_U002A,glyph16,10000,200000,647,class_cap,3,18399,7293,1154,tree_cheaper,48208,663,304,3072,1236,142,17,155,197,0,45,0,0.0000021457672119140625,0,226.423,3.044,225.500,3.79,a1d56ee4
glyph16_U002B,glyph16,10000,200000,259,class_cap,28,161545,5448,324,tree_cheaper,7744,283,73,816,205,52,7,37,46,0,10,0,0.000000476837158203125,0,1147.454,1.942,1146.875,2.63,a1d56ee4
glyph16_U002C,glyph16,10000,200000,199,quiesced,7,28182,2752,268,tree_cheaper,5252,207,88,1072,276,51,5,43,58,0,15,0,0.0000011920928955078125,0,219.166,1.292,218.381,1.33,a1d56ee4
glyph16_U002D,glyph16,10000,200000,123,quiesced,7,12610,1138,110,tree_cheaper,1232,131,47,624,124,33,3,18,28,0,6,0,0.0000019073486328125,0,67.710,0.839,67.351,0.59,a1d56ee4
glyph16_U002E,glyph16,10000,200000,123,class_cap,6,36511,7497,1073,tree_cheaper,32688,131,43,544,120,33,3,18,28,0,6,0,0.0000019073486328125,0,1319.550,0.781,1318.963,3.65,a1d56ee4
glyph16_U002F,glyph16,10000,200000,131,class_cap,6,37598,7891,1177,tree_cheaper,29128,131,61,816,184,35,3,28,34,0,11,0,0.000000476837158203125,0,695.545,0.829,694.953,3.70,a1d56ee4
glyph16_U0030,glyph16,10000,200000,5767,class_cap,1,6851,9924,4697,shared,502084,2983,2491,24256,11351,591,73,1463,1463,11,300,0,0.000001132488250732422,0,34.873,16.743,30.770,5.49,a1d56ee4
glyph16_U0031,glyph16,10000,200000,301,class_cap,4,22547,5255,713,tree_cheaper,23504,321,122,1344,407,75,8,67,96,0,24,0,0.0000011920928955078125,0,305.417,1.646,304.819,2.68,a1d56ee4
glyph16_U0032,glyph16,10000,200000,3827,class_cap,1,7766,9763,3953,shared,417008,2043,1508,16032,6829,414,50,965,976,0,195,0,0.0000007152557373046875,0,27.803,11.894,25.253,5.23,a1d56ee4
glyph16_U0033,glyph16,10000,200000,5901,class_cap,1,6721,9917,4797,shared,521432,3097,2630,24784,11845,621,76,1495,1510,1,307,0,0.0000010132789611816406,0,35.170,17.763,30.966,5.51,a1d56ee4
glyph16_U0034,glyph16,10000,200000,335,class_cap,4,22555,5176,707,tree_cheaper,25584,359,119,1360,398,72,9,64,79,0,23,0,0.0000015497207641601563,0,306.762,1.679,306.097,2.67,a1d56ee4
glyph16_U0035,glyph16,10000,200000,4031,class_cap,1,7793,9757,3996,shared,388216,2159,1581,16688,7141,437,53,1025,1035,6,197,0,0.0000017881393432617188,0,28.839,12.915,26.158,5.22,a1d56ee4
glyph16_U0036,glyph16,10000,200000,5793,class_cap,1,6721,9936,4801,shared,508612,3021,2607,24288,11784,604,74,1478,1484,0,311,0,0.000002384185791015625,0,34.511,16.458,30.358,5.50,a1d56ee4
glyph16_U0037,glyph16,10000,200000,199,class_cap,5,31862,7128,974,tree_cheaper,23740,207,90,1088,280,53,5,45,60,0,17,0,0.000000476837158203125,0,775.536,1.240,774.927,3.41,a1d56ee4
glyph16_U0038,glyph16,10000,200000,7671,class_cap,1,6362,9974,5147,shared,589948,3959,3368,31056,15261,812,97,2036,2036,3,355,0,0.000002205371856689453,0,39.439,22.813,33.515,5.84,a1d56ee4
glyph16_U0039,glyph16,10000,200000,5833,class_cap,1,6752,9921,4780,shared,515980,3021,2634,24352,11905,606,74,1488,1488,0,307,0,0.00000286102294921875,0,34.923,17.987,30.696,5.49,a1d56ee4
glyph16_U003A,glyph16,10000,200000,191,class_cap,6,40061,8279,1050,tree_cheaper,38708,207,52,624,143,38,5,23,23,0,7,0,0.000000476837158203125,0,1942.959,1.023,1942.300,4.34,a1d56ee4
glyph16_U003B,glyph16,10000,200000,267,quiesced,12,49487,3722,363,tree_cheaper,8848,283,108,1312,334,65,7,57,81,0,18,0,0.000000476837158203125,0,547.736,6.728,545.734,1.82,a1d56ee4
glyph16_U003C,glyph16,10000,200000,309,class_cap,5,31303,4645,524,tree_cheaper,17468,321,147,1744,474,77,8,76,93,2,28,0,0.0000014901161193847656,0,260.969,1.638,260.356,2.47,a1d56ee4
glyph16_U003D,glyph16,10000,200000,191,class_cap,5,27694,7608,1119,tree_cheaper,26752,207,54,656,148,40,5,25,25,0,7,0,0,0,466.592,1.134,466.041,3.69,a1d56ee4
glyph16_U003E,glyph16,10000,200000,309,class_cap,5,31208,4657,531,tree_cheaper,17736,321,147,1744,474,77,8,76,92,0,28,0,0.0000013113021850585938,0,283.411,1.609,282.845,2.48,a1d56ee4
glyph16_U003F,glyph16,10000,200000,4159,class_cap,1,7579,9759,4142,shared,442012,2311,1683,18800,7502,471,57,1068,1091,1,212,0,0.0000012516975402832031,0,30.713,13.130,27.754,5.27,a1d56ee4
glyph16_U0040,glyph16,10000,200000,7803,class_cap,1,6257,9962,5189,shared,586908,4111,3444,32496,15567,854,101,2097,2107,0,364,0,0.0000018477439880371096,0,39.555,22.488,33.295,5.88,a1d56ee4
glyph16_U0041,glyph16,10000,200000,283,class_cap,4,24717,6007,782,tree_cheaper,25360,283,150,1760,609,71,7,77,95,0,35,0,0.000001430511474609375,0,488.226,1.709,487.604,2.79,a1d56ee4
glyph16_U0042,glyph16,10000,200000,3965,class_cap,1,7791,9750,3981,shared,426244,2121,1541,16080,6988,427,52,1010,1016,0,192,0,0.0000012516975402832031,0,29.963,12.803,27.237,5.22,a1d56ee4
glyph16_U0043,glyph16,10000,200000,3963,class_cap,1,7797,9756,3966,shared,385936,2083,1539,15696,7044,416,51,992,996,0,189,0,0.0000019073486328125,0,28.585,12.042,25.979,5.21,a1d56ee4
glyph16_U0044,glyph16,10000,200000,2027,class_cap,2,13505,9371,2213,shared,182092,1107,752,8352,3235,229,27,516,521,0,79,0,0.0000026226043701171875,0,175.570,7.361,173.976,4.84,a1d56ee4
glyph16_U0045,glyph16,10000,200000,259,class_cap,5,31722,7146,969,tree_cheaper,28352,283,83,928,226,58,7,43,61,0,14,0,0.00000095367431640625,0,677.320,1.334,676.641,3.40,a1d56ee4
glyph16_U0046,glyph16,10000,200000,225,class_cap,5,29586,6855,934,tree_cheaper,23836,245,72,784,196,51,6,36,50,0,12,0,0.0000011920928955078125,0,622.390,1.362,621.761,3.45,a1d56ee4
glyph16_U0047,glyph16,10000,200000,4031,class_cap,1,7743,9758,4028,shared,390476,2159,1593,16608,7195,438,53,1026,1036,0,197,0,0.0000017881393432617188,0,29.450,15.575,26.623,5.22,a1d56ee4
glyph16_U0048,glyph16,10000,200000,259,class_cap,5,29752,6671,880,tree_cheaper,25092,283,68,752,195,52,7,37,46,0,10,0,0.00000095367431640625,0,657.507,1.494,656.829,2.90,a1d56ee4
glyph16_U0049,glyph16,10000,200000,259,class_cap,5,30071,6682,884,tree_cheaper,25180,283,70,768,201,52,7,37,46,0,10,0,0.00000095367431640625,0,687.568,1.396,686.805,2.90,a1d56ee4
glyph16_U004A,glyph16,10000,200000,2111,class_cap,2,13268,9414,2250,shared,206052,1183,794,8976,3349,247,29,545,550,0,84,0,0.0000013709068298339844,0,95.627,8.065,93.977,4.87,a1d56ee4
glyph16_U004B,glyph16,10000,200000,347,class_cap,4,26202,6284,832,tree_cheaper,29472,359,160,1872,612,83,9,82,105,2,37,0,0.0000016689300537109375,0,544.241,1.958,543.518,2.86,a1d56ee4
glyph16_U004C,glyph16,10000,200000,157,class_cap,6,39589,7929,1025,tree_cheaper,35532,169,55,656,151,41,4,26,40,0,9,0,0.00000095367431640625,0,1616.078,1.038,1615.227,3.71,a1d56ee4
glyph16_U004D,glyph16,10000,200000,343,class_cap,4,25362,6023,793,tree_cheaper,27624,359,147,1680,553,83,9,82,112,0,31,0,0.00000095367431640625,0,403.163,2.021,402.540,2.82,a1d56ee4
glyph16_U004E,glyph16,10000,200000,267,class_cap,5,34035,7447,1049,tree_cheaper,30420,283,93,1072,284,63,7,48,75,0,15,0,0.000001430511474609375,0,770.222,1.497,769.577,3.65,a1d56ee4
glyph16_U004F,glyph16,10000,200000,3863,class_cap,1,7985,9760,3819,shared,369336,2007,1467,15408,6722,400,49,976,976,0,188,0,0.000002205371856689453,0,27.676,12.682,25.201,5.22,a1d56ee4
glyph16_U0050,glyph16,10000,200000,2061,class_cap,2,13534,9367,2208,shared,182100,1145,765,8464,3260,233,28,520,522,0,80,0,0.0000018477439880371096,0,179.935,7.987,178.410,4.84,a1d56ee4
glyph16_U0051,glyph16,10000,200000,4461,class_cap,1,7654,9803,4180,shared,418212,2365,1823,18816,8307,478,58,1138,1150,0,234,0,0.0000020265579223632813,0,30.613,14.744,27.560,5.30,a1d56ee4
glyph16_U0052,glyph16,10000,200000,3105,class_cap,2,10711,9859,3081,shared,286660,1709,1172,13248,4995,348,42,789,797,0,122,0,0.0000008940696716308594,0,115.127,9.954,112.934,5.15,a1d56ee4
glyph16_U0053,glyph16,10000,200000,5943,class_cap,1,6607,9943,4896,shared,530492,3135,2728,25776,12233,632,77,1517,1528,0,319,0,0.0000016689300537109375,0,34.819,17.814,30.467,5.52,a1d56ee4
glyph16_U0054,glyph16,10000,200000,191,class_cap,5,27254,6085,744,tree_cheaper,17928,207,62,704,178,47,5,32,50,0,9,0,0.000001430511474609375,0,562.500,1.160,561.902,2.79,a1d56ee4
glyph16_U0055,glyph16,10000,200000,4031,class_cap,1,7810,9745,3950,shared,393860,2159,1500,16624,6815,435,53,1023,1033,6,184,0,0.0000020265579223632813,0,28.142,13.568,25.439,5.24,a1d56ee4
glyph16_U0056,glyph16,10000,200000,207,class_cap,5,34680,6710,850,tree_cheaper,23596,207,97,1184,302,51,5,43,58,0,17,0,0.000003337860107421875,0,882.806,1.645,881.916,2.88,a1d56ee4
glyph16_U0057,glyph16,10000,200000,359,class_cap,4,27866,6892,1040,tree_cheaper,35184,359,185,2144,756,89,9,104,128,0,40,0,0.000002384185791015625,0,844.347,1.819,843.606,3.37,a1d56ee4
glyph16_U0058,glyph16,10000,200000,359,class_cap,4,28325,7262,997,tree_cheaper,36460,359,203,2320,838,89,9,102,126,0,46,0,0.0000026226043701171875,0,700.457,1.847,699.616,3.63,a1d56ee4
glyph16_U0059,glyph16,10000,200000,275,class_cap,4,23234,5344,674,tree_cheaper,21300,283,131,1520,501,69,7,68,89,0,28,0,0.000003337860107421875,0,348.194,1.672,347.563,2.68,a1d56ee4
glyph16_U005A,glyph16,10000,200000,267,class_cap,5,36346,7610,1106,tree_cheaper,30908,283,113,1296,345,68,7,60,84,1,21,0,0.000001430511474609375,0,1061.958,2.187,1061.342,3.68,a1d56ee4
glyph16_U005B,glyph16,10000,200000,191,quiesced,7,16687,1526,152,tree_cheaper,2372,207,64,752,170,44,5,29,39,0,10,0,0.000000476837158203125,0,101.839,1.354,101.403,0.71,a1d56ee4
glyph16_U005C,glyph16,10000,200000,131,class_cap,6,37505,7873,1210,tree_cheaper,29964,131,65,864,192,35,3,28,34,0,11,0,0.000000476837158203125,0,698.885,0.905,698.307,3.70,a1d56ee4
glyph16_U005D,glyph16,10000,200000,191,quiesced,7,16993,1557,153,tree_cheaper,2360,207,65,752,175,45,5,30,39,0,10,0,0.000000476837158203125,0,112.984,1.347,112.584,0.72,a1d56ee4
glyph16_U005E,glyph16,10000,200000,207,class_cap,4,21381,6394,978,tree_cheaper,22816,207,111,1344,409,53,5,52,64,0,20,0,0.000000476837158203125,0,228.827,1.789,228.294,2.84,a1d56ee4
glyph16_U005F,glyph16,10000,200000,123,class_cap,6,33484,5177,522,tree_cheaper,13244,131,44,576,115,31,3,18,28,0,5,0,0.00000286102294921875,0,865.385,1.096,864.884,2.56,a1d56ee4
glyph16_U0060,glyph16,10000,200000,131,class_cap,5,29135,7890,1383,tree_cheaper,22096,131,69,912,200,35,3,28,34,0,11,0,0.0000007152557373046875,0,390.177,0.949,389.670,3.73,a1d56ee4
glyph16_U0061,glyph16,10000,200000,5517,class_cap,1,6862,9912,4681,shared,493348,2929,2454,23184,10999,589,72,1400,1413,1,290,0,0.0000019073486328125,0,33.962,17.905,29.917,5.47,a1d56ee4
glyph16_U0062,glyph16,10000,200000,3981,class_cap,1,7796,9753,3974,shared,385384,2121,1550,15904,7055,426,52,1009,1013,0,192,0,0.0000023245811462402344,0,28.843,13.271,26.127,5.22,a1d56ee4
glyph16_U0063,glyph16,10000,200000,3963,class_cap,1,7772,9762,3989,shared,387264,2083,1547,15760,7067,416,51,992,996,0,192,0,0.000002384185791015625,0,28.993,12.682,26.310,5.21,a1d56ee4
glyph16_U0064,glyph16,10000,200000,3981,class_cap,1,7807,9753,3975,shared,384784,2121,1550,15968,7072,428,52,1004,1017,0,195,0,0.000002384185791015625,0,28.710,12.630,25.946,5.22,a1d56ee4
glyph16_U0065,glyph16,10000,200000,4035,class_cap,1,7714,9757,4045,shared,392120,2159,1611,16608,7275,439,53,1025,1040,0,199,0,0.000001430511474609375,0,28.673,13.907,25.903,5.22,a1d56ee4
glyph16_U0066,glyph16,10000,200000,1245,class_cap,2,14204,8800,2242,shared,189200,809,456,4944,1875,157,20,289,302,0,52,0,0.0000006556510925292969,0,118.463,5.129,117.239,4.68,a1d56ee4
glyph16_U0067,glyph16,10000,200000,5969,class_cap,1,6733,9935,4808,shared,520648,3173,2666,25824,11990,636,78,1510,1534,3,318,0,0.0000033676624298095703,0,35.096,18.559,30.611,5.52,a1d56ee4
glyph16_U0068,glyph16,10000,200000,2145,class_cap,2,13396,9450,2188,shared,186948,1221,792,8928,3341,249,30,541,548,0,83,0,0.0000013113021850585938,0,177.602,7.886,176.031,4.87,a1d56ee4
glyph16_U0069,glyph16,10000,200000,293,class_cap,5,33099,7438,1050,tree_cheaper,34440,321,84,960,237,61,8,46,60,0,13,0,0.000000476837158203125,0,780.670,1.639,779.740,3.66,a1d56ee4
glyph16_U006A,glyph16,10000,200000,1211,class_cap,2,13812,8784,2306,shared,201816,771,473,4992,1958,155,19,287,303,0,55,0,0.0000030994415283203125,0,63.911,4.893,62.866,4.68,a1d56ee4
glyph16_U006B,glyph16,10000,200000,347,class_cap,4,26316,6313,838,tree_cheaper,30108,359,163,1920,616,84,9,83,106,2,38,0,0.0000016689300537109375,0,476.157,1.936,475.559,2.87,a1d56ee4
glyph16_U006C,glyph16,10000,200000,1143,class_cap,2,13771,8892,2298,shared,190088,695,437,4688,1827,146,17,278,296,0,53,0,0.0000015497207641601563,0,78.481,4.783,77.444,4.68,a1d56ee4
glyph16_U006D,glyph16,10000,200000,4133,class_cap,1,7822,9769,3903,shared,416728,2273,1519,17248,6884,447,56,1017,1031,22,196,0,0.0000015497207641601563,0,28.485,13.708,25.635,5.26,a1d56ee4
glyph16_U006E,glyph16,10000,200000,2145,class_cap,2,13401,9447,2185,shared,183972,1221,788,8832,3344,249,30,541,548,0,83,0,0.0000025033950805664063,0,178.485,7.932,176.920,4.87,a1d56ee4
glyph16_U006F,glyph16,10000,200000,3863,class_cap,1,8095,9763,3731,shared,364936,2007,1391,15712,6402,398,49,974,974,13,178,0,0.0000021457672119140625,0,27.556,12.144,25.084,5.23,a1d56ee4
glyph16_U0070,glyph16,10000,200000,3981,class_cap,1,7802,9757,3980,shared,385288,2121,1545,16016,7066,427,52,1010,1016,0,194,0,0.0000023245811462402344,0,28.608,13.250,25.931,5.22,a1d56ee4
glyph16_U0071,glyph16,10000,200000,3981,class_cap,1,7789,9757,3981,shared,386320,2121,1546,15792,7065,427,52,1003,1014,0,193,0,0.0000021457672119140625,0,29.484,13.094,26.789,5.22,a1d56ee4
glyph16_U0072,glyph16,10000,200000,2127,class_cap,2,13154,9505,2251,shared,192112,1183,799,8928,3349,241,29,528,535,0,82,0,0.0000010728836059570313,0,149.041,8.114,147.111,4.88,a1d56ee4
glyph16_U0073,glyph16,10000,200000,5739,class_cap,1,6674,9931,4821,shared,514500,3051,2615,25136,11687,618,75,1475,1486,1,310,0,0.0000017136335372924805,0,35.383,19.103,31.114,5.51,a1d56ee4
glyph16_U0074,glyph16,10000,200000,1245,class_cap,2,14085,8777,2218,shared,191496,809,460,4864,1907,156,20,288,301,0,57,0,0.000000476837158203125,0,87.836,5.144,86.735,4.68,a1d56ee4
glyph16_U0075,glyph16,10000,200000,2145,class_cap,2,13292,9410,2229,shared,204812,1221,800,8944,3367,250,30,536,550,0,84,0,0.000001728534698486328,0,96.166,9.218,94.557,4.87,a1d56ee4
glyph16_U0076,glyph16,10000,200000,207,class_cap,5,34668,6721,885,tree_cheaper,24772,207,103,1296,337,53,5,52,64,0,20,0,0.00000095367431640625,0,882.731,1.244,882.163,2.88,a1d56ee4
glyph16_U0077,glyph16,10000,200000,359,class_cap,4,26280,6195,813,tree_cheaper,29256,359,181,2096,751,87,9,102,126,0,38,0,0.000001430511474609375,0,571.316,1.952,570.677,2.85,a1d56ee4
glyph16_U0078,glyph16,10000,200000,359,class_cap,4,28471,7311,996,tree_cheaper,36328,359,202,2304,838,89,9,102,126,0,46,0,0.00000095367431640625,0,703.359,1.901,702.709,3.64,a1d56ee4
glyph16_U0079,glyph16,10000,200000,1693,class_cap,2,12769,9370,2601,shared,240536,977,670,7600,2818,210,24,437,449,0,71,0,0.0000011920928955078125,0,51.555,6.717,49.722,4.84,a1d56ee4
glyph16_U007A,glyph16,10000,200000,267,class_cap,5,35641,7587,1116,tree_cheaper,30988,283,108,1296,330,64,7,56,72,1,20,0,0.000003337860107421875,0,982.670,1.519,981.957,3.68,a1d56ee4
glyph16_U007B,glyph16,10000,200000,4101,class_cap,1,7718,9732,4041,shared,395052,2273,1598,16656,7145,455,56,1037,1053,0,194,0,0.0000013113021850585938,0,29.450,14.099,26.435,5.24,a1d56ee4
glyph16_U007C,glyph16,10000,200000,123,class_cap,5,24237,7269,983,tree_cheaper,24364,131,45,576,125,35,3,20,30,0,6,0,0.0000002980232238769531,0,493.050,0.909,492.169,3.63,a1d56ee4
glyph16_U007D,glyph16,10000,200000,4101,class_cap,1,7717,9739,4040,shared,394104,2273,1597,16528,7176,456,56,1032,1055,0,196,0,0.0000012516975402832031,0,30.921,14.745,27.964,5.24,a1d56ee4
glyph16_U007E,glyph16,10000,200000,3995,class_cap,1,7827,9753,3986,shared,395180,2083,1563,16160,7098,421,51,1004,1009,0,192,0,0,0,47.838,21.029,45.024,5.21,a1d56ee4
glyph32_U0020,glyph32,10000,200000,1,quiesced,1,0,1,1,tree_cheaper,4,1,1,164,0,1,0,0,0,0,0,0,0,0,0.383,0.216,0.013,0.00,a1d56ee4
glyph32_U0021,glyph32,10000,200000,267,class_cap,5,34659,7498,1103,tree_cheaper,30688,283,91,1104,275,56,7,48,54,0,15,0,0,0,877.172,2.036,876.573,3.66,a1d56ee4
glyph32_U0022,glyph32,10000,200000,191,quiesced,7,17694,1642,151,tree_cheaper,2276,207,62,736,175,46,5,31,49,0,8,0,0,0,120.047,1.191,119.448,0.84,a1d56ee4
glyph32_U0023,glyph32,10000,200000,647,class_cap,3,17063,6079,940,tree_cheaper,44316,663,276,2720,1071,144,17,143,207,0,39,0,0.0000019073486328125,0,210.673,3.337,209.794,2.91,a1d56ee4
glyph32_U0024,glyph32,10000,200000,6151,class_cap,1,6451,9939,5014,shared,552712,3363,2850,26752,12604,680,83,1574,1602,0,329,0,0.0000030994415283203125,0,35.944,22.028,31.233,5.57,a1d56ee4
glyph32_U0025,glyph32,10000,200000,8791,class_cap,1,5403,9988,5462,shared,588820,4599,3870,35024,17563,982,113,2442,2442,0,391,0,0.00000196695327758789,0,42.016,29.077,34.411,6.02,a1d56ee4
glyph32_U0026,glyph32,10000,200000,7719,class_cap,1,6117,9971,5282,shared,594640,4103,3522,34064,15751,859,101,2076,2093,0,370,0,0.000002384185791015625,0,39.414,25.995,33.072,5.89,a1d56ee4
glyph32_U0027,glyph32,10000,200000,123,quiesced,7,12774,1152,108,tree_cheaper,1208,131,46,592,124,33,3,18,28,0,6,0,0,0,73.768,1.052,73.311,0.64,a1d56ee4
glyph32_U0028,glyph32,10000,200000,1959,class_cap,2,12387,9583,2616,shared,252472,1031,732,8048,3138,210,25,490,490,0,75,0,0.0000006556510925292969,0,55.385,7.575,53.946,4.89,a1d56ee4
glyph32_U0029,glyph32,10000,200000,1777,class_cap,2,12038,9562,2783,shared,261800,953,674,7440,2903,197,23,448,448,0,72,0,0.0000015497207641601563,0,51.443,6.974,49.796,4.88,a1d56ee4
glyph32_U002A,glyph32,10000,200000,647,class_cap,3,18399,7293,1154,tree_cheaper,48208,663,304,3072,1236,142,17,155,197,0,45,0,0.0000019073486328125,0,222.401,3.319,221.569,3.79,a1d56ee4
glyph32_U002B,glyph32,10000,200000,259,class_cap,28,161545,5448,324,tree_cheaper,7744,283,73,816,205,52,7,37,46,0,10,0,0,0,1128.560,1.428,1127.930,2.63,a1d56ee4
glyph32_U002C,glyph32,10000,200000,199,quiesced,7,28182,2752,268,tree_cheaper,5252,207,88,1072,276,51,5,43,58,0,15,0,0.000000476837158203125,0,188.595,1.253,188.045,1.33,a1d56ee4
glyph32_U002D,glyph32,10000,200000,123,quiesced,7,12610,1138,110,tree_cheaper,1232,131,47,624,124,33,3,18,28,0,6,0,0,0,66.786,0.850,66.476,0.59,a1d56ee4
glyph32_U002E,glyph32,10000,200000,123,class_cap,6,36512,7496,1073,tree_cheaper,32708,131,43,544,120,33,3,18,28,0,6,0,0,0,1259.312,0.876,1258.658,3.65,a1d56ee4
glyph32_U002F,glyph32,10000,200000,131,class_cap,6,37598,7891,1177,tree_cheaper,29128,131,61,816,184,35,3,28,34,0,11,0,0.0000019073486328125,0,697.447,0.926,696.826,3.70,a1d56ee4
glyph32_U0030,glyph32,10000,200000,5767,class_cap,1,6851,9924,4697,shared,502084,2983,2491,24256,11351,591,73,1463,1463,11,300,0,0.0000019073486328125,0,34.722,18.917,30.601,5.49,a1d56ee4
glyph32_U0031,glyph32,10000,200000,301,class_cap,4,22547,5256,713,tree_cheaper,23504,321,122,1344,407,75,8,67,96,0,24,0,0.0000010728836059570313,0,304.561,1.793,303.894,2.68,a1d56ee4
glyph32_U0032,glyph32,10000,200000,3827,class_cap,1,7766,9763,3953,shared,417008,2043,1508,16032,6829,414,50,965,976,0,195,0,0.0000012516975402832031,0,29.426,13.155,26.731,5.23,a1d56ee4
glyph32_U0033,glyph32,10000,200000,5901,class_cap,1,6721,9917,4797,shared,521432,3097,2630,24784,11845,621,76,1495,1510,1,307,0,0.0000007748603820800781,0,34.650,18.982,30.508,5.51,a1d56ee4
glyph32_U0034,glyph32,10000,200000,335,class_cap,4,22555,5177,707,tree_cheaper,25584,359,119,1360,398,72,9,64,79,0,23,0,0.000000476837158203125,0,305.094,1.788,304.445,2.67,a1d56ee4
glyph32_U0035,glyph32,10000,200000,4031,class_cap,1,7793,9757,3996,shared,388216,2159,1581,16688,7141,437,53,1025,1035,6,197,0,0.0000016689300537109375,0,28.536,13.428,25.894,5.22,a1d56ee4
glyph32_U0036,glyph32,10000,200000,5793,class_cap,1,6721,9936,4801,shared,508612,3021,2607,24288,11784,604,74,1478,1484,0,311,0,0.000002205371856689453,0,34.956,20.414,30.717,5.50,a1d56ee4
glyph32_U0037,glyph32,10000,200000,199,class_cap,5,31862,7129,974,tree_cheaper,23740,207,90,1088,280,53,5,45,60,0,17,0,0.000000476837158203125,0,766.892,1.453,766.301,3.41,a1d56ee4
glyph32_U0038,glyph32,10000,200000,7671,class_cap,1,6362,9974,5147,shared,589948,3959,3368,31056,15261,812,97,2036,2036,3,355,0,0.0000012516975402832031,0,39.205,24.275,33.244,5.84,a1d56ee4
glyph32_U0039,glyph32,10000,200000,5833,class_cap,1,6752,9921,4780,shared,515980,3021,2634,24352,11905,606,74,1488,1488,0,307,0,0.000003337860107421875,0,35.209,19.643,30.885,5.49,a1d56ee4
glyph32_U003A,glyph32,10000,200000,191,class_cap,6,40061,8279,1050,tree_cheaper,38708,207,52,624,143,38,5,23,23,0,7,0,0,0,1956.826,1.125,1956.135,4.34,a1d56ee4
glyph32_U003B,glyph32,10000,200000,267,quiesced,12,49487,3723,363,tree_cheaper,8848,283,108,1312,334,65,7,57,81,0,18,0,0.000000476837158203125,0,537.543,1.633,537.038,1.82,a1d56ee4
glyph32_U003C,glyph32,10000,200000,309,class_cap,5,31303,4646,524,tree_cheaper,17468,321,147,1744,474,77,8,76,93,2,28,0,0.0000019073486328125,0,259.264,1.759,258.748,2.47,a1d56ee4
glyph32_U003D,glyph32,10000,200000,191,class_cap,5,27694,7609,1119,tree_cheaper,26752,207,54,656,148,40,5,25,25,0,7,0,0,0,465.099,1.208,464.540,3.69,a1d56ee4
glyph32_U003E,glyph32,10000,200000,309,class_cap,5,31208,4658,531,tree_cheaper,17736,321,147,1744,474,77,8,76,92,0,28,0,0.0000021457672119140625,0,282.942,1.679,282.254,2.48,a1d56ee4
glyph32_U003F,glyph32,10000,200000,4159,class_cap,1,7579,9759,4142,shared,442012,2311,1683,18800,7502,471,57,1068,1091,1,212,0,0.0000029802322387695313,0,30.501,13.794,27.506,5.27,a1d56ee4
glyph32_U0040,glyph32,10000,200000,7803,class_cap,1,6255,9962,5190,shared,586852,4111,3445,32512,15567,854,101,2097,2107,0,364,0,0.00000095367431640625,0,40.783,24.587,34.503,5.88,a1d56ee4
glyph32_U0041,glyph32,10000,200000,283,class_cap,4,24717,6007,782,tree_cheaper,25360,283,150,1760,609,71,7,77,95,0,35,0,0.00000095367431640625,0,482.194,1.657,481.570,2.79,a1d56ee4
glyph32_U0042,glyph32,10000,200000,3965,class_cap,1,7791,9750,3981,shared,426244,2121,1541,16080,6988,427,52,1010,1016,0,192,0,0.0000019073486328125,0,29.092,14.065,26.353,5.22,a1d56ee4
glyph32_U0043,glyph32,10000,200000,3963,class_cap,1,7797,9756,3966,shared,385936,2083,1539,15696,7044,416,51,992,996,0,189,0,0.00000095367431640625,0,29.295,13.387,26.302,5.21,a1d56ee4
glyph32_U0044,glyph32,10000,200000,2027,class_cap,2,13505,9371,2213,shared,182092,1107,752,8352,3235,229,27,516,521,0,79,0,0.0000008344650268554688,0,175.663,8.187,174.094,4.84,a1d56ee4
glyph32_U0045,glyph32,10000,200000,259,class_cap,5,31722,7147,969,tree_cheaper,28352,283,83,928,226,58,7,43,61,0,14,0,0,0,695.233,1.501,694.556,3.40,a1d56ee4
glyph32_U0046,glyph32,10000,200000,225,class_cap,5,29584,6855,934,tree_cheaper,23836,245,72,784,196,51,6,36,50,0,12,0,0,0,638.760,1.461,638.145,3.45,a1d56ee4
glyph32_U0047,glyph32,10000,200000,4031,class_cap,1,7743,9758,4028,shared,390476,2159,1593,16608,7195,438,53,1026,1036,0,197,0,0.00000196695327758789,0,28.439,13.240,25.773,5.22,a1d56ee4
glyph32_U0048,glyph32,10000,200000,259,class_cap,5,29750,6672,880,tree_cheaper,25092,283,68,752,195,52,7,37,46,0,10,0,0.000000476837158203125,0,656.200,1.544,655.634,2.90,a1d56ee4
glyph32_U0049,glyph32,10000,200000,259,class_cap,5,30069,6683,885,tree_cheaper,25184,283,70,768,201,52,7,37,46,0,10,0,0,0,675.420,1.669,674.488,2.90,a1d56ee4
glyph32_U004A,glyph32,10000,200000,2111,class_cap,2,13272,9412,2252,shared,206224,1183,795,8992,3349,247,29,545,550,0,84,0,0.0000004731118679046631,0,94.933,8.138,93.460,4.87,a1d56ee4
glyph32_U004B,glyph32,10000,200000,347,class_cap,4,26202,6285,832,tree_cheaper,29472,359,160,1872,612,83,9,82,105,2,37,0,0.000003814697265625,0,476.809,1.959,476.162,2.86,a1d56ee4
glyph32_U004C,glyph32,10000,200000,157,class_cap,6,39586,7930,1025,tree_cheaper,35532,169,55,656,151,41,4,26,40,0,9,0,0,0,1699.831,0.991,1699.232,3.71,a1d56ee4
glyph32_U004D,glyph32,10000,200000,343,class_cap,4,25360,6024,793,tree_cheaper,27624,359,147,1680,553,83,9,82,112,0,31,0,0.00000095367431640625,0,409.313,2.075,408.715,2.82,a1d56ee4
glyph32_U004E,glyph32,10000,200000,267,class_cap,5,34033,7446,1049,tree_cheaper,30420,283,93,1072,284,63,7,48,75,0,15,0,0.0000019073486328125,0,768.669,1.543,768.004,3.65,a1d56ee4
glyph32_U004F,glyph32,10000,200000,3863,class_cap,1,7985,9760,3819,shared,369336,2007,1467,15408,6722,400,49,976,976,0,188,0,0.000004112720489501953,0,28.384,12.775,25.833,5.22,a1d56ee4
glyph32_U0050,glyph32,10000,200000,2061,class_cap,2,13534,9367,2208,shared,182100,1145,765,8464,3260,233,28,520,522,0,80,0,0.000002205371856689453,0,183.449,9.708,181.514,4.84,a1d56ee4
glyph32_U0051,glyph32,10000,200000,4461,class_cap,1,7654,9803,4180,shared,418212,2365,1823,18816,8307,478,58,1138,1150,0,234,0,0.0000013113021850585938,0,37.687,16.849,32.747,5.30,a1d56ee4
glyph32_U0052,glyph32,10000,200000,3105,class_cap,2,10711,9859,3081,shared,286660,1709,1172,13248,4995,348,42,789,797,0,122,0,0.000001132488250732422,0,114.535,10.637,112.389,5.15,a1d56ee4
glyph32_U0053,glyph32,10000,200000,5943,class_cap,1,6607,9943,4896,shared,530492,3135,2728,25776,12233,632,77,1517,1528,0,319,0,0.0000021457672119140625,0,34.954,19.374,30.602,5.52,a1d56ee4
glyph32_U0054,glyph32,10000,200000,191,class_cap,5,27253,6089,744,tree_cheaper,17928,207,62,704,178,47,5,32,50,0,9,0,0,0,638.804,1.132,638.198,2.79,a1d56ee4
glyph32_U0055,glyph32,10000,200000,4031,class_cap,1,7810,9745,3950,shared,393860,2159,1500,16624,6815,435,53,1023,1033,6,184,0,0.0000023245811462402344,0,28.085,14.822,25.290,5.24,a1d56ee4
glyph32_U0056,glyph32,10000,200000,207,class_cap,5,34680,6710,850,tree_cheaper,23596,207,97,1184,302,51,5,43,58,0,17,0,0.00000095367431640625,0,882.862,1.582,881.626,2.88,a1d56ee4
glyph32_U0057,glyph32,10000,200000,359,class_cap,4,27866,6892,1040,tree_cheaper,35184,359,185,2144,756,89,9,104,128,0,40,0,0.00000095367431640625,0,836.125,1.987,835.483,3.37,a1d56ee4
glyph32_U0058,glyph32,10000,200000,359,class_cap,4,28325,7262,997,tree_cheaper,36460,359,203,2320,838,89,9,102,126,0,46,0,0.00000286102294921875,0,694.894,1.990,693.781,3.63,a1d56ee4
glyph32_U0059,glyph32,10000,200000,275,class_cap,4,23234,5345,674,tree_cheaper,21300,283,131,1520,501,69,7,68,89,0,28,0,0.00000095367431640625,0,346.232,1.764,345.718,2.68,a1d56ee4
glyph32_U005A,glyph32,10000,200000,267,class_cap,5,36344,7609,1106,tree_cheaper,30908,283,113,1296,345,68,7,60,84,1,21,0,0.0000019073486328125,0,1040.845,1.484,1040.179,3.68,a1d56ee4
glyph32_U005B,glyph32,10000,200000,191,quiesced,7,16687,1527,152,tree_cheaper,2372,207,64,752,170,44,5,29,39,0,10,0,0,0,154.960,1.160,153.947,0.71,a1d56ee4
glyph32_U005C,glyph32,10000,200000,131,class_cap,6,37505,7873,1210,tree_cheaper,29964,131,65,864,192,35,3,28,34,0,11,0,0.00000095367431640625,0,714.732,0.869,713.859,3.70,a1d56ee4
glyph32_U005D,glyph32,10000,200000,191,quiesced,7,16993,1558,153,tree_cheaper,2360,207,65,752,175,45,5,30,39,0,10,0,0,0,113.087,1.282,112.227,0.72,a1d56ee4
glyph32_U005E,glyph32,10000,200000,207,class_cap,4,21381,6394,978,tree_cheaper,22816,207,111,1344,409,53,5,52,64,0,20,0,0.000000476837158203125,0,241.996,1.146,241.364,2.84,a1d56ee4
glyph32_U005F,glyph32,10000,200000,123,class_cap,6,33484,5176,522,tree_cheaper,13244,131,44,576,115,31,3,18,28,0,5,0,0.000001728534698486328,0,843.213,0.783,842.729,2.56,a1d56ee4
glyph32_U0060,glyph32,10000,200000,131,class_cap,5,29135,7890,1383,tree_cheaper,22152,131,69,912,200,35,3,28,34,0,11,0,0.00000286102294921875,0,393.678,0.845,393.101,3.73,a1d56ee4
glyph32_U0061,glyph32,10000,200000,5517,class_cap,1,6862,9912,4681,shared,493348,2929,2454,23184,10999,589,72,1400,1413,1,290,0,0.0000013113021850585938,0,33.458,16.293,29.565,5.47,a1d56ee4
glyph32_U0062,glyph32,10000,200000,3981,class_cap,1,7796,9753,3974,shared,385384,2121,1550,15904,7055,426,52,1009,1013,0,192,0,0.0000013113021850585938,0,29.092,12.344,26.284,5.22,a1d56ee4
glyph32_U0063,glyph32,10000,200000,3963,class_cap,1,7772,9762,3989,shared,387264,2083,1547,15760,7067,416,51,992,996,0,192,0,0.0000017881393432617188,0,28.328,11.817,25.774,5.21,a1d56ee4
glyph32_U0064,glyph32,10000,200000,3981,class_cap,1,7807,9753,3975,shared,384784,2121,1550,15968,7072,428,52,1004,1017,0,195,0,0.0000013113021850585938,0,28.837,11.559,26.144,5.22,a1d56ee4
glyph32_U0065,glyph32,10000,200000,4035,class_cap,1,7714,9757,4045,shared,392120,2159,1611,16608,7275,439,53,1025,1040,0,199,0,0.0000012516975402832031,0,28.656,16.172,25.975,5.22,a1d56ee4
glyph32_U0066,glyph32,10000,200000,1245,class_cap,2,14204,8800,2242,shared,189200,809,456,4944,1875,157,20,289,302,0,52,0,0.000000476837158203125,0,117.952,5.373,116.691,4.68,a1d56ee4
glyph32_U0067,glyph32,10000,200000,5969,class_cap,1,6733,9935,4808,shared,520648,3173,2666,25824,11990,636,78,1510,1534,3,318,0,0.000001728534698486328,0,34.558,17.830,30.317,5.52,a1d56ee4
glyph32_U0068,glyph32,10000,200000,2145,class_cap,2,13396,9450,2188,shared,186948,1221,792,8928,3341,249,30,541,548,0,83,0,0.0000024437904357910156,0,180.168,7.495,178.609,4.87,a1d56ee4
glyph32_U0069,glyph32,10000,200000,293,class_cap,5,33099,7438,1050,tree_cheaper,34440,321,84,960,237,61,8,46,60,0,13,0,0,0,796.116,1.519,795.493,3.66,a1d56ee4
glyph32_U006A,glyph32,10000,200000,1211,class_cap,2,13812,8784,2306,shared,201816,771,473,4992,1958,155,19,287,303,0,55,0,0.000001430511474609375,0,64.391,4.533,63.370,4.68,a1d56ee4
glyph32_U006B,glyph32,10000,200000,347,class_cap,4,26316,6313,838,tree_cheaper,30108,359,163,1920,616,84,9,83,106,2,38,0,0.00000095367431640625,0,477.592,1.879,477.001,2.87,a1d56ee4
glyph32_U006C,glyph32,10000,200000,1143,class_cap,2,13771,8892,2298,shared,190088,695,437,4688,1827,146,17,278,296,0,53,0,0.000000476837158203125,0,77.743,5.380,76.728,4.68,a1d56ee4
glyph32_U006D,glyph32,10000,200000,4133,class_cap,1,7822,9769,3903,shared,416728,2273,1519,17248,6884,447,56,1017,1031,22,196,0,0.0000027418136596679688,0,27.749,15.485,24.917,5.26,a1d56ee4
glyph32_U006E,glyph32,10000,200000,2145,class_cap,2,13401,9447,2185,shared,183972,1221,788,8832,3344,249,30,541,548,0,83,0,0.000000476837158203125,0,183.871,8.072,182.182,4.87,a1d56ee4
glyph32_U006F,glyph32,10000,200000,3863,class_cap,1,8095,9763,3731,shared,364936,2007,1391,15712,6402,398,49,974,974,13,178,0,0.000002562999725341797,0,27.822,13.155,25.315,5.23,a1d56ee4
glyph32_U0070,glyph32,10000,200000,3981,class_cap,1,7802,9757,3980,shared,385288,2121,1545,16016,7066,427,52,1010,1016,0,194,0,0.000001728534698486328,0,28.947,13.849,26.131,5.22,a1d56ee4
glyph32_U0071,glyph32,10000,200000,3981,class_cap,1,7789,9757,3981,shared,386320,2121,1546,15792,7065,427,52,1003,1014,0,193,0,0.0000027865171432495117,0,29.549,12.723,26.783,5.22,a1d56ee4
glyph32_U0072,glyph32,10000,200000,2127,class_cap,2,13154,9505,2251,shared,192112,1183,799,8928,3349,241,29,528,535,0,82,0,0.000005245208740234375,0,148.209,7.776,146.575,4.88,a1d56ee4
glyph32_U0073,glyph32,10000,200000,5739,class_cap,1,6674,9931,4821,shared,514500,3051,2615,25136,11687,618,75,1475,1486,1,310,0,0.00000095367431640625,0,34.847,17.313,30.551,5.51,a1d56ee4
glyph32_U0074,glyph32,10000,200000,1245,class_cap,2,14085,8777,2218,shared,191496,809,460,4864,1907,156,20,288,301,0,57,0,0.0000003129243850708008,0,88.471,5.017,87.309,4.68,a1d56ee4
glyph32_U0075,glyph32,10000,200000,2145,class_cap,2,13292,9410,2229,shared,204812,1221,800,8944,3367,250,30,536,550,0,84,0,0.000000476837158203125,0,96.728,7.661,95.024,4.87,a1d56ee4
glyph32_U0076,glyph32,10000,200000,207,class_cap,5,34668,6721,885,tree_cheaper,24772,207,103,1296,337,53,5,52,64,0,20,0,0.00000095367431640625,0,883.366,1.153,882.783,2.88,a1d56ee4
glyph32_U0077,glyph32,10000,200000,359,class_cap,4,26280,6195,813,tree_cheaper,29256,359,181,2096,751,87,9,102,126,0,38,0,0.00000095367431640625,0,574.403,1.811,573.801,2.85,a1d56ee4
glyph32_U0078,glyph32,10000,200000,359,class_cap,4,28471,7311,996,tree_cheaper,36328,359,202,2304,838,89,9,102,126,0,46,0,0.0000019073486328125,0,709.378,1.808,708.665,3.64,a1d56ee4
glyph32_U0079,glyph32,10000,200000,1693,class_cap,2,12769,9370,2601,shared,240536,977,670,7600,2818,210,24,437,449,0,71,0,0.0000015497207641601563,0,51.456,6.118,50.205,4.84,a1d56ee4
glyph32_U007A,glyph32,10000,200000,267,class_cap,5,35641,7587,1116,tree_cheaper,30988,283,108,1296,330,64,7,56,72,1,20,0,0.0000002384185791015625,0,992.819,1.444,992.163,3.68,a1d56ee4
glyph32_U007B,glyph32,10000,200000,4101,class_cap,1,7718,9732,4041,shared,395052,2273,1598,16656,7145,455,56,1037,1053,0,194,0,0.0000012516975402832031,0,29.649,12.942,26.752,5.24,a1d56ee4
glyph32_U007C,glyph32,10000,200000,123,class_cap,5,24237,7269,983,tree_cheaper,24376,131,45,576,125,35,3,20,30,0,6,0,0,0,496.971,0.784,496.384,3.63,a1d56ee4
glyph32_U007D,glyph32,10000,200000,4101,class_cap,1,7717,9739,4040,shared,394104,2273,1597,16528,7176,456,56,1032,1055,0,196,0,0.0000019073486328125,0,29.394,12.576,26.566,5.24,a1d56ee4
glyph32_U007E,glyph32,10000,200000,3995,class_cap,1,7827,9753,3986,shared,395180,2083,1563,16160,7098,421,51,1004,1009,0,192,0,0.00000095367431640625,0,28.441,12.396,25.760,5.21,a1d56ee4
psychedelic_packed,psychedelic,10000,200000,1246,class_cap,3,11318,7141,1732,tree_cheaper,49680,1246,111,2368,826,127,1,29,30,0,13,0,0,0,25.065,0.945,24.328,3.42,8ecdc098
shader_cosine_palette,shader,10000,200000,40,class_cap,4,13676,8852,1863,tree_cheaper,122000,40,25,1232,292,133,3,99,102,0,1,0,0,0,30.074,0.973,29.363,4.52,a1d56ee4
shader_smooth_min_scene,shader,10000,200000,43,class_cap,12,69343,4077,314,tree_cheaper,8152,43,39,448,132,34,0,0,0,0,2,0,0,0,147.858,0.350,147.497,1.89,a1d56ee4
shader_mandelbrot_distance,shader,10000,200000,152,class_cap,5,33555,5735,302,tree_cheaper,7540,152,105,1456,558,150,19,18,48,0,5,0,0,0,733.072,4.363,732.538,2.64,a1d56ee4
shader_star_sdf,shader,10000,200000,66,class_cap,5,17555,7826,1134,tree_cheaper,154208,66,58,640,172,56,1,0,2,0,2,0,0,0,39.571,0.560,39.050,3.75,a1d56ee4
shader_gyroid_slice,shader,10000,200000,40,quiesced,9,4675,775,102,tree_cheaper,1520,40,33,2768,932,163,4,124,128,0,8,0,0,0,12.506,2.097,12.105,0.35,a1d56ee4
shader_plasma,shader,10000,200000,37,class_cap,5,15454,6909,902,tree_cheaper,84496,37,29,1376,359,122,3,87,90,0,4,0,0,0,29.451,1.069,28.977,2.92,a1d56ee4
shader_domain_warp_fbm,shader,10000,200000,84,class_cap,3,12210,8634,2044,shared,205292,84,56,1648,431,180,4,116,120,0,4,0,0,0,27.088,1.404,26.549,4.62,a1d56ee4
shader_kaleidoscope_fold,shader,10000,200000,46,quiesced,5,319,131,57,tree_cheaper,412,46,40,2032,560,238,10,156,174,0,8,0,0.000006109476089477539,0,1.340,3.278,1.151,0.09,a1d56ee4
shader_metaballs,shader,10000,200000,62,class_cap,6,35591,8034,1073,tree_cheaper,20028,62,46,464,140,39,1,0,0,0,3,0,0,0,382.676,0.602,382.059,3.70,a1d56ee4
shader_julia_set,shader,10000,200000,122,class_cap,5,20357,8475,1477,shared,53548,122,140,1952,791,227,14,47,63,0,3,0,0,0,38.100,4.148,37.567,4.58,a1d56ee4
shader_smoothstep_vignette,shader,10000,200000,64,quiesced,5,1074,283,82,tree_cheaper,1064,64,49,544,194,41,0,0,0,0,7,0,0.0000012069940567016602,0,3.228,0.327,3.017,0.15,a1d56ee4
shader_torus_slice,shader,10000,200000,38,quiesced,15,28932,3005,198,shared,5336,38,31,368,130,25,0,0,0,0,3,0,0,0,115.873,0.349,115.455,1.33,a1d56ee4
cellgrid_80x24_d2,cellgrid,10000,400000,667,class_cap,3,12749,9059,2057,shared,427208,667,117,2576,428,217,0,0,0,6,19,0,0,0,27.644,0.598,26.686,4.67,8ecdc098
chrome_packed,chrome,10000,400000,390815,class_cap,2,11528,9495,2933,shared,573144,335411,404,3600,1673,388,17,612,614,28,9,0,0,0,195.542,4.862,37.236,34.88,8ecdc098
chrome_R,chrome_channel,10000,400000,133101,class_cap,2,11432,9413,2850,shared,544036,114633,294,2704,1384,281,9,404,406,24,8,0,0.000017881393432617188,0,70.259,2.763,32.971,12.00,8ecdc098
glyph16_U0020,glyph16,10000,400000,1,quiesced,1,0,1,1,tree_cheaper,4,1,1,164,0,1,0,0,0,0,0,0,0,0,0.560,0.226,0.014,0.00,8ecdc098
glyph16_U0021,glyph16,10000,400000,267,class_cap,5,34662,7498,1103,tree_cheaper,30688,283,91,1104,275,56,7,48,54,0,15,0,0.00000095367431640625,0,894.229,1.664,893.602,3.66,8ecdc098
glyph16_U0022,glyph16,10000,400000,191,quiesced,7,17694,1642,151,tree_cheaper,2276,207,62,736,175,46,5,31,49,0,8,0,0.000000476837158203125,0,118.147,1.208,117.657,0.84,8ecdc098
glyph16_U0023,glyph16,10000,400000,647,class_cap,3,17063,6079,940,tree_cheaper,44316,663,276,2720,1071,144,17,143,207,0,39,0,0.0000018477439880371096,0,209.405,2.935,208.628,2.91,8ecdc098
glyph16_U0024,glyph16,10000,400000,6151,class_cap,1,6451,9939,5014,shared,552712,3363,2850,26752,12604,680,83,1574,1602,0,329,0,0.000002294778823852539,0,37.357,18.550,32.680,5.57,8ecdc098
glyph16_U0025,glyph16,10000,400000,8791,class_cap,1,5403,9988,5462,shared,588820,4599,3870,35024,17563,982,113,2442,2442,0,391,0,0.0000019371509552001953,0,42.049,26.780,34.706,6.02,8ecdc098
glyph16_U0026,glyph16,10000,400000,7719,class_cap,1,6117,9971,5282,shared,594640,4103,3522,34064,15751,859,101,2076,2093,0,370,0,0.0000020265579223632813,0,40.066,23.423,33.802,5.89,8ecdc098
glyph16_U0027,glyph16,10000,400000,123,quiesced,7,12774,1153,108,tree_cheaper,1208,131,46,592,124,33,3,18,28,0,6,0,0.00000095367431640625,0,74.886,1.041,74.467,0.64,8ecdc098
glyph16_U0028,glyph16,10000,400000,1959,class_cap,2,12387,9583,2616,shared,252472,1031,732,8048,3138,210,25,490,490,0,75,0,0.0000013113021850585938,0,57.651,6.956,56.225,4.89,8ecdc098
glyph16_U0029,glyph16,10000,400000,1777,class_cap,2,12038,9562,2783,shared,261800,953,674,7440,2903,197,23,448,448,0,72,0,0.0000015348196029663086,0,53.787,6.779,52.321,4.88,8ecdc098
glyph16_U002A,glyph16,10000,400000,647,class_cap,3,18399,7293,1154,tree_cheaper,48208,663,304,3072,1236,142,17,155,197,0,45,0,0.0000021457672119140625,0,230.138,2.947,229.264,3.79,8ecdc098
glyph16_U002B,glyph16,10000,400000,259,class_cap,28,161545,5448,324,tree_cheaper,7744,283,73,816,205,52,7,37,46,0,10,0,0.000000476837158203125,0,1138.885,1.434,1138.331,2.63,8ecdc098
glyph16_U002C,glyph16,10000,400000,199,quiesced,7,28182,2752,268,tree_cheaper,5252,207,88,1072,276,51,5,43,58,0,15,0,0.0000011920928955078125,0,187.626,1.168,187.181,1.33,8ecdc098
glyph16_U002D,glyph16,10000,400000,123,quiesced,7,12610,1138,110,tree_cheaper,1232,131,47,624,124,33,3,18,28,0,6,0,0.0000019073486328125,0,66.675,0.770,66.324,0.59,8ecdc098
glyph16_U002E,glyph16,10000,400000,123,class_cap,6,36511,7497,1073,tree_cheaper,32688,131,43,544,120,33,3,18,28,0,6,0,0.0000019073486328125,0,1221.123,0.818,1220.542,3.65,8ecdc098
glyph16_U002F,glyph16,10000,400000,131,class_cap,6,37598,7891,1177,tree_cheaper,29128,131,61,816,184,35,3,28,34,0,11,0,0.000000476837158203125,0,698.054,0.847,697.494,3.70,8ecdc098
glyph16_U0030,glyph16,10000,400000,5767,class_cap,1,6851,9924,4697,shared,502084,2983,2491,24256,11351,591,73,1463,1463,11,300,0,0.000001132488250732422,0,34.539,17.221,30.522,5.49,8ecdc098
glyph16_U0031,glyph16,10000,400000,301,class_cap,4,22547,5255,713,tree_cheaper,23504,321,122,1344,407,75,8,67,96,0,24,0,0.0000011920928955078125,0,305.265,1.572,304.652,2.68,8ecdc098
glyph16_U0032,glyph16,10000,400000,3827,class_cap,1,7766,9763,3953,shared,417008,2043,1508,16032,6829,414,50,965,976,0,195,0,0.0000007152557373046875,0,27.558,11.713,25.041,5.23,8ecdc098
glyph16_U0033,glyph16,10000,400000,5901,class_cap,1,6721,9917,4797,shared,521432,3097,2630,24784,11845,621,76,1495,1510,1,307,0,0.0000010132789611816406,0,34.728,17.600,30.420,5.51,8ecdc098
glyph16_U0034,glyph16,10000,400000,335,class_cap,4,22555,5176,707,tree_cheaper,25584,359,119,1360,398,72,9,64,79,0,23,0,0.0000015497207641601563,0,308.285,1.725,307.596,2.67,8ecdc098
glyph16_U0035,glyph16,10000,400000,4031,class_cap,1,7793,9757,3996,shared,388216,2159,1581,16688,7141,437,53,1025,1035,6,197,0,0.0000017881393432617188,0,29.660,12.663,26.701,5.22,8ecdc098
glyph16_U0036,glyph16,10000,400000,5793,class_cap,1,6721,9936,4801,shared,508612,3021,2607,24288,11784,604,74,1478,1484,0,311,0,0.000002384185791015625,0,34.826,16.855,30.636,5.50,8ecdc098
glyph16_U0037,glyph16,10000,400000,199,class_cap,5,31862,7128,974,tree_cheaper,23740,207,90,1088,280,53,5,45,60,0,17,0,0.000000476837158203125,0,773.721,2.517,773.092,3.41,8ecdc098
glyph16_U0038,glyph16,10000,400000,7671,class_cap,1,6362,9974,5147,shared,589948,3959,3368,31056,15261,812,97,2036,2036,3,355,0,0.000002205371856689453,0,39.175,23.404,33.404,5.84,8ecdc098
glyph16_U0039,glyph16,10000,400000,5833,class_cap,1,6752,9921,4780,shared,515980,3021,2634,24352,11905,606,74,1488,1488,0,307,0,0.00000286102294921875,0,33.849,17.914,29.831,5.49,8ecdc098
glyph16_U003A,glyph16,10000,400000,191,class_cap,6,40061,8279,1050,tree_cheaper,38708,207,52,624,143,38,5,23,23,0,7,0,0.000000476837158203125,0,1977.272,1.024,1976.748,4.34,8ecdc098
glyph16_U003B,glyph16,10000,400000,267,quiesced,12,49487,3722,363,tree_cheaper,8848,283,108,1312,334,65,7,57,81,0,18,0,0.000000476837158203125,0,537.928,1.487,537.316,1.82,8ecdc098
glyph16_U003C,glyph16,10000,400000,309,class_cap,5,31303,4645,524,tree_cheaper,17468,321,147,1744,474,77,8,76,93,2,28,0,0.0000014901161193847656,0,258.816,1.713,258.154,2.47,8ecdc098
glyph16_U003D,glyph16,10000,400000,191,class_cap,5,27694,7608,1119,tree_cheaper,26752,207,54,656,148,40,5,25,25,0,7,0,0,0,462.827,1.050,462.273,3.69,8ecdc098
glyph16_U003E,glyph16,10000,400000,309,class_cap,5,31208,4657,531,tree_cheaper,17736,321,147,1744,474,77,8,76,92,0,28,0,0.0000013113021850585938,0,282.195,1.630,281.686,2.48,8ecdc098
glyph16_U003F,glyph16,10000,400000,4159,class_cap,1,7579,9759,4142,shared,442012,2311,1683,18800,7502,471,57,1068,1091,1,212,0,0.0000012516975402832031,0,29.707,18.091,26.853,5.27,8ecdc098
glyph16_U0040,glyph16,10000,400000,7803,class_cap,1,6257,9962,5189,shared,586908,4111,3444,32496,15567,854,101,2097,2107,0,364,0,0.0000018477439880371096,0,38.537,31.023,32.460,5.88,8ecdc098
glyph16_U0041,glyph16,10000,400000,283,class_cap,4,24717,6007,782,tree_cheaper,25360,283,150,1760,609,71,7,77,95,0,35,0,0.000001430511474609375,0,481.344,1.522,480.789,2.79,8ecdc098
glyph16_U0042,glyph16,10000,400000,3965,class_cap,1,7791,9750,3981,shared,426244,2121,1541,16080,6988,427,52,1010,1016,0,192,0,0.0000012516975402832031,0,28.193,12.619,25.638,5.22,8ecdc098
glyph16_U0043,glyph16,10000,400000,3963,class_cap,1,7797,9756,3966,shared,385936,2083,1539,15696,7044,416,51,992,996,0,189,0,0.0000019073486328125,0,30.211,12.338,27.393,5.21,8ecdc098
glyph16_U0044,glyph16,10000,400000,2027,class_cap,2,13505,9371,2213,shared,182092,1107,752,8352,3235,229,27,516,521,0,79,0,0.0000026226043701171875,0,174.932,7.383,173.521,4.84,8ecdc098
glyph16_U0045,glyph16,10000,400000,259,class_cap,5,31722,7146,969,tree_cheaper,28352,283,83,928,226,58,7,43,61,0,14,0,0.00000095367431640625,0,675.444,1.427,674.832,3.40,8ecdc098
glyph16_U0046,glyph16,10000,400000,225,class_cap,5,29586,6855,934,tree_cheaper,23836,245,72,784,196,51,6,36,50,0,12,0,0.0000011920928955078125,0,626.087,1.368,625.582,3.45,8ecdc098
glyph16_U0047,glyph16,10000,400000,4031,class_cap,1,7743,9758,4028,shared,390476,2159,1593,16608,7195,438,53,1026,1036,0,197,0,0.0000017881393432617188,0,29.816,15.300,26.927,5.22,8ecdc098
glyph16_U0048,glyph16,10000,400000,259,class_cap,5,29752,6671,880,tree_cheaper,25092,283,68,752,195,52,7,37,46,0,10,0,0.00000095367431640625,0,658.800,1.379,658.290,2.90,8ecdc098
glyph16_U0049,glyph16,10000,400000,259,class_cap,5,30071,6682,884,tree_cheaper,25180,283,70,768,201,52,7,37,46,0,10,0,0.00000095367431640625,0,687.205,1.336,686.703,2.90,8ecdc098
glyph16_U004A,glyph16,10000,400000,2111,class_cap,2,13268,9414,2250,shared,206052,1183,794,8976,3349,247,29,545,550,0,84,0,0.0000013709068298339844,0,95.468,7.583,94.006,4.87,8ecdc098
glyph16_U004B,glyph16,10000,400000,347,class_cap,4,26202,6284,832,tree_cheaper,29472,359,160,1872,612,83,9,82,105,2,37,0,0.0000016689300537109375,0,477.743,2.102,477.176,2.86,8ecdc098
glyph16_U004C,glyph16,10000,400000,157,class_cap,6,39589,7929,1025,tree_cheaper,35532,169,55,656,151,41,4,26,40,0,9,0,0.00000095367431640625,0,1623.069,2.375,1622.480,3.71,8ecdc098
glyph16_U004D,glyph16,10000,400000,343,class_cap,4,25362,6023,793,tree_cheaper,27624,359,147,1680,553,83,9,82,112,0,31,0,0.00000095367431640625,0,404.594,1.865,404.017,2.82,8ecdc098
glyph16_U004E,glyph16,10000,400000,267,class_cap,5,34035,7447,1049,tree_cheaper,30420,283,93,1072,284,63,7,48,75,0,15,0,0.000001430511474609375,0,773.470,1.544,772.753,3.65,8ecdc098
glyph16_U004F,glyph16,10000,400000,3863,class_cap,1,7985,9760,3819,shared,369336,2007,1467,15408,6722,400,49,976,976,0,188,0,0.000002205371856689453,0,27.886,11.973,25.427,5.22,8ecdc098
glyph16_U0050,glyph16,10000,400000,2061,class_cap,2,13534,9367,2208,shared,182100,1145,765,8464,3260,233,28,520,522,0,80,0,0.0000018477439880371096,0,183.172,15.391,179.598,4.84,8ecdc098
glyph16_U0051,glyph16,10000,400000,4461,class_cap,1,7654,9803,4180,shared,418212,2365,1823,18816,8307,478,58,1138,1150,0,234,0,0.0000020265579223632813,0,30.512,23.620,27.511,5.30,8ecdc098
glyph16_U0052,glyph16,10000,400000,3105,class_cap,2,10711,9859,3081,shared,286660,1709,1172,13248,4995,348,42,789,797,0,122,0,0.0000008940696716308594,0,114.706,10.891,112.486,5.15,8ecdc098
glyph16_U0053,glyph16,10000,400000,5943,class_cap,1,6607,9943,4896,shared,530492,3135,2728,25776,12233,632,77,1517,1528,0,319,0,0.0000016689300537109375,0,38.784,18.812,34.308,5.52,8ecdc098
glyph16_U0054,glyph16,10000,400000,191,class_cap,5,27254,6085,744,tree_cheaper,17928,207,62,704,178,47,5,32,50,0,9,0,0.000001430511474609375,0,563.423,1.222,562.841,2.79,8ecdc098
glyph16_U0055,glyph16,10000,400000,4031,class_cap,1,7810,9745,3950,shared,393860,2159,1500,16624,6815,435,53,1023,1033,6,184,0,0.0000020265579223632813,0,29.154,13.325,26.362,5.24,8ecdc098
glyph16_U0056,glyph16,10000,400000,207,class_cap,5,34680,6710,850,tree_cheaper,23596,207,97,1184,302,51,5,43,58,0,17,0,0.000003337860107421875,0,880.599,1.197,880.036,2.88,8ecdc098
glyph16_U0057,glyph16,10000,400000,359,class_cap,4,27866,6892,1040,tree_cheaper,35184,359,185,2144,756,89,9,104,128,0,40,0,0.000002384185791015625,0,833.633,1.922,832.972,3.37,8ecdc098
glyph16_U0058,glyph16,10000,400000,359,class_cap,4,28325,7262,997,tree_cheaper,36460,359,203,2320,838,89,9,102,126,0,46,0,0.0000026226043701171875,0,694.184,1.929,693.585,3.63,8ecdc098
glyph16_U0059,glyph16,10000,400000,275,class_cap,4,23234,5344,674,tree_cheaper,21300,283,131,1520,501,69,7,68,89,0,28,0,0.000003337860107421875,0,349.488,1.836,348.532,2.68,8ecdc098
glyph16_U005A,glyph16,10000,400000,267,class_cap,5,36346,7610,1106,tree_cheaper,30908,283,113,1296,345,68,7,60,84,1,21,0,0.000001430511474609375,0,1042.988,1.633,1042.396,3.68,8ecdc098
glyph16_U005B,glyph16,10000,400000,191,quiesced,7,16687,1526,152,tree_cheaper,2372,207,64,752,170,44,5,29,39,0,10,0,0.000000476837158203125,0,98.785,1.211,98.367,0.71,8ecdc098
glyph16_U005C,glyph16,10000,400000,131,class_cap,6,37505,7873,1210,tree_cheaper,29964,131,65,864,192,35,3,28,34,0,11,0,0.000000476837158203125,0,700.019,0.922,699.478,3.70,8ecdc098
glyph16_U005D,glyph16,10000,400000,191,quiesced,7,16993,1557,153,tree_cheaper,2360,207,65,752,175,45,5,30,39,0,10,0,0.000000476837158203125,0,113.149,1.909,112.621,0.72,8ecdc098
glyph16_U005E,glyph16,10000,400000,207,class_cap,4,21381,6394,978,tree_cheaper,22816,207,111,1344,409,53,5,52,64,0,20,0,0.000000476837158203125,0,228.738,1.585,228.195,2.84,8ecdc098
glyph16_U005F,glyph16,10000,400000,123,class_cap,6,33484,5177,522,tree_cheaper,13244,131,44,576,115,31,3,18,28,0,5,0,0.00000286102294921875,0,842.793,0.912,842.301,2.56,8ecdc098
glyph16_U0060,glyph16,10000,400000,131,class_cap,5,29135,7890,1383,tree_cheaper,22096,131,69,912,200,35,3,28,34,0,11,0,0.0000007152557373046875,0,387.902,0.964,387.318,3.73,8ecdc098
glyph16_U0061,glyph16,10000,400000,5517,class_cap,1,6862,9912,4681,shared,493348,2929,2454,23184,10999,589,72,1400,1413,1,290,0,0.0000019073486328125,0,33.150,18.002,29.287,5.47,8ecdc098
glyph16_U0062,glyph16,10000,400000,3981,class_cap,1,7796,9753,3974,shared,385384,2121,1550,15904,7055,426,52,1009,1013,0,192,0,0.0000023245811462402344,0,28.626,13.879,25.843,5.22,8ecdc098
glyph16_U0063,glyph16,10000,400000,3963,class_cap,1,7772,9762,3989,shared,387264,2083,1547,15760,7067,416,51,992,996,0,192,0,0.000002384185791015625,0,29.934,13.489,27.329,5.21,8ecdc098
glyph16_U0064,glyph16,10000,400000,3981,class_cap,1,7807,9753,3975,shared,384784,2121,1550,15968,7072,428,52,1004,1017,0,195,0,0.000002384185791015625,0,30.775,13.223,27.790,5.22,8ecdc098
glyph16_U0065,glyph16,10000,400000,4035,class_cap,1,7714,9757,4045,shared,392120,2159,1611,16608,7275,439,53,1025,1040,0,199,0,0.000001430511474609375,0,31.530,13.815,28.117,5.22,8ecdc098
glyph16_U0066,glyph16,10000,400000,1245,class_cap,2,14204,8800,2242,shared,189200,809,456,4944,1875,157,20,289,302,0,52,0,0.0000006556510925292969,0,120.675,5.647,119.267,4.68,8ecdc098
glyph16_U0067,glyph16,10000,400000,5969,class_cap,1,6733,9935,4808,shared,520648,3173,2666,25824,11990,636,78,1510,1534,3,318,0,0.0000033676624298095703,0,36.903,20.261,32.501,5.52,8ecdc098
glyph16_U0068,glyph16,10000,400000,2145,class_cap,2,13396,9450,2188,shared,186948,1221,792,8928,3341,249,30,541,548,0,83,0,0.0000013113021850585938,0,181.835,8.243,180.016,4.87,8ecdc098
glyph16_U0069,glyph16,10000,400000,293,class_cap,5,33099,7438,1050,tree_cheaper,34440,321,84,960,237,61,8,46,60,0,13,0,0.000000476837158203125,0,785.349,1.647,784.728,3.66,8ecdc098
glyph16_U006A,glyph16,10000,400000,1211,class_cap,2,13812,8784,2306,shared,201816,771,473,4992,1958,155,19,287,303,0,55,0,0.0000030994415283203125,0,64.640,5.079,63.519,4.68,8ecdc098
glyph16_U006B,glyph16,10000,400000,347,class_cap,4,26316,6313,838,tree_cheaper,30108,359,163,1920,616,84,9,83,106,2,38,0,0.0000016689300537109375,0,475.200,2.490,474.371,2.87,8ecdc098
glyph16_U006C,glyph16,10000,400000,1143,class_cap,2,13771,8892,2298,shared,190088,695,437,4688,1827,146,17,278,296,0,53,0,0.0000015497207641601563,0,79.893,4.803,78.780,4.68,8ecdc098
glyph16_U006D,glyph16,10000,400000,4133,class_cap,1,7822,9769,3903,shared,416728,2273,1519,17248,6884,447,56,1017,1031,22,196,0,0.0000015497207641601563,0,29.423,14.540,26.458,5.26,8ecdc098
glyph16_U006E,glyph16,10000,400000,2145,class_cap,2,13401,9447,2185,shared,183972,1221,788,8832,3344,249,30,541,548,0,83,0,0.0000025033950805664063,0,179.206,8.422,177.084,4.87,8ecdc098
glyph16_U006F,glyph16,10000,400000,3863,class_cap,1,8095,9763,3731,shared,364936,2007,1391,15712,6402,398,49,974,974,13,178,0,0.0000021457672119140625,0,28.524,13.068,25.795,5.23,8ecdc098
glyph16_U0070,glyph16,10000,400000,3981,class_cap,1,7802,9757,3980,shared,385288,2121,1545,16016,7066,427,52,1010,1016,0,194,0,0.0000023245811462402344,0,30.143,13.065,26.742,5.22,8ecdc098
glyph16_U0071,glyph16,10000,400000,3981,class_cap,1,7789,9757,3981,shared,386320,2121,1546,15792,7065,427,52,1003,1014,0,193,0,0.0000021457672119140625,0,28.792,13.608,25.873,5.22,8ecdc098
glyph16_U0072,glyph16,10000,400000,2127,class_cap,2,13154,9505,2251,shared,192112,1183,799,8928,3349,241,29,528,535,0,82,0,0.0000010728836059570313,0,151.645,8.903,149.875,4.88,8ecdc098
glyph16_U0073,glyph16,10000,400000,5739,class_cap,1,6674,9931,4821,shared,514500,3051,2615,25136,11687,618,75,1475,1486,1,310,0,0.0000017136335372924805,0,36.470,21.960,32.127,5.51,8ecdc098
glyph16_U0074,glyph16,10000,400000,1245,class_cap,2,14085,8777,2218,shared,191496,809,460,4864,1907,156,20,288,301,0,57,0,0.000000476837158203125,0,88.978,5.486,87.816,4.68,8ecdc098
glyph16_U0075,glyph16,10000,400000,2145,class_cap,2,13292,9410,2229,shared,204812,1221,800,8944,3367,250,30,536,550,0,84,0,0.000001728534698486328,0,94.309,8.694,92.771,4.87,8ecdc098
glyph16_U0076,glyph16,10000,400000,207,class_cap,5,34668,6721,885,tree_cheaper,24772,207,103,1296,337,53,5,52,64,0,20,0,0.00000095367431640625,0,875.870,1.366,874.924,2.88,8ecdc098
glyph16_U0077,glyph16,10000,400000,359,class_cap,4,26280,6195,813,tree_cheaper,29256,359,181,2096,751,87,9,102,126,0,38,0,0.000001430511474609375,0,570.141,2.093,569.372,2.85,8ecdc098
glyph16_U0078,glyph16,10000,400000,359,class_cap,4,28471,7311,996,tree_cheaper,36328,359,202,2304,838,89,9,102,126,0,46,0,0.00000095367431640625,0,714.168,1.847,713.453,3.64,8ecdc098
glyph16_U0079,glyph16,10000,400000,1693,class_cap,2,12769,9370,2601,shared,240536,977,670,7600,2818,210,24,437,449,0,71,0,0.0000011920928955078125,0,55.727,6.585,54.381,4.84,8ecdc098
glyph16_U007A,glyph16,10000,400000,267,class_cap,5,35641,7587,1116,tree_cheaper,30988,283,108,1296,330,64,7,56,72,1,20,0,0.000003337860107421875,0,1024.407,1.655,1023.701,3.68,8ecdc098
glyph16_U007B,glyph16,10000,400000,4101,class_cap,1,7718,9732,4041,shared,395052,2273,1598,16656,7145,455,56,1037,1053,0,194,0,0.0000013113021850585938,0,30.353,13.643,27.355,5.24,8ecdc098
glyph16_U007C,glyph16,10000,400000,123,class_cap,5,24237,7269,983,tree_cheaper,24364,131,45,576,125,35,3,20,30,0,6,0,0.0000002980232238769531,0,498.984,0.830,498.371,3.63,8ecdc098
glyph16_U007D,glyph16,10000,400000,4101,class_cap,1,7717,9739,4040,shared,394104,2273,1597,16528,7176,456,56,1032,1055,0,196,0,0.0000012516975402832031,0,29.930,13.593,27.061,5.24,8ecdc098
glyph16_U007E,glyph16,10000,400000,3995,class_cap,1,7827,9753,3986,shared,395180,2083,1563,16160,7098,421,51,1004,1009,0,192,0,0,0,28.132,13.543,25.614,5.21,8ecdc098
glyph32_U0020,glyph32,10000,400000,1,quiesced,1,0,1,1,tree_cheaper,4,1,1,164,0,1,0,0,0,0,0,0,0,0,0.361,0.257,0.014,0.00,8ecdc098
glyph32_U0021,glyph32,10000,400000,267,class_cap,5,34659,7498,1103,tree_cheaper,30688,283,91,1104,275,56,7,48,54,0,15,0,0,0,866.178,1.629,865.551,3.66,8ecdc098
glyph32_U0022,glyph32,10000,400000,191,quiesced,7,17694,1642,151,tree_cheaper,2276,207,62,736,175,46,5,31,49,0,8,0,0,0,121.154,1.307,120.396,0.84,8ecdc098
glyph32_U0023,glyph32,10000,400000,647,class_cap,3,17063,6079,940,tree_cheaper,44316,663,276,2720,1071,144,17,143,207,0,39,0,0.0000019073486328125,0,208.235,3.061,207.440,2.91,8ecdc098
glyph32_U0024,glyph32,10000,400000,6151,class_cap,1,6451,9939,5014,shared,552712,3363,2850,26752,12604,680,83,1574,1602,0,329,0,0.0000030994415283203125,0,35.926,19.633,31.329,5.57,8ecdc098
glyph32_U0025,glyph32,10000,400000,8791,class_cap,1,5403,9988,5462,shared,588820,4599,3870,35024,17563,982,113,2442,2442,0,391,0,0.00000196695327758789,0,40.823,25.187,33.388,6.02,8ecdc098
glyph32_U0026,glyph32,10000,400000,7719,class_cap,1,6117,9971,5282,shared,594640,4103,3522,34064,15751,859,101,2076,2093,0,370,0,0.000002384185791015625,0,40.450,21.897,34.400,5.89,8ecdc098
glyph32_U0027,glyph32,10000,400000,123,quiesced,7,12774,1152,108,tree_cheaper,1208,131,46,592,124,33,3,18,28,0,6,0,0,0,72.066,0.839,71.738,0.64,8ecdc098
glyph32_U0028,glyph32,10000,400000,1959,class_cap,2,12387,9583,2616,shared,252472,1031,732,8048,3138,210,25,490,490,0,75,0,0.0000006556510925292969,0,55.668,6.905,54.166,4.89,8ecdc098
glyph32_U0029,glyph32,10000,400000,1777,class_cap,2,12038,9562,2783,shared,261800,953,674,7440,2903,197,23,448,448,0,72,0,0.0000015497207641601563,0,52.180,6.590,50.477,4.88,8ecdc098
glyph32_U002A,glyph32,10000,400000,647,class_cap,3,18399,7293,1154,tree_cheaper,48208,663,304,3072,1236,142,17,155,197,0,45,0,0.0000019073486328125,0,221.256,2.957,220.400,3.79,8ecdc098
glyph32_U002B,glyph32,10000,400000,259,class_cap,28,161545,5448,324,tree_cheaper,7744,283,73,816,205,52,7,37,46,0,10,0,0,0,1126.298,1.461,1125.716,2.63,8ecdc098
glyph32_U002C,glyph32,10000,400000,199,quiesced,7,28182,2752,268,tree_cheaper,5252,207,88,1072,276,51,5,43,58,0,15,0,0.000000476837158203125,0,190.595,1.185,190.101,1.33,8ecdc098
glyph32_U002D,glyph32,10000,400000,123,quiesced,7,12610,1138,110,tree_cheaper,1232,131,47,624,124,33,3,18,28,0,6,0,0,0,66.948,0.851,66.511,0.59,8ecdc098
glyph32_U002E,glyph32,10000,400000,123,class_cap,6,36512,7496,1073,tree_cheaper,32708,131,43,544,120,33,3,18,28,0,6,0,0,0,1222.326,0.851,1221.789,3.65,8ecdc098
glyph32_U002F,glyph32,10000,400000,131,class_cap,6,37598,7891,1177,tree_cheaper,29128,131,61,816,184,35,3,28,34,0,11,0,0.0000019073486328125,0,733.081,0.861,732.487,3.70,8ecdc098
glyph32_U0030,glyph32,10000,400000,5767,class_cap,1,6851,9924,4697,shared,502084,2983,2491,24256,11351,591,73,1463,1463,11,300,0,0.0000019073486328125,0,34.167,16.515,30.210,5.49,8ecdc098
glyph32_U0031,glyph32,10000,400000,301,class_cap,4,22547,5256,713,tree_cheaper,23504,321,122,1344,407,75,8,67,96,0,24,0,0.0000010728836059570313,0,307.174,1.562,306.569,2.68,8ecdc098
glyph32_U0032,glyph32,10000,400000,3827,class_cap,1,7766,9763,3953,shared,417008,2043,1508,16032,6829,414,50,965,976,0,195,0,0.0000012516975402832031,0,29.406,11.661,26.922,5.23,8ecdc098
glyph32_U0033,glyph32,10000,400000,5901,class_cap,1,6721,9917,4797,shared,521432,3097,2630,24784,11845,621,76,1495,1510,1,307,0,0.0000007748603820800781,0,35.689,17.591,31.620,5.51,8ecdc098
glyph32_U0034,glyph32,10000,400000,335,class_cap,4,22555,5177,707,tree_cheaper,25584,359,119,1360,398,72,9,64,79,0,23,0,0.000000476837158203125,0,305.972,1.695,305.401,2.67,8ecdc098
glyph32_U0035,glyph32,10000,400000,4031,class_cap,1,7793,9757,3996,shared,388216,2159,1581,16688,7141,437,53,1025,1035,6,197,0,0.0000016689300537109375,0,29.497,12.288,26.862,5.22,8ecdc098
glyph32_U0036,glyph32,10000,400000,5793,class_cap,1,6721,9936,4801,shared,508612,3021,2607,24288,11784,604,74,1478,1484,0,311,0,0.000002205371856689453,0,34.474,16.570,30.201,5.50,8ecdc098
glyph32_U0037,glyph32,10000,400000,199,class_cap,5,31862,7129,974,tree_cheaper,23740,207,90,1088,280,53,5,45,60,0,17,0,0.000000476837158203125,0,769.370,1.183,768.616,3.41,8ecdc098
glyph32_U0038,glyph32,10000,400000,7671,class_cap,1,6362,9974,5147,shared,589948,3959,3368,31056,15261,812,97,2036,2036,3,355,0,0.0000012516975402832031,0,39.604,22.106,33.696,5.84,8ecdc098
glyph32_U0039,glyph32,10000,400000,5833,class_cap,1,6752,9921,4780,shared,515980,3021,2634,24352,11905,606,74,1488,1488,0,307,0,0.000003337860107421875,0,34.643,19.102,30.452,5.49,8ecdc098
glyph32_U003A,glyph32,10000,400000,191,class_cap,6,40061,8279,1050,tree_cheaper,38708,207,52,624,143,38,5,23,23,0,7,0,0,0,1957.274,1.225,1956.590,4.34,8ecdc098
glyph32_U003B,glyph32,10000,400000,267,quiesced,12,49487,3723,363,tree_cheaper,8848,283,108,1312,334,65,7,57,81,0,18,0,0.000000476837158203125,0,537.440,1.546,536.911,1.82,8ecdc098
glyph32_U003C,glyph32,10000,400000,309,class_cap,5,31303,4646,524,tree_cheaper,17468,321,147,1744,474,77,8,76,93,2,28,0,0.0000019073486328125,0,259.425,1.559,258.824,2.47,8ecdc098
glyph32_U003D,glyph32,10000,400000,191,class_cap,5,27694,7609,1119,tree_cheaper,26752,207,54,656,148,40,5,25,25,0,7,0,0,0,473.352,1.057,472.746,3.69,8ecdc098
glyph32_U003E,glyph32,10000,400000,309,class_cap,5,31208,4658,531,tree_cheaper,17736,321,147,1744,474,77,8,76,92,0,28,0,0.0000021457672119140625,0,281.974,1.544,281.431,2.48,8ecdc098
glyph32_U003F,glyph32,10000,400000,4159,class_cap,1,7579,9759,4142,shared,442012,2311,1683,18800,7502,471,57,1068,1091,1,212,0,0.0000029802322387695313,0,30.891,13.195,27.976,5.27,8ecdc098
glyph32_U0040,glyph32,10000,400000,7803,class_cap,1,6255,9962,5190,shared,586852,4111,3445,32512,15567,854,101,2097,2107,0,364,0,0.00000095367431640625,0,39.501,22.790,33.336,5.88,8ecdc098
glyph32_U0041,glyph32,10000,400000,283,class_cap,4,24717,6007,782,tree_cheaper,25360,283,150,1760,609,71,7,77,95,0,35,0,0.00000095367431640625,0,477.161,1.575,476.541,2.79,8ecdc098
glyph32_U0042,glyph32,10000,400000,3965,class_cap,1,7791,9750,3981,shared,426244,2121,1541,16080,6988,427,52,1010,1016,0,192,0,0.0000019073486328125,0,28.956,12.595,26.225,5.22,8ecdc098
glyph32_U0043,glyph32,10000,400000,3963,class_cap,1,7797,9756,3966,shared,385936,2083,1539,15696,7044,416,51,992,996,0,189,0,0.00000095367431640625,0,28.011,12.088,25.389,5.21,8ecdc098
glyph32_U0044,glyph32,10000,400000,2027,class_cap,2,13505,9371,2213,shared,182092,1107,752,8352,3235,229,27,516,521,0,79,0,0.0000008344650268554688,0,174.234,7.395,172.731,4.84,8ecdc098
glyph32_U0045,glyph32,10000,400000,259,class_cap,5,31722,7147,969,tree_cheaper,28352,283,83,928,226,58,7,43,61,0,14,0,0,0,682.494,1.353,681.849,3.40,8ecdc098
glyph32_U0046,glyph32,10000,400000,225,class_cap,5,29584,6855,934,tree_cheaper,23836,245,72,784,196,51,6,36,50,0,12,0,0,0,628.745,1.401,628.097,3.45,8ecdc098
glyph32_U0047,glyph32,10000,400000,4031,class_cap,1,7743,9758,4028,shared,390476,2159,1593,16608,7195,438,53,1026,1036,0,197,0,0.00000196695327758789,0,30.597,12.396,27.766,5.22,8ecdc098
glyph32_U0048,glyph32,10000,400000,259,class_cap,5,29750,6672,880,tree_cheaper,25092,283,68,752,195,52,7,37,46,0,10,0,0.000000476837158203125,0,652.011,1.416,651.354,2.90,8ecdc098
glyph32_U0049,glyph32,10000,400000,259,class_cap,5,30069,6683,885,tree_cheaper,25184,283,70,768,201,52,7,37,46,0,10,0,0,0,678.453,1.433,677.807,2.90,8ecdc098
glyph32_U004A,glyph32,10000,400000,2111,class_cap,2,13272,9412,2252,shared,206224,1183,795,8992,3349,247,29,545,550,0,84,0,0.0000004731118679046631,0,96.310,7.734,94.705,4.87,8ecdc098
glyph32_U004B,glyph32,10000,400000,347,class_cap,4,26202,6285,832,tree_cheaper,29472,359,160,1872,612,83,9,82,105,2,37,0,0.000003814697265625,0,488.104,1.827,487.471,2.86,8ecdc098
glyph32_U004C,glyph32,10000,400000,157,class_cap,6,39586,7930,1025,tree_cheaper,35532,169,55,656,151,41,4,26,40,0,9,0,0,0,1662.072,1.109,1661.390,3.71,8ecdc098
glyph32_U004D,glyph32,10000,400000,343,class_cap,4,25360,6024,793,tree_cheaper,27624,359,147,1680,553,83,9,82,112,0,31,0,0.00000095367431640625,0,415.932,1.758,415.245,2.82,8ecdc098
glyph32_U004E,glyph32,10000,400000,267,class_cap,5,34033,7446,1049,tree_cheaper,30420,283,93,1072,284,63,7,48,75,0,15,0,0.0000019073486328125,0,765.779,1.638,765.164,3.65,8ecdc098
glyph32_U004F,glyph32,10000,400000,3863,class_cap,1,7985,9760,3819,shared,369336,2007,1467,15408,6722,400,49,976,976,0,188,0,0.000004112720489501953,0,27.954,12.196,25.460,5.22,8ecdc098
glyph32_U0050,glyph32,10000,400000,2061,class_cap,2,13534,9367,2208,shared,182100,1145,765,8464,3260,233,28,520,522,0,80,0,0.000002205371856689453,0,178.649,7.833,177.139,4.84,8ecdc098
glyph32_U0051,glyph32,10000,400000,4461,class_cap,1,7654,9803,4180,shared,418212,2365,1823,18816,8307,478,58,1138,1150,0,234,0,0.0000013113021850585938,0,30.455,14.656,27.270,5.30,8ecdc098
glyph32_U0052,glyph32,10000,400000,3105,class_cap,2,10711,9859,3081,shared,286660,1709,1172,13248,4995,348,42,789,797,0,122,0,0.000001132488250732422,0,116.398,10.180,114.001,5.15,8ecdc098
glyph32_U0053,glyph32,10000,400000,5943,class_cap,1,6607,9943,4896,shared,530492,3135,2728,25776,12233,632,77,1517,1528,0,319,0,0.0000021457672119140625,0,34.177,19.273,29.765,5.52,8ecdc098
glyph32_U0054,glyph32,10000,400000,191,class_cap,5,27253,6089,744,tree_cheaper,17928,207,62,704,178,47,5,32,50,0,9,0,0,0,562.911,1.144,562.316,2.79,8ecdc098
glyph32_U0055,glyph32,10000,400000,4031,class_cap,1,7810,9745,3950,shared,393860,2159,1500,16624,6815,435,53,1023,1033,6,184,0,0.0000023245811462402344,0,29.380,12.283,26.550,5.24,8ecdc098
glyph32_U0056,glyph32,10000,400000,207,class_cap,5,34680,6710,850,tree_cheaper,23596,207,97,1184,302,51,5,43,58,0,17,0,0.00000095367431640625,0,882.449,1.157,881.879,2.88,8ecdc098
glyph32_U0057,glyph32,10000,400000,359,class_cap,4,27866,6892,1040,tree_cheaper,35184,359,185,2144,756,89,9,104,128,0,40,0,0.00000095367431640625,0,844.115,1.872,843.420,3.37,8ecdc098
glyph32_U0058,glyph32,10000,400000,359,class_cap,4,28325,7262,997,tree_cheaper,36460,359,203,2320,838,89,9,102,126,0,46,0,0.00000286102294921875,0,700.339,2.038,699.566,3.63,8ecdc098
glyph32_U0059,glyph32,10000,400000,275,class_cap,4,23234,5345,674,tree_cheaper,21300,283,131,1520,501,69,7,68,89,0,28,0,0.00000095367431640625,0,346.423,1.607,345.733,2.68,8ecdc098
glyph32_U005A,glyph32,10000,400000,267,class_cap,5,36344,7609,1106,tree_cheaper,30908,283,113,1296,345,68,7,60,84,1,21,0,0.0000019073486328125,0,1028.786,1.954,1028.125,3.68,8ecdc098
glyph32_U005B,glyph32,10000,400000,191,quiesced,7,16687,1527,152,tree_cheaper,2372,207,64,752,170,44,5,29,39,0,10,0,0,0,98.225,1.188,97.773,0.71,8ecdc098
glyph32_U005C,glyph32,10000,400000,131,class_cap,6,37505,7873,1210,tree_cheaper,29964,131,65,864,192,35,3,28,34,0,11,0,0.00000095367431640625,0,693.132,0.854,692.509,3.70,8ecdc098
glyph32_U005D,glyph32,10000,400000,191,quiesced,7,16993,1558,153,tree_cheaper,2360,207,65,752,175,45,5,30,39,0,10,0,0,0,114.248,1.143,113.845,0.72,8ecdc098
glyph32_U005E,glyph32,10000,400000,207,class_cap,4,21381,6394,978,tree_cheaper,22816,207,111,1344,409,53,5,52,64,0,20,0,0.000000476837158203125,0,224.454,1.149,223.865,2.84,8ecdc098
glyph32_U005F,glyph32,10000,400000,123,class_cap,6,33484,5176,522,tree_cheaper,13244,131,44,576,115,31,3,18,28,0,5,0,0.000001728534698486328,0,835.233,0.802,834.803,2.56,8ecdc098
glyph32_U0060,glyph32,10000,400000,131,class_cap,5,29135,7890,1383,tree_cheaper,22152,131,69,912,200,35,3,28,34,0,11,0,0.00000286102294921875,0,391.054,0.846,390.510,3.73,8ecdc098
glyph32_U0061,glyph32,10000,400000,5517,class_cap,1,6862,9912,4681,shared,493348,2929,2454,23184,10999,589,72,1400,1413,1,290,0,0.0000013113021850585938,0,35.383,16.522,31.182,5.47,8ecdc098
glyph32_U0062,glyph32,10000,400000,3981,class_cap,1,7796,9753,3974,shared,385384,2121,1550,15904,7055,426,52,1009,1013,0,192,0,0.0000013113021850585938,0,31.238,13.071,28.507,5.22,8ecdc098
glyph32_U0063,glyph32,10000,400000,3963,class_cap,1,7772,9762,3989,shared,387264,2083,1547,15760,7067,416,51,992,996,0,192,0,0.0000017881393432617188,0,28.120,12.791,25.468,5.21,8ecdc098
glyph32_U0064,glyph32,10000,400000,3981,class_cap,1,7807,9753,3975,shared,384784,2121,1550,15968,7072,428,52,1004,1017,0,195,0,0.0000013113021850585938,0,30.747,21.499,27.763,5.22,8ecdc098
glyph32_U0065,glyph32,10000,400000,4035,class_cap,1,7714,9757,4045,shared,392120,2159,1611,16608,7275,439,53,1025,1040,0,199,0,0.0000012516975402832031,0,33.993,13.355,29.052,5.22,8ecdc098
glyph32_U0066,glyph32,10000,400000,1245,class_cap,2,14204,8800,2242,shared,189200,809,456,4944,1875,157,20,289,302,0,52,0,0.000000476837158203125,0,147.139,7.421,145.655,4.68,8ecdc098
glyph32_U0067,glyph32,10000,400000,5969,class_cap,1,6733,9935,4808,shared,520648,3173,2666,25824,11990,636,78,1510,1534,3,318,0,0.000001728534698486328,0,36.767,20.610,32.122,5.52,8ecdc098
glyph32_U0068,glyph32,10000,400000,2145,class_cap,2,13396,9450,2188,shared,186948,1221,792,8928,3341,249,30,541,548,0,83,0,0.0000024437904357910156,0,179.688,8.357,178.074,4.87,8ecdc098
glyph32_U0069,glyph32,10000,400000,293,class_cap,5,33099,7438,1050,tree_cheaper,34440,321,84,960,237,61,8,46,60,0,13,0,0,0,801.101,1.662,800.457,3.66,8ecdc098
glyph32_U006A,glyph32,10000,400000,1211,class_cap,2,13812,8784,2306,shared,201816,771,473,4992,1958,155,19,287,303,0,55,0,0.000001430511474609375,0,63.600,4.800,62.470,4.68,8ecdc098
glyph32_U006B,glyph32,10000,400000,347,class_cap,4,26316,6313,838,tree_cheaper,30108,359,163,1920,616,84,9,83,106,2,38,0,0.00000095367431640625,0,482.935,1.927,482.314,2.87,8ecdc098
glyph32_U006C,glyph32,10000,400000,1143,class_cap,2,13771,8892,2298,shared,190088,695,437,4688,1827,146,17,278,296,0,53,0,0.000000476837158203125,0,78.112,4.789,77.026,4.68,8ecdc098
glyph32_U006D,glyph32,10000,400000,4133,class_cap,1,7822,9769,3903,shared,416728,2273,1519,17248,6884,447,56,1017,1031,22,196,0,0.0000027418136596679688,0,28.659,14.118,25.864,5.26,8ecdc098
glyph32_U006E,glyph32,10000,400000,2145,class_cap,2,13401,9447,2185,shared,183972,1221,788,8832,3344,249,30,541,548,0,83,0,0.000000476837158203125,0,179.051,8.008,177.189,4.87,8ecdc098
glyph32_U006F,glyph32,10000,400000,3863,class_cap,1,8095,9763,3731,shared,364936,2007,1391,15712,6402,398,49,974,974,13,178,0,0.000002562999725341797,0,27.740,12.641,25.256,5.23,8ecdc098
glyph32_U0070,glyph32,10000,400000,3981,class_cap,1,7802,9757,3980,shared,385288,2121,1545,16016,7066,427,52,1010,1016,0,194,0,0.000001728534698486328,0,29.280,12.777,26.519,5.22,8ecdc098
glyph32_U0071,glyph32,10000,400000,3981,class_cap,1,7789,9757,3981,shared,386320,2121,1546,15792,7065,427,52,1003,1014,0,193,0,0.0000027865171432495117,0,29.262,13.621,26.529,5.22,8ecdc098
glyph32_U0072,glyph32,10000,400000,2127,class_cap,2,13154,9505,2251,shared,192112,1183,799,8928,3349,241,29,528,535,0,82,0,0.000005245208740234375,0,145.696,8.240,144.155,4.88,8ecdc098
glyph32_U0073,glyph32,10000,400000,5739,class_cap,1,6674,9931,4821,shared,514500,3051,2615,25136,11687,618,75,1475,1486,1,310,0,0.00000095367431640625,0,34.598,18.589,30.578,5.51,8ecdc098
glyph32_U0074,glyph32,10000,400000,1245,class_cap,2,14085,8777,2218,shared,191496,809,460,4864,1907,156,20,288,301,0,57,0,0.0000003129243850708008,0,89.291,5.482,88.056,4.68,8ecdc098
glyph32_U0075,glyph32,10000,400000,2145,class_cap,2,13292,9410,2229,shared,204812,1221,800,8944,3367,250,30,536,550,0,84,0,0.000000476837158203125,0,96.916,8.663,95.275,4.87,8ecdc098
glyph32_U0076,glyph32,10000,400000,207,class_cap,5,34668,6721,885,tree_cheaper,24772,207,103,1296,337,53,5,52,64,0,20,0,0.00000095367431640625,0,891.893,1.378,891.282,2.88,8ecdc098
glyph32_U0077,glyph32,10000,400000,359,class_cap,4,26280,6195,813,tree_cheaper,29256,359,181,2096,751,87,9,102,126,0,38,0,0.00000095367431640625,0,567.267,2.133,566.295,2.85,8ecdc098
glyph32_U0078,glyph32,10000,400000,359,class_cap,4,28471,7311,996,tree_cheaper,36328,359,202,2304,838,89,9,102,126,0,46,0,0.0000019073486328125,0,704.101,1.966,703.402,3.64,8ecdc098
glyph32_U0079,glyph32,10000,400000,1693,class_cap,2,12769,9370,2601,shared,240536,977,670,7600,2818,210,24,437,449,0,71,0,0.0000015497207641601563,0,52.630,6.880,50.980,4.84,8ecdc098
glyph32_U007A,glyph32,10000,400000,267,class_cap,5,35641,7587,1116,tree_cheaper,30988,283,108,1296,330,64,7,56,72,1,20,0,0.0000002384185791015625,0,976.716,1.480,976.046,3.68,8ecdc098
glyph32_U007B,glyph32,10000,400000,4101,class_cap,1,7718,9732,4041,shared,395052,2273,1598,16656,7145,455,56,1037,1053,0,194,0,0.0000012516975402832031,0,29.345,13.406,26.543,5.24,8ecdc098
glyph32_U007C,glyph32,10000,400000,123,class_cap,5,24237,7269,983,tree_cheaper,24376,131,45,576,125,35,3,20,30,0,6,0,0,0,498.815,0.848,498.220,3.63,8ecdc098
glyph32_U007D,glyph32,10000,400000,4101,class_cap,1,7717,9739,4040,shared,394104,2273,1597,16528,7176,456,56,1032,1055,0,196,0,0.0000019073486328125,0,30.271,13.437,27.397,5.24,8ecdc098
glyph32_U007E,glyph32,10000,400000,3995,class_cap,1,7827,9753,3986,shared,395180,2083,1563,16160,7098,421,51,1004,1009,0,192,0,0.00000095367431640625,0,29.056,12.973,26.355,5.21,8ecdc098
psychedelic_packed,psychedelic,10000,400000,1246,class_cap,3,11318,7141,1732,tree_cheaper,49680,1246,111,2368,826,127,1,29,30,0,13,0,0,0,25.777,0.851,24.302,3.42,8ecdc098
shader_cosine_palette,shader,10000,400000,40,class_cap,4,13676,8852,1863,tree_cheaper,122000,40,25,1232,292,133,3,99,102,0,1,0,0,0,31.879,0.969,31.145,4.52,a1d56ee4
shader_smooth_min_scene,shader,10000,400000,43,class_cap,12,69343,4077,314,tree_cheaper,8152,43,39,448,132,34,0,0,0,0,2,0,0,0,143.010,0.373,142.631,1.89,a1d56ee4
shader_mandelbrot_distance,shader,10000,400000,152,class_cap,5,33555,5735,302,tree_cheaper,7540,152,105,1456,558,150,19,18,48,0,5,0,0,0,723.467,4.460,722.905,2.64,a1d56ee4
shader_star_sdf,shader,10000,400000,66,class_cap,5,17555,7826,1134,tree_cheaper,154208,66,58,640,172,56,1,0,2,0,2,0,0,0,39.308,0.572,38.775,3.75,a1d56ee4
shader_gyroid_slice,shader,10000,400000,40,quiesced,9,4675,775,102,tree_cheaper,1520,40,33,2768,932,163,4,124,128,0,8,0,0,0,12.574,1.959,12.161,0.35,a1d56ee4
shader_plasma,shader,10000,400000,37,class_cap,5,15454,6909,902,tree_cheaper,84496,37,29,1376,359,122,3,87,90,0,4,0,0,0,29.381,1.013,28.937,2.92,a1d56ee4
shader_domain_warp_fbm,shader,10000,400000,84,class_cap,3,12210,8634,2044,shared,205292,84,56,1648,431,180,4,116,120,0,4,0,0,0,27.789,1.359,27.296,4.62,a1d56ee4
shader_kaleidoscope_fold,shader,10000,400000,46,quiesced,5,319,131,57,tree_cheaper,412,46,40,2032,560,238,10,156,174,0,8,0,0.000006109476089477539,0,1.355,3.001,1.121,0.09,a1d56ee4
shader_metaballs,shader,10000,400000,62,class_cap,6,35591,8034,1073,tree_cheaper,20028,62,46,464,140,39,1,0,0,0,3,0,0,0,376.156,0.465,375.635,3.70,a1d56ee4
shader_julia_set,shader,10000,400000,122,class_cap,5,20357,8475,1477,shared,53548,122,140,1952,791,227,14,47,63,0,3,0,0,0,37.825,4.098,37.346,4.58,a1d56ee4
shader_smoothstep_vignette,shader,10000,400000,64,quiesced,5,1074,283,82,tree_cheaper,1064,64,49,544,194,41,0,0,0,0,7,0,0.0000012069940567016602,0,3.106,0.315,2.925,0.15,a1d56ee4
shader_torus_slice,shader,10000,400000,38,quiesced,15,28932,3005,198,shared,5336,38,31,368,130,25,0,0,0,0,3,0,0,0,113.898,0.414,113.544,1.33,a1d56ee4
cellgrid_80x24_d2,cellgrid,100000,200000,667,class_cap,5,165997,90816,15172,shared,3525984,667,117,2560,427,217,0,0,0,5,19,0,0,0,469.988,0.689,465.886,43.09,8ecdc098
chrome_packed,chrome,100000,200000,390815,class_cap,3,142134,85977,16021,tree_cheaper,530296,335411,568,4768,2374,547,17,888,890,57,13,0,0,1,3625.345,6.269,3463.710,64.27,8ecdc098
chrome_R,chrome_channel,100000,200000,133101,class_cap,3,137787,84136,15535,tree_cheaper,510984,114633,405,3456,1860,389,9,596,598,41,13,0,0.00001800060272216797,0,3495.200,3.858,3453.574,49.83,8ecdc098
psychedelic_packed,psychedelic,100000,200000,1246,class_cap,5,170242,92102,20207,tree_cheaper,490488,1246,111,2352,829,127,1,29,30,0,12,0,0,0,512.446,0.973,508.366,43.54,8ecdc098
cellgrid_80x24_d2,cellgrid,100000,4000000,667,class_cap,5,165997,90816,15172,shared,3525984,667,117,2560,427,217,0,0,0,5,19,0,0,0,453.699,0.624,449.737,43.09,8ecdc098
chrome_packed,chrome,100000,4000000,390815,class_cap,3,142134,85977,16021,tree_cheaper,530296,335411,568,4768,2374,547,17,888,890,57,13,0,0,1,3618.186,6.133,3457.107,64.27,8ecdc098
chrome_R,chrome_channel,100000,4000000,133101,class_cap,3,137787,84136,15535,tree_cheaper,510984,114633,405,3456,1860,389,9,596,598,41,13,0,0.00001800060272216797,0,3550.852,4.242,3511.212,49.83,8ecdc098
psychedelic_packed,psychedelic,100000,4000000,1246,class_cap,5,170242,92102,20207,tree_cheaper,490488,1246,111,2352,829,127,1,29,30,0,12,0,0,0,386.336,1.266,382.709,43.54,8ecdc098
cellgrid_80x24_d2,cellgrid,20000,200000,667,class_cap,4,29932,18425,3998,shared,869900,667,117,2560,427,217,0,0,0,5,19,0,0,0,80.857,0.632,79.818,9.20,8ecdc098
chrome_packed,chrome,20000,200000,390815,class_cap,2,22744,17886,4054,shared,900052,335411,403,3584,1681,384,17,604,606,30,11,0,0,0,211.118,4.357,54.809,34.88,8ecdc098
chrome_R,chrome_channel,20000,200000,133101,class_cap,2,21309,17003,3829,shared,795596,114633,294,2816,1391,280,9,416,418,34,12,0,0.000017702579498291016,0,85.091,2.779,47.483,16.36,8ecdc098
glyph16_U0020,glyph16,20000,200000,1,quiesced,1,0,1,1,tree_cheaper,4,1,1,164,0,1,0,0,0,0,0,0,0,0,0.593,0.262,0.014,0.00,a1d56ee4
glyph16_U0021,glyph16,20000,200000,267,class_cap,6,69303,14430,2153,tree_cheaper,67536,283,86,960,256,54,7,39,48,0,13,0,0.00000095367431640625,0,5955.219,1.771,5954.199,7.17,a1d56ee4
glyph16_U0022,glyph16,20000,200000,191,quiesced,7,17694,1642,151,tree_cheaper,2276,207,62,736,175,46,5,31,49,0,8,0,0.000000476837158203125,0,118.390,1.185,117.633,0.84,a1d56ee4
glyph16_U0023,glyph16,20000,200000,647,class_cap,4,40740,9804,1422,tree_cheaper,95196,663,260,2816,1013,144,17,143,207,2,52,0,0.0000019073486328125,0,1059.321,3.193,1058.317,5.17,a1d56ee4
glyph16_U0024,glyph16,20000,200000,6151,class_cap,2,21299,19617,6262,tree_cheaper,658856,3363,2301,27312,9848,671,83,1556,1581,0,239,0,0.000002294778823852539,0,180.269,18.577,175.051,10.26,a1d56ee4
glyph16_U0025,glyph16,20000,200000,8791,class_cap,1,15282,19525,8358,shared,843192,4599,3587,35792,16475,922,113,2254,2266,0,437,0,0.0000019073486328125,0,65.365,26.643,57.501,10.56,a1d56ee4
glyph16_U0026,glyph16,20000,200000,7719,class_cap,1,15565,19496,7900,shared,813828,4103,3019,32384,13757,828,101,1980,2002,0,382,0,0.0000020265579223632813,0,58.535,22.721,52.038,10.47,a1d56ee4
glyph16_U0027,glyph16,20000,200000,123,quiesced,7,12774,1153,108,tree_cheaper,1208,131,46,592,124,33,3,18,28,0,6,0,0.00000095367431640625,0,72.630,0.818,72.217,0.64,a1d56ee4
glyph16_U0028,glyph16,20000,200000,1959,class_cap,2,25380,18010,4732,shared,467652,1031,749,7008,3285,192,25,329,441,0,94,0,0.000001430511474609375,0,218.528,11.830,214.762,9.43,a1d56ee4
glyph16_U0029,glyph16,20000,200000,1777,class_cap,2,24607,17772,4491,shared,442780,953,694,6528,3053,180,23,298,403,0,89,0,0.0000017657876014709473,0,68.469,6.953,66.567,9.36,a1d56ee4
glyph16_U002A,glyph16,20000,200000,647,class_cap,4,44467,9885,1190,tree_cheaper,61984,663,296,3296,1157,142,17,155,197,3,55,0,0.0000026226043701171875,0,638.260,3.257,637.172,5.14,a1d56ee4
glyph16_U002B,glyph16,20000,200000,259,application_budget,31,200000,6032,336,tree_cheaper,7884,283,73,816,205,52,7,37,46,0,10,0,0.000000476837158203125,0,1249.894,1.464,1249.360,2.72,a1d56ee4
glyph16_U002C,glyph16,20000,200000,199,quiesced,7,28182,2752,268,tree_cheaper,5252,207,88,1072,276,51,5,43,58,0,15,0,0.0000011920928955078125,0,242.033,1.224,241.541,1.33,a1d56ee4
glyph16_U002D,glyph16,20000,200000,123,quiesced,7,12610,1138,110,tree_cheaper,1232,131,47,624,124,33,3,18,28,0,6,0,0.0000019073486328125,0,85.659,1.181,83.908,0.59,a1d56ee4
glyph16_U002E,glyph16,20000,200000,123,class_cap,6,46386,10949,1478,tree_cheaper,43200,131,43,544,120,33,3,18,28,0,6,0,0.0000019073486328125,0,16933.280,1.312,16931.516,5.25,a1d56ee4
glyph16_U002F,glyph16,20000,200000,131,class_cap,7,72555,15406,1699,tree_cheaper,44536,131,61,816,184,35,3,28,34,0,11,0,0.000000476837158203125,0,11571.674,0.866,11570.765,7.28,a1d56ee4
glyph16_U0030,glyph16,20000,200000,5767,class_cap,2,23013,19627,5401,shared,541716,2983,2027,22016,9058,591,73,1463,1463,0,215,0,0.0000010728836059570313,0,1648.726,16.102,1642.298,10.08,a1d56ee4
glyph16_U0031,glyph16,20000,200000,301,class_cap,6,75769,14670,1951,tree_cheaper,70600,321,116,1296,359,75,8,67,96,0,22,0,0.0000011920928955078125,0,8616.724,1.531,8615.703,7.18,a1d56ee4
glyph16_U0032,glyph16,20000,200000,3827,class_cap,2,24530,19197,5151,shared,481816,2043,1444,16208,6200,414,50,965,976,0,149,0,0.0000007152557373046875,0,327.527,12.870,324.490,9.77,a1d56ee4
glyph16_U0033,glyph16,20000,200000,5901,class_cap,2,22175,19726,5709,shared,579964,3097,2163,24048,9489,622,76,1512,1512,0,224,0,0.0000010728836059570313,0,747.596,17.241,742.773,10.17,a1d56ee4
glyph16_U0034,glyph16,20000,200000,335,class_cap,6,75123,14760,1992,tree_cheaper,85680,359,113,1312,350,72,9,64,79,0,21,0,0.0000015497207641601563,0,6063.089,1.690,6062.245,7.21,a1d56ee4
glyph16_U0035,glyph16,20000,200000,4031,class_cap,2,26068,18891,4530,shared,434976,2159,1481,16512,6399,437,53,1025,1035,0,155,0,0.0000017881393432617188,0,463.002,12.623,460.007,9.71,a1d56ee4
glyph16_U0036,glyph16,20000,200000,5793,class_cap,2,22304,19717,5634,shared,567932,3021,2142,23152,9381,603,74,1475,1481,0,221,0,0.0000025853514671325684,0,822.837,16.957,818.351,10.13,a1d56ee4
glyph16_U0037,glyph16,20000,200000,199,class_cap,6,63823,14266,2334,tree_cheaper,62788,207,87,1056,272,53,5,45,60,0,17,0,0.000000476837158203125,0,4841.477,1.153,4840.373,6.79,a1d56ee4
glyph16_U0038,glyph16,20000,200000,7671,class_cap,1,15934,19478,7657,shared,790932,3959,2866,30912,13268,784,97,1952,1952,3,360,0,0.000002205371856689453,0,57.575,21.038,51.240,10.44,a1d56ee4
glyph16_U0039,glyph16,20000,200000,5833,class_cap,2,22174,19746,5702,shared,571248,3021,2165,23344,9487,605,74,1485,1485,0,221,0,0.000002574175596237182,0,827.276,17.081,822.560,10.15,a1d56ee4
glyph16_U003A,glyph16,20000,200000,191,class_cap,6,54625,13102,1678,tree_cheaper,54540,207,52,624,143,38,5,23,23,0,7,0,0.000000476837158203125,0,3762.999,1.067,3762.216,5.69,a1d56ee4
glyph16_U003B,glyph16,20000,200000,267,quiesced,12,49487,3722,363,tree_cheaper,8848,283,108,1312,334,65,7,57,81,0,18,0,0.000000476837158203125,0,539.305,1.609,538.347,1.82,a1d56ee4
glyph16_U003C,glyph16,20000,200000,309,quiesced,17,58193,5722,540,tree_cheaper,17372,321,143,1712,462,77,8,76,93,2,28,0,0.0000014901161193847656,0,1304.106,1.710,1303.472,2.66,a1d56ee4
glyph16_U003D,glyph16,20000,200000,191,class_cap,6,66226,15129,1401,tree_cheaper,37856,207,54,656,148,40,5,25,25,0,7,0,0,0,2957.294,1.060,2956.501,7.28,a1d56ee4
glyph16_U003E,glyph16,20000,200000,309,quiesced,17,58222,5726,545,tree_cheaper,17496,321,143,1712,462,77,8,76,92,0,28,0,0.0000013113021850585938,0,1401.017,1.584,1400.153,2.66,a1d56ee4
glyph16_U003F,glyph16,20000,200000,4159,class_cap,2,25855,18861,4698,shared,426760,2311,1570,18544,6694,469,57,1070,1083,1,163,0,0.0000012516975402832031,0,439.970,12.921,436.359,9.75,a1d56ee4
glyph16_U0040,glyph16,20000,200000,7803,class_cap,1,15811,19508,7768,shared,800216,4111,2993,32688,13786,820,101,1988,2007,2,381,0,0.0000018477439880371096,0,59.109,22.446,52.377,10.45,a1d56ee4
glyph16_U0041,glyph16,20000,200000,283,class_cap,6,83169,13000,1273,tree_cheaper,44116,283,128,1536,403,67,7,59,83,0,23,0,0.000001430511474609375,0,8992.687,1.517,8991.496,5.61,a1d56ee4
glyph16_U0042,glyph16,20000,200000,3965,class_cap,2,25611,19002,4790,shared,441536,2121,1466,16176,6337,425,52,1008,1010,0,152,0,0.0000013113021850585938,0,517.708,13.232,514.758,9.74,a1d56ee4
glyph16_U0043,glyph16,20000,200000,3963,class_cap,2,25673,19108,4725,shared,464884,2083,1469,16000,6411,415,51,991,993,0,151,0,0.0000019073486328125,0,398.149,12.662,395.223,9.77,a1d56ee4
glyph16_U0044,glyph16,20000,200000,2027,class_cap,2,26661,18017,4534,shared,360844,1107,825,8768,3622,227,27,507,517,0,92,0,0.0000026226043701171875,0,238.559,7.877,236.875,9.45,a1d56ee4
glyph16_U0045,glyph16,20000,200000,259,class_cap,6,64297,14803,2345,tree_cheaper,72744,283,83,928,226,58,7,43,61,0,14,0,0.00000095367431640625,0,4233.307,2.096,4232.465,7.29,a1d56ee4
glyph16_U0046,glyph16,20000,200000,225,class_cap,6,60643,15019,2379,tree_cheaper,67548,245,72,784,196,51,6,36,50,0,12,0,0.0000011920928955078125,0,5466.386,1.269,5465.494,7.31,a1d56ee4
glyph16_U0047,glyph16,20000,200000,4031,class_cap,2,26010,18874,4587,shared,423832,2159,1511,16624,6537,438,53,1026,1036,0,156,0,0.0000017881393432617188,0,710.534,23.580,707.506,9.71,a1d56ee4
glyph16_U0048,glyph16,20000,200000,259,class_cap,6,60456,14456,2149,tree_cheaper,66596,283,68,752,195,52,7,37,46,0,10,0,0.00000095367431640625,0,6320.241,4.917,6319.214,7.19,a1d56ee4
glyph16_U0049,glyph16,20000,200000,259,class_cap,6,60869,14767,2168,tree_cheaper,66960,283,70,768,201,52,7,37,46,0,10,0,0.00000095367431640625,0,4521.097,2.958,4520.168,7.25,a1d56ee4
glyph16_U004A,glyph16,20000,200000,2111,class_cap,2,26400,17889,4619,shared,424952,1183,845,8976,3649,243,29,523,542,0,101,0,0.0000016689300537109375,0,142.523,9.530,140.502,9.40,a1d56ee4
glyph16_U004B,glyph16,20000,200000,347,class_cap,5,55717,12677,1593,tree_cheaper,67512,359,154,1872,512,83,9,82,105,2,32,0,0.0000016689300537109375,0,5447.454,2.917,5445.695,5.67,a1d56ee4
glyph16_U004C,glyph16,20000,200000,157,class_cap,6,52348,12207,1648,tree_cheaper,49124,169,55,656,151,41,4,26,40,0,9,0,0.00000095367431640625,0,6713.958,1.304,6712.657,5.49,a1d56ee4
glyph16_U004D,glyph16,20000,200000,343,class_cap,5,53598,12091,1505,tree_cheaper,62796,359,142,1680,473,83,9,82,112,0,27,0,0.00000095367431640625,0,6347.136,7.226,6345.589,5.56,a1d56ee4
glyph16_U004E,glyph16,20000,200000,267,class_cap,6,67234,14580,2358,tree_cheaper,74552,283,91,1056,280,63,7,48,75,0,15,0,0.000001430511474609375,0,8808.457,19.943,8807.581,7.26,a1d56ee4
glyph16_U004F,glyph16,20000,200000,3863,class_cap,2,25323,19163,4892,shared,447548,2007,1378,14688,6057,400,49,976,976,0,146,0,0.000002205371856689453,0,1544.120,22.362,1538.411,9.76,a1d56ee4
glyph16_U0050,glyph16,20000,200000,2061,class_cap,2,26760,17961,4494,shared,399608,1145,785,8592,3407,231,28,511,519,0,94,0,0.0000016689300537109375,0,655.934,8.436,648.706,9.46,a1d56ee4
glyph16_U0051,glyph16,20000,200000,4461,class_cap,2,25189,19369,4479,shared,420220,2365,1624,17600,7150,477,58,1135,1147,0,173,0,0.0000020265579223632813,0,2500.394,34.383,2496.911,9.83,a1d56ee4
glyph16_U0052,glyph16,20000,200000,3105,class_cap,2,26078,18507,5080,shared,468320,1709,1128,12448,4882,348,42,789,797,0,122,0,0.0000008940696716308594,0,675.130,17.473,670.626,9.59,a1d56ee4
glyph16_U0053,glyph16,20000,200000,5943,class_cap,2,21798,19715,5920,shared,601608,3135,2227,24896,9669,632,77,1517,1528,0,229,0,0.0000016093254089355469,0,2165.343,43.603,2160.456,10.21,a1d56ee4
glyph16_U0054,glyph16,20000,200000,191,class_cap,6,55553,12720,1656,tree_cheaper,53732,207,62,704,178,47,5,32,50,0,9,0,0.000001430511474609375,0,9453.332,1.262,9452.540,5.59,a1d56ee4
glyph16_U0055,glyph16,20000,200000,4031,class_cap,2,24575,19157,5082,shared,516940,2159,1443,16576,6291,435,53,1023,1033,1,154,0,0.00000196695327758789,0,748.240,31.401,745.038,9.76,a1d56ee4
glyph16_U0056,glyph16,20000,200000,207,class_cap,6,69839,11883,1294,tree_cheaper,39184,207,93,1152,290,51,5,43,58,0,17,0,0.000003337860107421875,0,8965.198,1.345,8964.160,5.37,a1d56ee4
glyph16_U0057,glyph16,20000,200000,359,class_cap,5,60183,14607,2562,tree_cheaper,88776,359,175,2160,592,89,9,104,128,0,32,0,0.000002384185791015625,0,4422.762,1.999,4421.855,7.25,a1d56ee4
glyph16_U0058,glyph16,20000,200000,359,class_cap,5,61261,12578,1540,tree_cheaper,72028,359,184,2256,638,89,9,102,126,0,38,0,0.00000286102294921875,0,4144.605,1.900,4143.708,5.61,a1d56ee4
glyph16_U0059,glyph16,20000,200000,275,class_cap,6,76693,13296,1823,tree_cheaper,69332,283,121,1488,405,69,7,68,89,0,24,0,0.000003337860107421875,0,14487.425,2.471,14486.284,5.73,a1d56ee4
glyph16_U005A,glyph16,20000,200000,267,class_cap,6,72239,14904,2226,tree_cheaper,73724,283,110,1264,337,68,7,60,84,1,21,0,0.000001430511474609375,0,11295.135,1.439,11294.133,7.27,a1d56ee4
glyph16_U005B,glyph16,20000,200000,191,quiesced,7,16687,1526,152,tree_cheaper,2372,207,64,752,170,44,5,29,39,0,10,0,0.000000476837158203125,0,99.466,1.148,99.066,0.71,a1d56ee4
glyph16_U005C,glyph16,20000,200000,131,class_cap,7,72321,15356,1699,tree_cheaper,44776,131,65,864,192,35,3,28,34,0,11,0,0.000000476837158203125,0,2931.681,1.002,2930.888,7.28,a1d56ee4
glyph16_U005D,glyph16,20000,200000,191,quiesced,7,16993,1557,153,tree_cheaper,2360,207,65,752,175,45,5,30,39,0,10,0,0.000000476837158203125,0,114.499,1.276,114.049,0.72,a1d56ee4
glyph16_U005E,glyph16,20000,200000,207,class_cap,5,50010,15022,3117,tree_cheaper,57364,207,107,1328,349,53,5,52,64,0,20,0,0.000000476837158203125,0,1127.792,1.355,1126.959,7.34,a1d56ee4
glyph16_U005F,glyph16,20000,200000,123,class_cap,8,86033,10054,955,tree_cheaper,25396,131,44,576,115,31,3,18,28,0,5,0,0.00000286102294921875,0,5303.500,0.915,5302.842,5.01,a1d56ee4
glyph16_U0060,glyph16,20000,200000,131,class_cap,5,38445,12205,1912,tree_cheaper,59876,131,69,912,200,35,3,28,34,0,11,0,0.0000007152557373046875,0,965.223,0.829,964.278,5.61,a1d56ee4
glyph16_U0061,glyph16,20000,200000,5517,class_cap,2,23144,19635,5327,shared,527052,2929,2023,22128,8776,583,72,1387,1398,0,208,0,0.0000018030405044555664,0,751.001,15.729,746.660,10.04,a1d56ee4
glyph16_U0062,glyph16,20000,200000,3981,class_cap,2,26145,18892,4576,shared,426784,2121,1477,16048,6452,425,52,1008,1010,0,153,0,0.0000023245811462402344,0,527.155,16.736,524.065,9.72,a1d56ee4
glyph16_U0063,glyph16,20000,200000,3963,class_cap,2,26104,18864,4574,shared,437292,2083,1468,15904,6412,415,51,991,993,0,151,0,0.0000023245811462402344,0,405.663,13.615,401.919,9.72,a1d56ee4
glyph16_U0064,glyph16,20000,200000,3981,class_cap,2,26223,18874,4562,shared,440184,2121,1464,15824,6393,426,52,1002,1011,0,153,0,0.000002384185791015625,0,489.735,11.386,486.704,9.71,a1d56ee4
glyph16_U0065,glyph16,20000,200000,4035,class_cap,2,26118,18830,4523,shared,432172,2159,1516,16608,6550,438,53,1022,1037,0,157,0,0.0000014901161193847656,0,436.537,16.025,433.162,9.70,a1d56ee4
glyph16_U0066,glyph16,20000,200000,1245,class_cap,3,40334,17965,2809,shared,98032,809,526,4992,2158,146,20,207,268,1,49,0,0.0000007152557373046875,0,717.498,5.174,716.087,9.16,a1d56ee4
glyph16_U0067,glyph16,20000,200000,5969,class_cap,2,22553,19546,5670,shared,572320,3173,2166,23728,9485,631,78,1509,1520,0,226,0,0.0000034384429454803467,0,494.276,19.759,489.431,10.16,a1d56ee4
glyph16_U0068,glyph16,20000,200000,2145,class_cap,2,26861,17970,4588,shared,414848,1221,807,8752,3471,245,30,525,541,0,97,0,0.000001430511474609375,0,229.671,7.316,227.752,9.42,a1d56ee4
glyph16_U0069,glyph16,20000,200000,293,class_cap,6,66171,15026,2410,tree_cheaper,86068,321,84,960,237,61,8,46,60,0,13,0,0.000000476837158203125,0,4558.524,2.400,4557.633,7.33,a1d56ee4
glyph16_U006A,glyph16,20000,200000,1211,class_cap,3,38413,17936,3042,shared,152252,771,488,4848,1956,145,19,206,272,1,49,0,0.000003337860107421875,0,577.256,5.278,575.843,9.17,a1d56ee4
glyph16_U006B,glyph16,20000,200000,347,class_cap,5,55954,12726,1601,tree_cheaper,68876,359,157,1920,516,84,9,83,106,2,33,0,0.0000016689300537109375,0,3754.217,1.764,3753.114,5.68,a1d56ee4
glyph16_U006C,glyph16,20000,200000,1143,class_cap,3,39043,18272,2996,shared,100096,695,526,4976,2172,139,17,200,274,1,48,0,0.0000014901161193847656,0,615.484,4.378,614.053,9.20,a1d56ee4
glyph16_U006D,glyph16,20000,200000,4133,class_cap,2,25091,19157,4998,shared,473708,2273,1433,16896,6203,446,56,1016,1028,19,147,0,0.0000014901161193847656,0,521.042,13.209,515.580,9.81,a1d56ee4
glyph16_U006E,glyph16,20000,200000,2145,class_cap,2,26858,17964,4601,shared,409944,1221,797,8688,3435,245,30,525,541,0,93,0,0.000002384185791015625,0,234.334,7.505,232.321,9.41,a1d56ee4
glyph16_U006F,glyph16,20000,200000,3863,class_cap,2,25459,19026,4847,shared,480336,2007,1339,15264,5947,398,49,974,974,0,143,0,0.0000021457672119140625,0,529.024,12.339,526.139,9.74,a1d56ee4
glyph16_U0070,glyph16,20000,200000,3981,class_cap,2,26301,18829,4534,shared,435052,2121,1463,15840,6414,425,52,1008,1010,0,153,0,0.000002264976501464844,0,487.780,12.157,484.274,9.71,a1d56ee4
glyph16_U0071,glyph16,20000,200000,3981,class_cap,2,26295,18824,4523,shared,418224,2121,1473,15856,6464,426,52,1002,1011,0,153,0,0.0000021457672119140625,0,493.780,12.439,490.658,9.70,a1d56ee4
glyph16_U0072,glyph16,20000,200000,2127,class_cap,2,26557,17944,4647,shared,420772,1183,806,8832,3453,238,29,518,530,0,96,0,0.000001132488250732422,0,198.057,10.915,196.129,9.41,a1d56ee4
glyph16_U0073,glyph16,20000,200000,5739,class_cap,2,22198,19727,5661,shared,572576,3051,2145,24352,9278,617,75,1472,1483,0,222,0,0.0000016801059246063232,0,623.212,17.545,618.394,10.14,a1d56ee4
glyph16_U0074,glyph16,20000,200000,1245,class_cap,3,40860,17596,2777,shared,180632,809,484,4800,1935,145,20,206,267,0,50,0,0.0000006556510925292969,0,688.601,4.755,687.217,9.10,a1d56ee4
glyph16_U0075,glyph16,20000,200000,2145,class_cap,2,26468,17871,4630,shared,450928,1221,815,8784,3506,246,30,526,543,0,100,0,0.0000017881393432617188,0,171.163,7.189,169.375,9.36,a1d56ee4
glyph16_U0076,glyph16,20000,200000,207,class_cap,6,69825,12250,1494,tree_cheaper,42136,207,98,1264,321,53,5,52,64,0,20,0,0.00000095367431640625,0,5551.912,1.344,5548.640,5.50,a1d56ee4
glyph16_U0077,glyph16,20000,200000,359,class_cap,5,54993,11140,1301,tree_cheaper,61880,359,170,2096,583,87,9,102,126,0,30,0,0.000001430511474609375,0,3585.531,1.846,3584.700,5.31,a1d56ee4
glyph16_U0078,glyph16,20000,200000,359,class_cap,5,61786,12694,1519,tree_cheaper,69352,359,178,2160,603,87,9,93,120,0,35,0,0.00000095367431640625,0,4197.525,1.814,4196.663,5.62,a1d56ee4
glyph16_U0079,glyph16,20000,200000,1693,class_cap,2,24036,16560,3988,shared,379196,977,679,6704,2931,191,24,290,402,0,97,0,0.000001430511474609375,0,77.502,6.242,76.016,9.08,a1d56ee4
glyph16_U007A,glyph16,20000,200000,267,class_cap,6,71008,14811,2244,tree_cheaper,73576,283,105,1264,322,64,7,56,72,1,20,0,0.000003337860107421875,0,6919.228,1.467,6918.299,7.25,a1d56ee4
glyph16_U007B,glyph16,20000,200000,4101,class_cap,2,26101,18852,4666,shared,461728,2273,1513,17008,6456,451,56,1033,1041,0,159,0,0.0000013113021850585938,0,411.016,12.703,407.589,9.75,a1d56ee4
glyph16_U007C,glyph16,20000,200000,123,class_cap,6,55934,15492,2499,tree_cheaper,66352,131,45,576,125,35,3,20,30,0,6,0,0.0000002980232238769531,0,1967.604,0.787,1966.763,7.36,a1d56ee4
glyph16_U007D,glyph16,20000,200000,4101,class_cap,2,26335,18729,4582,shared,448168,2273,1502,16560,6460,452,56,1028,1043,0,159,0,0.0000012516975402832031,0,460.354,12.776,457.102,9.72,a1d56ee4
glyph16_U007E,glyph16,20000,200000,3995,class_cap,2,25522,19130,4754,shared,454152,2083,1493,15920,6471,418,51,994,1002,0,150,0,0,0,287.938,11.985,284.812,9.75,a1d56ee4
psychedelic_packed,psychedelic,20000,200000,1246,class_cap,4,34631,17907,3694,tree_cheaper,175176,1246,111,2352,829,127,1,29,30,0,12,0,0,0,75.042,0.902,73.740,9.02,8ecdc098
cellgrid_80x24_d2,cellgrid,20000,800000,667,class_cap,4,29932,18425,3998,shared,869900,667,117,2560,427,217,0,0,0,5,19,0,0,0,80.986,0.605,79.644,9.20,8ecdc098
chrome_packed,chrome,20000,800000,390815,class_cap,2,22744,17886,4054,shared,900052,335411,403,3584,1681,384,17,604,606,30,11,0,0,0,212.235,4.313,55.092,34.88,8ecdc098
chrome_R,chrome_channel,20000,800000,133101,class_cap,2,21309,17003,3829,shared,795596,114633,294,2816,1391,280,9,416,418,34,12,0,0.000017702579498291016,0,84.738,2.828,47.278,16.36,8ecdc098
glyph16_U0020,glyph16,20000,800000,1,quiesced,1,0,1,1,tree_cheaper,4,1,1,164,0,1,0,0,0,0,0,0,0,0,0.418,0.234,0.013,0.00,a1d56ee4
glyph16_U0021,glyph16,20000,800000,267,class_cap,6,69303,14430,2153,tree_cheaper,67536,283,86,960,256,54,7,39,48,0,13,0,0.00000095367431640625,0,5978.490,1.465,5977.598,7.17,a1d56ee4
glyph16_U0022,glyph16,20000,800000,191,quiesced,7,17694,1642,151,tree_cheaper,2276,207,62,736,175,46,5,31,49,0,8,0,0.000000476837158203125,0,119.686,1.097,119.267,0.84,a1d56ee4
glyph16_U0023,glyph16,20000,800000,647,class_cap,4,40740,9804,1422,tree_cheaper,95196,663,260,2816,1013,144,17,143,207,2,52,0,0.0000019073486328125,0,1060.279,2.944,1059.378,5.17,a1d56ee4
glyph16_U0024,glyph16,20000,800000,6151,class_cap,2,21299,19617,6262,tree_cheaper,658856,3363,2301,27312,9848,671,83,1556,1581,0,239,0,0.000002294778823852539,0,180.448,17.507,175.404,10.26,a1d56ee4
glyph16_U0025,glyph16,20000,800000,8791,class_cap,1,15282,19525,8358,shared,843192,4599,3587,35792,16475,922,113,2254,2266,0,437,0,0.0000019073486328125,0,64.496,25.312,56.527,10.56,a1d56ee4
glyph16_U0026,glyph16,20000,800000,7719,class_cap,1,15565,19496,7900,shared,813828,4103,3019,32384,13757,828,101,1980,2002,0,382,0,0.0000020265579223632813,0,59.794,22.415,53.063,10.47,a1d56ee4
glyph16_U0027,glyph16,20000,800000,123,quiesced,7,12774,1153,108,tree_cheaper,1208,131,46,592,124,33,3,18,28,0,6,0,0.00000095367431640625,0,72.900,0.815,72.473,0.64,a1d56ee4
glyph16_U0028,glyph16,20000,800000,1959,class_cap,2,25380,18010,4732,shared,467652,1031,749,7008,3285,192,25,329,441,0,94,0,0.000001430511474609375,0,77.144,6.572,75.507,9.43,a1d56ee4
glyph16_U0029,glyph16,20000,800000,1777,class_cap,2,24607,17772,4491,shared,442780,953,694,6528,3053,180,23,298,403,0,89,0,0.0000017657876014709473,0,68.651,6.117,67.100,9.36,a1d56ee4
glyph16_U002A,glyph16,20000,800000,647,class_cap,4,44467,9885,1190,tree_cheaper,61984,663,296,3296,1157,142,17,155,197,3,55,0,0.0000026226043701171875,0,642.782,2.922,641.860,5.14,a1d56ee4
glyph16_U002B,glyph16,20000,800000,259,class_cap,51,426407,11354,427,tree_cheaper,10004,283,73,816,205,52,7,37,46,0,10,0,0.000000476837158203125,0,3313.752,1.332,3313.028,5.24,a1d56ee4
glyph16_U002C,glyph16,20000,800000,199,quiesced,7,28182,2752,268,tree_cheaper,5252,207,88,1072,276,51,5,43,58,0,15,0,0.0000011920928955078125,0,188.833,2.102,188.370,1.33,a1d56ee4
glyph16_U002D,glyph16,20000,800000,123,quiesced,7,12610,1138,110,tree_cheaper,1232,131,47,624,124,33,3,18,28,0,6,0,0.0000019073486328125,0,67.530,0.774,67.181,0.59,a1d56ee4
glyph16_U002E,glyph16,20000,800000,123,class_cap,6,46386,10949,1478,tree_cheaper,43200,131,43,544,120,33,3,18,28,0,6,0,0.0000019073486328125,0,2281.911,0.947,2281.275,5.25,a1d56ee4
glyph16_U002F,glyph16,20000,800000,131,class_cap,7,72555,15406,1699,tree_cheaper,44536,131,61,816,184,35,3,28,34,0,11,0,0.000000476837158203125,0,2679.310,0.831,2678.469,7.28,a1d56ee4
glyph16_U0030,glyph16,20000,800000,5767,class_cap,2,23013,19627,5401,shared,541716,2983,2027,22016,9058,591,73,1463,1463,0,215,0,0.0000010728836059570313,0,688.809,15.569,684.227,10.08,a1d56ee4
glyph16_U0031,glyph16,20000,800000,301,class_cap,6,75769,14670,1951,tree_cheaper,70600,321,116,1296,359,75,8,67,96,0,22,0,0.0000011920928955078125,0,6465.467,1.792,6464.505,7.18,a1d56ee4
glyph16_U0032,glyph16,20000,800000,3827,class_cap,2,24530,19197,5151,shared,481816,2043,1444,16208,6200,414,50,965,976,0,149,0,0.0000007152557373046875,0,308.763,17.294,301.959,9.77,a1d56ee4
glyph16_U0033,glyph16,20000,800000,5901,class_cap,2,22175,19726,5709,shared,579964,3097,2163,24048,9489,622,76,1512,1512,0,224,0,0.0000010728836059570313,0,722.824,19.339,718.109,10.17,a1d56ee4
glyph16_U0034,glyph16,20000,800000,335,class_cap,6,75123,14760,1992,tree_cheaper,85680,359,113,1312,350,72,9,64,79,0,21,0,0.0000015497207641601563,0,6765.801,2.338,6764.669,7.21,a1d56ee4
glyph16_U0035,glyph16,20000,800000,4031,class_cap,2,26068,18891,4530,shared,434976,2159,1481,16512,6399,437,53,1025,1035,0,155,0,0.0000017881393432617188,0,705.821,27.218,699.759,9.71,a1d56ee4
glyph16_U0036,glyph16,20000,800000,5793,class_cap,2,22304,19717,5634,shared,567932,3021,2142,23152,9381,603,74,1475,1481,0,221,0,0.0000025853514671325684,0,1175.655,34.932,1170.856,10.13,a1d56ee4
glyph16_U0037,glyph16,20000,800000,199,class_cap,6,63823,14266,2334,tree_cheaper,62788,207,87,1056,272,53,5,45,60,0,17,0,0.000000476837158203125,0,6508.693,1.412,6507.770,6.79,a1d56ee4
glyph16_U0038,glyph16,20000,800000,7671,class_cap,1,15934,19478,7657,shared,790932,3959,2866,30912,13268,784,97,1952,1952,3,360,0,0.000002205371856689453,0,60.300,24.289,53.855,10.44,a1d56ee4
glyph16_U0039,glyph16,20000,800000,5833,class_cap,2,22174,19746,5702,shared,571248,3021,2165,23344,9487,605,74,1485,1485,0,221,0,0.000002574175596237182,0,833.442,21.269,828.772,10.15,a1d56ee4
glyph16_U003A,glyph16,20000,800000,191,class_cap,6,54625,13102,1678,tree_cheaper,54540,207,52,624,143,38,5,23,23,0,7,0,0.000000476837158203125,0,3822.278,2.733,3821.399,5.69,a1d56ee4
glyph16_U003B,glyph16,20000,800000,267,quiesced,12,49487,3722,363,tree_cheaper,8848,283,108,1312,334,65,7,57,81,0,18,0,0.000000476837158203125,0,557.174,1.867,556.586,1.82,a1d56ee4
glyph16_U003C,glyph16,20000,800000,309,quiesced,17,58193,5722,540,tree_cheaper,17372,321,143,1712,462,77,8,76,93,2,28,0,0.0000014901161193847656,0,1314.782,1.897,1314.131,2.66,a1d56ee4
glyph16_U003D,glyph16,20000,800000,191,class_cap,6,66226,15129,1401,tree_cheaper,37856,207,54,656,148,40,5,25,25,0,7,0,0,0,3393.699,1.664,3392.771,7.28,a1d56ee4
glyph16_U003E,glyph16,20000,800000,309,quiesced,17,58222,5726,545,tree_cheaper,17496,321,143,1712,462,77,8,76,92,0,28,0,0.0000013113021850585938,0,1936.732,2.221,1935.990,2.66,a1d56ee4
glyph16_U003F,glyph16,20000,800000,4159,class_cap,2,25855,18861,4698,shared,426760,2311,1570,18544,6694,469,57,1070,1083,1,163,0,0.0000012516975402832031,0,619.310,25.020,614.282,9.75,a1d56ee4
glyph16_U0040,glyph16,20000,800000,7803,class_cap,1,15811,19508,7768,shared,800216,4111,2993,32688,13786,820,101,1988,2007,2,381,0,0.0000018477439880371096,0,92.340,31.592,81.066,10.45,a1d56ee4
glyph16_U0041,glyph16,20000,800000,283,class_cap,6,83169,13000,1273,tree_cheaper,44116,283,128,1536,403,67,7,59,83,0,23,0,0.000001430511474609375,0,8981.388,1.610,8980.186,5.61,a1d56ee4
glyph16_U0042,glyph16,20000,800000,3965,class_cap,2,25611,19002,4790,shared,441536,2121,1466,16176,6337,425,52,1008,1010,0,152,0,0.0000013113021850585938,0,521.973,13.412,518.896,9.74,a1d56ee4
glyph16_U0043,glyph16,20000,800000,3963,class_cap,2,25673,19108,4725,shared,464884,2083,1469,16000,6411,415,51,991,993,0,151,0,0.0000019073486328125,0,477.358,22.996,473.907,9.77,a1d56ee4
glyph16_U0044,glyph16,20000,800000,2027,class_cap,2,26661,18017,4534,shared,360844,1107,825,8768,3622,227,27,507,517,0,92,0,0.0000026226043701171875,0,246.574,8.123,244.463,9.45,a1d56ee4
glyph16_U0045,glyph16,20000,800000,259,class_cap,6,64297,14803,2345,tree_cheaper,72744,283,83,928,226,58,7,43,61,0,14,0,0.00000095367431640625,0,4027.304,1.599,4025.942,7.29,a1d56ee4
glyph16_U0046,glyph16,20000,800000,225,class_cap,6,60643,15019,2379,tree_cheaper,67548,245,72,784,196,51,6,36,50,0,12,0,0.0000011920928955078125,0,3490.534,1.337,3489.455,7.31,a1d56ee4
glyph16_U0047,glyph16,20000,800000,4031,class_cap,2,26010,18874,4587,shared,423832,2159,1511,16624,6537,438,53,1026,1036,0,156,0,0.0000017881393432617188,0,424.115,12.299,420.980,9.71,a1d56ee4
glyph16_U0048,glyph16,20000,800000,259,class_cap,6,60456,14456,2149,tree_cheaper,66596,283,68,752,195,52,7,37,46,0,10,0,0.00000095367431640625,0,3478.691,1.490,3477.542,7.19,a1d56ee4
glyph16_U0049,glyph16,20000,800000,259,class_cap,6,60869,14767,2168,tree_cheaper,66960,283,70,768,201,52,7,37,46,0,10,0,0.00000095367431640625,0,3625.546,1.480,3624.641,7.25,a1d56ee4
glyph16_U004A,glyph16,20000,800000,2111,class_cap,2,26400,17889,4619,shared,424952,1183,845,8976,3649,243,29,523,542,0,101,0,0.0000016689300537109375,0,140.156,7.641,137.918,9.40,a1d56ee4
glyph16_U004B,glyph16,20000,800000,347,class_cap,5,55717,12677,1593,tree_cheaper,67512,359,154,1872,512,83,9,82,105,2,32,0,0.0000016689300537109375,0,3547.052,1.875,3545.913,5.67,a1d56ee4
glyph16_U004C,glyph16,20000,800000,157,class_cap,6,52348,12207,1648,tree_cheaper,49124,169,55,656,151,41,4,26,40,0,9,0,0.00000095367431640625,0,3154.302,1.187,3153.489,5.49,a1d56ee4
glyph16_U004D,glyph16,20000,800000,343,class_cap,5,53598,12091,1505,tree_cheaper,62796,359,142,1680,473,83,9,82,112,0,27,0,0.00000095367431640625,0,2960.280,5.106,2958.716,5.56,a1d56ee4
glyph16_U004E,glyph16,20000,800000,267,class_cap,6,67234,14580,2358,tree_cheaper,74552,283,91,1056,280,63,7,48,75,0,15,0,0.000001430511474609375,0,4934.940,1.543,4934.011,7.26,a1d56ee4
glyph16_U004F,glyph16,20000,800000,3863,class_cap,2,25323,19163,4892,shared,447548,2007,1378,14688,6057,400,49,976,976,0,146,0,0.000002205371856689453,0,552.684,12.146,549.890,9.76,a1d56ee4
glyph16_U0050,glyph16,20000,800000,2061,class_cap,2,26760,17961,4494,shared,399608,1145,785,8592,3407,231,28,511,519,0,94,0,0.0000016689300537109375,0,243.832,7.793,242.054,9.46,a1d56ee4
glyph16_U0051,glyph16,20000,800000,4461,class_cap,2,25189,19369,4479,shared,420220,2365,1624,17600,7150,477,58,1135,1147,0,173,0,0.0000020265579223632813,0,1128.177,15.248,1124.807,9.83,a1d56ee4
glyph16_U0052,glyph16,20000,800000,3105,class_cap,2,26078,18507,5080,shared,468320,1709,1128,12448,4882,348,42,789,797,0,122,0,0.0000008940696716308594,0,298.387,10.777,295.841,9.59,a1d56ee4
glyph16_U0053,glyph16,20000,800000,5943,class_cap,2,21798,19715,5920,shared,601608,3135,2227,24896,9669,632,77,1517,1528,0,229,0,0.0000016093254089355469,0,584.964,18.547,580.181,10.21,a1d56ee4
glyph16_U0054,glyph16,20000,800000,191,class_cap,6,55553,12720,1656,tree_cheaper,53732,207,62,704,178,47,5,32,50,0,9,0,0.000001430511474609375,0,3582.417,1.249,3581.689,5.59,a1d56ee4
glyph16_U0055,glyph16,20000,800000,4031,class_cap,2,24575,19157,5082,shared,516940,2159,1443,16576,6291,435,53,1023,1033,1,154,0,0.00000196695327758789,0,201.410,12.407,198.040,9.76,a1d56ee4
glyph16_U0056,glyph16,20000,800000,207,class_cap,6,69839,11883,1294,tree_cheaper,39184,207,93,1152,290,51,5,43,58,0,17,0,0.000003337860107421875,0,5574.593,1.168,5573.732,5.37,a1d56ee4
glyph16_U0057,glyph16,20000,800000,359,class_cap,5,60183,14607,2562,tree_cheaper,88776,359,175,2160,592,89,9,104,128,0,32,0,0.000002384185791015625,0,4234.522,1.777,4233.642,7.25,a1d56ee4
glyph16_U0058,glyph16,20000,800000,359,class_cap,5,61261,12578,1540,tree_cheaper,72028,359,184,2256,638,89,9,102,126,0,38,0,0.00000286102294921875,0,4092.858,1.817,4092.015,5.61,a1d56ee4
glyph16_U0059,glyph16,20000,800000,275,class_cap,6,76693,13296,1823,tree_cheaper,69332,283,121,1488,405,69,7,68,89,0,24,0,0.000003337860107421875,0,8395.712,1.481,8394.895,5.73,a1d56ee4
glyph16_U005A,glyph16,20000,800000,267,class_cap,6,72239,14904,2226,tree_cheaper,73724,283,110,1264,337,68,7,60,84,1,21,0,0.000001430511474609375,0,7214.311,1.423,7213.302,7.27,a1d56ee4
glyph16_U005B,glyph16,20000,800000,191,quiesced,7,16687,1526,152,tree_cheaper,2372,207,64,752,170,44,5,29,39,0,10,0,0.000000476837158203125,0,99.063,1.074,98.627,0.71,a1d56ee4
glyph16_U005C,glyph16,20000,800000,131,class_cap,7,72321,15356,1699,tree_cheaper,44776,131,65,864,192,35,3,28,34,0,11,0,0.000000476837158203125,0,2748.528,2.508,2746.423,7.28,a1d56ee4
glyph16_U005D,glyph16,20000,800000,191,quiesced,7,16993,1557,153,tree_cheaper,2360,207,65,752,175,45,5,30,39,0,10,0,0.000000476837158203125,0,146.998,1.166,146.289,0.72,a1d56ee4
glyph16_U005E,glyph16,20000,800000,207,class_cap,5,50010,15022,3117,tree_cheaper,57364,207,107,1328,349,53,5,52,64,0,20,0,0.000000476837158203125,0,1116.149,1.245,1115.301,7.34,a1d56ee4
glyph16_U005F,glyph16,20000,800000,123,class_cap,8,86033,10054,955,tree_cheaper,25396,131,44,576,115,31,3,18,28,0,5,0,0.00000286102294921875,0,5243.889,0.878,5243.228,5.01,a1d56ee4
glyph16_U0060,glyph16,20000,800000,131,class_cap,5,38445,12205,1912,tree_cheaper,59876,131,69,912,200,35,3,28,34,0,11,0,0.0000007152557373046875,0,953.905,0.865,953.169,5.61,a1d56ee4
glyph16_U0061,glyph16,20000,800000,5517,class_cap,2,23144,19635,5327,shared,527052,2929,2023,22128,8776,583,72,1387,1398,0,208,0,0.0000018030405044555664,0,738.509,19.785,734.175,10.04,a1d56ee4
glyph16_U0062,glyph16,20000,800000,3981,class_cap,2,26145,18892,4576,shared,426784,2121,1477,16048,6452,425,52,1008,1010,0,153,0,0.0000023245811462402344,0,506.274,13.646,502.984,9.72,a1d56ee4
glyph16_U0063,glyph16,20000,800000,3963,class_cap,2,26104,18864,4574,shared,437292,2083,1468,15904,6412,415,51,991,993,0,151,0,0.0000023245811462402344,0,409.635,15.616,406.544,9.72,a1d56ee4
glyph16_U0064,glyph16,20000,800000,3981,class_cap,2,26223,18874,4562,shared,440184,2121,1464,15824,6393,426,52,1002,1011,0,153,0,0.000002384185791015625,0,494.488,15.071,490.848,9.71,a1d56ee4
glyph16_U0065,glyph16,20000,800000,4035,class_cap,2,26118,18830,4523,shared,432172,2159,1516,16608,6550,438,53,1022,1037,0,157,0,0.0000014901161193847656,0,436.892,13.253,433.933,9.70,a1d56ee4
glyph16_U0066,glyph16,20000,800000,1245,class_cap,3,40334,17965,2809,shared,98032,809,526,4992,2158,146,20,207,268,1,49,0,0.0000007152557373046875,0,714.508,5.279,712.845,9.16,a1d56ee4
glyph16_U0067,glyph16,20000,800000,5969,class_cap,2,22553,19546,5670,shared,572320,3173,2166,23728,9485,631,78,1509,1520,0,226,0,0.0000034384429454803467,0,493.411,18.587,488.797,10.16,a1d56ee4
glyph16_U0068,glyph16,20000,800000,2145,class_cap,2,26861,17970,4588,shared,414848,1221,807,8752,3471,245,30,525,541,0,97,0,0.000001430511474609375,0,230.357,7.907,228.500,9.42,a1d56ee4
glyph16_U0069,glyph16,20000,800000,293,class_cap,6,66171,15026,2410,tree_cheaper,86068,321,84,960,237,61,8,46,60,0,13,0,0.000000476837158203125,0,4539.999,1.561,4539.105,7.33,a1d56ee4
glyph16_U006A,glyph16,20000,800000,1211,class_cap,3,38413,17936,3042,shared,152252,771,488,4848,1956,145,19,206,272,1,49,0,0.000003337860107421875,0,572.815,4.815,571.330,9.17,a1d56ee4
glyph16_U006B,glyph16,20000,800000,347,class_cap,5,55954,12726,1601,tree_cheaper,68876,359,157,1920,516,84,9,83,106,2,33,0,0.0000016689300537109375,0,3676.632,1.790,3675.653,5.68,a1d56ee4
glyph16_U006C,glyph16,20000,800000,1143,class_cap,3,39043,18272,2996,shared,100096,695,526,4976,2172,139,17,200,274,1,48,0,0.0000014901161193847656,0,533.627,4.807,532.283,9.20,a1d56ee4
glyph16_U006D,glyph16,20000,800000,4133,class_cap,2,25091,19157,4998,shared,473708,2273,1433,16896,6203,446,56,1016,1028,19,147,0,0.0000014901161193847656,0,516.764,13.005,513.566,9.81,a1d56ee4
glyph16_U006E,glyph16,20000,800000,2145,class_cap,2,26858,17964,4601,shared,409944,1221,797,8688,3435,245,30,525,541,0,93,0,0.000002384185791015625,0,234.484,7.238,232.614,9.41,a1d56ee4
glyph16_U006F,glyph16,20000,800000,3863,class_cap,2,25459,19026,4847,shared,480336,2007,1339,15264,5947,398,49,974,974,0,143,0,0.0000021457672119140625,0,526.421,11.169,523.595,9.74,a1d56ee4
glyph16_U0070,glyph16,20000,800000,3981,class_cap,2,26301,18829,4534,shared,435052,2121,1463,15840,6414,425,52,1008,1010,0,153,0,0.000002264976501464844,0,484.138,11.677,481.058,9.71,a1d56ee4
glyph16_U0071,glyph16,20000,800000,3981,class_cap,2,26295,18824,4523,shared,418224,2121,1473,15856,6464,426,52,1002,1011,0,153,0,0.0000021457672119140625,0,493.750,12.117,490.733,9.70,a1d56ee4
glyph16_U0072,glyph16,20000,800000,2127,class_cap,2,26557,17944,4647,shared,420772,1183,806,8832,3453,238,29,518,530,0,96,0,0.000001132488250732422,0,197.555,8.703,195.570,9.41,a1d56ee4
glyph16_U0073,glyph16,20000,800000,5739,class_cap,2,22198,19727,5661,shared,572576,3051,2145,24352,9278,617,75,1472,1483,0,222,0,0.0000016801059246063232,0,619.805,17.228,615.292,10.14,a1d56ee4
glyph16_U0074,glyph16,20000,800000,1245,class_cap,3,40860,17596,2777,shared,180632,809,484,4800,1935,145,20,206,267,0,50,0,0.0000006556510925292969,0,532.544,4.820,530.977,9.10,a1d56ee4
glyph16_U0075,glyph16,20000,800000,2145,class_cap,2,26468,17871,4630,shared,450928,1221,815,8784,3506,246,30,526,543,0,100,0,0.0000017881393432617188,0,139.070,7.272,137.092,9.36,a1d56ee4
glyph16_U0076,glyph16,20000,800000,207,class_cap,6,69825,12250,1494,tree_cheaper,42136,207,98,1264,321,53,5,52,64,0,20,0,0.00000095367431640625,0,5077.340,1.190,5076.429,5.50,a1d56ee4
glyph16_U0077,glyph16,20000,800000,359,class_cap,5,54993,11140,1301,tree_cheaper,61880,359,170,2096,583,87,9,102,126,0,30,0,0.000001430511474609375,0,3602.120,1.897,3601.307,5.31,a1d56ee4
glyph16_U0078,glyph16,20000,800000,359,class_cap,5,61786,12694,1519,tree_cheaper,69352,359,178,2160,603,87,9,93,120,0,35,0,0.00000095367431640625,0,4230.727,1.859,4229.835,5.62,a1d56ee4
glyph16_U0079,glyph16,20000,800000,1693,class_cap,2,24036,16560,3988,shared,379196,977,679,6704,2931,191,24,290,402,0,97,0,0.000001430511474609375,0,79.299,6.095,77.574,9.08,a1d56ee4
glyph16_U007A,glyph16,20000,800000,267,class_cap,6,71008,14811,2244,tree_cheaper,73576,283,105,1264,322,64,7,56,72,1,20,0,0.000003337860107421875,0,6914.521,1.874,6913.548,7.25,a1d56ee4
glyph16_U007B,glyph16,20000,800000,4101,class_cap,2,26101,18852,4666,shared,461728,2273,1513,17008,6456,451,56,1033,1041,0,159,0,0.0000013113021850585938,0,416.549,12.421,413.259,9.75,a1d56ee4
glyph16_U007C,glyph16,20000,800000,123,class_cap,6,55934,15492,2499,tree_cheaper,66352,131,45,576,125,35,3,20,30,0,6,0,0.0000002980232238769531,0,1965.916,0.810,1964.975,7.36,a1d56ee4
glyph16_U007D,glyph16,20000,800000,4101,class_cap,2,26335,18729,4582,shared,448168,2273,1502,16560,6460,452,56,1028,1043,0,159,0,0.0000012516975402832031,0,462.354,12.921,458.949,9.72,a1d56ee4
glyph16_U007E,glyph16,20000,800000,3995,class_cap,2,25522,19130,4754,shared,454152,2083,1493,15920,6471,418,51,994,1002,0,150,0,0,0,289.702,11.943,286.648,9.75,a1d56ee4
glyph32_U0020,glyph32,20000,800000,1,quiesced,1,0,1,1,tree_cheaper,4,1,1,164,0,1,0,0,0,0,0,0,0,0,0.500,0.222,0.014,0.00,a1d56ee4
glyph32_U0021,glyph32,20000,800000,267,class_cap,6,69303,14431,2153,tree_cheaper,67584,283,86,960,256,54,7,39,48,0,13,0,0,0,5993.026,1.375,5991.878,7.17,a1d56ee4
glyph32_U0022,glyph32,20000,800000,191,quiesced,7,17694,1642,151,tree_cheaper,2276,207,62,736,175,46,5,31,49,0,8,0,0,0,118.750,1.055,118.059,0.84,a1d56ee4
glyph32_U0023,glyph32,20000,800000,647,class_cap,4,40740,9805,1422,tree_cheaper,95196,663,260,2816,1013,144,17,143,207,2,52,0,0.0000019073486328125,0,1055.940,2.939,1055.045,5.17,a1d56ee4
glyph32_U0024,glyph32,20000,800000,6151,class_cap,2,21299,19617,6262,tree_cheaper,658856,3363,2301,27312,9848,671,83,1556,1581,0,239,0,0.0000030994415283203125,0,180.768,17.191,175.782,10.26,a1d56ee4
glyph32_U0025,glyph32,20000,800000,8791,class_cap,1,15282,19525,8358,shared,843192,4599,3587,35792,16475,922,113,2254,2266,0,437,0,0.0000020265579223632813,0,63.365,24.274,55.765,10.56,a1d56ee4
glyph32_U0026,glyph32,20000,800000,7719,class_cap,1,15565,19496,7900,shared,813828,4103,3019,32384,13757,828,101,1980,2002,0,382,0,0.0000017881393432617188,0,57.532,21.274,51.139,10.47,a1d56ee4
glyph32_U0027,glyph32,20000,800000,123,quiesced,7,12774,1152,108,tree_cheaper,1208,131,46,592,124,33,3,18,28,0,6,0,0,0,72.343,0.763,71.972,0.64,a1d56ee4
glyph32_U0028,glyph32,20000,800000,1959,class_cap,2,25380,18010,4732,shared,467652,1031,749,7008,3285,192,25,329,441,0,94,0,0.0000008344650268554688,0,76.335,8.070,74.724,9.43,a1d56ee4
glyph32_U0029,glyph32,20000,800000,1777,class_cap,2,24607,17772,4491,shared,442780,953,694,6528,3053,180,23,298,403,0,89,0,0.0000008344650268554688,0,67.981,6.105,66.454,9.36,a1d56ee4
glyph32_U002A,glyph32,20000,800000,647,class_cap,4,44466,9886,1190,tree_cheaper,61984,663,296,3296,1157,142,17,155,197,3,55,0,0.00000095367431640625,0,635.219,2.988,634.359,5.14,a1d56ee4
glyph32_U002B,glyph32,20000,800000,259,class_cap,51,426407,11354,427,tree_cheaper,10004,283,73,816,205,52,7,37,46,0,10,0,0,0,3297.732,1.370,3297.045,5.24,a1d56ee4
glyph32_U002C,glyph32,20000,800000,199,quiesced,7,28182,2752,268,tree_cheaper,5252,207,88,1072,276,51,5,43,58,0,15,0,0.000000476837158203125,0,195.842,1.182,195.351,1.33,a1d56ee4
glyph32_U002D,glyph32,20000,800000,123,quiesced,7,12610,1138,110,tree_cheaper,1232,131,47,624,124,33,3,18,28,0,6,0,0,0,136.784,1.274,135.678,0.59,a1d56ee4
glyph32_U002E,glyph32,20000,800000,123,class_cap,6,46386,10948,1478,tree_cheaper,43200,131,43,544,120,33,3,18,28,0,6,0,0,0,2306.978,0.793,2306.322,5.25,a1d56ee4
glyph32_U002F,glyph32,20000,800000,131,class_cap,7,72555,15406,1699,tree_cheaper,44576,131,61,816,184,35,3,28,34,0,11,0,0.0000019073486328125,0,2696.456,0.840,2695.632,7.28,a1d56ee4
glyph32_U0030,glyph32,20000,800000,5767,class_cap,2,23013,19627,5401,shared,541716,2983,2027,22016,9058,591,73,1463,1463,0,215,0,0.00000196695327758789,0,684.270,17.878,679.564,10.08,a1d56ee4
glyph32_U0031,glyph32,20000,800000,301,class_cap,6,75768,14669,1950,tree_cheaper,70588,321,116,1296,359,75,8,67,96,0,22,0,0.0000010728836059570313,0,6532.202,2.075,6531.246,7.18,a1d56ee4
glyph32_U0032,glyph32,20000,800000,3827,class_cap,2,24530,19197,5151,shared,481816,2043,1444,16208,6200,414,50,965,976,0,149,0,0.0000011920928955078125,0,303.726,12.502,300.715,9.77,a1d56ee4
glyph32_U0033,glyph32,20000,800000,5901,class_cap,2,22175,19726,5709,shared,579964,3097,2163,24048,9489,622,76,1512,1512,0,224,0,0.0000007152557373046875,0,699.424,19.405,694.214,10.17,a1d56ee4
glyph32_U0034,glyph32,20000,800000,335,class_cap,6,75122,14761,1992,tree_cheaper,85680,359,113,1312,350,72,9,64,79,0,21,0,0.000000476837158203125,0,6131.311,1.909,6130.371,7.21,a1d56ee4
glyph32_U0035,glyph32,20000,800000,4031,class_cap,2,26068,18891,4530,shared,434976,2159,1481,16512,6399,437,53,1025,1035,0,155,0,0.0000016689300537109375,0,461.757,11.745,458.625,9.71,a1d56ee4
glyph32_U0036,glyph32,20000,800000,5793,class_cap,2,22304,19717,5634,shared,567932,3021,2142,23152,9381,603,74,1475,1481,0,221,0,0.000002205371856689453,0,817.989,16.303,812.867,10.13,a1d56ee4
glyph32_U0037,glyph32,20000,800000,199,class_cap,6,63823,14267,2334,tree_cheaper,62836,207,87,1056,272,53,5,45,60,0,17,0,0.000000476837158203125,0,4946.814,1.114,4945.960,6.79,a1d56ee4
glyph32_U0038,glyph32,20000,800000,7671,class_cap,1,15934,19478,7657,shared,790932,3959,2866,30912,13268,784,97,1952,1952,3,360,0,0.0000019073486328125,0,58.562,21.904,52.561,10.44,a1d56ee4
glyph32_U0039,glyph32,20000,800000,5833,class_cap,2,22174,19746,5702,shared,571248,3021,2165,23344,9487,605,74,1485,1485,0,221,0,0.000003337860107421875,0,831.949,17.443,827.307,10.15,a1d56ee4
glyph32_U003A,glyph32,20000,800000,191,class_cap,6,54625,13102,1678,tree_cheaper,54540,207,52,624,143,38,5,23,23,0,7,0,0,0,3757.448,1.057,3756.709,5.69,a1d56ee4
glyph32_U003B,glyph32,20000,800000,267,quiesced,12,49487,3723,363,tree_cheaper,8848,283,108,1312,334,65,7,57,81,0,18,0,0.000000476837158203125,0,543.335,1.419,542.829,1.82,a1d56ee4
glyph32_U003C,glyph32,20000,800000,309,quiesced,17,58193,5723,540,tree_cheaper,17372,321,143,1712,462,77,8,76,93,2,28,0,0.0000019073486328125,0,1308.578,1.847,1307.898,2.66,a1d56ee4
glyph32_U003D,glyph32,20000,800000,191,class_cap,6,66225,15130,1401,tree_cheaper,37856,207,54,656,148,40,5,25,25,0,7,0,0,0,3044.482,1.200,3043.565,7.28,a1d56ee4
glyph32_U003E,glyph32,20000,800000,309,quiesced,17,58222,5727,545,tree_cheaper,17496,321,143,1712,462,77,8,76,92,0,28,0,0.0000021457672119140625,0,1408.738,2.117,1408.107,2.66,a1d56ee4
glyph32_U003F,glyph32,20000,800000,4159,class_cap,2,25855,18861,4698,shared,426760,2311,1570,18544,6694,469,57,1070,1083,1,163,0,0.0000029802322387695313,0,439.451,12.695,435.951,9.75,a1d56ee4
glyph32_U0040,glyph32,20000,800000,7803,class_cap,1,15810,19510,7769,shared,800220,4111,2993,32704,13782,820,101,1988,2007,2,381,0,0.00000095367431640625,0,58.257,21.376,51.864,10.46,a1d56ee4
glyph32_U0041,glyph32,20000,800000,283,class_cap,6,83169,13000,1273,tree_cheaper,44116,283,128,1536,403,67,7,59,83,0,23,0,0.00000095367431640625,0,8932.382,1.439,8931.442,5.61,a1d56ee4
glyph32_U0042,glyph32,20000,800000,3965,class_cap,2,25611,19002,4790,shared,441536,2121,1466,16176,6337,425,52,1008,1010,0,152,0,0.0000019073486328125,0,521.524,12.463,518.347,9.74,a1d56ee4
glyph32_U0043,glyph32,20000,800000,3963,class_cap,2,25673,19108,4725,shared,464884,2083,1469,16000,6411,415,51,991,993,0,151,0,0.0000008940696716308594,0,398.906,12.113,395.832,9.77,a1d56ee4
glyph32_U0044,glyph32,20000,800000,2027,class_cap,2,26661,18017,4534,shared,360844,1107,825,8768,3622,227,27,507,517,0,92,0,0.0000007152557373046875,0,239.603,7.495,237.639,9.45,a1d56ee4
glyph32_U0045,glyph32,20000,800000,259,class_cap,6,64295,14804,2345,tree_cheaper,72792,283,83,928,226,58,7,43,61,0,14,0,0,0,4068.925,1.469,4068.062,7.29,a1d56ee4
glyph32_U0046,glyph32,20000,800000,225,class_cap,6,60641,15018,2378,tree_cheaper,67480,245,72,784,196,51,6,36,50,0,12,0,0,0,3582.760,1.245,3581.948,7.31,a1d56ee4
glyph32_U0047,glyph32,20000,800000,4031,class_cap,2,26010,18874,4587,shared,423832,2159,1511,16624,6537,438,53,1026,1036,0,156,0,0.00000196695327758789,0,422.762,12.010,419.789,9.71,a1d56ee4
glyph32_U0048,glyph32,20000,800000,259,class_cap,6,60454,14458,2150,tree_cheaper,66600,283,68,752,195,52,7,37,46,0,10,0,0.000000476837158203125,0,3473.707,1.429,3472.684,7.19,a1d56ee4
glyph32_U0049,glyph32,20000,800000,259,class_cap,6,60868,14768,2168,tree_cheaper,66960,283,70,768,201,52,7,37,46,0,10,0,0,0,3564.056,1.472,3563.173,7.25,a1d56ee4
glyph32_U004A,glyph32,20000,800000,2111,class_cap,2,26409,17883,4619,shared,424904,1183,845,8976,3649,243,29,523,542,0,101,0,0.00000095367431640625,0,142.633,7.504,140.706,9.39,a1d56ee4
glyph32_U004B,glyph32,20000,800000,347,class_cap,5,55717,12678,1593,tree_cheaper,67512,359,154,1872,512,83,9,82,105,2,32,0,0.000003814697265625,0,3563.547,1.816,3562.706,5.67,a1d56ee4
glyph32_U004C,glyph32,20000,800000,157,class_cap,6,52347,12209,1648,tree_cheaper,49124,169,55,656,151,41,4,26,40,0,9,0,0,0,3254.762,0.979,3254.011,5.49,a1d56ee4
glyph32_U004D,glyph32,20000,800000,343,class_cap,5,53598,12092,1505,tree_cheaper,62796,359,142,1680,473,83,9,82,112,0,27,0,0.00000095367431640625,0,2984.017,1.988,2983.250,5.56,a1d56ee4
glyph32_U004E,glyph32,20000,800000,267,class_cap,6,67232,14581,2358,tree_cheaper,74600,283,91,1056,280,63,7,48,75,0,15,0,0.0000019073486328125,0,5221.332,2.186,5220.520,7.26,a1d56ee4
glyph32_U004F,glyph32,20000,800000,3863,class_cap,2,25323,19163,4892,shared,447548,2007,1378,14688,6057,400,49,976,976,0,146,0,0.000003933906555175781,0,566.032,12.790,563.073,9.76,a1d56ee4
glyph32_U0050,glyph32,20000,800000,2061,class_cap,2,26760,17961,4494,shared,399608,1145,785,8592,3407,231,28,511,519,0,94,0,0.0000019073486328125,0,251.585,8.956,249.737,9.46,a1d56ee4
glyph32_U0051,glyph32,20000,800000,4461,class_cap,2,25189,19369,4479,shared,420220,2365,1624,17600,7150,477,58,1135,1147,0,173,0,0.0000012516975402832031,0,1377.832,18.566,1374.006,9.83,a1d56ee4
glyph32_U0052,glyph32,20000,800000,3105,class_cap,2,26078,18507,5080,shared,468320,1709,1128,12448,4882,348,42,789,797,0,122,0,0.000001132488250732422,0,571.260,12.814,567.321,9.59,a1d56ee4
glyph32_U0053,glyph32,20000,800000,5943,class_cap,2,21798,19715,5920,shared,601608,3135,2227,24896,9669,632,77,1517,1528,0,229,0,0.0000021457672119140625,0,654.639,23.911,648.226,10.21,a1d56ee4
glyph32_U0054,glyph32,20000,800000,191,class_cap,6,55552,12720,1656,tree_cheaper,53732,207,62,704,178,47,5,32,50,0,9,0,0,0,6014.821,1.282,6013.909,5.59,a1d56ee4
glyph32_U0055,glyph32,20000,800000,4031,class_cap,2,24575,19157,5082,shared,516940,2159,1443,16576,6291,435,53,1023,1033,1,154,0,0.0000023245811462402344,0,465.664,28.179,457.443,9.76,a1d56ee4
glyph32_U0056,glyph32,20000,800000,207,class_cap,6,69839,11883,1294,tree_cheaper,39184,207,93,1152,290,51,5,43,58,0,17,0,0.00000095367431640625,0,7152.489,1.437,7149.575,5.37,a1d56ee4
glyph32_U0057,glyph32,20000,800000,359,class_cap,5,60183,14607,2562,tree_cheaper,88776,359,175,2160,592,89,9,104,128,0,32,0,0.00000095367431640625,0,4259.152,1.799,4258.238,7.25,a1d56ee4
glyph32_U0058,glyph32,20000,800000,359,class_cap,5,61261,12578,1540,tree_cheaper,72028,359,184,2256,638,89,9,102,126,0,38,0,0.00000286102294921875,0,4186.494,2.245,4185.536,5.61,a1d56ee4
glyph32_U0059,glyph32,20000,800000,275,class_cap,6,76692,13296,1823,tree_cheaper,69332,283,121,1488,405,69,7,68,89,0,24,0,0.00000095367431640625,0,8258.658,1.588,8257.888,5.73,a1d56ee4
glyph32_U005A,glyph32,20000,800000,267,class_cap,6,72238,14905,2226,tree_cheaper,73724,283,110,1264,337,68,7,60,84,1,21,0,0.0000019073486328125,0,7279.811,1.585,7278.716,7.27,a1d56ee4
glyph32_U005B,glyph32,20000,800000,191,quiesced,7,16687,1527,152,tree_cheaper,2372,207,64,752,170,44,5,29,39,0,10,0,0,0,98.042,1.168,97.667,0.71,a1d56ee4
glyph32_U005C,glyph32,20000,800000,131,class_cap,7,72321,15356,1699,tree_cheaper,44824,131,65,864,192,35,3,28,34,0,11,0,0.00000095367431640625,0,2689.830,0.858,2688.985,7.28,a1d56ee4
glyph32_U005D,glyph32,20000,800000,191,quiesced,7,16993,1558,153,tree_cheaper,2360,207,65,752,175,45,5,30,39,0,10,0,0,0,113.450,1.312,112.719,0.72,a1d56ee4
glyph32_U005E,glyph32,20000,800000,207,class_cap,5,50010,15022,3117,tree_cheaper,57364,207,107,1328,349,53,5,52,64,0,20,0,0.000000476837158203125,0,1118.472,1.264,1117.341,7.34,a1d56ee4
glyph32_U005F,glyph32,20000,800000,123,class_cap,8,86033,10053,955,tree_cheaper,25396,131,44,576,115,31,3,18,28,0,5,0,0.000001728534698486328,0,5304.712,0.848,5304.088,5.01,a1d56ee4
glyph32_U0060,glyph32,20000,800000,131,class_cap,5,38445,12205,1912,tree_cheaper,59928,131,69,912,200,35,3,28,34,0,11,0,0.00000286102294921875,0,956.904,0.852,956.198,5.61,a1d56ee4
glyph32_U0061,glyph32,20000,800000,5517,class_cap,2,23144,19635,5327,shared,527052,2929,2023,22128,8776,583,72,1387,1398,0,208,0,0.0000012814998626708984,0,741.990,16.681,737.447,10.04,a1d56ee4
glyph32_U0062,glyph32,20000,800000,3981,class_cap,2,26145,18892,4576,shared,426784,2121,1477,16048,6452,425,52,1008,1010,0,153,0,0.0000013113021850585938,0,508.241,13.132,505.018,9.72,a1d56ee4
glyph32_U0063,glyph32,20000,800000,3963,class_cap,2,26104,18864,4574,shared,437292,2083,1468,15904,6412,415,51,991,993,0,151,0,0.0000017881393432617188,0,406.150,13.079,402.867,9.72,a1d56ee4
glyph32_U0064,glyph32,20000,800000,3981,class_cap,2,26223,18874,4562,shared,440184,2121,1464,15824,6393,426,52,1002,1011,0,153,0,0.0000013113021850585938,0,482.537,13.031,479.243,9.71,a1d56ee4
glyph32_U0065,glyph32,20000,800000,4035,class_cap,2,26118,18830,4523,shared,432172,2159,1516,16608,6550,438,53,1022,1037,0,157,0,0.0000012516975402832031,0,432.649,13.831,429.372,9.70,a1d56ee4
glyph32_U0066,glyph32,20000,800000,1245,class_cap,3,40334,17965,2809,shared,98032,809,526,4992,2158,146,20,207,268,1,49,0,0.0000002980232238769531,0,730.649,6.093,729.247,9.16,a1d56ee4
glyph32_U0067,glyph32,20000,800000,5969,class_cap,2,22553,19546,5670,shared,572320,3173,2166,23728,9485,631,78,1509,1520,0,226,0,0.000001728534698486328,0,508.004,17.913,503.192,10.16,a1d56ee4
glyph32_U0068,glyph32,20000,800000,2145,class_cap,2,26861,17970,4588,shared,414848,1221,807,8752,3471,245,30,525,541,0,97,0,0.0000025033950805664063,0,323.432,12.444,321.417,9.42,a1d56ee4
glyph32_U0069,glyph32,20000,800000,293,class_cap,6,66171,15026,2410,tree_cheaper,86116,321,84,960,237,61,8,46,60,0,13,0,0,0,4571.510,1.992,4570.587,7.33,a1d56ee4
glyph32_U006A,glyph32,20000,800000,1211,class_cap,3,38413,17936,3042,shared,152396,771,488,4848,1956,145,19,206,272,1,49,0,0.00000095367431640625,0,581.051,4.862,579.655,9.17,a1d56ee4
glyph32_U006B,glyph32,20000,800000,347,class_cap,5,55954,12726,1601,tree_cheaper,68876,359,157,1920,516,84,9,83,106,2,33,0,0.00000095367431640625,0,3623.453,1.770,3622.358,5.68,a1d56ee4
glyph32_U006C,glyph32,20000,800000,1143,class_cap,3,39043,18272,2996,shared,100096,695,526,4976,2172,139,17,200,274,1,48,0,0.0000006556510925292969,0,536.914,4.983,535.366,9.20,a1d56ee4
glyph32_U006D,glyph32,20000,800000,4133,class_cap,2,25091,19157,4998,shared,473708,2273,1433,16896,6203,446,56,1016,1028,19,147,0,0.0000027418136596679688,0,517.665,12.756,514.190,9.81,a1d56ee4
glyph32_U006E,glyph32,20000,800000,2145,class_cap,2,26858,17964,4601,shared,409944,1221,797,8688,3435,245,30,525,541,0,93,0,0.000000476837158203125,0,234.183,7.363,232.334,9.41,a1d56ee4
glyph32_U006F,glyph32,20000,800000,3863,class_cap,2,25459,19026,4847,shared,480336,2007,1339,15264,5947,398,49,974,974,0,143,0,0.0000026226043701171875,0,524.992,10.956,521.924,9.74,a1d56ee4
glyph32_U0070,glyph32,20000,800000,3981,class_cap,2,26301,18829,4534,shared,435052,2121,1463,15840,6414,425,52,1008,1010,0,153,0,0.000001728534698486328,0,483.377,11.223,480.394,9.71,a1d56ee4
glyph32_U0071,glyph32,20000,800000,3981,class_cap,2,26295,18824,4523,shared,418224,2121,1473,15856,6464,426,52,1002,1011,0,153,0,0.0000027865171432495117,0,493.049,11.623,490.076,9.70,a1d56ee4
glyph32_U0072,glyph32,20000,800000,2127,class_cap,2,26557,17944,4647,shared,420772,1183,806,8832,3453,238,29,518,530,0,96,0,0.000005066394805908203,0,195.205,7.175,193.429,9.41,a1d56ee4
glyph32_U0073,glyph32,20000,800000,5739,class_cap,2,22198,19727,5661,shared,572576,3051,2145,24352,9278,617,75,1472,1483,0,222,0,0.0000008270144462585449,0,621.503,15.898,617.041,10.14,a1d56ee4
glyph32_U0074,glyph32,20000,800000,1245,class_cap,3,40860,17596,2777,shared,180632,809,484,4800,1935,145,20,206,267,0,50,0,0.0000003576278686523438,0,528.129,4.670,526.782,9.10,a1d56ee4
glyph32_U0075,glyph32,20000,800000,2145,class_cap,2,26468,17871,4630,shared,450928,1221,815,8784,3506,246,30,526,543,0,100,0,0.0000007152557373046875,0,137.723,7.540,135.938,9.36,a1d56ee4
glyph32_U0076,glyph32,20000,800000,207,class_cap,6,69825,12250,1494,tree_cheaper,42136,207,98,1264,321,53,5,52,64,0,20,0,0.00000095367431640625,0,5134.625,1.196,5133.843,5.50,a1d56ee4
glyph32_U0077,glyph32,20000,800000,359,class_cap,5,54993,11140,1301,tree_cheaper,61880,359,170,2096,583,87,9,102,126,0,30,0,0.00000095367431640625,0,3666.042,1.939,3665.260,5.31,a1d56ee4
glyph32_U0078,glyph32,20000,800000,359,class_cap,5,61786,12694,1519,tree_cheaper,69352,359,178,2160,603,87,9,93,120,0,35,0,0.000002384185791015625,0,4205.045,2.091,4204.266,5.62,a1d56ee4
glyph32_U0079,glyph32,20000,800000,1693,class_cap,2,24036,16560,3988,shared,379196,977,679,6704,2931,191,24,290,402,0,97,0,0.0000014901161193847656,0,77.106,7.050,75.588,9.08,a1d56ee4
glyph32_U007A,glyph32,20000,800000,267,class_cap,6,71008,14811,2244,tree_cheaper,73576,283,105,1264,322,64,7,56,72,1,20,0,0.0000002384185791015625,0,6912.682,1.539,6911.438,7.25,a1d56ee4
glyph32_U007B,glyph32,20000,800000,4101,class_cap,2,26101,18852,4666,shared,461728,2273,1513,17008,6456,451,56,1033,1041,0,159,0,0.0000012516975402832031,0,407.451,13.767,404.252,9.75,a1d56ee4
glyph32_U007C,glyph32,20000,800000,123,class_cap,6,55934,15492,2499,tree_cheaper,66368,131,45,576,125,35,3,20,30,0,6,0,0,0,1954.822,0.937,1953.697,7.36,a1d56ee4
glyph32_U007D,glyph32,20000,800000,4101,class_cap,2,26335,18729,4582,shared,448168,2273,1502,16560,6460,452,56,1028,1043,0,159,0,0.0000019073486328125,0,458.827,12.721,455.452,9.72,a1d56ee4
glyph32_U007E,glyph32,20000,800000,3995,class_cap,2,25522,19130,4754,shared,454152,2083,1493,15920,6471,418,51,994,1002,0,150,0,0.0000008940696716308594,0,286.779,12.356,283.761,9.75,a1d56ee4
psychedelic_packed,psychedelic,20000,800000,1246,class_cap,4,34631,17907,3694,tree_cheaper,175176,1246,111,2352,829,127,1,29,30,0,12,0,0,0,75.057,0.904,73.536,9.02,8ecdc098
shader_cosine_palette,shader,20000,800000,40,class_cap,5,33030,18258,3234,tree_cheaper,124084,40,25,1232,292,133,3,99,102,0,1,0,0,0,97.072,1.075,95.933,9.07,a1d56ee4
shader_smooth_min_scene,shader,20000,800000,43,class_cap,18,166339,6973,423,tree_cheaper,12256,43,39,432,132,34,0,0,0,0,2,0,0,0,442.207,0.346,441.457,3.62,a1d56ee4
shader_mandelbrot_distance,shader,20000,800000,152,quiesced,8,96495,6287,237,tree_cheaper,6208,152,115,1616,595,160,19,31,57,0,5,0,0,0,4846.713,6.778,4846.212,2.73,a1d56ee4
shader_star_sdf,shader,20000,800000,66,class_cap,5,26909,13888,2050,tree_cheaper,387336,66,58,640,172,56,1,0,2,0,2,0,0,0,49.171,0.523,48.416,6.83,a1d56ee4
shader_gyroid_slice,shader,20000,800000,40,quiesced,9,4675,775,102,tree_cheaper,1520,40,33,2768,932,163,4,124,128,0,8,0,0,0,12.308,1.973,12.075,0.35,a1d56ee4
shader_plasma,shader,20000,800000,37,class_cap,6,35023,12661,1319,tree_cheaper,134028,37,29,1376,359,122,3,87,90,0,4,0,0,0,60.387,1.067,59.815,5.60,a1d56ee4
shader_domain_warp_fbm,shader,20000,800000,84,class_cap,4,28923,18774,4694,tree_cheaper,372492,84,62,1728,446,185,4,116,120,0,4,0,0,0,82.596,1.440,81.524,9.29,a1d56ee4
shader_kaleidoscope_fold,shader,20000,800000,46,quiesced,5,319,131,57,tree_cheaper,412,46,40,2032,560,238,10,156,174,0,8,0,0.000006109476089477539,0,1.388,3.071,1.185,0.09,a1d56ee4
shader_metaballs,shader,20000,800000,62,class_cap,6,46375,13429,1870,tree_cheaper,30772,62,45,464,136,38,1,0,0,0,3,0,0,0,681.113,0.519,680.212,5.77,a1d56ee4
shader_julia_set,shader,20000,800000,122,class_cap,6,41823,17032,2602,tree_cheaper,95212,122,118,2064,697,205,14,51,61,0,6,0,0,0,316.181,3.720,315.124,8.79,a1d56ee4
shader_smoothstep_vignette,shader,20000,800000,64,quiesced,5,1074,283,82,tree_cheaper,1064,64,49,544,194,41,0,0,0,0,7,0,0.0000012069940567016602,0,3.237,0.329,3.010,0.15,a1d56ee4
shader_torus_slice,shader,20000,800000,38,quiesced,15,28932,3005,198,shared,5336,38,31,368,130,25,0,0,0,0,3,0,0,0,113.509,0.322,112.937,1.33,a1d56ee4
cellgrid_80x24_d2,cellgrid,5000,200000,667,class_cap,3,6826,4634,1322,shared,203960,667,117,2576,428,217,0,0,0,7,19,0,0,0,18.765,0.647,18.141,2.32,8ecdc098
chrome_packed,chrome,5000,200000,390815,class_cap,2,5502,4944,1351,shared,177956,335411,398,3424,1668,385,17,614,616,22,7,0,0,0,176.936,7.344,22.475,34.88,8ecdc098
chrome_R,chrome_channel,5000,200000,133101,class_cap,2,5626,4903,1208,shared,142940,114633,300,2640,1418,288,9,433,435,23,7,0,0.0000177919864654541,0,57.373,3.666,20.131,11.92,8ecdc098
glyph16_U0020,glyph16,5000,200000,1,quiesced,1,0,1,1,tree_cheaper,4,1,1,164,0,1,0,0,0,0,0,0,0,0,0.453,0.333,0.021,0.00,8ecdc098
glyph16_U0021,glyph16,5000,200000,267,class_cap,3,8771,2674,375,tree_cheaper,9768,283,105,1216,362,56,7,48,54,0,16,0,0.000000476837158203125,0,65.513,1.550,65.030,1.37,8ecdc098
glyph16_U0022,glyph16,5000,200000,191,quiesced,7,17694,1642,151,tree_cheaper,2276,207,62,736,175,46,5,31,49,0,8,0,0.000000476837158203125,0,120.080,1.264,119.373,0.84,8ecdc098
glyph16_U0023,glyph16,5000,200000,647,class_cap,2,5950,3379,737,tree_cheaper,37612,663,272,2528,1051,137,17,128,199,0,37,0,0.0000018477439880371096,0,21.528,3.199,20.865,1.80,8ecdc098
glyph16_U0024,glyph16,5000,200000,6151,class_cap,1,2184,5000,2952,shared,289592,3363,2740,27312,12119,744,83,1777,1777,1,265,0,0.000002294778823852539,0,21.547,21.479,16.996,3.19,8ecdc098
glyph16_U0025,glyph16,5000,200000,8791,class_cap,1,843,5000,4175,tree_cheaper,705624,4599,3921,36304,17484,3891,257,7522,9970,280,41,0,0.000002175569534301758,0,25.636,82.414,18.271,3.73,8ecdc098
glyph16_U0026,glyph16,5000,200000,7719,class_cap,1,1278,5000,3741,tree_cheaper,642792,4103,3509,33120,15451,3471,225,7257,8809,242,39,0,0.0000020265579223632813,0,23.586,71.854,17.361,3.61,8ecdc098
glyph16_U0027,glyph16,5000,200000,123,quiesced,7,12774,1153,108,tree_cheaper,1208,131,46,592,124,33,3,18,28,0,6,0,0.00000095367431640625,0,72.485,0.904,72.081,0.64,8ecdc098
glyph16_U0028,glyph16,5000,200000,1959,class_cap,1,3850,4862,2019,shared,185964,1031,761,7920,3417,210,25,490,490,0,93,0,0.0000013113021850585938,0,14.190,9.171,12.925,2.61,8ecdc098
glyph16_U0029,glyph16,5000,200000,1777,class_cap,1,3932,4863,1901,shared,169444,953,692,7312,3119,197,23,448,448,0,89,0,0.0000015348196029663086,0,13.970,8.521,12.813,2.63,8ecdc098
glyph16_U002A,glyph16,5000,200000,647,class_cap,2,6378,3765,878,tree_cheaper,44764,663,302,2976,1204,134,17,119,187,0,46,0,0.000002264976501464844,0,20.853,3.720,20.078,1.99,8ecdc098
glyph16_U002B,glyph16,5000,200000,259,class_cap,5,18015,2289,250,tree_cheaper,5468,283,73,816,205,52,7,37,46,0,10,0,0.000000476837158203125,0,84.846,1.486,84.300,1.16,8ecdc098
glyph16_U002C,glyph16,5000,200000,199,class_cap,4,13534,2553,275,tree_cheaper,5756,207,93,1104,314,51,5,43,58,0,15,0,0.0000011920928955078125,0,68.079,1.248,67.561,1.30,8ecdc098
glyph16_U002D,glyph16,5000,200000,123,quiesced,7,12610,1138,110,tree_cheaper,1232,131,47,624,124,33,3,18,28,0,6,0,0.0000019073486328125,0,67.177,0.797,66.825,0.59,8ecdc098
glyph16_U002E,glyph16,5000,200000,123,class_cap,5,18244,3542,550,tree_cheaper,10980,131,43,544,120,33,3,18,28,0,6,0,0.0000019073486328125,0,190.530,1.277,189.946,1.68,8ecdc098
glyph16_U002F,glyph16,5000,200000,131,class_cap,4,11709,2981,405,tree_cheaper,9632,131,66,864,222,35,3,28,34,0,11,0,0.000000476837158203125,0,86.104,0.861,85.616,1.40,8ecdc098
glyph16_U0030,glyph16,5000,200000,5767,class_cap,1,2286,5000,2906,shared,376992,2983,2408,22336,10954,641,73,1607,1607,0,236,0,0.000001132488250732422,0,20.354,18.645,16.539,3.23,8ecdc098
glyph16_U0031,glyph16,5000,200000,301,class_cap,3,9593,3104,462,tree_cheaper,13408,321,133,1408,445,75,8,67,96,0,21,0,0.00000095367431640625,0,78.356,1.860,77.779,1.46,8ecdc098
glyph16_U0032,glyph16,5000,200000,3827,class_cap,1,3048,4992,2639,shared,263620,2043,1755,16112,7798,429,50,1015,1020,0,185,0,0.0000007152557373046875,0,18.607,12.760,16.255,2.94,8ecdc098
glyph16_U0033,glyph16,5000,200000,5901,class_cap,1,2247,5000,2932,shared,373548,3097,2548,23216,11458,675,76,1662,1662,0,247,0,0.0000010728836059570313,0,20.686,20.019,16.443,3.26,8ecdc098
glyph16_U0034,glyph16,5000,200000,335,class_cap,3,9777,3051,450,tree_cheaper,13660,359,129,1376,432,72,9,64,79,0,20,0,0.0000016689300537109375,0,80.335,1.881,79.848,1.45,8ecdc098
glyph16_U0035,glyph16,5000,200000,4031,class_cap,1,3018,4993,2640,shared,281000,2159,1787,16464,7952,457,53,1083,1093,0,187,0,0.0000019073486328125,0,18.806,15.529,16.250,2.96,8ecdc098
glyph16_U0036,glyph16,5000,200000,5793,class_cap,1,2258,5000,2921,shared,369360,3021,2527,22464,11401,654,74,1627,1627,0,248,0,0.000002592802047729492,0,20.538,19.134,16.738,3.24,8ecdc098
glyph16_U0037,glyph16,5000,200000,199,class_cap,4,15234,3533,487,tree_cheaper,12536,207,97,1152,330,53,5,45,60,0,19,0,0.00000095367431640625,0,162.720,1.617,162.164,1.70,8ecdc098
glyph16_U0038,glyph16,5000,200000,7671,class_cap,1,1508,5000,3543,tree_cheaper,625984,3959,3325,30640,14789,3320,221,6494,8516,247,27,0,0.0000011920928955078125,0,22.563,73.116,16.996,3.57,8ecdc098
glyph16_U0039,glyph16,5000,200000,5833,class_cap,1,2264,5000,2922,shared,370652,3021,2547,22272,11498,656,74,1631,1631,0,248,0,0.000002592802047729492,0,21.631,19.159,17.334,3.24,8ecdc098
glyph16_U003A,glyph16,5000,200000,191,class_cap,4,12594,2762,371,tree_cheaper,8600,207,52,624,143,38,5,23,23,0,7,0,0.000000476837158203125,0,106.739,1.214,106.268,1.37,8ecdc098
glyph16_U003B,glyph16,5000,200000,267,class_cap,3,8699,2710,362,tree_cheaper,9480,283,122,1392,413,65,7,57,81,0,18,0,0.000000476837158203125,0,50.011,2.012,49.543,1.37,8ecdc098
glyph16_U003C,glyph16,5000,200000,309,class_cap,3,9174,3095,488,tree_cheaper,14300,321,156,1680,571,77,8,76,93,0,24,0,0.0000013113021850585938,0,60.544,1.692,60.091,1.46,8ecdc098
glyph16_U003D,glyph16,5000,200000,191,class_cap,4,11780,3763,691,tree_cheaper,16468,207,54,656,148,40,5,25,25,0,7,0,0,0,109.799,1.232,108.555,1.88,8ecdc098
glyph16_U003E,glyph16,5000,200000,309,class_cap,3,9133,3088,493,tree_cheaper,14932,321,156,1664,571,77,8,76,92,0,24,0,0.0000010728836059570313,0,61.167,1.876,60.587,1.45,8ecdc098
glyph16_U003F,glyph16,5000,200000,4159,class_cap,1,2890,4995,2715,shared,269600,2311,1879,18944,8267,499,57,1167,1167,3,196,0,0.0000013113021850585938,0,19.067,14.208,16.398,3.00,8ecdc098
glyph16_U0040,glyph16,5000,200000,7803,class_cap,1,1380,5000,3663,tree_cheaper,639656,4111,3432,31936,15236,3418,227,6910,8708,250,32,0,0.0000019073486328125,0,22.447,73.952,16.682,3.61,8ecdc098
glyph16_U0041,glyph16,5000,200000,283,class_cap,3,9718,3699,575,tree_cheaper,18620,283,160,1760,633,71,7,77,95,0,23,0,0.00000095367431640625,0,85.194,1.646,84.584,1.86,8ecdc098
glyph16_U0042,glyph16,5000,200000,3965,class_cap,1,3044,4990,2637,shared,264408,2121,1772,16176,7902,447,52,1067,1074,0,184,0,0.000001430511474609375,0,18.635,13.756,16.066,2.96,8ecdc098
glyph16_U0043,glyph16,5000,200000,3963,class_cap,1,3023,4994,2636,shared,283268,2083,1770,16000,7954,438,51,1060,1060,0,184,0,0.0000019073486328125,0,18.908,13.635,16.228,2.95,8ecdc098
glyph16_U0044,glyph16,5000,200000,2027,class_cap,1,3915,4870,2012,shared,198780,1107,812,8448,3644,230,27,519,524,0,103,0,0.000002562999725341797,0,15.060,8.359,13.705,2.61,8ecdc098
glyph16_U0045,glyph16,5000,200000,259,class_cap,4,15297,3531,497,tree_cheaper,13872,283,83,928,226,58,7,43,61,0,14,0,0.00000095367431640625,0,138.643,1.554,138.117,1.71,8ecdc098
glyph16_U0046,glyph16,5000,200000,225,class_cap,4,14175,3184,433,tree_cheaper,11116,245,72,784,196,51,6,36,50,0,12,0,0.0000011920928955078125,0,117.079,1.455,116.324,1.45,8ecdc098
glyph16_U0047,glyph16,5000,200000,4031,class_cap,1,2983,4994,2660,shared,282724,2159,1801,17104,8009,461,53,1101,1101,0,186,0,0.0000017881393432617188,0,18.832,15.790,16.158,2.97,8ecdc098
glyph16_U0048,glyph16,5000,200000,259,class_cap,4,14395,3202,428,tree_cheaper,11336,283,68,752,195,52,7,37,46,0,10,0,0.00000095367431640625,0,118.701,1.572,118.068,1.46,8ecdc098
glyph16_U0049,glyph16,5000,200000,259,class_cap,4,14634,3224,429,tree_cheaper,11344,283,70,768,201,52,7,37,46,0,10,0,0.00000095367431640625,0,132.890,1.476,132.333,1.46,8ecdc098
glyph16_U004A,glyph16,5000,200000,2111,class_cap,1,3864,4878,2061,shared,188384,1183,860,8976,3799,248,29,548,553,0,104,0,0.0000013709068298339844,0,15.009,8.542,13.539,2.64,8ecdc098
glyph16_U004B,glyph16,5000,200000,347,class_cap,3,10620,3750,581,tree_cheaper,19040,359,171,1792,649,83,9,82,105,0,27,0,0.0000016689300537109375,0,92.705,1.917,92.089,1.89,8ecdc098
glyph16_U004C,glyph16,5000,200000,157,class_cap,4,12137,2666,356,tree_cheaper,8104,169,55,656,151,41,4,26,40,0,9,0,0.00000095367431640625,0,89.276,1.183,88.776,1.33,8ecdc098
glyph16_U004D,glyph16,5000,200000,343,class_cap,3,10275,3654,558,tree_cheaper,17124,359,159,1680,594,83,9,82,112,0,23,0,0.00000095367431640625,0,84.114,1.898,83.626,1.87,8ecdc098
glyph16_U004E,glyph16,5000,200000,267,class_cap,3,8669,2645,368,tree_cheaper,9820,283,104,1152,334,63,7,48,75,0,15,0,0.0000019073486328125,0,57.869,1.571,57.353,1.36,8ecdc098
glyph16_U004F,glyph16,5000,200000,3863,class_cap,1,3153,4991,2585,shared,278004,2007,1685,15456,7581,412,49,1012,1012,0,180,0,0.0000019073486328125,0,18.482,13.501,16.084,2.87,8ecdc098
glyph16_U0050,glyph16,5000,200000,2061,class_cap,1,3899,4874,2030,shared,199716,1145,828,8560,3683,236,28,523,530,0,104,0,0.0000018477439880371096,0,14.773,8.722,13.400,2.62,8ecdc098
glyph16_U0051,glyph16,5000,200000,4461,class_cap,1,2783,4998,2739,shared,296164,2365,1931,17888,8708,508,58,1237,1237,0,197,0,0.0000021457672119140625,0,19.022,15.067,16.157,3.02,8ecdc098
glyph16_U0052,glyph16,5000,200000,3105,class_cap,1,3235,4972,2477,shared,235860,1709,1445,13712,6383,350,42,785,804,0,168,0,0.00000095367431640625,0,17.118,11.102,15.178,2.79,8ecdc098
glyph16_U0053,glyph16,5000,200000,5943,class_cap,1,2225,5000,2942,shared,293172,3135,2623,23920,11756,686,77,1680,1680,0,254,0,0.0000016391277313232422,0,20.225,19.778,16.234,3.24,8ecdc098
glyph16_U0054,glyph16,5000,200000,191,class_cap,4,13286,2881,373,tree_cheaper,8628,207,62,704,178,47,5,32,50,0,9,0,0.000001430511474609375,0,104.516,1.320,104.127,1.39,8ecdc098
glyph16_U0055,glyph16,5000,200000,4031,class_cap,1,3049,4991,2644,shared,289088,2159,1758,16672,7838,450,53,1064,1078,10,183,0,0.0000020265579223632813,0,18.550,13.438,15.860,2.96,8ecdc098
glyph16_U0056,glyph16,5000,200000,207,class_cap,3,8160,2821,398,tree_cheaper,11088,207,114,1328,437,53,5,52,64,0,20,0,0.000003337860107421875,0,58.940,1.236,58.459,1.38,8ecdc098
glyph16_U0057,glyph16,5000,200000,359,class_cap,3,10887,3864,611,tree_cheaper,17848,359,194,2128,796,89,9,104,128,0,32,0,0.0000021457672119140625,0,133.088,2.365,132.478,1.89,8ecdc098
glyph16_U0058,glyph16,5000,200000,359,class_cap,3,10197,4050,720,tree_cheaper,25924,359,205,2128,842,87,9,86,122,0,36,0,0.0000026226043701171875,0,109.409,1.923,108.803,1.94,8ecdc098
glyph16_U0059,glyph16,5000,200000,275,class_cap,3,9522,3253,488,tree_cheaper,13852,283,140,1520,534,69,7,68,89,0,20,0,0.000003337860107421875,0,77.996,1.582,77.469,1.67,8ecdc098
glyph16_U005A,glyph16,5000,200000,267,class_cap,3,9221,2922,418,tree_cheaper,11368,283,126,1360,420,68,7,60,84,0,21,0,0.000001430511474609375,0,72.692,1.944,72.219,1.41,8ecdc098
glyph16_U005B,glyph16,5000,200000,191,quiesced,7,16687,1526,152,tree_cheaper,2372,207,64,752,170,44,5,29,39,0,10,0,0.000000476837158203125,0,101.635,1.180,100.928,0.71,8ecdc098
glyph16_U005C,glyph16,5000,200000,131,class_cap,4,11752,2957,398,tree_cheaper,9460,131,70,912,230,35,3,28,34,0,11,0,0.000000476837158203125,0,92.618,1.453,92.193,1.39,8ecdc098
glyph16_U005D,glyph16,5000,200000,191,quiesced,7,16993,1557,153,tree_cheaper,2360,207,65,752,175,45,5,30,39,0,10,0,0.000000476837158203125,0,116.378,1.063,115.951,0.72,8ecdc098
glyph16_U005E,glyph16,5000,200000,207,class_cap,3,8188,3207,530,tree_cheaper,15384,207,117,1376,441,53,5,52,64,0,20,0,0.000000476837158203125,0,43.952,1.966,43.480,1.47,8ecdc098
glyph16_U005F,glyph16,5000,200000,123,class_cap,5,17275,3086,434,tree_cheaper,9500,131,44,576,115,31,3,18,28,0,5,0,0.00000286102294921875,0,221.063,0.906,220.584,1.40,8ecdc098
glyph16_U0060,glyph16,5000,200000,131,class_cap,4,12657,3671,679,tree_cheaper,13440,131,74,960,240,35,3,28,34,0,11,0,0.000000476837158203125,0,67.143,0.820,66.727,1.84,8ecdc098
glyph16_U0061,glyph16,5000,200000,5517,class_cap,1,2274,5000,2907,shared,367152,2929,2393,22416,10690,642,72,1560,1560,0,234,0,0.0000017881393432617188,0,20.826,18.338,17.052,3.21,8ecdc098
glyph16_U0062,glyph16,5000,200000,3981,class_cap,1,3026,4992,2640,shared,281268,2121,1779,16304,7964,448,52,1076,1076,0,188,0,0.000002384185791015625,0,20.052,13.638,17.372,2.96,8ecdc098
glyph16_U0063,glyph16,5000,200000,3963,class_cap,1,3016,4994,2639,shared,282700,2083,1773,16048,7956,439,51,1063,1063,0,185,0,0.0000023245811462402344,0,20.329,13.738,17.384,2.95,8ecdc098
glyph16_U0064,glyph16,5000,200000,3981,class_cap,1,3029,4989,2632,shared,279404,2121,1770,15920,7934,445,52,1057,1068,0,184,0,0.000002384185791015625,0,20.064,13.450,17.288,2.96,8ecdc098
glyph16_U0065,glyph16,5000,200000,4035,class_cap,1,2965,4993,2660,shared,282724,2159,1818,16512,8086,458,53,1081,1096,0,186,0,0.0000016689300537109375,0,20.049,14.143,17.312,2.97,8ecdc098
glyph16_U0066,glyph16,5000,200000,1245,class_cap,2,6766,4781,1109,shared,82460,809,447,4944,1821,161,20,299,307,0,48,0,0.0000006854534149169922,0,87.865,5.192,86.831,2.48,8ecdc098
glyph16_U0067,glyph16,5000,200000,5969,class_cap,1,2275,5000,2914,shared,369424,3173,2569,24320,11540,694,78,1694,1694,0,253,0,0.000003427267074584961,0,22.764,19.861,18.196,3.27,8ecdc098
glyph16_U0068,glyph16,5000,200000,2145,class_cap,1,3873,4881,2052,shared,173920,1221,875,8992,3882,251,30,545,554,0,112,0,0.0000013709068298339844,0,15.509,8.127,14.012,2.64,8ecdc098
glyph16_U0069,glyph16,5000,200000,293,class_cap,4,16090,3725,527,tree_cheaper,15424,321,87,992,242,61,8,46,60,0,13,0,0.000000476837158203125,0,180.490,1.601,179.880,1.86,8ecdc098
glyph16_U006A,glyph16,5000,200000,1211,class_cap,2,6745,4718,1083,shared,82636,771,450,5024,1828,159,19,303,309,0,49,0,0.0000030994415283203125,0,46.746,5.058,45.682,2.45,8ecdc098
glyph16_U006B,glyph16,5000,200000,347,class_cap,3,10682,3764,584,tree_cheaper,19072,359,174,1840,653,84,9,83,106,0,28,0,0.0000016689300537109375,0,96.493,1.985,95.900,1.89,8ecdc098
glyph16_U006C,glyph16,5000,200000,1143,class_cap,2,6691,4789,1067,shared,75932,695,432,4896,1773,150,17,294,304,0,47,0,0.0000015497207641601563,0,63.705,4.544,62.716,2.47,8ecdc098
glyph16_U006D,glyph16,5000,200000,4133,class_cap,1,3053,4992,2614,shared,264376,2273,1741,17248,7748,468,56,1078,1091,23,181,0,0.000001430511474609375,0,19.868,14.365,17.080,2.98,8ecdc098
glyph16_U006E,glyph16,5000,200000,2145,class_cap,1,3872,4882,2053,shared,173888,1221,876,9008,3882,251,30,545,554,0,112,0,0.000002384185791015625,0,15.431,8.707,13.894,2.64,8ecdc098
glyph16_U006F,glyph16,5000,200000,3863,class_cap,1,3231,4994,2545,shared,274856,2007,1632,15904,7358,410,49,1010,1010,17,177,0,0.0000019073486328125,0,19.361,13.162,16.822,2.87,8ecdc098
glyph16_U0070,glyph16,5000,200000,3981,class_cap,1,3035,4989,2627,shared,278948,2121,1770,16000,7954,444,52,1063,1067,0,185,0,0.000002384185791015625,0,19.795,13.150,17.158,2.96,8ecdc098
glyph16_U0071,glyph16,5000,200000,3981,class_cap,1,3030,4992,2638,shared,281344,2121,1765,16176,7926,449,52,1077,1077,0,185,0,0.0000021457672119140625,0,19.680,13.566,16.918,2.96,8ecdc098
glyph16_U0072,glyph16,5000,200000,2127,class_cap,1,3860,4883,2059,shared,174756,1183,879,8960,3883,243,29,532,541,0,110,0,0.0000010728836059570313,0,15.533,8.680,14.049,2.64,8ecdc098
glyph16_U0073,glyph16,5000,200000,5739,class_cap,1,2234,5000,2942,shared,367712,3051,2526,23488,11279,670,75,1631,1631,0,247,0,0.000001728534698486328,0,21.352,19.933,17.241,3.24,8ecdc098
glyph16_U0074,glyph16,5000,200000,1245,class_cap,2,6723,4784,1103,shared,81604,809,441,4912,1798,160,20,298,306,0,47,0,0.0000006556510925292969,0,74.177,5.741,73.143,2.48,8ecdc098
glyph16_U0075,glyph16,5000,200000,2145,class_cap,1,3868,4877,2058,shared,188680,1221,864,8832,3815,252,30,540,556,0,105,0,0.000001728534698486328,0,15.429,8.351,13.933,2.64,8ecdc098
glyph16_U0076,glyph16,5000,200000,207,class_cap,3,8160,2821,398,tree_cheaper,11088,207,114,1328,437,53,5,52,64,0,20,0,0.000000476837158203125,0,58.547,1.191,58.037,1.38,8ecdc098
glyph16_U0077,glyph16,5000,200000,359,class_cap,3,10514,3688,573,tree_cheaper,17924,359,193,2144,791,87,9,102,126,0,30,0,0.0000019073486328125,0,106.165,2.016,105.601,1.86,8ecdc098
glyph16_U0078,glyph16,5000,200000,359,class_cap,3,10180,4081,719,tree_cheaper,25772,359,200,2064,828,86,9,85,120,0,35,0,0.0000007748603820800781,0,104.374,1.857,103.806,1.94,8ecdc098
glyph16_U0079,glyph16,5000,200000,1693,class_cap,1,3917,4808,1842,shared,157720,977,700,7712,3110,210,24,437,449,0,103,0,0.0000011920928955078125,0,13.652,6.120,12.443,2.61,8ecdc098
glyph16_U007A,glyph16,5000,200000,267,class_cap,3,9092,2847,407,tree_cheaper,11148,283,120,1312,401,64,7,56,72,0,20,0,0.000003337860107421875,0,71.613,1.393,71.102,1.40,8ecdc098
glyph16_U007B,glyph16,5000,200000,4101,class_cap,1,2970,4994,2672,shared,280960,2273,1826,18048,8048,487,56,1130,1145,0,189,0,0.0000013113021850585938,0,19.840,14.153,17.051,2.99,8ecdc098
glyph16_U007C,glyph16,5000,200000,123,class_cap,5,15936,4327,518,tree_cheaper,12268,131,46,576,128,35,3,20,30,0,6,0,0.0000002980232238769531,0,272.819,0.841,272.348,2.20,8ecdc098
glyph16_U007D,glyph16,5000,200000,4101,class_cap,1,2983,4994,2669,shared,283368,2273,1819,17936,8048,487,56,1133,1143,1,190,0,0.0000011920928955078125,0,19.938,13.133,16.544,2.99,8ecdc098
glyph16_U007E,glyph16,5000,200000,3995,class_cap,1,3017,4983,2646,shared,286396,2083,1801,16048,8043,440,51,1061,1066,0,184,0,0,0,18.112,12.735,15.511,2.95,8ecdc098
glyph32_U0020,glyph32,5000,200000,1,quiesced,1,0,1,1,tree_cheaper,4,1,1,164,0,1,0,0,0,0,0,0,0,0,0.234,0.207,0.012,0.00,8ecdc098
glyph32_U0021,glyph32,5000,200000,267,class_cap,3,8771,2674,375,tree_cheaper,9768,283,105,1216,362,56,7,48,54,0,16,0,0,0,65.101,1.481,64.699,1.37,8ecdc098
glyph32_U0022,glyph32,5000,200000,191,quiesced,7,17694,1642,151,tree_cheaper,2276,207,62,736,175,46,5,31,49,0,8,0,0,0,118.895,1.135,118.470,0.84,8ecdc098
glyph32_U0023,glyph32,5000,200000,647,class_cap,2,5950,3379,737,tree_cheaper,37612,663,272,2528,1051,137,17,128,199,0,37,0,0.000002384185791015625,0,21.480,3.106,20.740,1.80,8ecdc098
glyph32_U0024,glyph32,5000,200000,6151,class_cap,1,2184,5000,2952,shared,289592,3363,2740,27312,12119,744,83,1777,1777,1,265,0,0.0000029802322387695313,0,21.546,20.064,16.966,3.19,8ecdc098
glyph32_U0025,glyph32,5000,200000,8791,class_cap,1,843,5000,4175,tree_cheaper,705624,4599,3921,36304,17484,3891,257,7522,9970,280,41,0,0.0000013113021850585938,0,25.507,79.252,18.178,3.73,8ecdc098
glyph32_U0026,glyph32,5000,200000,7719,class_cap,1,1278,5000,3741,tree_cheaper,642792,4103,3509,33120,15451,3471,225,7257,8809,242,39,0,0.000001728534698486328,0,23.250,69.580,17.034,3.61,8ecdc098
glyph32_U0027,glyph32,5000,200000,123,quiesced,7,12774,1152,108,tree_cheaper,1208,131,46,592,124,33,3,18,28,0,6,0,0,0,71.996,0.739,71.658,0.64,8ecdc098
glyph32_U0028,glyph32,5000,200000,1959,class_cap,1,3850,4862,2019,shared,185964,1031,761,7920,3417,210,25,490,490,0,93,0,0.0000006556510925292969,0,14.546,7.015,13.231,2.61,8ecdc098
glyph32_U0029,glyph32,5000,200000,1777,class_cap,1,3932,4863,1901,shared,169444,953,692,7312,3119,197,23,448,448,0,89,0,0.0000011920928955078125,0,13.841,6.813,12.608,2.63,8ecdc098
glyph32_U002A,glyph32,5000,200000,647,class_cap,2,6378,3765,878,tree_cheaper,44764,663,302,2976,1204,134,17,119,187,0,46,0,0.00000095367431640625,0,21.048,2.972,20.347,1.99,8ecdc098
glyph32_U002B,glyph32,5000,200000,259,class_cap,5,18015,2289,250,tree_cheaper,5468,283,73,816,205,52,7,37,46,0,10,0,0,0,85.657,1.445,85.171,1.16,8ecdc098
glyph32_U002C,glyph32,5000,200000,199,class_cap,4,13534,2553,275,tree_cheaper,5756,207,93,1104,314,51,5,43,58,0,15,0,0.000000476837158203125,0,68.528,1.245,68.102,1.30,8ecdc098
glyph32_U002D,glyph32,5000,200000,123,quiesced,7,12610,1138,110,tree_cheaper,1232,131,47,624,124,33,3,18,28,0,6,0,0,0,67.039,0.959,66.708,0.59,8ecdc098
glyph32_U002E,glyph32,5000,200000,123,class_cap,5,18246,3542,550,tree_cheaper,10960,131,43,544,120,33,3,18,28,0,6,0,0,0,191.812,0.955,191.383,1.68,8ecdc098
glyph32_U002F,glyph32,5000,200000,131,class_cap,4,11709,2981,405,tree_cheaper,9632,131,66,864,222,35,3,28,34,0,11,0,0.0000019073486328125,0,87.386,0.804,86.961,1.40,8ecdc098
glyph32_U0030,glyph32,5000,200000,5767,class_cap,1,2286,5000,2906,shared,376992,2983,2408,22336,10954,641,73,1607,1607,0,236,0,0.0000020265579223632813,0,21.534,17.263,17.524,3.23,8ecdc098
glyph32_U0031,glyph32,5000,200000,301,class_cap,3,9593,3104,462,tree_cheaper,13408,321,133,1408,445,75,8,67,96,0,21,0,0.0000008344650268554688,0,79.652,1.633,79.111,1.46,8ecdc098
glyph32_U0032,glyph32,5000,200000,3827,class_cap,1,3048,4992,2639,shared,263620,2043,1755,16112,7798,429,50,1015,1020,0,185,0,0.0000011920928955078125,0,18.763,12.189,16.443,2.94,8ecdc098
glyph32_U0033,glyph32,5000,200000,5901,class_cap,1,2247,5000,2932,shared,373548,3097,2548,23216,11458,675,76,1662,1662,0,247,0,0.0000007152557373046875,0,21.122,18.144,17.004,3.26,8ecdc098
glyph32_U0034,glyph32,5000,200000,335,class_cap,3,9777,3051,450,tree_cheaper,13660,359,129,1376,432,72,9,64,79,0,20,0,0.00000095367431640625,0,85.486,1.689,84.921,1.45,8ecdc098
glyph32_U0035,glyph32,5000,200000,4031,class_cap,1,3018,4993,2640,shared,281000,2159,1787,16464,7952,457,53,1083,1093,0,187,0,0.00000286102294921875,0,19.991,12.740,17.260,2.96,8ecdc098
glyph32_U0036,glyph32,5000,200000,5793,class_cap,1,2258,5000,2921,shared,369360,3021,2527,22464,11401,654,74,1627,1627,0,248,0,0.000002205371856689453,0,21.665,17.694,17.637,3.24,8ecdc098
glyph32_U0037,glyph32,5000,200000,199,class_cap,4,15233,3534,487,tree_cheaper,12536,207,97,1152,330,53,5,45,60,0,19,0,0.00000095367431640625,0,166.903,1.223,166.399,1.70,8ecdc098
glyph32_U0038,glyph32,5000,200000,7671,class_cap,1,1508,5000,3543,tree_cheaper,625984,3959,3325,30640,14789,3320,221,6494,8516,247,27,0,0.0000004172325134277344,0,23.687,74.419,17.688,3.57,8ecdc098
glyph32_U0039,glyph32,5000,200000,5833,class_cap,1,2264,5000,2922,shared,370652,3021,2547,22272,11498,656,74,1631,1631,0,248,0,0.000003337860107421875,0,21.087,18.704,17.012,3.24,8ecdc098
glyph32_U003A,glyph32,5000,200000,191,class_cap,4,12594,2762,371,tree_cheaper,8600,207,52,624,143,38,5,23,23,0,7,0,0,0,102.345,1.026,101.922,1.37,8ecdc098
glyph32_U003B,glyph32,5000,200000,267,class_cap,3,8699,2710,362,tree_cheaper,9480,283,122,1392,413,65,7,57,81,0,18,0,0.000000476837158203125,0,48.735,1.455,48.380,1.37,8ecdc098
glyph32_U003C,glyph32,5000,200000,309,class_cap,3,9174,3095,488,tree_cheaper,14300,321,156,1680,571,77,8,76,93,0,24,0,0.0000019073486328125,0,59.738,1.636,59.262,1.46,8ecdc098
glyph32_U003D,glyph32,5000,200000,191,class_cap,4,11779,3764,691,tree_cheaper,16468,207,54,656,148,40,5,25,25,0,7,0,0,0,113.449,1.078,112.480,1.88,8ecdc098
glyph32_U003E,glyph32,5000,200000,309,class_cap,3,9133,3088,493,tree_cheaper,14932,321,156,1664,571,77,8,76,92,0,24,0,0.0000021457672119140625,0,64.006,1.808,63.481,1.45,8ecdc098
glyph32_U003F,glyph32,5000,200000,4159,class_cap,1,2890,4995,2715,shared,269600,2311,1879,18944,8267,499,57,1167,1167,3,196,0,0.0000030994415283203125,0,20.338,13.203,17.226,3.00,8ecdc098
glyph32_U0040,glyph32,5000,200000,7803,class_cap,1,1378,5000,3665,tree_cheaper,639932,4111,3434,31968,15241,3420,227,6913,8713,251,32,0,0.0000006556510925292969,0,24.037,73.703,17.800,3.61,8ecdc098
glyph32_U0041,glyph32,5000,200000,283,class_cap,3,9718,3699,575,tree_cheaper,18620,283,160,1760,633,71,7,77,95,0,23,0,0.00000095367431640625,0,88.195,1.475,87.629,1.86,8ecdc098
glyph32_U0042,glyph32,5000,200000,3965,class_cap,1,3044,4990,2637,shared,264408,2121,1772,16176,7902,447,52,1067,1074,0,184,0,0.0000019073486328125,0,19.595,13.438,17.096,2.96,8ecdc098
glyph32_U0043,glyph32,5000,200000,3963,class_cap,1,3023,4994,2636,shared,283268,2083,1770,16000,7954,438,51,1060,1060,0,184,0,0.00000095367431640625,0,19.436,13.089,16.880,2.95,8ecdc098
glyph32_U0044,glyph32,5000,200000,2027,class_cap,1,3915,4870,2012,shared,198780,1107,812,8448,3644,230,27,519,524,0,103,0,0.0000007152557373046875,0,15.261,7.534,13.803,2.61,8ecdc098
glyph32_U0045,glyph32,5000,200000,259,class_cap,4,15297,3532,497,tree_cheaper,13872,283,83,928,226,58,7,43,61,0,14,0,0,0,142.984,1.376,142.430,1.71,8ecdc098
glyph32_U0046,glyph32,5000,200000,225,class_cap,4,14175,3185,433,tree_cheaper,11116,245,72,784,196,51,6,36,50,0,12,0,0,0,119.832,1.196,119.310,1.45,8ecdc098
glyph32_U0047,glyph32,5000,200000,4031,class_cap,1,2983,4994,2660,shared,282724,2159,1801,17104,8009,461,53,1101,1101,0,186,0,0.00000196695327758789,0,19.302,12.990,16.329,2.97,8ecdc098
glyph32_U0048,glyph32,5000,200000,259,class_cap,4,14394,3203,428,tree_cheaper,11336,283,68,752,195,52,7,37,46,0,10,0,0.000000476837158203125,0,121.972,1.357,121.436,1.46,8ecdc098
glyph32_U0049,glyph32,5000,200000,259,class_cap,4,14631,3221,428,tree_cheaper,11316,283,70,768,201,52,7,37,46,0,10,0,0,0,136.713,1.344,136.146,1.46,8ecdc098
glyph32_U004A,glyph32,5000,200000,2111,class_cap,1,3864,4876,2061,shared,188276,1183,861,8992,3799,248,29,548,553,0,104,0,0.0000004731118679046631,0,15.831,7.821,14.492,2.64,8ecdc098
glyph32_U004B,glyph32,5000,200000,347,class_cap,3,10620,3750,581,tree_cheaper,19040,359,171,1792,649,83,9,82,105,0,27,0,0.000003814697265625,0,96.736,1.814,96.084,1.89,8ecdc098
glyph32_U004C,glyph32,5000,200000,157,class_cap,4,12136,2669,356,tree_cheaper,8104,169,55,656,151,41,4,26,40,0,9,0,0,0,90.184,1.051,89.625,1.33,8ecdc098
glyph32_U004D,glyph32,5000,200000,343,class_cap,3,10275,3654,558,tree_cheaper,17124,359,159,1680,594,83,9,82,112,0,23,0,0.00000095367431640625,0,85.540,1.833,84.971,1.87,8ecdc098
glyph32_U004E,glyph32,5000,200000,267,class_cap,3,8669,2645,368,tree_cheaper,9820,283,104,1152,334,63,7,48,75,0,15,0,0.0000019073486328125,0,56.596,1.688,56.125,1.36,8ecdc098
glyph32_U004F,glyph32,5000,200000,3863,class_cap,1,3153,4991,2585,shared,278004,2007,1685,15456,7581,412,49,1012,1012,0,180,0,0.000003695487976074219,0,19.230,12.332,16.860,2.87,8ecdc098
glyph32_U0050,glyph32,5000,200000,2061,class_cap,1,3899,4874,2030,shared,199716,1145,828,8560,3683,236,28,523,530,0,104,0,0.000002205371856689453,0,15.454,7.769,14.005,2.62,8ecdc098
glyph32_U0051,glyph32,5000,200000,4461,class_cap,1,2783,4998,2739,shared,296164,2365,1931,17888,8708,508,58,1237,1237,0,197,0,0.000001430511474609375,0,20.077,14.114,17.121,3.02,8ecdc098
glyph32_U0052,glyph32,5000,200000,3105,class_cap,1,3235,4972,2477,shared,235860,1709,1445,13712,6383,350,42,785,804,0,168,0,0.000001430511474609375,0,18.358,10.352,16.309,2.79,8ecdc098
glyph32_U0053,glyph32,5000,200000,5943,class_cap,1,2225,5000,2942,shared,293172,3135,2623,23920,11756,686,77,1680,1680,0,254,0,0.0000021457672119140625,0,22.111,18.530,17.856,3.24,8ecdc098
glyph32_U0054,glyph32,5000,200000,191,class_cap,4,13286,2882,373,tree_cheaper,8628,207,62,704,178,47,5,32,50,0,9,0,0,0,109.558,1.069,109.059,1.39,8ecdc098
glyph32_U0055,glyph32,5000,200000,4031,class_cap,1,3049,4991,2644,shared,289088,2159,1758,16672,7838,450,53,1064,1078,10,183,0,0.000002384185791015625,0,19.578,12.841,16.996,2.96,8ecdc098
glyph32_U0056,glyph32,5000,200000,207,class_cap,3,8160,2821,398,tree_cheaper,11088,207,114,1328,437,53,5,52,64,0,20,0,0.00000095367431640625,0,58.768,1.181,58.233,1.38,8ecdc098
glyph32_U0057,glyph32,5000,200000,359,class_cap,3,10887,3864,611,tree_cheaper,17848,359,194,2128,796,89,9,104,128,0,32,0,0.000001430511474609375,0,136.392,2.085,135.814,1.89,8ecdc098
glyph32_U0058,glyph32,5000,200000,359,class_cap,3,10197,4050,720,tree_cheaper,25924,359,205,2128,842,87,9,86,122,0,36,0,0.0000019073486328125,0,108.254,1.833,107.704,1.94,8ecdc098
glyph32_U0059,glyph32,5000,200000,275,class_cap,3,9522,3253,488,tree_cheaper,13852,283,140,1520,534,69,7,68,89,0,20,0,0.00000095367431640625,0,76.308,1.489,75.808,1.67,8ecdc098
glyph32_U005A,glyph32,5000,200000,267,class_cap,3,9221,2922,418,tree_cheaper,11368,283,126,1360,420,68,7,60,84,0,21,0,0.000002384185791015625,0,72.826,1.439,72.358,1.41,8ecdc098
glyph32_U005B,glyph32,5000,200000,191,quiesced,7,16687,1527,152,tree_cheaper,2372,207,64,752,170,44,5,29,39,0,10,0,0,0,101.789,1.222,101.354,0.71,8ecdc098
glyph32_U005C,glyph32,5000,200000,131,class_cap,4,11752,2957,398,tree_cheaper,9460,131,70,912,230,35,3,28,34,0,11,0,0.00000095367431640625,0,90.581,0.849,90.085,1.39,8ecdc098
glyph32_U005D,glyph32,5000,200000,191,quiesced,7,16993,1558,153,tree_cheaper,2360,207,65,752,175,45,5,30,39,0,10,0,0,0,117.358,1.088,116.948,0.72,8ecdc098
glyph32_U005E,glyph32,5000,200000,207,class_cap,3,8188,3207,530,tree_cheaper,15384,207,117,1376,441,53,5,52,64,0,20,0,0.00000095367431640625,0,45.637,1.208,45.195,1.47,8ecdc098
glyph32_U005F,glyph32,5000,200000,123,class_cap,5,17277,3085,434,tree_cheaper,9500,131,44,576,115,31,3,18,28,0,5,0,0.000001728534698486328,0,224.046,0.783,223.653,1.40,8ecdc098
glyph32_U0060,glyph32,5000,200000,131,class_cap,4,12657,3671,679,tree_cheaper,13440,131,74,960,240,35,3,28,34,0,11,0,0.00000286102294921875,0,69.687,0.870,69.270,1.84,8ecdc098
glyph32_U0061,glyph32,5000,200000,5517,class_cap,1,2274,5000,2907,shared,367152,2929,2393,22416,10690,642,72,1560,1560,0,234,0,0.0000012814998626708984,0,20.825,17.563,16.886,3.21,8ecdc098
glyph32_U0062,glyph32,5000,200000,3981,class_cap,1,3026,4992,2640,shared,281268,2121,1779,16304,7964,448,52,1076,1076,0,188,0,0.000001430511474609375,0,19.575,13.367,16.944,2.96,8ecdc098
glyph32_U0063,glyph32,5000,200000,3963,class_cap,1,3016,4994,2639,shared,282700,2083,1773,16048,7956,439,51,1063,1063,0,185,0,0.0000016689300537109375,0,19.743,13.052,16.804,2.95,8ecdc098
glyph32_U0064,glyph32,5000,200000,3981,class_cap,1,3029,4989,2632,shared,279404,2121,1770,15920,7934,445,52,1057,1068,0,184,0,0.0000011920928955078125,0,20.277,12.392,17.655,2.96,8ecdc098
glyph32_U0065,glyph32,5000,200000,4035,class_cap,1,2965,4993,2660,shared,282724,2159,1818,16512,8086,458,53,1081,1096,0,186,0,0.0000011920928955078125,0,20.163,13.253,17.176,2.97,8ecdc098
glyph32_U0066,glyph32,5000,200000,1245,class_cap,2,6766,4781,1109,shared,82460,809,447,4944,1821,161,20,299,307,0,48,0,0.00000005960464477539064,0,88.177,5.282,87.157,2.48,8ecdc098
glyph32_U0067,glyph32,5000,200000,5969,class_cap,1,2275,5000,2914,shared,369424,3173,2569,24320,11540,694,78,1694,1694,0,253,0,0.0000016689300537109375,0,22.160,18.893,17.668,3.27,8ecdc098
glyph32_U0068,glyph32,5000,200000,2145,class_cap,1,3873,4881,2052,shared,173920,1221,875,8992,3882,251,30,545,554,0,112,0,0.0000024437904357910156,0,16.029,8.197,14.196,2.64,8ecdc098
glyph32_U0069,glyph32,5000,200000,293,class_cap,4,16090,3725,527,tree_cheaper,15424,321,87,992,242,61,8,46,60,0,13,0,0,0,180.498,1.536,179.960,1.86,8ecdc098
glyph32_U006A,glyph32,5000,200000,1211,class_cap,2,6745,4718,1083,shared,82636,771,450,5024,1828,159,19,303,309,0,49,0,0.0000010728836059570313,0,48.090,4.458,47.146,2.45,8ecdc098
glyph32_U006B,glyph32,5000,200000,347,class_cap,3,10682,3764,584,tree_cheaper,19072,359,174,1840,653,84,9,83,106,0,28,0,0.0000019073486328125,0,99.213,1.767,98.660,1.89,8ecdc098
glyph32_U006C,glyph32,5000,200000,1143,class_cap,2,6691,4789,1067,shared,75932,695,432,4896,1773,150,17,294,304,0,47,0,0.0000001788139343261719,0,61.635,4.551,60.652,2.47,8ecdc098
glyph32_U006D,glyph32,5000,200000,4133,class_cap,1,3053,4992,2614,shared,264376,2273,1741,17248,7748,468,56,1078,1091,23,181,0,0.0000019073486328125,0,19.986,14.020,17.113,2.98,8ecdc098
glyph32_U006E,glyph32,5000,200000,2145,class_cap,1,3872,4882,2053,shared,173888,1221,876,9008,3882,251,30,545,554,0,112,0,0.000000476837158203125,0,15.676,7.934,14.220,2.64,8ecdc098
glyph32_U006F,glyph32,5000,200000,3863,class_cap,1,3231,4994,2545,shared,274856,2007,1632,15904,7358,410,49,1010,1010,17,177,0,0.0000026226043701171875,0,19.383,11.853,16.926,2.87,8ecdc098
glyph32_U0070,glyph32,5000,200000,3981,class_cap,1,3035,4989,2627,shared,278948,2121,1770,16000,7954,444,52,1063,1067,0,185,0,0.000001430511474609375,0,19.491,12.257,16.740,2.96,8ecdc098
glyph32_U0071,glyph32,5000,200000,3981,class_cap,1,3030,4992,2638,shared,281344,2121,1765,16176,7926,449,52,1077,1077,0,185,0,0.0000028312206268310547,0,18.655,13.051,16.116,2.96,8ecdc098
glyph32_U0072,glyph32,5000,200000,2127,class_cap,1,3860,4883,2059,shared,174756,1183,879,8960,3883,243,29,532,541,0,110,0,0.000005066394805908203,0,14.636,8.032,13.302,2.64,8ecdc098
glyph32_U0073,glyph32,5000,200000,5739,class_cap,1,2234,5000,2942,shared,367712,3051,2526,23488,11279,670,75,1631,1631,0,247,0,0.0000008344650268554688,0,21.436,19.322,17.260,3.24,8ecdc098
glyph32_U0074,glyph32,5000,200000,1245,class_cap,2,6723,4784,1103,shared,81604,809,441,4912,1798,160,20,298,306,0,47,0,0.0000002384185791015625,0,74.627,5.141,73.365,2.48,8ecdc098
glyph32_U0075,glyph32,5000,200000,2145,class_cap,1,3868,4877,2058,shared,188680,1221,864,8832,3815,252,30,540,556,0,105,0,0.000000476837158203125,0,15.804,7.892,14.383,2.64,8ecdc098
glyph32_U0076,glyph32,5000,200000,207,class_cap,3,8160,2821,398,tree_cheaper,11088,207,114,1328,437,53,5,52,64,0,20,0,0.00000095367431640625,0,60.981,1.149,60.509,1.38,8ecdc098
glyph32_U0077,glyph32,5000,200000,359,class_cap,3,10514,3688,573,tree_cheaper,17924,359,193,2144,791,87,9,102,126,0,30,0,0.000001430511474609375,0,107.688,1.821,107.151,1.86,8ecdc098
glyph32_U0078,glyph32,5000,200000,359,class_cap,3,10180,4081,719,tree_cheaper,25772,359,200,2064,828,86,9,85,120,0,35,0,0.0000015497207641601563,0,105.613,1.889,104.973,1.94,8ecdc098
glyph32_U0079,glyph32,5000,200000,1693,class_cap,1,3917,4808,1842,shared,157720,977,700,7712,3110,210,24,437,449,0,103,0,0.0000014901161193847656,0,13.800,6.339,12.566,2.61,8ecdc098
glyph32_U007A,glyph32,5000,200000,267,class_cap,3,9092,2847,407,tree_cheaper,11148,283,120,1312,401,64,7,56,72,0,20,0,0.0000002384185791015625,0,72.344,1.445,71.801,1.40,8ecdc098
glyph32_U007B,glyph32,5000,200000,4101,class_cap,1,2970,4994,2672,shared,280960,2273,1826,18048,8048,487,56,1130,1145,0,189,0,0.0000011920928955078125,0,19.928,13.946,17.168,2.99,8ecdc098
glyph32_U007C,glyph32,5000,200000,123,class_cap,5,15936,4327,518,tree_cheaper,12268,131,46,576,128,35,3,20,30,0,6,0,0,0,276.422,0.840,275.918,2.20,8ecdc098
glyph32_U007D,glyph32,5000,200000,4101,class_cap,1,2983,4994,2669,shared,283368,2273,1819,17936,8048,487,56,1133,1143,1,190,0,0.0000018477439880371096,0,19.897,13.775,17.139,2.99,8ecdc098
glyph32_U007E,glyph32,5000,200000,3995,class_cap,1,3017,4983,2646,shared,286396,2083,1801,16048,8043,440,51,1061,1066,0,184,0,0.00000095367431640625,0,19.214,13.302,16.640,2.95,8ecdc098
psychedelic_packed,psychedelic,5000,200000,1246,class_cap,3,7328,4670,1263,tree_cheaper,45224,1246,112,2368,825,127,1,29,30,0,13,0,0,0,19.853,1.216,19.154,2.32,8ecdc098
shader_cosine_palette,shader,5000,200000,40,class_cap,4,7099,4611,1308,tree_cheaper,59288,40,25,1232,292,133,3,99,102,0,1,0,0,0,19.321,0.992,18.813,2.33,8ecdc098
shader_smooth_min_scene,shader,5000,200000,43,class_cap,8,30052,2609,234,tree_cheaper,5456,43,39,448,132,34,0,0,0,0,2,0,0,0,56.210,0.329,55.864,1.26,8ecdc098
shader_mandelbrot_distance,shader,5000,200000,152,class_cap,4,15340,3675,415,shared,16048,152,96,1408,518,141,19,12,43,0,4,0,0,0,31.727,3.557,31.323,1.80,8ecdc098
shader_star_sdf,shader,5000,200000,66,class_cap,4,7717,3878,638,tree_cheaper,48548,66,58,640,172,56,1,0,2,0,2,0,0,0,16.434,0.467,16.047,1.89,8ecdc098
shader_gyroid_slice,shader,5000,200000,40,quiesced,9,4675,775,102,tree_cheaper,1520,40,33,2768,932,163,4,124,128,0,8,0,0,0,12.684,1.904,12.424,0.35,8ecdc098
shader_plasma,shader,5000,200000,37,class_cap,4,5981,3439,591,tree_cheaper,42332,37,29,1376,359,122,3,87,90,0,4,0,0,0,12.253,1.044,11.917,1.49,8ecdc098
shader_domain_warp_fbm,shader,5000,200000,84,class_cap,3,6948,4591,1244,tree_cheaper,112556,84,63,1712,457,186,4,116,120,0,5,0,0,0,19.531,1.549,19.081,2.31,8ecdc098
shader_kaleidoscope_fold,shader,5000,200000,46,quiesced,5,319,131,57,tree_cheaper,412,46,40,2032,560,238,10,156,174,0,8,0,0.000006109476089477539,0,1.355,3.215,1.167,0.09,8ecdc098
shader_metaballs,shader,5000,200000,62,class_cap,4,10074,2584,286,shared,7632,62,50,480,155,43,1,0,0,0,3,0,0,0,52.796,0.540,52.386,1.30,8ecdc098
shader_julia_set,shader,5000,200000,122,class_cap,5,14158,4535,819,tree_cheaper,32664,122,123,2064,717,210,14,58,67,0,5,0,0,0,30.662,3.717,30.200,2.28,8ecdc098
shader_smoothstep_vignette,shader,5000,200000,64,quiesced,5,1074,283,82,tree_cheaper,1064,64,49,544,194,41,0,0,0,0,7,0,0.0000012069940567016602,0,3.368,0.331,3.119,0.15,8ecdc098
shader_torus_slice,shader,5000,200000,38,class_cap,8,15310,2750,205,shared,5560,38,31,368,130,25,0,0,0,0,3,0,0,0,28.488,0.336,28.135,1.29,8ecdc098
cellgrid_80x24_d2,cellgrid,50000,200000,667,class_cap,4,70275,44441,8233,shared,1889060,667,117,2560,427,217,0,0,0,5,19,0,0,0,141.316,0.633,139.607,21.74,8ecdc098
chrome_packed,chrome,50000,200000,390815,class_cap,3,78903,46074,10256,shared,267784,335411,518,4000,2214,512,17,824,828,33,4,0,0,0,2473.519,5.943,2320.669,43.16,8ecdc098
chrome_R,chrome_channel,50000,200000,133101,class_cap,3,77581,45777,10205,shared,259756,114633,428,3232,2002,425,9,657,661,34,3,0,0.000018477439880371097,0,2547.740,3.511,2506.587,28.96,8ecdc098
psychedelic_packed,psychedelic,50000,200000,1246,class_cap,5,103075,47130,7712,tree_cheaper,156696,1246,111,2352,829,127,1,29,30,0,12,0,0,0,247.570,1.042,243.760,21.63,8ecdc098
cellgrid_80x24_d2,cellgrid,50000,2000000,667,class_cap,4,70275,44441,8233,shared,1889060,667,117,2560,427,217,0,0,0,5,19,0,0,0,142.735,0.782,140.413,21.74,8ecdc098
chrome_packed,chrome,50000,2000000,390815,class_cap,3,78903,46074,10256,shared,267784,335411,518,4000,2214,512,17,824,828,33,4,0,0,0,2456.772,5.344,2299.413,43.16,8ecdc098
chrome_R,chrome_channel,50000,2000000,133101,class_cap,3,77581,45777,10205,shared,259756,114633,428,3232,2002,425,9,657,661,34,3,0,0.000018477439880371097,0,2504.338,3.750,2464.964,28.96,8ecdc098
psychedelic_packed,psychedelic,50000,2000000,1246,class_cap,5,103075,47130,7712,tree_cheaper,156696,1246,111,2352,829,127,1,29,30,0,12,0,0,0,244.480,1.022,240.599,21.63,8ecdc098
