name,group,population,extent_w,extent_h,nodes_reachable,nodes_hashcons,splice_factor,tree_nodes,selects,compares,compares_feeding_selects,select_masks_shared,arm_true_med,arm_false_med,arm_excl_true_med,arm_excl_false_med,arm_excl_frac,gathers,buffers,uniforms,transcendentals,depth,ops,nodes_lowered,nodes_lowered_hc,input_dag_cost,input_tree_cost,input_sharing,tier_iters,class_cap,stop,iterations,applications,unions,classes,opt_ms,ext_nodes,ext_trip_tree_cost,ext_trip_dag_cost,ext_trip_sharing,ext_tree_cost,ext_dag_cost,ext_sharing,ext_selects,dag_cost_delta_pct,emit,bytes,spill_slots,hoisted,carried,frame_instr,row_instr,body_instr,frame_frac,row_frac,body_frac,frame_mem,row_mem,body_mem,body_remats,dyn_memory_ops,dyn_instructions,rule_hist,sched_len,sched_selects,guard_exclusive,guard_guarded,guard_exclusive_frac,guard_guarded_frac,guard_guarded_selects,guard_exclusive_selects,guard_select_frac,guard_lost_frac,classes_at_cap,quiesced,has_select,has_gather,has_transc,dup_gt_1,ext_shares,hoist_frac,class_per_hc_node,apps_per_hc_node,ext_shrink,lower_growth,sat_noop,sel_per_100,cmp_per_100,bytes_per_hc_node
cellgrid:120x40_d2,cellgrid,real,2400.0,1280.0,623.0,131.0,4.756,3211.0,4.0,4.0,0.0,1.0,64.0,1.0,64.0,1.0,0.992,14.0,2.0,0.0,0.0,28.0,Add:20;BitAnd:3;BitOr:3;Buffer:2;Const:22;Floor:4;Gather:14;Ge:2;Lt:2;Max:4;Min:6;Mul:23;Select:4;Shl:4;Sub:12;TruncToInt:4;Var:2,623.0,131.0,471.0,8131.0,17.263,100.0,5000.0,ClassCap,3.0,6952.0,3305.0,4582.0,21.2,121.0,16539130880.0,1228839680.0,13.459,7379.0,431.0,17.121,4.0,-8.49,ok,2912.0,8.0,13.0,13.0,0.0,85.0,212.0,0.0,0.286,0.714,0.0,0.0,24.0,54.0,18432000.0,162924800.0,fma-fusion:1606;commutative(Add):824;associative(Add):706;commutative(Mul):656;reverse-associative(Add):652;factor:635;reverse-associative(Mul):561;associative(Mul):542;distribute:499;identity(Mul):173;canonicalize(Sub):36;commutative(Min):34;commutative(Max):20;constant-fold:8,535,8,176,176,0.32897196261682243,0.32897196261682243,8,8,1.0,0.0,1.0,0.0,1.0,1.0,0.0,1.0,1.0,0.28619528619528617,34.97709923664122,53.06870229007634,0.9236641221374046,1.0,0.0,3.053435114503817,3.053435114503817,22.229007633587788
cellgrid:80x24_d1,cellgrid,real,800.0,384.0,623.0,128.0,4.867,3211.0,4.0,4.0,0.0,1.0,62.0,1.0,62.0,1.0,0.992,14.0,2.0,0.0,0.0,28.0,Add:20;BitAnd:3;BitOr:3;Buffer:2;Const:20;Floor:4;Gather:14;Ge:2;Lt:2;Max:4;Min:6;Mul:22;Select:4;Shl:4;Sub:12;TruncToInt:4;Var:2,623.0,128.0,466.0,8131.0,17.448,100.0,5000.0,ClassCap,3.0,6955.0,3308.0,4582.0,21.1,118.0,1654424064.0,121355904.0,13.633,7379.0,426.0,17.322,4.0,-8.58,ok,2848.0,8.0,13.0,13.0,0.0,85.0,210.0,0.0,0.288,0.712,0.0,0.0,24.0,54.0,1843200.0,16160640.0,fma-fusion:1609;commutative(Add):824;associative(Add):708;reverse-associative(Add):653;commutative(Mul):651;factor:635;reverse-associative(Mul):562;associative(Mul):543;distribute:499;identity(Mul):173;canonicalize(Sub):36;commutative(Min):34;commutative(Max):20;constant-fold:8,531,8,176,176,0.3314500941619586,0.3314500941619586,8,8,1.0,0.0,1.0,0.0,1.0,1.0,0.0,1.0,1.0,0.288135593220339,35.796875,54.3359375,0.921875,1.0,0.0,3.125,3.125,22.25
cellgrid:80x24_d2,cellgrid,real,1600.0,768.0,623.0,131.0,4.756,3211.0,4.0,4.0,0.0,1.0,64.0,1.0,64.0,1.0,0.992,14.0,2.0,0.0,0.0,28.0,Add:20;BitAnd:3;BitOr:3;Buffer:2;Const:22;Floor:4;Gather:14;Ge:2;Lt:2;Max:4;Min:6;Mul:23;Select:4;Shl:4;Sub:12;TruncToInt:4;Var:2,623.0,131.0,471.0,8131.0,17.263,100.0,5000.0,ClassCap,3.0,6952.0,3305.0,4582.0,20.8,121.0,6616163328.0,491543808.0,13.46,7379.0,431.0,17.121,4.0,-8.49,ok,2896.0,8.0,13.0,13.0,0.0,85.0,212.0,0.0,0.286,0.714,0.0,0.0,24.0,54.0,7372800.0,65191680.0,fma-fusion:1606;commutative(Add):824;associative(Add):706;commutative(Mul):656;reverse-associative(Add):652;factor:635;reverse-associative(Mul):561;associative(Mul):542;distribute:499;identity(Mul):173;canonicalize(Sub):36;commutative(Min):34;commutative(Max):20;constant-fold:8,535,8,176,176,0.32897196261682243,0.32897196261682243,8,8,1.0,0.0,1.0,0.0,1.0,1.0,0.0,1.0,1.0,0.28619528619528617,34.97709923664122,53.06870229007634,0.9236641221374046,1.0,0.0,3.053435114503817,3.053435114503817,22.106870229007633
glyph16:U+0020,glyph16,real,16.0,16.0,1.0,1.0,1.0,1.0,0.0,0.0,0.0,0.0,0.0,0.0,0.0,0.0,0.0,0.0,0.0,0.0,0.0,1.0,Const:1,1.0,1.0,0.0,0.0,1.0,20.0,500.0,Quiesced,1.0,0.0,0.0,1.0,0.0,1.0,0.0,0.0,1.0,0.0,0.0,1.0,0.0,0.0,ok,164.0,0.0,0.0,0.0,0.0,0.0,1.0,0.0,0.0,1.0,0.0,0.0,0.0,0.0,0.0,64.0,,2,0,0,0,0.0,0.0,0,0,nan,nan,0.0,1.0,0.0,0.0,0.0,0.0,0.0,0.0,1.0,0.0,1.0,1.0,0.0,0.0,0.0,164.0
glyph16:U+0021,glyph16,real,16.0,16.0,999.0,562.0,1.778,16635.0,43.0,61.0,24.0,2.0,62.0,1.0,61.0,0.0,0.978,0.0,0.0,0.0,0.0,38.0,Abs:1;Add:63;BitAnd:20;Const:68;Div:18;Dwrt:36;Ge:26;Gt:16;Le:18;Lt:1;Max:25;Min:19;Mul:60;MulAdd:91;Neg:6;Select:43;Sqrt:25;Sub:24;Var:2,1927.0,823.0,3665.0,62067.0,16.935,100.0,5000.0,ClassCap,2.0,6361.0,3316.0,4703.0,25.4,733.0,408654.0,188164.0,2.172,15534.0,3244.0,4.789,57.0,-11.49,ok,7952.0,0.0,79.0,2.0,19.0,572.0,150.0,0.026,0.772,0.202,1.0,77.0,128.0,0.0,9425.0,18771.0,commutative(Mul):1592;fma-fusion:900;commutative(Add):759;reverse-associative(Mul):614;associative(Mul):321;doubling:302;reverse-associative(Add):297;factor:290;halving:237;associative(Add):234;distribute:229;identity(Add):164;constant-fold:127;canonicalize(Sub):80;commutative(Max):75;commutative(Min):57;annihilator:41;canonicalize(Div):36;identity(Mul):6,1048,84,1049,1032,1.0009541984732824,0.9847328244274809,52,59,0.6190476190476191,0.0162059103908484,1.0,0.0,1.0,0.0,0.0,1.0,1.0,0.7975708502024291,5.714459295261239,7.729040097205346,0.8906439854191981,1.4644128113879002,0.0,7.6512455516014235,10.854092526690392,14.149466192170818
glyph16:U+0022,glyph16,real,16.0,16.0,199.0,113.0,1.761,1867.0,5.0,6.0,0.0,1.0,47.0,1.0,46.0,0.0,0.966,0.0,0.0,0.0,0.0,27.0,Abs:1;Add:15;BitAnd:4;Const:21;Div:4;Dwrt:8;Ge:3;Le:2;Lt:1;Max:4;Min:5;Mul:16;MulAdd:8;Select:5;Sqrt:4;Sub:10;Var:2,199.0,115.0,438.0,1817.0,4.148,100.0,5000.0,ClassCap,4.0,12092.0,2453.0,2888.0,89.7,104.0,38696.0,33736.0,1.147,881.0,406.0,2.17,5.0,-7.31,ok,1280.0,0.0,19.0,11.0,31.0,36.0,41.0,0.287,0.333,0.38,8.0,8.0,0.0,0.0,136.0,3231.0,fma-fusion:2396;reverse-associative(Add):1824;associative(Add):1649;commutative(Add):1494;commutative(Mul):835;reverse-associative(Mul):791;identity(Add):637;associative(Mul):591;distribute:511;factor:418;constant-fold:393;annihilator:281;doubling:66;canonicalize(Sub):40;inverse-annihilation(Sub):40;commutative(Min):35;commutative(Max):28;identity(Mul):25;canonicalize(Div):16;halving:16;involution(Sub):4;cancellation(Sub):2,179,10,126,102,0.7039106145251397,0.5698324022346368,6,10,0.6,0.19047619047619047,1.0,0.0,1.0,0.0,0.0,1.0,1.0,0.6203703703703703,25.11304347826087,105.14782608695653,0.9043478260869565,1.0176991150442478,0.0,4.424778761061947,5.3097345132743365,11.327433628318584
glyph16:U+0023,glyph16,real,16.0,16.0,631.0,327.0,1.93,7051.0,17.0,13.0,0.0,5.0,45.0,1.0,44.0,0.0,0.968,0.0,0.0,0.0,0.0,39.0,Abs:1;Add:51;BitAnd:8;Const:40;Div:16;Dwrt:32;Ge:6;Le:2;Lt:5;Max:16;Min:17;Mul:40;MulAdd:32;Select:17;Sqrt:16;Sub:26;Var:2,615.0,291.0,1209.0,6309.0,5.218,100.0,5000.0,ClassCap,3.0,9866.0,3473.0,4309.0,81.5,306.0,140322.0,109897.0,1.277,3177.0,1237.0,2.568,17.0,2.32,ok,3312.0,0.0,47.0,11.0,77.0,125.0,111.0,0.246,0.399,0.355,13.0,41.0,42.0,23.0,3357.0,9181.0,fma-fusion:2114;commutative(Add):1783;reverse-associative(Add):1202;associative(Add):984;commutative(Mul):692;reverse-associative(Mul):481;factor:470;distribute:428;associative(Mul):419;identity(Add):399;constant-fold:297;annihilator:142;commutative(Min):85;commutative(Max):80;canonicalize(Sub):78;identity(Mul):66;doubling:60;canonicalize(Div):48;inverse-annihilation(Sub):20;halving:12;cancellation(Sub):5;involution(Sub):1,512,34,430,316,0.83984375,0.6171875,10,34,0.29411764705882354,0.2651162790697674,1.0,0.0,1.0,0.0,0.0,1.0,1.0,0.645367412140575,14.807560137457045,33.90378006872852,1.0515463917525774,0.8899082568807339,0.0,5.198776758409786,3.9755351681957185,10.128440366972477
glyph16:U+0024,glyph16,real,16.0,16.0,3685.0,2141.0,1.721,63079.0,161.0,232.0,90.0,0.0,63.0,1.0,62.0,0.0,0.978,0.0,0.0,0.0,0.0,69.0,Abs:1;Add:242;BitAnd:73;Const:278;Div:70;Dwrt:140;Ge:101;Gt:60;Le:62;Lt:9;Max:100;Min:71;Mul:208;MulAdd:350;Neg:29;Select:161;Sqrt:100;Sub:84;Var:2,7185.0,3140.0,13957.0,238389.0,17.08,100.0,5000.0,ClassCap,1.0,1886.0,1754.0,5000.0,19.6,3047.0,3148349.0,784942.0,4.011,139769.0,13702.0,10.201,221.0,-1.83,ok,29552.0,0.0,323.0,2.0,74.0,2406.0,605.0,0.024,0.78,0.196,29.0,322.0,492.0,0.0,36669.0,77290.0,commutative(Mul):799;commutative(Add):573;canonicalize(Sub):144;commutative(Max):100;constant-fold:75;commutative(Min):71;canonicalize(Div):70;distribute:17;identity(Mul):10;annihilator:9;factor:3;doubling:3;fma-fusion:3;identity(Add):2;halving:2;associative(Add):2;associative(Mul):1;reverse-associative(Add):1;reverse-associative(Mul):1,4307,322,4380,4352,1.0169491525423728,1.0104481077315997,202,230,0.6273291925465838,0.006392694063926951,1.0,0.0,1.0,0.0,0.0,1.0,1.0,0.8038897893030794,1.5923566878980893,0.6006369426751592,0.9703821656050955,1.466604390471742,0.0,7.519850537132181,10.83605791686128,13.80289584306399
glyph16:U+0025,glyph16,real,16.0,16.0,3615.0,1959.0,1.845,63531.0,163.0,223.0,96.0,8.0,61.0,1.0,60.0,0.0,0.978,0.0,0.0,0.0,0.0,62.0,Abs:1;Add:219;BitAnd:68;Const:193;Div:66;Dwrt:132;Ge:92;Gt:64;Le:66;Lt:1;Max:91;Min:67;Mul:204;MulAdd:349;Neg:18;Select:163;Sqrt:91;Sub:72;Var:2,7327.0,2952.0,13438.0,245115.0,18.24,100.0,5000.0,ClassCap,1.0,1990.0,1813.0,5000.0,20.2,2864.0,2777070.0,753418.0,3.686,167430.0,13288.0,12.6,213.0,-1.12,ok,28928.0,6.0,308.0,2.0,58.0,2259.0,576.0,0.02,0.781,0.199,20.0,325.0,490.0,0.0,36580.0,73066.0,commutative(Mul):816;commutative(Add):560;canonicalize(Sub):136;distribute:109;commutative(Max):91;commutative(Min):67;canonicalize(Div):66;constant-fold:43;factor:23;doubling:20;associative(Add):15;halving:14;annihilator:8;associative(Mul):5;fma-fusion:5;identity(Add):4;reverse-associative(Add):3;reverse-associative(Mul):3;identity(Mul):2,4065,312,4357,4346,1.0718327183271832,1.0691266912669126,198,209,0.6346153846153846,0.002524672940096395,1.0,0.0,1.0,0.0,0.0,1.0,1.0,0.8008987210508123,1.6937669376693767,0.674119241192412,0.9701897018970189,1.5068912710566615,0.0,8.320571720265441,11.38335885655947,14.766717713118938
glyph16:U+0026,glyph16,real,16.0,16.0,4596.0,2648.0,1.736,81117.0,208.0,293.0,123.0,1.0,63.0,1.0,62.0,0.0,0.979,0.0,0.0,0.0,0.0,72.0,Abs:1;Add:293;BitAnd:87;Const:339;Div:84;Dwrt:168;Ge:125;Gt:82;Le:84;Lt:2;Max:124;Min:85;Mul:258;MulAdd:454;Neg:38;Select:208;Sqrt:124;Sub:90;Var:2,9420.0,4064.0,18264.0,320677.0,17.558,100.0,5000.0,ClassCap,1.0,693.0,692.0,5000.0,20.7,4023.0,59674878.0,4528904.0,13.176,288798.0,17999.0,16.045,288.0,-1.45,ok,40800.0,320.0,42.0,13.0,95.0,7.0,3964.0,0.023,0.002,0.975,27.0,2.0,873.0,2182.0,55931.0,253903.0,commutative(Add):350;canonicalize(Sub):172;canonicalize(Div):84;constant-fold:84;identity(Add):2;identity(Mul):1,8114,576,20516,16002,2.528469312299729,1.9721469065812176,156,324,0.2708333333333333,0.22002339637356205,1.0,0.0,1.0,0.0,0.0,1.0,1.0,0.025086079685194294,1.2303149606299213,0.1705216535433071,0.9899114173228346,1.5347432024169185,0.0,7.854984894259819,11.064954682779456,15.407854984894259
glyph16:U+0027,glyph16,real,16.0,16.0,127.0,79.0,1.608,1003.0,3.0,6.0,0.0,1.0,47.0,1.0,46.0,0.0,0.964,0.0,0.0,0.0,0.0,25.0,Abs:1;Add:9;BitAnd:4;Const:17;Div:2;Dwrt:4;Ge:3;Le:2;Lt:1;Max:2;Min:3;Mul:12;MulAdd:4;Select:3;Sqrt:2;Sub:8;Var:2,127.0,81.0,278.0,1051.0,3.781,100.0,5000.0,ClassCap,5.0,16466.0,2971.0,3562.0,155.9,64.0,23750.0,20154.0,1.178,440.0,219.0,2.009,3.0,-21.22,ok,848.0,0.0,11.0,7.0,15.0,26.0,28.0,0.217,0.377,0.406,4.0,4.0,0.0,0.0,68.0,2223.0,fma-fusion:2981;reverse-associative(Add):2037;associative(Add):1874;commutative(Add):1819;commutative(Mul):1378;reverse-associative(Mul):1206;associative(Mul):1081;distribute:1035;identity(Add):889;factor:751;annihilator:540;constant-fold:536;doubling:109;inverse-annihilation(Sub):75;canonicalize(Sub):40;halving:36;commutative(Min):27;commutative(Max):18;identity(Mul):18;canonicalize(Div):10;involution(Sub):3;cancellation(Sub):3,115,6,68,56,0.591304347826087,0.48695652173913045,4,6,0.6666666666666666,0.17647058823529416,1.0,0.0,1.0,0.0,0.0,1.0,1.0,0.5942028985507246,43.97530864197531,203.28395061728395,0.7901234567901234,1.0253164556962024,0.0,3.7974683544303796,7.594936708860759,10.734177215189874
glyph16:U+0028,glyph16,real,16.0,16.0,927.0,544.0,1.704,15771.0,41.0,60.0,24.0,0.0,63.0,1.0,62.0,0.0,0.979,0.0,0.0,0.0,0.0,37.0,Abs:1;Add:59;BitAnd:19;Const:77;Div:16;Dwrt:32;Ge:26;Gt:16;Le:18;Max:24;Min:17;Mul:56;MulAdd:88;Neg:8;Select:41;Sqrt:24;Sub:20;Var:2,1855.0,818.0,3607.0,61301.0,16.995,100.0,5000.0,ClassCap,2.0,6326.0,3296.0,4707.0,24.7,717.0,384544.0,175200.0,2.195,14869.0,3135.0,4.743,57.0,-13.09,ok,7760.0,0.0,74.0,0.0,0.0,585.0,136.0,0.0,0.811,0.189,0.0,74.0,122.0,0.0,8992.0,18064.0,commutative(Mul):1632;fma-fusion:871;commutative(Add):695;reverse-associative(Mul):626;associative(Mul):332;doubling:311;factor:298;reverse-associative(Add):284;halving:247;distribute:246;associative(Add):234;identity(Add):148;constant-fold:134;canonicalize(Sub):72;commutative(Max):72;commutative(Min):51;annihilator:41;canonicalize(Div):32,1005,82,988,980,0.9830845771144279,0.9751243781094527,50,58,0.6097560975609756,0.0080971659919028,1.0,0.0,1.0,0.0,0.0,1.0,1.0,0.811373092926491,5.754278728606357,7.733496332518337,0.8765281173594132,1.5036764705882353,0.0,7.536764705882353,11.029411764705882,14.264705882352942
glyph16:U+0029,glyph16,real,16.0,16.0,927.0,546.0,1.698,15771.0,41.0,60.0,24.0,0.0,63.0,1.0,62.0,0.0,0.979,0.0,0.0,0.0,0.0,37.0,Abs:1;Add:59;BitAnd:19;Const:79;Div:16;Dwrt:32;Ge:26;Gt:16;Le:18;Max:24;Min:17;Mul:56;MulAdd:88;Neg:8;Select:41;Sqrt:24;Sub:20;Var:2,1855.0,820.0,3607.0,61301.0,16.995,100.0,5000.0,ClassCap,2.0,6325.0,3297.0,4707.0,25.5,719.0,384544.0,175200.0,2.195,14869.0,3135.0,4.743,57.0,-13.09,ok,7760.0,0.0,74.0,0.0,0.0,587.0,136.0,0.0,0.812,0.188,0.0,74.0,122.0,0.0,8992.0,18096.0,commutative(Mul):1633;fma-fusion:871;commutative(Add):695;reverse-associative(Mul):626;associative(Mul):331;doubling:311;factor:298;reverse-associative(Add):284;halving:247;distribute:245;associative(Add):233;identity(Add):148;constant-fold:135;canonicalize(Sub):72;commutative(Max):72;commutative(Min):51;annihilator:41;canonicalize(Div):32,1007,82,988,980,0.9811320754716981,0.9731876861966237,50,58,0.6097560975609756,0.0080971659919028,1.0,0.0,1.0,0.0,0.0,1.0,1.0,0.8118948824343015,5.740243902439024,7.713414634146342,0.8768292682926829,1.5018315018315018,0.0,7.509157509157509,10.989010989010989,14.212454212454212
glyph16:U+002A,glyph16,real,16.0,16.0,559.0,334.0,1.674,6187.0,15.0,23.0,0.0,1.0,47.0,1.0,46.0,0.0,0.97,0.0,0.0,0.0,0.0,37.0,Abs:1;Add:45;BitAnd:16;Const:52;Div:14;Dwrt:28;Ge:11;Le:2;Lt:10;Max:14;Min:15;Mul:36;MulAdd:28;Select:15;Sqrt:14;Sub:31;Var:2,559.0,336.0,1345.0,5647.0,4.199,100.0,5000.0,ClassCap,3.0,9690.0,3474.0,4480.0,62.1,352.0,117896.0,90044.0,1.309,3146.0,1409.0,2.233,15.0,4.76,ok,3680.0,2.0,57.0,13.0,101.0,163.0,92.0,0.284,0.458,0.258,15.0,48.0,31.0,18.0,2767.0,8597.0,fma-fusion:1986;commutative(Add):1864;reverse-associative(Add):1167;associative(Add):907;commutative(Mul):801;identity(Add):449;reverse-associative(Mul):435;constant-fold:432;associative(Mul):380;distribute:365;factor:323;annihilator:169;canonicalize(Sub):93;commutative(Min):75;commutative(Max):70;identity(Mul):58;doubling:48;canonicalize(Div):42;inverse-annihilation(Sub):17;halving:7;involution(Sub):1;cancellation(Sub):1,562,30,394,240,0.701067615658363,0.42704626334519574,2,30,0.06666666666666667,0.3908629441624365,1.0,0.0,1.0,0.0,0.0,1.0,1.0,0.7415730337078652,13.333333333333334,28.839285714285715,1.0476190476190477,1.0059880239520957,0.0,4.491017964071856,6.88622754491018,11.017964071856287
glyph16:U+002B,glyph16,real,16.0,16.0,271.0,149.0,1.819,2731.0,7.0,10.0,0.0,3.0,46.0,1.0,45.0,0.0,0.967,0.0,0.0,0.0,0.0,29.0,Abs:1;Add:21;BitAnd:6;Const:19;Div:6;Dwrt:12;Ge:5;Le:2;Lt:3;Max:6;Min:7;Mul:20;MulAdd:12;Select:7;Sqrt:6;Sub:14;Var:2,247.0,118.0,422.0,2427.0,5.751,100.0,5000.0,ClassCap,4.0,11484.0,1802.0,2053.0,33.4,101.0,53180.0,41018.0,1.297,860.0,308.0,2.792,7.0,-27.01,ok,1072.0,0.0,14.0,8.0,7.0,50.0,49.0,0.066,0.472,0.462,2.0,16.0,4.0,0.0,514.0,3943.0,fma-fusion:2468;reverse-associative(Add):2285;associative(Add):2033;commutative(Add):1794;identity(Add):671;commutative(Mul):393;constant-fold:362;factor:286;distribute:262;reverse-associative(Mul):245;associative(Mul):208;annihilator:162;doubling:60;canonicalize(Sub):56;commutative(Min):49;commutative(Max):42;inverse-annihilation(Sub):39;identity(Mul):36;canonicalize(Div):24;halving:5;involution(Sub):2;cancellation(Sub):2,181,14,146,92,0.8066298342541437,0.5082872928176796,2,14,0.14285714285714285,0.36986301369863017,1.0,0.0,1.0,0.0,0.0,1.0,1.0,0.5377358490566038,17.39830508474576,97.32203389830508,0.8559322033898306,0.7919463087248322,0.0,4.697986577181208,6.7114093959731544,7.194630872483222
glyph16:U+002C,glyph16,real,16.0,16.0,854.0,509.0,1.678,14249.0,37.0,55.0,21.0,0.0,63.0,1.0,62.0,0.0,0.978,0.0,0.0,0.0,0.0,37.0,Abs:1;Add:55;BitAnd:18;Const:78;Div:15;Dwrt:30;Ge:24;Gt:14;Le:16;Lt:1;Max:22;Min:16;Mul:52;MulAdd:79;Neg:7;Select:37;Sqrt:22;Sub:20;Var:2,1694.0,763.0,3323.0,56906.0,17.125,100.0,5000.0,ClassCap,2.0,6368.0,3279.0,4675.0,25.0,662.0,340359.0,161204.0,2.111,12804.0,2879.0,4.447,51.0,-13.36,ok,7120.0,0.0,69.0,1.0,12.0,530.0,127.0,0.018,0.792,0.19,1.0,68.0,109.0,0.0,8065.0,16620.0,commutative(Mul):1492;fma-fusion:916;commutative(Add):699;reverse-associative(Mul):601;associative(Mul):345;factor:335;reverse-associative(Add):312;doubling:310;distribute:280;halving:269;associative(Add):268;identity(Add):148;constant-fold:132;canonicalize(Sub):68;commutative(Max):66;commutative(Min):48;annihilator:41;canonicalize(Div):30;identity(Mul):6;involution(Sub):2,933,74,895,876,0.9592711682743837,0.9389067524115756,44,53,0.5945945945945946,0.021229050279329642,1.0,0.0,1.0,0.0,0.0,1.0,1.0,0.8101644245142003,6.127129750982962,8.346002621231978,0.8676277850589778,1.49901768172888,0.0,7.269155206286837,10.805500982318271,13.988212180746562
glyph16:U+002D,glyph16,real,16.0,16.0,127.0,77.0,1.649,1003.0,3.0,6.0,0.0,1.0,46.0,1.0,45.0,0.0,0.963,0.0,0.0,0.0,0.0,25.0,Abs:1;Add:9;BitAnd:4;Const:15;Div:2;Dwrt:4;Ge:3;Le:2;Lt:1;Max:2;Min:3;Mul:12;MulAdd:4;Select:3;Sqrt:2;Sub:8;Var:2,119.0,70.0,228.0,999.0,4.382,100.0,5000.0,Quiesced,7.0,15196.0,910.0,1035.0,36.6,54.0,23636.0,18810.0,1.257,326.0,150.0,2.173,3.0,-34.21,ok,672.0,0.0,8.0,6.0,7.0,24.0,27.0,0.121,0.414,0.466,2.0,4.0,0.0,0.0,66.0,2119.0,fma-fusion:2744;reverse-associative(Add):2553;associative(Add):2446;commutative(Add):2230;identity(Add):1180;constant-fold:817;commutative(Mul):811;distribute:475;reverse-associative(Mul):457;associative(Mul):416;factor:375;annihilator:306;doubling:111;inverse-annihilation(Sub):93;canonicalize(Sub):56;commutative(Min):39;commutative(Max):26;identity(Mul):26;canonicalize(Div):14;halving:11;involution(Sub):5;cancellation(Sub):5,99,6,56,36,0.5656565656565656,0.36363636363636365,2,6,0.3333333333333333,0.3571428571428571,0.0,1.0,1.0,0.0,0.0,1.0,1.0,0.5344827586206896,14.785714285714286,217.0857142857143,0.7714285714285715,0.9090909090909091,0.0,3.896103896103896,7.792207792207792,8.727272727272727
glyph16:U+002E,glyph16,real,16.0,16.0,927.0,511.0,1.814,15771.0,41.0,58.0,24.0,2.0,62.0,1.0,61.0,0.0,0.978,0.0,0.0,0.0,0.0,37.0,Abs:1;Add:56;BitAnd:19;Const:58;Div:16;Dwrt:32;Ge:24;Gt:16;Le:18;Max:22;Min:17;Mul:56;MulAdd:86;Neg:5;Select:41;Sqrt:22;Sub:20;Var:2,1855.0,760.0,3385.0,61301.0,18.11,100.0,5000.0,ClassCap,2.0,6420.0,3288.0,4675.0,25.5,664.0,378112.0,172672.0,2.19,14467.0,2977.0,4.86,53.0,-12.05,ok,7136.0,0.0,72.0,0.0,0.0,532.0,136.0,0.0,0.796,0.204,0.0,72.0,122.0,0.0,8960.0,17216.0,commutative(Mul):1499;fma-fusion:918;commutative(Add):695;reverse-associative(Mul):614;doubling:346;factor:344;associative(Mul):343;reverse-associative(Add):305;distribute:304;halving:276;associative(Add):265;identity(Add):148;constant-fold:101;canonicalize(Sub):72;commutative(Max):66;commutative(Min):51;annihilator:41;canonicalize(Div):32,948,78,980,976,1.0337552742616034,1.029535864978903,50,54,0.6410256410256411,0.004081632653061273,1.0,0.0,1.0,0.0,0.0,1.0,1.0,0.7964071856287425,6.151315789473684,8.447368421052632,0.8736842105263158,1.487279843444227,0.0,8.023483365949119,11.350293542074365,13.96477495107632
glyph16:U+002F,glyph16,real,16.0,16.0,127.0,76.0,1.671,1003.0,3.0,5.0,0.0,1.0,45.0,1.0,44.0,0.0,0.963,0.0,0.0,0.0,0.0,25.0,Abs:1;Add:9;BitAnd:4;Const:15;Div:2;Dwrt:4;Ge:2;Le:2;Lt:1;Max:2;Min:3;Mul:12;MulAdd:4;Select:3;Sqrt:2;Sub:8;Var:2,127.0,78.0,275.0,1051.0,3.822,100.0,5000.0,ClassCap,5.0,18425.0,2972.0,3444.0,210.1,61.0,23686.0,20074.0,1.18,436.0,214.0,2.037,3.0,-22.18,ok,800.0,0.0,11.0,7.0,15.0,22.0,28.0,0.231,0.338,0.431,4.0,4.0,0.0,0.0,68.0,2159.0,fma-fusion:2794;reverse-associative(Add):2113;associative(Add):1964;commutative(Mul):1784;commutative(Add):1779;reverse-associative(Mul):1502;distribute:1424;associative(Mul):1276;identity(Add):1178;factor:1083;annihilator:575;constant-fold:547;doubling:133;inverse-annihilation(Sub):81;halving:65;canonicalize(Sub):40;commutative(Min):27;commutative(Max):18;identity(Mul):18;cancellation(Sub):11;canonicalize(Div):10;involution(Sub):3,111,6,68,56,0.6126126126126126,0.5045045045045045,4,6,0.6666666666666666,0.17647058823529416,1.0,0.0,1.0,0.0,0.0,1.0,1.0,0.5692307692307692,44.15384615384615,236.21794871794873,0.782051282051282,1.0263157894736843,0.0,3.9473684210526314,6.578947368421052,10.526315789473685
glyph16:U+0030,glyph16,real,16.0,16.0,2706.0,1560.0,1.735,46809.0,120.0,171.0,69.0,0.0,62.0,1.0,61.0,0.0,0.979,0.0,0.0,0.0,0.0,56.0,Abs:1;Add:173;BitAnd:53;Const:200;Div:50;Dwrt:100;Ge:74;Gt:46;Le:48;Lt:3;Max:73;Min:51;Mul:154;MulAdd:261;Neg:20;Select:120;Sqrt:73;Sub:58;Var:2,5402.0,2355.0,10562.0,180087.0,17.05,100.0,5000.0,ClassCap,1.0,2586.0,2050.0,5000.0,19.2,2371.0,2548858.0,537484.0,4.742,179713.0,10774.0,16.68,166.0,2.01,ok,23104.0,0.0,250.0,5.0,102.0,1916.0,396.0,0.042,0.794,0.164,28.0,253.0,359.0,0.0,27052.0,56102.0,commutative(Mul):647;commutative(Add):425;factor:307;doubling:234;associative(Add):186;distribute:150;halving:144;canonicalize(Sub):104;commutative(Max):73;associative(Mul):62;commutative(Min):51;canonicalize(Div):50;constant-fold:50;fma-fusion:40;reverse-associative(Add):28;reverse-associative(Mul):21;annihilator:8;identity(Mul):4;identity(Add):2,3286,240,3011,2970,0.9163116250760803,0.9038344491783323,144,165,0.6,0.013616738625041536,1.0,0.0,1.0,0.0,0.0,1.0,1.0,0.835956917978459,2.1231422505307855,1.0980891719745223,1.0067940552016985,1.5096153846153846,0.0,7.6923076923076925,10.961538461538462,14.810256410256411
glyph16:U+0031,glyph16,real,16.0,16.0,924.0,531.0,1.74,13797.0,35.0,48.0,15.0,2.0,46.0,1.0,45.0,0.0,0.976,0.0,0.0,0.0,0.0,43.0,Abs:1;Add:65;BitAnd:20;Const:71;Div:19;Dwrt:38;Ge:20;Gt:10;Le:12;Lt:6;Max:24;Min:20;Mul:56;MulAdd:73;Neg:5;Select:35;Sqrt:24;Sub:30;Var:2,1452.0,665.0,2873.0,37346.0,12.999,100.0,5000.0,ClassCap,2.0,6804.0,3068.0,4416.0,24.8,613.0,308395.0,175491.0,1.757,9430.0,2586.0,3.647,45.0,-9.99,ok,6960.0,0.0,69.0,6.0,41.0,428.0,151.0,0.066,0.69,0.244,0.0,63.0,105.0,0.0,7728.0,16553.0,fma-fusion:1274;commutative(Mul):1045;commutative(Add):701;reverse-associative(Mul):599;associative(Add):543;associative(Mul):523;reverse-associative(Add):510;factor:337;distribute:222;halving:207;identity(Add):196;doubling:190;constant-fold:141;canonicalize(Sub):80;commutative(Max):72;commutative(Min):60;annihilator:42;canonicalize(Div):38;identity(Mul):21;cancellation(Sub):2;inverse-annihilation(Sub):1,909,70,893,844,0.9823982398239824,0.9284928492849285,42,55,0.6,0.054871220604703286,1.0,0.0,1.0,0.0,0.0,1.0,1.0,0.7564516129032258,6.640601503759399,10.23157894736842,0.9218045112781955,1.2523540489642184,0.0,6.5913370998116765,9.03954802259887,13.107344632768362
glyph16:U+0032,glyph16,real,16.0,16.0,2015.0,1178.0,1.711,33995.0,87.0,126.0,48.0,0.0,61.0,1.0,60.0,0.0,0.978,0.0,0.0,0.0,0.0,50.0,Abs:1;Add:133;BitAnd:41;Const:159;Div:38;Dwrt:76;Ge:54;Gt:32;Le:34;Lt:6;Max:54;Min:39;Mul:116;MulAdd:188;Neg:16;Select:87;Sqrt:54;Sub:48;Var:2,3891.0,1726.0,7641.0,127793.0,16.725,100.0,5000.0,ClassCap,1.0,3078.0,2357.0,4945.0,17.6,1730.0,1637635.0,393787.0,4.159,98305.0,7747.0,12.689,119.0,1.39,ok,17744.0,0.0,204.0,5.0,129.0,1367.0,295.0,0.072,0.763,0.165,41.0,225.0,260.0,0.0,20281.0,40881.0,commutative(Mul):465;associative(Mul):374;commutative(Add):315;doubling:295;fma-fusion:291;factor:238;reverse-associative(Add):217;halving:177;associative(Add):173;reverse-associative(Mul):147;distribute:111;canonicalize(Sub):80;commutative(Max):54;constant-fold:43;commutative(Min):39;canonicalize(Div):38;annihilator:9;identity(Add):6;identity(Mul):6,2456,174,2156,2112,0.8778501628664495,0.8599348534201955,104,126,0.5977011494252874,0.020408163265306145,1.0,0.0,1.0,0.0,0.0,1.0,1.0,0.835287548855388,2.8650057937427578,1.783314020857474,1.0023174971031286,1.465195246179966,0.0,7.385398981324278,10.69609507640068,15.062818336162987
glyph16:U+0033,glyph16,real,16.0,16.0,3469.0,2024.0,1.714,60487.0,155.0,222.0,90.0,0.0,62.0,1.0,61.0,0.0,0.979,0.0,0.0,0.0,0.0,63.0,Abs:1;Add:225;BitAnd:67;Const:271;Div:64;Dwrt:128;Ge:96;Gt:60;Le:62;Lt:4;Max:94;Min:65;Mul:196;MulAdd:338;Neg:30;Select:155;Sqrt:94;Sub:72;Var:2,6993.0,3060.0,13651.0,236247.0,17.306,100.0,5000.0,ClassCap,1.0,1948.0,1791.0,5000.0,20.8,2959.0,2869971.0,737765.0,3.89,150291.0,13415.0,11.203,215.0,-1.73,ok,29024.0,0.0,314.0,3.0,84.0,2357.0,560.0,0.028,0.785,0.187,31.0,311.0,468.0,0.0,34959.0,73636.0,commutative(Mul):843;commutative(Add):549;canonicalize(Sub):132;commutative(Max):94;constant-fold:71;commutative(Min):65;canonicalize(Div):64;distribute:59;factor:12;doubling:11;fma-fusion:10;annihilator:9;halving:8;associative(Add):8;associative(Mul):3;reverse-associative(Add):3;reverse-associative(Mul):3;identity(Add):2;identity(Mul):2,4158,310,4194,4164,1.0086580086580086,1.0014430014430014,190,220,0.6129032258064516,0.007153075822603716,1.0,0.0,1.0,0.0,0.0,1.0,1.0,0.8133955348217261,1.6339869281045751,0.6366013071895424,0.9669934640522876,1.5118577075098814,0.0,7.658102766798419,10.968379446640316,14.339920948616601
glyph16:U+0034,glyph16,real,16.0,16.0,997.0,572.0,1.743,15319.0,39.0,55.0,18.0,1.0,46.0,1.0,45.0,0.0,0.976,0.0,0.0,0.0,0.0,37.0,Abs:1;Add:69;BitAnd:22;Const:73;Div:20;Dwrt:40;Ge:23;Gt:12;Le:14;Lt:6;Max:26;Min:21;Mul:60;MulAdd:82;Neg:6;Select:39;Sqrt:26;Sub:30;Var:2,1637.0,730.0,3162.0,44945.0,14.214,100.0,5000.0,ClassCap,2.0,6676.0,3187.0,4552.0,26.4,661.0,344456.0,188851.0,1.824,11036.0,2791.0,3.954,51.0,-11.73,ok,7376.0,0.0,74.0,3.0,20.0,489.0,159.0,0.03,0.732,0.238,0.0,71.0,116.0,0.0,8560.0,18020.0,commutative(Mul):1219;fma-fusion:1104;commutative(Add):745;reverse-associative(Mul):576;associative(Mul):422;reverse-associative(Add):415;associative(Add):410;factor:379;halving:260;distribute:247;doubling:232;identity(Add):196;constant-fold:140;canonicalize(Sub):84;commutative(Max):78;commutative(Min):63;annihilator:42;canonicalize(Div):40;identity(Mul):21;cancellation(Sub):2;inverse-annihilation(Sub):1,975,78,976,928,1.001025641025641,0.9517948717948718,46,60,0.5897435897435898,0.049180327868852514,1.0,0.0,1.0,0.0,0.0,1.0,1.0,0.7619760479041916,6.235616438356164,9.145205479452056,0.9054794520547945,1.2762237762237763,0.0,6.818181818181818,9.615384615384615,12.895104895104895
glyph16:U+0035,glyph16,real,16.0,16.0,2306.0,1338.0,1.723,39425.0,101.0,145.0,57.0,1.0,62.0,1.0,61.0,0.0,0.978,0.0,0.0,0.0,0.0,53.0,Abs:1;Add:150;BitAnd:46;Const:178;Div:43;Dwrt:86;Ge:63;Gt:38;Le:40;Lt:4;Max:61;Min:44;Mul:132;MulAdd:218;Neg:18;Select:101;Sqrt:61;Sub:52;Var:2,4546.0,1988.0,8826.0,151538.0,17.169,100.0,5000.0,ClassCap,1.0,2926.0,2243.0,4981.0,18.1,2013.0,2165407.0,451856.0,4.792,153907.0,9041.0,17.023,137.0,2.44,ok,20160.0,0.0,225.0,5.0,123.0,1611.0,335.0,0.059,0.779,0.162,38.0,236.0,303.0,0.0,23206.0,47339.0,commutative(Mul):539;commutative(Add):365;doubling:338;factor:278;associative(Mul):241;halving:208;associative(Add):194;fma-fusion:150;distribute:127;reverse-associative(Add):110;canonicalize(Sub):90;reverse-associative(Mul):75;commutative(Max):61;constant-fold:48;commutative(Min):44;canonicalize(Div):43;annihilator:9;identity(Mul):4;identity(Add):2,2820,200,2502,2462,0.8872340425531915,0.8730496453900709,122,144,0.61,0.015987210231814597,1.0,0.0,1.0,0.0,0.0,1.0,1.0,0.8380860318994683,2.505533199195171,1.471830985915493,1.0125754527162978,1.4857997010463377,0.0,7.548579970104634,10.837070254110612,15.067264573991032
glyph16:U+0036,glyph16,real,16.0,16.0,3947.0,2284.0,1.728,69776.0,178.0,253.0,105.0,0.0,62.0,1.0,61.0,0.0,0.979,0.0,0.0,0.0,0.0,66.0,Abs:1;Add:252;BitAnd:75;Const:295;Div:73;Dwrt:144;Ge:109;Gt:70;Le:73;Lt:1;Max:107;Min:73;Mul:223;MulAdd:390;Neg:33;Select:178;Sqrt:107;Sub:78;Var:2,8067.0,3504.0,15754.0,273166.0,17.339,100.0,5000.0,ClassCap,1.0,1387.0,1337.0,5000.0,19.3,3416.0,50812584.0,3845069.0,13.215,246069.0,15269.0,16.116,248.0,-3.08,ok,35168.0,276.0,38.0,13.0,79.0,7.0,3367.0,0.023,0.002,0.975,23.0,2.0,755.0,1897.0,48375.0,215679.0,commutative(Add):628;commutative(Mul):360;canonicalize(Sub):148;constant-fold:76;canonicalize(Div):74;commutative(Min):73;commutative(Max):23;identity(Mul):3;identity(Add):2,6896,496,17358,14022,2.5171113689095126,2.0333526682134573,140,278,0.28225806451612906,0.19218804009678536,1.0,0.0,1.0,0.0,0.0,1.0,1.0,0.024905878945844194,1.4269406392694064,0.3958333333333333,0.9748858447488584,1.5341506129597198,0.0,7.793345008756567,11.07705779334501,15.39754816112084
glyph16:U+0037,glyph16,real,16.0,16.0,199.0,118.0,1.686,1867.0,5.0,9.0,0.0,0.0,45.0,1.0,44.0,0.0,0.966,0.0,0.0,0.0,0.0,27.0,Abs:1;Add:15;BitAnd:7;Const:18;Div:4;Dwrt:8;Ge:4;Le:2;Lt:3;Max:4;Min:5;Mul:16;MulAdd:8;Select:5;Sqrt:4;Sub:12;Var:2,191.0,112.0,413.0,1765.0,4.274,100.0,5000.0,ClassCap,4.0,12410.0,2394.0,2792.0,84.9,106.0,38400.0,32806.0,1.171,750.0,361.0,2.078,5.0,-12.59,ok,1248.0,0.0,19.0,10.0,25.0,47.0,40.0,0.223,0.42,0.357,6.0,11.0,3.0,0.0,374.0,3337.0,fma-fusion:2328;reverse-associative(Add):1868;associative(Add):1727;commutative(Add):1435;reverse-associative(Mul):803;commutative(Mul):728;identity(Add):718;distribute:688;factor:597;associative(Mul):582;constant-fold:354;annihilator:258;doubling:85;canonicalize(Sub):48;inverse-annihilation(Sub):44;commutative(Min):35;halving:33;commutative(Max):28;identity(Mul):25;canonicalize(Div):16;cancellation(Sub):8;involution(Sub):2,184,10,120,90,0.6521739130434783,0.4891304347826087,4,10,0.4,0.25,1.0,0.0,1.0,0.0,0.0,1.0,1.0,0.6428571428571429,24.928571428571427,110.80357142857143,0.9464285714285714,0.9491525423728814,0.0,4.237288135593221,7.627118644067797,10.576271186440678
glyph16:U+0038,glyph16,real,16.0,16.0,4742.0,2710.0,1.75,84161.0,216.0,303.0,129.0,2.0,63.0,1.0,62.0,0.0,0.979,0.0,0.0,0.0,0.0,72.0,Abs:1;Add:297;BitAnd:89;Const:340;Div:86;Dwrt:172;Ge:129;Gt:86;Le:88;Max:127;Min:87;Mul:266;MulAdd:471;Neg:36;Select:216;Sqrt:127;Sub:90;Var:2,9774.0,4167.0,18766.0,332723.0,17.73,100.0,5000.0,ClassCap,1.0,581.0,580.0,5000.0,20.3,4126.0,61955732.0,4686740.0,13.219,299657.0,18500.0,16.198,298.0,-1.42,ok,41584.0,330.0,38.0,13.0,73.0,7.0,4083.0,0.018,0.002,0.981,23.0,2.0,897.0,2259.0,57463.0,261497.0,commutative(Add):239;canonicalize(Sub):176;canonicalize(Div):86;constant-fold:78;identity(Add):2,8322,596,21154,16290,2.5419370343667387,1.9574621485219899,154,324,0.25838926174496646,0.22993287321546751,1.0,0.0,1.0,0.0,0.0,1.0,1.0,0.01921691088157579,1.1999040076793857,0.13942884569234462,0.990160787137029,1.5376383763837638,0.0,7.970479704797048,11.180811808118081,15.344649446494465
glyph16:U+0039,glyph16,real,16.0,16.0,4015.0,2331.0,1.722,70915.0,182.0,258.0,108.0,0.0,62.0,1.0,61.0,0.0,0.979,0.0,0.0,0.0,0.0,66.0,Abs:1;Add:258;BitAnd:76;Const:305;Div:73;Dwrt:146;Ge:111;Gt:72;Le:74;Lt:1;Max:109;Min:74;Mul:226;MulAdd:398;Neg:36;Select:182;Sqrt:109;Sub:78;Var:2,8267.0,3595.0,16134.0,283354.0,17.563,100.0,5000.0,ClassCap,1.0,1260.0,1226.0,5000.0,19.9,3521.0,52745672.0,3961788.0,13.314,255197.0,15708.0,16.246,254.0,-2.64,ok,36160.0,285.0,39.0,13.0,80.0,7.0,3474.0,0.022,0.002,0.976,24.0,2.0,777.0,1928.0,49784.0,222528.0,commutative(Add):644;commutative(Mul):245;canonicalize(Sub):150;constant-fold:80;canonicalize(Div):73;commutative(Min):66;identity(Add):2,7113,508,18006,14810,2.5314213412062423,2.0821031913398005,144,292,0.28346456692913385,0.17749639009219154,1.0,0.0,1.0,0.0,0.0,1.0,1.0,0.02443133951137321,1.3908205841446453,0.35048678720445064,0.9794158553546592,1.5422565422565422,0.0,7.807807807807808,11.068211068211069,15.512655512655513
glyph16:U+003A,glyph16,real,16.0,16.0,1799.0,991.0,1.815,31403.0,81.0,113.0,48.0,3.0,62.0,1.0,61.0,0.0,0.978,0.0,0.0,0.0,0.0,45.0,Abs:1;Add:109;BitAnd:35;Const:108;Div:32;Dwrt:64;Ge:47;Gt:32;Le:34;Max:45;Min:33;Mul:104;MulAdd:173;Neg:10;Select:81;Sqrt:45;Sub:36;Var:2,3655.0,1498.0,6760.0,122317.0,18.094,100.0,5000.0,ClassCap,1.0,3374.0,2481.0,4854.0,17.6,1438.0,1322686.0,347750.0,3.804,81751.0,6620.0,12.349,107.0,-2.07,ok,15648.0,2.0,166.0,1.0,55.0,1157.0,256.0,0.037,0.788,0.174,22.0,194.0,242.0,0.0,18614.0,34951.0,fma-fusion:612;commutative(Mul):415;associative(Mul):333;reverse-associative(Mul):299;doubling:294;reverse-associative(Add):284;commutative(Add):279;factor:231;halving:170;associative(Add):139;distribute:104;canonicalize(Sub):68;commutative(Max):45;commutative(Min):33;canonicalize(Div):32;constant-fold:26;annihilator:8;identity(Add):2,2034,156,1964,1956,0.9655850540806293,0.9616519174041298,98,106,0.6282051282051282,0.004073319755600768,1.0,0.0,1.0,0.0,0.0,1.0,1.0,0.8256130790190735,3.2403204272363153,2.2523364485981308,0.9599465954606141,1.5116044399596367,0.0,8.173562058526741,11.402623612512613,15.790110998990919
glyph16:U+003B,glyph16,real,16.0,16.0,1726.0,983.0,1.756,29881.0,77.0,109.0,45.0,2.0,63.0,1.0,62.0,0.0,0.979,0.0,0.0,0.0,0.0,45.0,Abs:1;Add:108;BitAnd:34;Const:126;Div:31;Dwrt:62;Ge:46;Gt:30;Le:32;Lt:1;Max:44;Min:32;Mul:100;MulAdd:165;Neg:12;Select:77;Sqrt:44;Sub:36;Var:2,3494.0,1484.0,6605.0,117922.0,17.853,100.0,5000.0,ClassCap,1.0,3371.0,2490.0,4855.0,17.2,1422.0,1251717.0,334957.0,3.737,77082.0,6442.0,11.966,103.0,-2.47,ok,14656.0,0.0,165.0,2.0,71.0,1138.0,247.0,0.049,0.782,0.17,26.0,182.0,229.0,0.0,17594.0,34087.0,fma-fusion:640;commutative(Mul):408;associative(Mul):329;reverse-associative(Mul):314;reverse-associative(Add):290;doubling:279;commutative(Add):274;factor:218;halving:162;associative(Add):142;distribute:99;canonicalize(Sub):66;commutative(Max):44;commutative(Min):32;canonicalize(Div):31;constant-fold:31;annihilator:8;identity(Add):2;identity(Mul):2,2007,150,1877,1854,0.935226706527155,0.9237668161434978,92,105,0.6133333333333333,0.012253596164091607,1.0,0.0,1.0,0.0,0.0,1.0,1.0,0.8303571428571429,3.2715633423180592,2.2715633423180592,0.9582210242587601,1.5096642929806714,0.0,7.8331637843336726,11.088504577822992,14.909460834181079
glyph16:U+003C,glyph16,real,16.0,16.0,307.0,183.0,1.678,3163.0,8.0,16.0,0.0,0.0,46.0,1.0,45.0,0.0,0.968,0.0,0.0,0.0,0.0,30.0,Abs:1;Add:24;BitAnd:10;Const:25;Div:7;Dwrt:14;Ge:8;Le:2;Lt:6;Max:7;Min:8;Mul:22;MulAdd:14;Select:8;Sqrt:7;Sub:18;Var:2,295.0,171.0,652.0,2888.0,4.429,100.0,5000.0,ClassCap,3.0,7919.0,2261.0,2697.0,33.0,177.0,60537.0,51987.0,1.164,1422.0,657.0,2.164,8.0,0.77,ok,1904.0,0.0,31.0,7.0,47.0,78.0,58.0,0.257,0.426,0.317,10.0,28.0,18.0,0.0,1610.0,5007.0,fma-fusion:1986;reverse-associative(Add):1454;associative(Add):1320;commutative(Add):995;commutative(Mul):355;identity(Add):327;reverse-associative(Mul):285;constant-fold:268;associative(Mul):204;distribute:201;factor:162;annihilator:114;canonicalize(Sub):54;doubling:42;commutative(Min):40;commutative(Max):35;identity(Mul):34;canonicalize(Div):21;inverse-annihilation(Sub):17;halving:3;involution(Sub):1;cancellation(Sub):1,293,16,206,156,0.7030716723549488,0.5324232081911263,6,16,0.375,0.24271844660194175,1.0,0.0,1.0,0.0,0.0,1.0,1.0,0.6830601092896175,15.771929824561404,46.30994152046784,1.0350877192982457,0.9344262295081968,0.0,4.371584699453552,8.743169398907105,10.404371584699453
glyph16:U+003D,glyph16,real,16.0,16.0,199.0,115.0,1.73,1867.0,5.0,8.0,0.0,2.0,46.0,1.0,45.0,0.0,0.966,0.0,0.0,0.0,0.0,27.0,Abs:1;Add:15;BitAnd:5;Const:18;Div:4;Dwrt:8;Ge:4;Le:2;Lt:2;Max:4;Min:5;Mul:16;MulAdd:8;Select:5;Sqrt:4;Sub:12;Var:2,183.0,96.0,329.0,1713.0,5.207,100.0,5000.0,Quiesced,7.0,21545.0,1334.0,1514.0,50.6,81.0,38408.0,29994.0,1.281,593.0,234.0,2.534,5.0,-28.88,ok,928.0,0.0,11.0,9.0,7.0,40.0,38.0,0.082,0.471,0.447,2.0,8.0,0.0,0.0,130.0,3079.0,fma-fusion:4110;reverse-associative(Add):3939;associative(Add):3761;commutative(Add):3581;identity(Add):1520;commutative(Mul):919;constant-fold:917;factor:563;distribute:517;reverse-associative(Mul):477;associative(Mul):435;annihilator:306;doubling:111;inverse-annihilation(Sub):93;canonicalize(Sub):84;commutative(Min):65;commutative(Max):52;identity(Mul):46;canonicalize(Div):28;halving:11;involution(Sub):5;cancellation(Sub):5,143,10,100,64,0.6993006993006993,0.44755244755244755,2,10,0.2,0.36,0.0,1.0,1.0,0.0,0.0,1.0,1.0,0.5529411764705883,15.770833333333334,224.42708333333334,0.84375,0.8347826086956521,0.0,4.3478260869565215,6.956521739130435,8.069565217391304
glyph16:U+003E,glyph16,real,16.0,16.0,307.0,183.0,1.678,3163.0,8.0,16.0,0.0,0.0,46.0,1.0,45.0,0.0,0.968,0.0,0.0,0.0,0.0,30.0,Abs:1;Add:24;BitAnd:10;Const:25;Div:7;Dwrt:14;Ge:8;Le:2;Lt:6;Max:7;Min:8;Mul:22;MulAdd:14;Select:8;Sqrt:7;Sub:18;Var:2,295.0,171.0,652.0,2888.0,4.429,100.0,5000.0,ClassCap,3.0,7928.0,2273.0,2710.0,34.3,179.0,61881.0,53331.0,1.16,1431.0,666.0,2.149,8.0,2.15,ok,1920.0,0.0,31.0,7.0,47.0,79.0,59.0,0.254,0.427,0.319,10.0,28.0,18.0,0.0,1610.0,5087.0,fma-fusion:1994;reverse-associative(Add):1451;associative(Add):1327;commutative(Add):997;commutative(Mul):355;identity(Add):327;reverse-associative(Mul):281;constant-fold:268;distribute:206;associative(Mul):200;factor:163;annihilator:118;canonicalize(Sub):54;doubling:43;commutative(Min):40;commutative(Max):35;identity(Mul):26;canonicalize(Div):21;inverse-annihilation(Sub):17;halving:3;involution(Sub):1;cancellation(Sub):1,296,16,210,158,0.7094594594594594,0.5337837837837838,6,16,0.375,0.24761904761904763,1.0,0.0,1.0,0.0,0.0,1.0,1.0,0.6810810810810811,15.847953216374268,46.36257309941521,1.0467836257309941,0.9344262295081968,0.0,4.371584699453552,8.743169398907105,10.491803278688524
glyph16:U+003F,glyph16,real,16.0,16.0,3324.0,1904.0,1.746,58101.0,149.0,211.0,87.0,1.0,62.0,1.0,61.0,0.0,0.979,0.0,0.0,0.0,0.0,61.0,Abs:1;Add:211;BitAnd:64;Const:238;Div:61;Dwrt:122;Ge:90;Gt:58;Le:60;Lt:3;Max:89;Min:62;Mul:188;MulAdd:324;Neg:25;Select:149;Sqrt:89;Sub:68;Var:2,6716.0,2887.0,12970.0,226228.0,17.442,100.0,5000.0,ClassCap,1.0,2009.0,1824.0,5000.0,19.0,2801.0,2559849.0,703152.0,3.641,154194.0,12792.0,12.054,205.0,-1.37,ok,27216.0,0.0,298.0,3.0,76.0,2228.0,533.0,0.027,0.785,0.188,27.0,298.0,449.0,0.0,33531.0,69836.0,commutative(Mul):798;commutative(Add):523;distribute:150;canonicalize(Sub):126;commutative(Max):89;commutative(Min):62;canonicalize(Div):61;constant-fold:60;factor:32;doubling:28;associative(Add):21;halving:19;fma-fusion:12;annihilator:9;associative(Mul):7;reverse-associative(Add):4;reverse-associative(Mul):4;identity(Add):2;identity(Mul):2,3939,296,4016,3994,1.0195481086570195,1.0139629347550139,182,204,0.6148648648648649,0.005478087649402386,1.0,0.0,1.0,0.0,0.0,1.0,1.0,0.8121254846669017,1.7319016279875303,0.6958780741253897,0.9702112919986144,1.516281512605042,0.0,7.82563025210084,11.081932773109244,14.294117647058824
glyph16:U+0040,glyph16,real,16.0,16.0,5940.0,3424.0,1.735,104997.0,269.0,381.0,159.0,0.0,62.0,1.0,61.0,0.0,0.979,0.0,0.0,0.0,0.0,85.0,Abs:1;Add:381;BitAnd:112;Const:429;Div:109;Dwrt:218;Ge:164;Gt:106;Le:108;Lt:3;Max:162;Min:110;Mul:332;MulAdd:589;Neg:51;Select:269;Sqrt:162;Sub:116;Var:2,12056.0,5226.0,23527.0,409366.0,17.4,100.0,5000.0,ClassCap,0.0,0.0,0.0,5226.0,6.0,5226.0,84427501.0,5835952.0,14.467,409366.0,23527.0,17.4,373.0,0.0,ok,51408.0,307.0,158.0,12.0,328.0,7.0,5009.0,0.061,0.001,0.937,146.0,0.0,1089.0,2461.0,69842.0,321016.0,,10669,746,26500,19696,2.483831661823976,1.846096166463586,190,422,0.2546916890080429,0.25675471698113206,1.0,0.0,1.0,0.0,0.0,1.0,1.0,0.06268712574850299,1.0,0.0,1.0,1.526285046728972,1.0,7.856308411214953,11.12733644859813,15.014018691588785
glyph16:U+0041,glyph16,real,16.0,16.0,925.0,527.0,1.755,14455.0,37.0,49.0,18.0,4.0,61.0,1.0,60.0,0.0,0.977,0.0,0.0,0.0,0.0,39.0,Abs:1;Add:62;BitAnd:18;Const:74;Div:18;Dwrt:36;Ge:20;Gt:12;Le:14;Lt:3;Max:23;Min:19;Mul:56;MulAdd:77;Neg:5;Select:37;Sqrt:23;Sub:27;Var:2,1605.0,713.0,3103.0,45963.0,14.812,100.0,5000.0,ClassCap,2.0,6650.0,3134.0,4501.0,25.4,643.0,328082.0,173600.0,1.89,10952.0,2780.0,3.94,47.0,-10.41,ok,7392.0,0.0,70.0,6.0,44.0,460.0,146.0,0.068,0.708,0.225,0.0,64.0,110.0,0.0,8064.0,16748.0,commutative(Mul):1202;fma-fusion:1137;commutative(Add):736;reverse-associative(Mul):581;associative(Mul):431;reverse-associative(Add):421;associative(Add):415;factor:383;distribute:246;halving:245;doubling:230;identity(Add):184;constant-fold:134;canonicalize(Sub):78;commutative(Max):69;commutative(Min):57;annihilator:46;canonicalize(Div):36;identity(Mul):16;cancellation(Sub):2;inverse-annihilation(Sub):1,936,72,927,886,0.9903846153846154,0.9465811965811965,44,55,0.6111111111111112,0.0442286947141316,1.0,0.0,1.0,0.0,0.0,1.0,1.0,0.7753846153846153,6.312762973352034,9.326788218793828,0.9018232819074333,1.3529411764705883,0.0,7.020872865275142,9.297912713472487,14.026565464895636
glyph16:U+0042,glyph16,real,16.0,16.0,2270.0,1319.0,1.721,38993.0,100.0,144.0,57.0,0.0,61.0,1.0,60.0,0.0,0.978,0.0,0.0,0.0,0.0,52.0,Abs:1;Add:148;BitAnd:45;Const:172;Div:42;Dwrt:84;Ge:62;Gt:38;Le:40;Lt:4;Max:61;Min:43;Mul:130;MulAdd:217;Neg:19;Select:100;Sqrt:61;Sub:50;Var:2,4470.0,1953.0,8694.0,147847.0,17.006,100.0,5000.0,ClassCap,1.0,2973.0,2267.0,4975.0,18.0,1961.0,2073829.0,440665.0,4.706,127354.0,8815.0,14.447,138.0,1.39,ok,18992.0,0.0,220.0,2.0,94.0,1594.0,325.0,0.047,0.792,0.161,37.0,236.0,297.0,0.0,22821.0,46398.0,commutative(Mul):534;commutative(Add):350;doubling:346;factor:281;associative(Mul):266;halving:213;associative(Add):183;fma-fusion:166;distribute:130;reverse-associative(Add):120;canonicalize(Sub):88;reverse-associative(Mul):82;commutative(Max):61;constant-fold:47;commutative(Min):43;canonicalize(Div):42;annihilator:9;identity(Add):6;identity(Mul):6,2742,200,2451,2408,0.8938730853391685,0.8781911013858498,118,143,0.59,0.01754385964912286,1.0,0.0,1.0,0.0,0.0,1.0,1.0,0.8385494287133631,2.5473630312339988,1.522273425499232,1.0040962621607783,1.480667172100076,0.0,7.58150113722517,10.917361637604246,14.398786959818043
glyph16:U+0043,glyph16,real,16.0,16.0,2525.0,1473.0,1.714,43991.0,113.0,162.0,66.0,0.0,62.0,1.0,61.0,0.0,0.979,0.0,0.0,0.0,0.0,53.0,Abs:1;Add:163;BitAnd:49;Const:198;Div:46;Dwrt:92;Ge:70;Gt:44;Le:46;Lt:2;Max:68;Min:47;Mul:144;MulAdd:246;Neg:22;Select:113;Sqrt:68;Sub:52;Var:2,5129.0,2249.0,10039.0,174517.0,17.384,100.0,5000.0,ClassCap,1.0,2718.0,2110.0,4996.0,19.3,2263.0,2587264.0,495103.0,5.226,186859.0,10228.0,18.269,157.0,1.88,ok,21728.0,0.0,237.0,3.0,86.0,1860.0,358.0,0.037,0.807,0.155,30.0,240.0,336.0,0.0,25374.0,52758.0,commutative(Mul):623;commutative(Add):405;factor:321;doubling:289;associative(Add):209;halving:173;distribute:146;canonicalize(Sub):96;associative(Mul):92;commutative(Max):68;fma-fusion:63;constant-fold:53;commutative(Min):47;canonicalize(Div):46;reverse-associative(Add):42;reverse-associative(Mul):30;annihilator:9;identity(Mul):4;identity(Add):2,3108,226,2778,2732,0.8938223938223938,0.879021879021879,134,160,0.5929203539823009,0.016558675305975545,1.0,0.0,1.0,0.0,0.0,1.0,1.0,0.8446180555555556,2.221431747443308,1.208537127612272,1.0062249888839485,1.526816021724372,0.0,7.671418873048201,10.9979633401222,14.750848608282416
glyph16:U+0044,glyph16,real,16.0,16.0,1326.0,774.0,1.713,22497.0,58.0,84.0,33.0,0.0,61.0,1.0,60.0,0.0,0.978,0.0,0.0,0.0,0.0,42.0,Abs:1;Add:86;BitAnd:27;Const:105;Div:24;Dwrt:48;Ge:36;Gt:22;Le:24;Lt:2;Max:35;Min:25;Mul:78;MulAdd:125;Neg:11;Select:58;Sqrt:35;Sub:30;Var:2,2606.0,1148.0,5082.0,86117.0,16.945,100.0,5000.0,ClassCap,1.0,3265.0,2389.0,4367.0,14.5,1066.0,671260.0,249182.0,2.694,34420.0,4832.0,7.123,80.0,-4.92,ok,11232.0,0.0,148.0,2.0,102.0,827.0,193.0,0.091,0.737,0.172,41.0,194.0,171.0,0.0,14089.0,25686.0,fma-fusion:781;reverse-associative(Mul):623;commutative(Mul):314;associative(Mul):252;reverse-associative(Add):227;doubling:209;commutative(Add):206;factor:163;halving:121;associative(Add):111;distribute:76;canonicalize(Sub):52;commutative(Max):35;constant-fold:29;commutative(Min):25;canonicalize(Div):24;annihilator:9;identity(Add):6;identity(Mul):2,1571,116,1411,1380,0.8981540420114577,0.8784213876511776,68,83,0.5862068965517241,0.021970233876683176,1.0,0.0,1.0,0.0,0.0,1.0,1.0,0.8279857397504456,3.804006968641115,2.8440766550522647,0.9285714285714286,1.483204134366925,0.0,7.493540051679586,10.852713178294573,14.511627906976743
glyph16:U+0045,glyph16,real,16.0,16.0,271.0,157.0,1.726,2731.0,7.0,13.0,0.0,0.0,44.0,1.0,43.0,0.0,0.967,0.0,0.0,0.0,0.0,29.0,Abs:1;Add:21;BitAnd:9;Const:19;Div:6;Dwrt:12;Ge:6;Le:2;Lt:5;Max:6;Min:7;Mul:20;MulAdd:12;Select:7;Sqrt:6;Sub:16;Var:2,247.0,126.0,442.0,2427.0,5.491,100.0,5000.0,ClassCap,4.0,12854.0,2396.0,2780.0,57.9,113.0,50380.0,38874.0,1.296,835.0,324.0,2.577,7.0,-26.7,ok,1216.0,0.0,17.0,9.0,7.0,64.0,47.0,0.059,0.542,0.398,2.0,18.0,6.0,0.0,674.0,4039.0,fma-fusion:2557;reverse-associative(Add):2097;associative(Add):1877;commutative(Add):1794;identity(Add):744;reverse-associative(Mul):625;factor:601;commutative(Mul):597;distribute:573;associative(Mul):468;constant-fold:309;annihilator:216;doubling:75;canonicalize(Sub):64;identity(Mul):58;commutative(Min):49;commutative(Max):42;inverse-annihilation(Sub):41;halving:33;canonicalize(Div):24;cancellation(Sub):8;involution(Sub):2,197,14,146,94,0.7411167512690355,0.47715736040609136,2,14,0.14285714285714285,0.3561643835616438,1.0,0.0,1.0,0.0,0.0,1.0,1.0,0.6016949152542372,22.063492063492063,102.01587301587301,0.8968253968253969,0.802547770700637,0.0,4.45859872611465,8.280254777070065,7.745222929936306
glyph16:U+0046,glyph16,real,16.0,16.0,235.0,137.0,1.715,2299.0,6.0,11.0,0.0,0.0,44.0,1.0,43.0,0.0,0.966,0.0,0.0,0.0,0.0,28.0,Abs:1;Add:18;BitAnd:8;Const:18;Div:5;Dwrt:10;Ge:5;Le:2;Lt:4;Max:5;Min:6;Mul:18;MulAdd:10;Select:6;Sqrt:5;Sub:14;Var:2,215.0,112.0,388.0,2070.0,5.335,100.0,5000.0,ClassCap,4.0,12043.0,2187.0,2532.0,56.0,99.0,43666.0,33866.0,1.289,706.0,281.0,2.512,6.0,-27.58,ok,1104.0,0.0,15.0,10.0,7.0,55.0,42.0,0.067,0.529,0.404,2.0,13.0,3.0,0.0,402.0,3575.0,fma-fusion:2297;reverse-associative(Add):2016;associative(Add):1845;commutative(Add):1540;identity(Add):694;reverse-associative(Mul):614;commutative(Mul):573;factor:570;distribute:564;associative(Mul):458;constant-fold:297;annihilator:216;doubling:75;canonicalize(Sub):56;identity(Mul):47;commutative(Min):42;inverse-annihilation(Sub):41;commutative(Max):35;halving:33;canonicalize(Div):20;cancellation(Sub):8;involution(Sub):2,174,12,124,80,0.7126436781609196,0.45977011494252873,2,12,0.16666666666666666,0.3548387096774194,1.0,0.0,1.0,0.0,0.0,1.0,1.0,0.5961538461538461,22.607142857142858,107.52678571428571,0.8839285714285714,0.8175182481751825,0.0,4.37956204379562,8.02919708029197,8.058394160583942
glyph16:U+0047,glyph16,real,16.0,16.0,2311.0,1349.0,1.713,39808.0,101.0,146.0,57.0,0.0,62.0,1.0,61.0,0.0,0.978,0.0,0.0,0.0,0.0,53.0,Abs:1;Add:151;BitAnd:46;Const:180;Div:44;Dwrt:86;Ge:64;Gt:38;Le:41;Lt:3;Max:62;Min:44;Mul:133;MulAdd:220;Neg:19;Select:101;Sqrt:62;Sub:52;Var:2,4563.0,2013.0,8959.0,152241.0,16.993,100.0,5000.0,ClassCap,1.0,2915.0,2234.0,4983.0,18.6,2028.0,2174564.0,451746.0,4.814,154814.0,9126.0,16.964,139.0,1.86,ok,19712.0,0.0,226.0,3.0,109.0,1639.0,333.0,0.052,0.788,0.16,39.0,238.0,300.0,0.0,23047.0,47645.0,commutative(Mul):552;commutative(Add):366;doubling:342;factor:282;associative(Mul):223;halving:212;associative(Add):196;fma-fusion:137;distribute:129;reverse-associative(Add):101;canonicalize(Sub):90;reverse-associative(Mul):68;commutative(Max):62;constant-fold:51;canonicalize(Div):45;commutative(Min):44;annihilator:9;identity(Mul):4;identity(Add):2,2829,202,2491,2432,0.8805231530576175,0.8596677271120537,118,145,0.5841584158415841,0.02368526696105977,1.0,0.0,1.0,0.0,0.0,1.0,1.0,0.8399807784718886,2.4754098360655736,1.4480874316939891,1.007451564828614,1.4922164566345442,0.0,7.48702742772424,10.822831727205337,14.612305411415864
glyph16:U+0048,glyph16,real,16.0,16.0,271.0,144.0,1.882,2731.0,7.0,7.0,0.0,3.0,44.0,1.0,43.0,0.0,0.966,0.0,0.0,0.0,0.0,29.0,Abs:1;Add:21;BitAnd:6;Const:17;Div:6;Dwrt:12;Ge:3;Le:2;Lt:2;Max:6;Min:7;Mul:20;MulAdd:12;Select:7;Sqrt:6;Sub:14;Var:2,247.0,113.0,413.0,2427.0,5.877,100.0,5000.0,ClassCap,4.0,12748.0,2410.0,2793.0,66.2,100.0,52924.0,40938.0,1.293,844.0,303.0,2.785,7.0,-26.63,ok,1088.0,0.0,14.0,9.0,7.0,49.0,49.0,0.067,0.467,0.467,2.0,15.0,3.0,0.0,434.0,3927.0,fma-fusion:2529;reverse-associative(Add):2070;associative(Add):1856;commutative(Add):1758;identity(Add):732;reverse-associative(Mul):633;factor:609;commutative(Mul):607;distribute:595;associative(Mul):468;constant-fold:287;annihilator:232;doubling:79;canonicalize(Sub):56;commutative(Min):49;inverse-annihilation(Sub):43;commutative(Max):42;identity(Mul):36;halving:33;canonicalize(Div):24;cancellation(Sub):8;involution(Sub):2,180,14,146,92,0.8111111111111111,0.5111111111111111,2,14,0.14285714285714285,0.36986301369863017,1.0,0.0,1.0,0.0,0.0,1.0,1.0,0.5333333333333333,24.716814159292035,112.8141592920354,0.8849557522123894,0.7847222222222222,0.0,4.861111111111111,4.861111111111111,7.555555555555555
glyph16:U+0049,glyph16,real,16.0,16.0,415.0,220.0,1.886,4459.0,11.0,13.0,0.0,5.0,45.0,1.0,44.0,0.0,0.967,0.0,0.0,0.0,0.0,33.0,Abs:1;Add:33;BitAnd:8;Const:23;Div:10;Dwrt:20;Ge:6;Le:2;Lt:5;Max:10;Min:11;Mul:28;MulAdd:20;Select:11;Sqrt:10;Sub:20;Var:2,391.0,190.0,766.0,3959.0,5.168,100.0,5000.0,ClassCap,3.0,8958.0,2842.0,3416.0,50.3,208.0,93211.0,79161.0,1.177,1726.0,786.0,2.196,11.0,2.61,ok,2304.0,0.0,30.0,8.0,44.0,86.0,85.0,0.205,0.4,0.395,5.0,27.0,32.0,0.0,2485.0,6860.0,fma-fusion:2264;reverse-associative(Add):1379;associative(Add):1285;commutative(Add):1189;commutative(Mul):447;reverse-associative(Mul):427;factor:354;identity(Add):351;distribute:308;associative(Mul):279;constant-fold:222;annihilator:126;canonicalize(Sub):60;commutative(Min):55;doubling:52;commutative(Max):50;identity(Mul):42;canonicalize(Div):30;inverse-annihilation(Sub):20;halving:12;cancellation(Sub):5;involution(Sub):1,355,22,320,272,0.9014084507042254,0.7661971830985915,12,22,0.5454545454545454,0.15000000000000002,1.0,0.0,1.0,0.0,0.0,1.0,1.0,0.6046511627906976,17.978947368421053,47.14736842105263,1.0947368421052632,0.8636363636363636,0.0,5.0,5.909090909090909,10.472727272727273
glyph16:U+004A,glyph16,real,16.0,16.0,1253.0,734.0,1.707,20975.0,54.0,79.0,30.0,0.0,62.0,1.0,61.0,0.0,0.978,0.0,0.0,0.0,0.0,42.0,Abs:1;Add:82;BitAnd:26;Const:101;Div:23;Dwrt:46;Ge:35;Gt:20;Le:22;Lt:2;Max:33;Min:24;Mul:74;MulAdd:116;Neg:10;Select:54;Sqrt:33;Sub:30;Var:2,2425.0,1074.0,4725.0,80068.0,16.946,100.0,5000.0,ClassCap,1.0,3220.0,2373.0,4282.0,14.3,1006.0,649804.0,242344.0,2.681,33949.0,4504.0,7.538,74.0,-4.68,ok,10752.0,0.0,148.0,2.0,101.0,765.0,186.0,0.096,0.727,0.177,48.0,167.0,162.0,0.0,13088.0,24245.0,fma-fusion:761;reverse-associative(Mul):669;commutative(Mul):292;associative(Mul):251;reverse-associative(Add):227;commutative(Add):196;doubling:195;factor:155;halving:115;associative(Add):110;distribute:76;canonicalize(Sub):50;commutative(Max):33;constant-fold:30;commutative(Min):24;canonicalize(Div):23;annihilator:9;identity(Add):2;identity(Mul):2,1486,108,1324,1304,0.8909825033647375,0.8775235531628532,66,78,0.6111111111111112,0.015105740181268867,1.0,0.0,1.0,0.0,0.0,1.0,1.0,0.8231939163498099,3.9869646182495346,2.998137802607076,0.9366852886405959,1.4632152588555858,0.0,7.356948228882834,10.762942779291553,14.64850136239782
glyph16:U+004B,glyph16,real,16.0,16.0,493.0,286.0,1.724,6364.0,15.0,21.0,3.0,0.0,45.0,1.0,44.0,0.0,0.972,0.0,0.0,0.0,0.0,38.0,Abs:1;Add:37;BitAnd:14;Const:40;Div:12;Dwrt:22;Ge:10;Gt:2;Le:5;Lt:4;Max:12;Min:12;Mul:33;MulAdd:30;Neg:1;Select:15;Sqrt:12;Sub:22;Var:2,617.0,318.0,1320.0,12417.0,9.407,100.0,5000.0,ClassCap,3.0,10088.0,3635.0,4576.0,58.0,303.0,165022.0,86187.0,1.915,6382.0,1227.0,5.201,17.0,-7.05,ok,3264.0,4.0,48.0,9.0,54.0,175.0,85.0,0.172,0.557,0.271,8.0,47.0,39.0,0.0,3256.0,8294.0,fma-fusion:1754;commutative(Add):1552;commutative(Mul):1489;reverse-associative(Add):952;reverse-associative(Mul):800;associative(Add):739;associative(Mul):540;factor:420;identity(Add):375;distribute:365;constant-fold:323;halving:179;doubling:161;annihilator:134;canonicalize(Sub):72;commutative(Min):60;commutative(Max):60;identity(Mul):47;canonicalize(Div):39;inverse-annihilation(Sub):20;cancellation(Sub):5;involution(Sub):1;inverse-annihilation(Div):1,493,30,397,312,0.8052738336713996,0.6328600405679513,10,27,0.3333333333333333,0.21410579345088165,1.0,0.0,1.0,0.0,0.0,1.0,1.0,0.7292993630573248,14.38993710691824,31.72327044025157,0.9528301886792453,1.1118881118881119,0.0,5.244755244755245,7.3426573426573425,11.412587412587413
glyph16:U+004C,glyph16,real,16.0,16.0,163.0,96.0,1.698,1435.0,4.0,7.0,0.0,0.0,44.0,1.0,43.0,0.0,0.964,0.0,0.0,0.0,0.0,26.0,Abs:1;Add:12;BitAnd:6;Const:15;Div:3;Dwrt:6;Ge:3;Le:2;Lt:2;Max:3;Min:4;Mul:14;MulAdd:6;Select:4;Sqrt:3;Sub:10;Var:2,151.0,83.0,280.0,1356.0,4.843,100.0,5000.0,ClassCap,5.0,17389.0,2915.0,3354.0,140.3,70.0,30238.0,23850.0,1.268,448.0,195.0,2.297,4.0,-30.36,ok,848.0,0.0,11.0,9.0,7.0,36.0,32.0,0.093,0.48,0.427,2.0,6.0,0.0,0.0,98.0,2631.0,fma-fusion:2903;reverse-associative(Add):2239;associative(Add):2130;commutative(Add):1825;distribute:1359;reverse-associative(Mul):1255;commutative(Mul):1174;associative(Mul):1074;identity(Add):1060;factor:1039;constant-fold:483;annihilator:404;doubling:129;halving:72;inverse-annihilation(Sub):69;canonicalize(Sub):50;commutative(Min):36;identity(Mul):32;commutative(Max):27;canonicalize(Div):15;cancellation(Sub):11;involution(Sub):3,127,8,80,52,0.6299212598425197,0.4094488188976378,2,8,0.25,0.35,1.0,0.0,1.0,0.0,0.0,1.0,1.0,0.5733333333333334,40.40963855421687,209.50602409638554,0.8433734939759037,0.8645833333333334,0.0,4.166666666666667,7.291666666666667,8.833333333333334
glyph16:U+004D,glyph16,real,16.0,16.0,1447.0,818.0,1.769,23626.0,57.0,79.0,27.0,3.0,50.0,1.0,49.0,0.0,0.976,0.0,0.0,0.0,0.0,44.0,Abs:1;Add:97;BitAnd:29;Const:98;Div:32;Dwrt:58;Ge:34;Gt:18;Le:23;Lt:4;Max:38;Min:30;Mul:87;MulAdd:124;Neg:7;Select:57;Sqrt:38;Sub:41;Var:2,2345.0,1036.0,4621.0,54223.0,11.734,100.0,5000.0,ClassCap,2.0,5335.0,3184.0,4914.0,29.5,976.0,519307.0,273837.0,1.896,17752.0,4287.0,4.141,75.0,-7.23,ok,11168.0,0.0,115.0,6.0,56.0,706.0,224.0,0.057,0.716,0.227,5.0,110.0,173.0,0.0,12837.0,25688.0,commutative(Add):1054;fma-fusion:795;commutative(Mul):704;reverse-associative(Mul):571;reverse-associative(Add):291;associative(Mul):255;identity(Add):240;constant-fold:202;associative(Add):167;factor:164;doubling:157;distribute:151;canonicalize(Sub):118;halving:117;commutative(Max):114;commutative(Min):90;canonicalize(Div):68;annihilator:38;identity(Mul):32;involution(Sub):4;cancellation(Sub):2;inverse-annihilation(Sub):1,1435,114,1443,1382,1.005574912891986,0.9630662020905923,68,83,0.5964912280701754,0.042273042273042294,1.0,0.0,1.0,0.0,0.0,1.0,1.0,0.7728194726166329,4.743243243243243,5.149613899613899,0.9420849420849421,1.2665036674816625,0.0,6.968215158924205,9.657701711491443,13.65281173594132
glyph16:U+004E,glyph16,real,16.0,16.0,871.0,509.0,1.711,13807.0,31.0,45.0,12.0,1.0,50.0,1.0,49.0,0.0,0.975,0.0,0.0,0.0,0.0,42.0,Abs:1;Add:61;BitAnd:20;Const:70;Div:22;Dwrt:36;Ge:20;Gt:8;Le:14;Lt:3;Max:22;Min:19;Mul:56;MulAdd:68;Neg:4;Select:31;Sqrt:22;Sub:30;Var:2,1399.0,657.0,2844.0,39063.0,13.735,100.0,5000.0,ClassCap,2.0,6428.0,3297.0,4650.0,25.2,591.0,287282.0,164258.0,1.749,9422.0,2513.0,3.749,39.0,-11.64,ok,6464.0,0.0,69.0,3.0,32.0,429.0,140.0,0.053,0.714,0.233,5.0,73.0,92.0,0.0,7061.0,15856.0,commutative(Mul):1225;fma-fusion:992;commutative(Add):801;reverse-associative(Mul):539;reverse-associative(Add):369;factor:344;distribute:337;associative(Mul):334;associative(Add):305;halving:278;doubling:248;identity(Add):196;constant-fold:134;canonicalize(Sub):76;commutative(Max):66;commutative(Min):57;canonicalize(Div):46;annihilator:42;identity(Mul):36;cancellation(Sub):2;inverse-annihilation(Sub):1,874,62,794,710,0.9084668192219679,0.8123569794050344,32,50,0.5161290322580645,0.10579345088161207,1.0,0.0,1.0,0.0,0.0,1.0,1.0,0.7670549084858569,7.077625570776256,9.78386605783866,0.8995433789954338,1.2907662082514735,0.0,6.090373280943026,8.840864440078585,12.699410609037328
glyph16:U+004F,glyph16,real,16.0,16.0,2889.0,1639.0,1.763,50943.0,131.0,185.0,78.0,1.0,62.0,1.0,61.0,0.0,0.979,0.0,0.0,0.0,0.0,55.0,Abs:1;Add:180;BitAnd:55;Const:196;Div:52;Dwrt:104;Ge:79;Gt:52;Le:54;Max:77;Min:53;Mul:164;MulAdd:285;Neg:21;Select:131;Sqrt:77;Sub:56;Var:2,5945.0,2529.0,11428.0,202657.0,17.733,100.0,5000.0,ClassCap,1.0,2421.0,1982.0,5000.0,20.0,2505.0,2728848.0,585000.0,4.665,186993.0,11490.0,16.274,181.0,0.54,ok,23984.0,0.0,264.0,1.0,67.0,2044.0,429.0,0.026,0.805,0.169,28.0,270.0,392.0,0.0,29436.0,60227.0,commutative(Mul):710;commutative(Add):459;factor:206;distribute:173;doubling:171;associative(Add):132;halving:116;canonicalize(Sub):108;commutative(Max):77;commutative(Min):53;canonicalize(Div):52;constant-fold:48;associative(Mul):44;fma-fusion:27;reverse-associative(Add):20;reverse-associative(Mul):15;annihilator:8;identity(Add):2,3469,260,3335,3318,0.9613721533583165,0.9564716056500432,158,175,0.6076923076923076,0.005097451274362785,1.0,0.0,1.0,0.0,0.0,1.0,1.0,0.8311023622047244,1.9770660340055357,0.9572953736654805,0.9905100830367735,1.5430140329469189,0.0,7.99267846247712,11.287370347773033,14.633312995729103
glyph16:U+0050,glyph16,real,16.0,16.0,1253.0,731.0,1.714,20975.0,54.0,78.0,30.0,0.0,61.0,1.0,60.0,0.0,0.978,0.0,0.0,0.0,0.0,42.0,Abs:1;Add:82;BitAnd:26;Const:99;Div:23;Dwrt:46;Ge:33;Gt:20;Le:22;Lt:3;Max:33;Min:24;Mul:74;MulAdd:116;Neg:10;Select:54;Sqrt:33;Sub:30;Var:2,2409.0,1063.0,4686.0,78440.0,16.739,100.0,5000.0,ClassCap,2.0,5422.0,3117.0,4880.0,29.4,964.0,554505.0,238291.0,2.327,22050.0,4096.0,5.383,74.0,-12.59,ok,10640.0,0.0,99.0,1.0,5.0,779.0,186.0,0.005,0.803,0.192,0.0,98.0,160.0,0.0,11808.0,24373.0,commutative(Add):951;fma-fusion:858;commutative(Mul):707;reverse-associative(Mul):681;associative(Mul):288;reverse-associative(Add):260;doubling:250;factor:213;identity(Add):196;constant-fold:177;halving:170;associative(Add):165;distribute:137;canonicalize(Sub):100;commutative(Max):99;commutative(Min):72;canonicalize(Div):46;annihilator:38;identity(Mul):11;cancellation(Sub):2;inverse-annihilation(Sub):1,1354,108,1322,1292,0.9763663220088626,0.9542097488921714,64,78,0.5925925925925926,0.0226928895612708,1.0,0.0,1.0,0.0,0.0,1.0,1.0,0.8082474226804124,4.5907808090310445,5.1006585136406395,0.9068673565380997,1.454172366621067,0.0,7.387140902872777,10.6703146374829,14.555403556771546
glyph16:U+0051,glyph16,real,16.0,16.0,2997.0,1694.0,1.769,52239.0,134.0,186.0,78.0,4.0,62.0,1.0,61.0,0.0,0.979,0.0,0.0,0.0,0.0,56.0,Abs:1;Add:189;BitAnd:58;Const:208;Div:55;Dwrt:110;Ge:78;Gt:52;Le:54;Lt:2;Max:77;Min:56;Mul:170;MulAdd:288;Neg:21;Select:134;Sqrt:77;Sub:62;Var:2,6053.0,2551.0,11416.0,203806.0,17.853,100.0,5000.0,ClassCap,1.0,2388.0,1966.0,5000.0,20.0,2527.0,2638216.0,607213.0,4.345,176866.0,11473.0,15.416,178.0,0.5,ok,26720.0,9.0,268.0,4.0,88.0,2022.0,456.0,0.034,0.788,0.178,26.0,285.0,402.0,0.0,30314.0,61624.0,commutative(Mul):698;commutative(Add):474;factor:187;distribute:171;doubling:159;associative(Add):122;canonicalize(Sub):114;halving:110;commutative(Max):77;commutative(Min):56;canonicalize(Div):55;constant-fold:51;associative(Mul):41;fma-fusion:28;reverse-associative(Add):19;reverse-associative(Mul):14;annihilator:8;identity(Add):2;identity(Mul):2,3535,260,3468,3436,0.981046676096181,0.971994342291372,162,184,0.6230769230769231,0.009227220299884653,1.0,0.0,1.0,0.0,0.0,1.0,1.0,0.8222915042868277,1.960015680125441,0.9361034888279106,0.9905919247353979,1.5059031877213696,0.0,7.910271546635183,10.979929161747343,15.77331759149941
glyph16:U+0052,glyph16,real,16.0,16.0,1434.0,833.0,1.721,23793.0,61.0,86.0,33.0,1.0,61.0,1.0,60.0,0.0,0.978,0.0,0.0,0.0,0.0,45.0,Abs:1;Add:95;BitAnd:29;Const:113;Div:27;Dwrt:54;Ge:36;Gt:22;Le:24;Lt:4;Max:38;Min:28;Mul:84;MulAdd:131;Neg:11;Select:61;Sqrt:38;Sub:35;Var:2,2710.0,1201.0,5301.0,87240.0,16.457,100.0,5000.0,ClassCap,1.0,3337.0,2464.0,4509.0,19.2,1120.0,701155.0,266024.0,2.636,35155.0,5054.0,6.956,83.0,-4.66,ok,12064.0,0.0,155.0,4.0,119.0,852.0,209.0,0.101,0.722,0.177,41.0,198.0,177.0,0.0,14537.0,27127.0,fma-fusion:821;reverse-associative(Mul):571;commutative(Mul):322;associative(Mul):256;reverse-associative(Add):249;commutative(Add):219;doubling:209;factor:166;associative(Add):122;halving:121;distribute:79;canonicalize(Sub):57;commutative(Max):38;constant-fold:31;commutative(Min):28;canonicalize(Div):27;annihilator:9;identity(Add):6;identity(Mul):6,1661,122,1485,1426,0.8940397350993378,0.8585189644792294,68,89,0.5573770491803278,0.03973063973063973,1.0,0.0,1.0,0.0,0.0,1.0,1.0,0.8228813559322034,3.754371357202331,2.778517901748543,0.93255620316403,1.4417767106842736,0.0,7.322929171668667,10.324129651860744,14.482593037214887
glyph16:U+0053,glyph16,real,16.0,16.0,3724.0,2163.0,1.722,65485.0,168.0,238.0,99.0,1.0,62.5,1.0,61.5,0.0,0.979,0.0,0.0,0.0,0.0,64.0,Abs:1;Add:239;BitAnd:71;Const:289;Div:68;Dwrt:136;Ge:102;Gt:66;Le:68;Lt:2;Max:100;Min:69;Mul:210;MulAdd:366;Neg:32;Select:168;Sqrt:100;Sub:74;Var:2,7616.0,3307.0,14779.0,259635.0,17.568,100.0,5000.0,ClassCap,1.0,1682.0,1586.0,5000.0,20.6,3243.0,3335025.0,793741.0,4.202,152445.0,14746.0,10.338,232.0,-0.22,ok,31360.0,0.0,336.0,2.0,80.0,2608.0,596.0,0.024,0.794,0.181,32.0,334.0,505.0,0.0,37696.0,79952.0,commutative(Mul):620;commutative(Add):595;canonicalize(Sub):140;commutative(Max):100;constant-fold:73;commutative(Min):69;canonicalize(Div):68;annihilator:9;distribute:3;identity(Add):2;identity(Mul):2;fma-fusion:1,4520,334,4532,4500,1.002654867256637,0.995575221238938,204,236,0.6107784431137725,0.007060900264783787,1.0,0.0,1.0,0.0,0.0,1.0,1.0,0.8185140073081608,1.5119443604475356,0.5086180828545509,0.9806471121862715,1.5288950531668979,0.0,7.766990291262136,11.003236245954692,14.498381877022654
glyph16:U+0054,glyph16,real,16.0,16.0,199.0,111.0,1.793,1867.0,5.0,7.0,0.0,2.0,44.0,1.0,43.0,0.0,0.965,0.0,0.0,0.0,0.0,27.0,Abs:1;Add:15;BitAnd:5;Const:16;Div:4;Dwrt:8;Ge:3;Le:2;Lt:2;Max:4;Min:5;Mul:16;MulAdd:8;Select:5;Sqrt:4;Sub:11;Var:2,183.0,92.0,322.0,1713.0,5.32,100.0,5000.0,ClassCap,5.0,18608.0,3038.0,3522.0,166.5,79.0,38232.0,29930.0,1.277,582.0,230.0,2.53,5.0,-28.57,ok,912.0,0.0,11.0,9.0,7.0,39.0,38.0,0.083,0.464,0.452,2.0,8.0,0.0,0.0,130.0,3063.0,fma-fusion:3244;reverse-associative(Add):2428;associative(Add):2291;commutative(Add):2186;distribute:1350;commutative(Mul):1231;reverse-associative(Mul):1193;identity(Add):1146;associative(Mul):1082;factor:1081;constant-fold:485;annihilator:420;doubling:129;inverse-annihilation(Sub):71;halving:69;canonicalize(Sub):55;commutative(Min):45;commutative(Max):36;identity(Mul):32;canonicalize(Div):20;cancellation(Sub):11;involution(Sub):3,142,10,100,64,0.704225352112676,0.4507042253521127,2,10,0.2,0.36,1.0,0.0,1.0,0.0,0.0,1.0,1.0,0.5476190476190477,38.28260869565217,202.2608695652174,0.8586956521739131,0.8288288288288288,0.0,4.504504504504505,6.306306306306307,8.216216216216216
glyph16:U+0055,glyph16,real,16.0,16.0,1507.0,877.0,1.718,25315.0,65.0,93.0,36.0,0.0,62.0,1.0,61.0,0.0,0.978,0.0,0.0,0.0,0.0,45.0,Abs:1;Add:99;BitAnd:31;Const:118;Div:28;Dwrt:56;Ge:42;Gt:24;Le:26;Lt:1;Max:40;Min:29;Mul:88;MulAdd:140;Neg:12;Select:65;Sqrt:40;Sub:35;Var:2,2899.0,1275.0,5627.0,94865.0,16.859,100.0,5000.0,ClassCap,1.0,3440.0,2558.0,4686.0,19.3,1201.0,839036.0,293215.0,2.862,44651.0,5365.0,8.323,89.0,-4.66,ok,12672.0,0.0,147.0,2.0,66.0,945.0,222.0,0.054,0.766,0.18,27.0,171.0,194.0,0.0,15179.0,29394.0,fma-fusion:871;reverse-associative(Mul):504;commutative(Mul):346;associative(Mul):276;reverse-associative(Add):258;commutative(Add):231;doubling:228;factor:179;halving:132;associative(Add):126;distribute:84;canonicalize(Sub):59;commutative(Max):40;constant-fold:34;commutative(Min):29;canonicalize(Div):28;annihilator:9;identity(Mul):4;identity(Add):2,1722,130,1596,1564,0.926829268292683,0.908246225319396,78,94,0.6,0.020050125313283207,1.0,0.0,1.0,0.0,0.0,1.0,1.0,0.8199513381995134,3.675294117647059,2.6980392156862747,0.9419607843137255,1.4538198403648803,0.0,7.411630558722919,10.604332953249715,14.449258836944127
glyph16:U+0056,glyph16,real,16.0,16.0,853.0,496.0,1.72,13591.0,35.0,49.0,18.0,1.0,62.0,1.0,61.0,0.0,0.977,0.0,0.0,0.0,0.0,38.0,Abs:1;Add:56;BitAnd:18;Const:72;Div:16;Dwrt:32;Ge:22;Gt:12;Le:14;Lt:1;Max:22;Min:17;Mul:52;MulAdd:74;Neg:5;Select:35;Sqrt:22;Sub:23;Var:2,1573.0,713.0,3117.0,50021.0,16.048,100.0,5000.0,ClassCap,2.0,6589.0,3260.0,4611.0,31.6,627.0,317660.0,161728.0,1.964,11150.0,2743.0,4.065,47.0,-12.0,ok,7008.0,0.0,67.0,4.0,30.0,471.0,133.0,0.047,0.743,0.21,0.0,63.0,104.0,0.0,7664.0,16078.0,commutative(Mul):1396;fma-fusion:991;commutative(Add):704;reverse-associative(Mul):600;factor:383;associative(Mul):382;reverse-associative(Add):343;associative(Add):316;halving:312;doubling:297;distribute:296;identity(Add):168;constant-fold:122;canonicalize(Sub):70;commutative(Max):66;commutative(Min):51;annihilator:46;canonicalize(Div):32;identity(Mul):11;cancellation(Sub):2;inverse-annihilation(Sub):1,901,70,868,840,0.9633740288568258,0.9322974472807991,42,50,0.6,0.032258064516129004,1.0,0.0,1.0,0.0,0.0,1.0,1.0,0.7902208201892744,6.467040673211781,9.241234221598878,0.879382889200561,1.4375,0.0,7.056451612903226,9.879032258064516,14.129032258064516
glyph16:U+0057,glyph16,real,16.0,16.0,3664.0,2106.0,1.74,63796.0,160.0,225.0,90.0,2.0,62.0,1.0,61.0,0.0,0.978,0.0,0.0,0.0,0.0,68.0,Abs:1;Add:238;BitAnd:70;Const:263;Div:72;Dwrt:138;Ge:97;Gt:60;Le:65;Lt:3;Max:99;Min:70;Mul:209;MulAdd:351;Neg:28;Select:160;Sqrt:99;Sub:81;Var:2,7232.0,3167.0,14271.0,237291.0,16.627,100.0,5000.0,ClassCap,1.0,1842.0,1729.0,5000.0,23.7,3091.0,2976276.0,780697.0,3.812,130476.0,14197.0,9.19,220.0,-0.52,ok,31472.0,0.0,332.0,6.0,123.0,2416.0,597.0,0.039,0.77,0.19,35.0,330.0,491.0,0.0,36739.0,76987.0,commutative(Mul):769;commutative(Add):581;canonicalize(Sub):141;commutative(Max):99;canonicalize(Div):74;constant-fold:70;commutative(Min):70;distribute:11;identity(Mul):9;annihilator:8;identity(Add):6;fma-fusion:2;factor:1;doubling:1,4362,320,4370,4344,1.0018340210912426,0.9958734525447043,200,226,0.625,0.00594965675057213,1.0,0.0,1.0,0.0,0.0,1.0,1.0,0.8096301020408163,1.5787811809283234,0.5816229870539943,0.9760025260498895,1.5037986704653372,0.0,7.597340930674264,10.683760683760683,14.943969610636277
glyph16:U+0058,glyph16,real,16.0,16.0,343.0,197.0,1.741,3595.0,9.0,11.0,0.0,2.0,45.0,1.0,44.0,0.0,0.968,0.0,0.0,0.0,0.0,31.0,Abs:1;Add:27;BitAnd:9;Const:31;Div:8;Dwrt:16;Ge:5;Le:2;Lt:4;Max:8;Min:9;Mul:24;MulAdd:16;Select:9;Sqrt:8;Sub:18;Var:2,343.0,199.0,794.0,3349.0,4.218,100.0,5000.0,ClassCap,3.0,9045.0,2969.0,3607.0,69.0,219.0,68480.0,62136.0,1.102,1475.0,876.0,1.684,9.0,10.33,ok,2448.0,0.0,32.0,8.0,68.0,90.0,67.0,0.302,0.4,0.298,8.0,24.0,26.0,0.0,2056.0,5796.0,fma-fusion:2192;reverse-associative(Add):1248;associative(Add):1208;commutative(Add):1081;reverse-associative(Mul):599;commutative(Mul):555;factor:386;associative(Mul):378;distribute:370;identity(Add):341;constant-fold:255;annihilator:143;canonicalize(Sub):54;doubling:54;commutative(Min):45;commutative(Max):40;identity(Mul):34;canonicalize(Div):24;inverse-annihilation(Sub):20;halving:12;cancellation(Sub):5;involution(Sub):1,348,18,256,208,0.735632183908046,0.5977011494252874,10,18,0.5555555555555556,0.1875,1.0,0.0,1.0,0.0,0.0,1.0,1.0,0.7022222222222222,18.12562814070352,45.45226130653266,1.100502512562814,1.0101522842639594,0.0,4.568527918781726,5.583756345177665,12.426395939086294
glyph16:U+0059,glyph16,real,16.0,16.0,271.0,150.0,1.807,2731.0,7.0,8.0,0.0,3.0,44.0,1.0,43.0,0.0,0.967,0.0,0.0,0.0,0.0,29.0,Abs:1;Add:21;BitAnd:6;Const:22;Div:6;Dwrt:12;Ge:4;Le:2;Lt:2;Max:6;Min:7;Mul:20;MulAdd:12;Select:7;Sqrt:6;Sub:14;Var:2,263.0,144.0,569.0,2531.0,4.448,100.0,5000.0,ClassCap,3.0,7600.0,2242.0,2680.0,57.3,152.0,53534.0,46547.0,1.15,1259.0,587.0,2.145,7.0,3.16,ok,1696.0,0.0,26.0,10.0,47.0,58.0,53.0,0.297,0.367,0.335,10.0,18.0,6.0,0.0,682.0,4367.0,fma-fusion:1746;reverse-associative(Add):1397;associative(Add):1123;commutative(Add):821;reverse-associative(Mul):407;commutative(Mul):387;factor:310;identity(Add):303;distribute:278;associative(Mul):261;constant-fold:206;annihilator:122;doubling:50;canonicalize(Sub):42;commutative(Min):35;commutative(Max):30;identity(Mul):26;inverse-annihilation(Sub):20;canonicalize(Div):18;halving:12;cancellation(Sub):5;involution(Sub):1,253,14,178,136,0.7035573122529645,0.5375494071146245,6,14,0.42857142857142855,0.2359550561797753,1.0,0.0,1.0,0.0,0.0,1.0,1.0,0.6645569620253164,18.61111111111111,52.77777777777778,1.0555555555555556,0.96,0.0,4.666666666666667,5.333333333333333,11.306666666666667
glyph16:U+005A,glyph16,real,16.0,16.0,271.0,158.0,1.715,2731.0,7.0,13.0,0.0,0.0,45.0,1.0,44.0,0.0,0.967,0.0,0.0,0.0,0.0,29.0,Abs:1;Add:21;BitAnd:9;Const:20;Div:6;Dwrt:12;Ge:6;Le:2;Lt:5;Max:6;Min:7;Mul:20;MulAdd:12;Select:7;Sqrt:6;Sub:16;Var:2,255.0,140.0,521.0,2479.0,4.758,100.0,5000.0,ClassCap,4.0,14104.0,2879.0,3358.0,166.6,135.0,53108.0,44102.0,1.204,1013.0,452.0,2.241,7.0,-13.24,ok,1504.0,0.0,23.0,8.0,25.0,65.0,51.0,0.177,0.461,0.362,6.0,21.0,9.0,0.0,918.0,4329.0,fma-fusion:2891;reverse-associative(Add):2019;commutative(Add):1950;associative(Add):1793;reverse-associative(Mul):829;identity(Add):824;commutative(Mul):781;distribute:717;factor:663;associative(Mul):602;constant-fold:379;annihilator:266;doubling:87;canonicalize(Sub):64;commutative(Min):49;inverse-annihilation(Sub):45;commutative(Max):42;identity(Mul):36;halving:33;canonicalize(Div):24;cancellation(Sub):8;involution(Sub):2,232,14,168,120,0.7241379310344828,0.5172413793103449,4,14,0.2857142857142857,0.2857142857142857,1.0,0.0,1.0,0.0,0.0,1.0,1.0,0.6382978723404256,23.985714285714284,100.74285714285715,0.9642857142857143,0.8860759493670886,0.0,4.430379746835443,8.227848101265822,9.518987341772151
glyph16:U+005B,glyph16,real,16.0,16.0,199.0,120.0,1.658,1867.0,5.0,10.0,0.0,0.0,45.0,1.0,44.0,0.0,0.966,0.0,0.0,0.0,0.0,27.0,Abs:1;Add:15;BitAnd:7;Const:19;Div:4;Dwrt:8;Ge:5;Le:2;Lt:3;Max:4;Min:5;Mul:16;MulAdd:8;Select:5;Sqrt:4;Sub:12;Var:2,183.0,101.0,337.0,1713.0,5.083,100.0,5000.0,Quiesced,7.0,21610.0,1336.0,1519.0,53.4,85.0,37128.0,28842.0,1.287,588.0,237.0,2.481,5.0,-29.67,ok,976.0,0.0,13.0,10.0,7.0,45.0,37.0,0.079,0.506,0.416,2.0,9.0,1.0,0.0,210.0,3095.0,fma-fusion:4110;reverse-associative(Add):3939;associative(Add):3761;commutative(Add):3581;identity(Add):1520;commutative(Mul):925;constant-fold:917;factor:563;distribute:517;reverse-associative(Mul):497;associative(Mul):454;annihilator:306;doubling:111;inverse-annihilation(Sub):93;canonicalize(Sub):84;identity(Mul):66;commutative(Min):65;commutative(Max):52;canonicalize(Div):28;halving:11;involution(Sub):5;cancellation(Sub):5,150,10,102,66,0.68,0.44,2,10,0.2,0.3529411764705882,0.0,1.0,1.0,0.0,0.0,1.0,1.0,0.5842696629213483,15.03960396039604,213.96039603960395,0.8415841584158416,0.8416666666666667,0.0,4.166666666666667,8.333333333333334,8.133333333333333
glyph16:U+005C,glyph16,real,16.0,16.0,127.0,76.0,1.671,1003.0,3.0,5.0,0.0,1.0,45.0,1.0,44.0,0.0,0.963,0.0,0.0,0.0,0.0,25.0,Abs:1;Add:9;BitAnd:4;Const:15;Div:2;Dwrt:4;Ge:2;Le:2;Lt:1;Max:2;Min:3;Mul:12;MulAdd:4;Select:3;Sqrt:2;Sub:8;Var:2,127.0,78.0,275.0,1051.0,3.822,100.0,5000.0,ClassCap,5.0,18425.0,2972.0,3444.0,221.0,61.0,23686.0,20074.0,1.18,436.0,214.0,2.037,3.0,-22.18,ok,800.0,0.0,11.0,7.0,15.0,22.0,28.0,0.231,0.338,0.431,4.0,4.0,0.0,0.0,68.0,2159.0,fma-fusion:2794;reverse-associative(Add):2113;associative(Add):1964;commutative(Mul):1784;commutative(Add):1779;reverse-associative(Mul):1502;distribute:1424;associative(Mul):1276;identity(Add):1178;factor:1083;annihilator:575;constant-fold:547;doubling:133;inverse-annihilation(Sub):81;halving:65;canonicalize(Sub):40;commutative(Min):27;commutative(Max):18;identity(Mul):18;cancellation(Sub):11;canonicalize(Div):10;involution(Sub):3,111,6,68,56,0.6126126126126126,0.5045045045045045,4,6,0.6666666666666666,0.17647058823529416,1.0,0.0,1.0,0.0,0.0,1.0,1.0,0.5692307692307692,44.15384615384615,236.21794871794873,0.782051282051282,1.0263157894736843,0.0,3.9473684210526314,6.578947368421052,10.526315789473685
glyph16:U+005D,glyph16,real,16.0,16.0,199.0,120.0,1.658,1867.0,5.0,10.0,0.0,0.0,46.0,1.0,45.0,0.0,0.967,0.0,0.0,0.0,0.0,27.0,Abs:1;Add:15;BitAnd:7;Const:19;Div:4;Dwrt:8;Ge:5;Le:2;Lt:3;Max:4;Min:5;Mul:16;MulAdd:8;Select:5;Sqrt:4;Sub:12;Var:2,183.0,101.0,337.0,1713.0,5.083,100.0,5000.0,Quiesced,7.0,21480.0,1332.0,1517.0,53.1,87.0,39688.0,31402.0,1.264,598.0,247.0,2.421,5.0,-26.71,ok,992.0,0.0,13.0,10.0,7.0,45.0,39.0,0.077,0.495,0.429,2.0,9.0,1.0,0.0,210.0,3223.0,fma-fusion:4110;reverse-associative(Add):3939;associative(Add):3761;commutative(Add):3581;identity(Add):1520;constant-fold:917;commutative(Mul):913;factor:563;distribute:517;reverse-associative(Mul):457;associative(Mul):416;annihilator:306;doubling:111;inverse-annihilation(Sub):93;canonicalize(Sub):84;commutative(Min):65;commutative(Max):52;canonicalize(Div):28;identity(Mul):26;halving:11;involution(Sub):5;cancellation(Sub):5,154,10,108,70,0.7012987012987013,0.45454545454545453,2,10,0.2,0.35185185185185186,0.0,1.0,1.0,0.0,0.0,1.0,1.0,0.5714285714285714,15.01980198019802,212.67326732673268,0.8613861386138614,0.8416666666666667,0.0,4.166666666666667,8.333333333333334,8.266666666666667
glyph16:U+005E,glyph16,real,16.0,16.0,199.0,118.0,1.686,1867.0,5.0,7.0,0.0,2.0,47.0,1.0,46.0,0.0,0.967,0.0,0.0,0.0,0.0,27.0,Abs:1;Add:15;BitAnd:5;Const:23;Div:4;Dwrt:8;Ge:3;Le:2;Lt:2;Max:4;Min:5;Mul:16;MulAdd:8;Select:5;Sqrt:4;Sub:11;Var:2,199.0,120.0,446.0,1817.0,4.074,100.0,5000.0,ClassCap,4.0,12224.0,2457.0,2891.0,95.4,111.0,38696.0,33880.0,1.142,881.0,415.0,2.123,5.0,-6.95,ok,1376.0,0.0,20.0,12.0,32.0,42.0,41.0,0.278,0.365,0.357,8.0,8.0,0.0,0.0,136.0,3328.0,fma-fusion:2458;reverse-associative(Add):1853;associative(Add):1669;commutative(Add):1537;commutative(Mul):825;reverse-associative(Mul):764;identity(Add):655;associative(Mul):576;distribute:511;factor:418;constant-fold:403;annihilator:281;doubling:66;canonicalize(Sub):44;inverse-annihilation(Sub):40;commutative(Min):35;commutative(Max):28;identity(Mul):25;canonicalize(Div):16;halving:16;involution(Sub):2;cancellation(Sub):2,188,10,128,104,0.6808510638297872,0.5531914893617021,6,10,0.6,0.1875,1.0,0.0,1.0,0.0,0.0,1.0,1.0,0.6434782608695652,24.091666666666665,101.86666666666666,0.925,1.0169491525423728,0.0,4.237288135593221,5.932203389830509,11.661016949152541
glyph16:U+005F,glyph16,real,16.0,16.0,127.0,75.0,1.693,1003.0,3.0,6.0,0.0,1.0,44.0,1.0,43.0,0.0,0.962,0.0,0.0,0.0,0.0,25.0,Abs:1;Add:9;BitAnd:4;Const:13;Div:2;Dwrt:4;Ge:3;Le:2;Lt:1;Max:2;Min:3;Mul:12;MulAdd:4;Select:3;Sqrt:2;Sub:8;Var:2,119.0,68.0,228.0,999.0,4.382,100.0,5000.0,ClassCap,6.0,23449.0,2664.0,2994.0,313.6,50.0,21546.0,17781.0,1.212,276.0,141.0,1.957,3.0,-38.16,ok,640.0,0.0,7.0,6.0,4.0,24.0,25.0,0.075,0.453,0.472,1.0,2.0,0.0,0.0,33.0,1988.0,fma-fusion:2985;reverse-associative(Add):2673;associative(Add):2503;commutative(Mul):2277;distribute:2100;commutative(Add):2038;reverse-associative(Mul):2036;associative(Mul):1766;identity(Add):1571;factor:1334;constant-fold:805;annihilator:805;doubling:196;inverse-annihilation(Sub):131;halving:79;canonicalize(Sub):48;commutative(Min):33;commutative(Max):22;identity(Mul):22;canonicalize(Div):12;cancellation(Sub):9;involution(Sub):4,91,6,56,36,0.6153846153846154,0.3956043956043956,2,6,0.3333333333333333,0.3571428571428571,1.0,0.0,1.0,0.0,0.0,1.0,1.0,0.5283018867924528,44.029411764705884,344.8382352941176,0.7352941176470589,0.9066666666666666,0.0,4.0,8.0,8.533333333333333
glyph16:U+0060,glyph16,real,16.0,16.0,890.0,530.0,1.679,14681.0,38.0,57.0,21.0,0.0,63.0,1.0,62.0,0.0,0.978,0.0,0.0,0.0,0.0,38.0,Abs:1;Add:58;BitAnd:19;Const:80;Div:16;Dwrt:32;Ge:25;Gt:14;Le:16;Lt:2;Max:23;Min:17;Mul:54;MulAdd:81;Neg:7;Select:38;Sqrt:23;Sub:22;Var:2,1722.0,776.0,3369.0,57237.0,16.989,100.0,5000.0,ClassCap,2.0,6365.0,3312.0,4684.0,25.1,680.0,362670.0,168983.0,2.146,13710.0,2918.0,4.698,52.0,-13.39,ok,7440.0,0.0,71.0,1.0,8.0,544.0,135.0,0.012,0.792,0.197,1.0,70.0,113.0,0.0,8353.0,17352.0,commutative(Mul):1551;fma-fusion:914;commutative(Add):727;reverse-associative(Mul):612;associative(Mul):338;reverse-associative(Add):301;doubling:298;factor:297;distribute:274;associative(Add):245;halving:244;identity(Add):156;constant-fold:138;canonicalize(Sub):72;commutative(Max):69;commutative(Min):51;annihilator:38;canonicalize(Div):32;identity(Mul):6;involution(Sub):2,963,76,927,910,0.9626168224299065,0.944963655244029,46,55,0.6052631578947368,0.01833872707659112,1.0,0.0,1.0,0.0,0.0,1.0,1.0,0.8034934497816594,6.036082474226804,8.202319587628866,0.8762886597938144,1.4641509433962263,0.0,7.169811320754717,10.754716981132075,14.037735849056604
glyph16:U+0061,glyph16,real,16.0,16.0,2923.0,1701.0,1.718,50059.0,128.0,184.0,72.0,0.0,62.0,1.0,61.0,0.0,0.978,0.0,0.0,0.0,0.0,60.0,Abs:1;Add:191;BitAnd:58;Const:225;Div:55;Dwrt:110;Ge:80;Gt:48;Le:50;Lt:6;Max:79;Min:56;Mul:166;MulAdd:278;Neg:23;Select:128;Sqrt:79;Sub:66;Var:2,5743.0,2528.0,11260.0,190820.0,16.947,100.0,5000.0,ClassCap,1.0,2411.0,1981.0,5000.0,19.1,2507.0,2572706.0,597237.0,4.308,162656.0,11322.0,14.366,176.0,0.55,ok,24912.0,0.0,267.0,6.0,106.0,1994.0,450.0,0.042,0.782,0.176,29.0,265.0,390.0,0.0,29229.0,60810.0,commutative(Mul):687;commutative(Add):460;factor:202;doubling:167;distribute:164;associative(Add):130;canonicalize(Sub):114;halving:111;commutative(Max):79;constant-fold:60;commutative(Min):56;canonicalize(Div):55;associative(Mul):43;fma-fusion:33;reverse-associative(Add):20;reverse-associative(Mul):15;annihilator:9;identity(Mul):4;identity(Add):2,3508,256,3330,3308,0.9492588369441277,0.942987457240593,160,182,0.625,0.006606606606606613,1.0,0.0,1.0,0.0,0.0,1.0,1.0,0.8235294117647058,1.9778481012658229,0.9537183544303798,0.9916930379746836,1.4861845972957084,0.0,7.52498530276308,10.817166372721928,14.645502645502646
glyph16:U+0062,glyph16,real,16.0,16.0,2561.0,1485.0,1.725,44423.0,114.0,162.0,66.0,0.0,62.0,1.0,61.0,0.0,0.979,0.0,0.0,0.0,0.0,54.0,Abs:1;Add:166;BitAnd:50;Const:193;Div:47;Dwrt:94;Ge:70;Gt:44;Le:46;Lt:2;Max:69;Min:48;Mul:146;MulAdd:248;Neg:22;Select:114;Sqrt:69;Sub:54;Var:2,5129.0,2239.0,10015.0,171618.0,17.136,100.0,5000.0,ClassCap,1.0,2720.0,2111.0,4995.0,18.9,2256.0,2553306.0,500191.0,5.105,183141.0,10201.0,17.953,158.0,1.86,ok,21712.0,0.0,239.0,3.0,86.0,1847.0,365.0,0.037,0.804,0.159,30.0,242.0,338.0,0.0,25534.0,52998.0,commutative(Mul):617;commutative(Add):401;factor:323;doubling:289;associative(Add):206;halving:170;distribute:148;canonicalize(Sub):98;associative(Mul):95;commutative(Max):69;fma-fusion:65;constant-fold:54;commutative(Min):48;canonicalize(Div):47;reverse-associative(Add):44;reverse-associative(Mul):31;annihilator:9;identity(Mul):4;identity(Add):2,3113,228,2804,2750,0.9007388371345969,0.8833922261484098,134,162,0.5877192982456141,0.01925820256776034,1.0,0.0,1.0,0.0,0.0,1.0,1.0,0.8411662315056571,2.2309066547565877,1.2148280482358196,1.007592675301474,1.5077441077441078,0.0,7.6767676767676765,10.909090909090908,14.620875420875421
glyph16:U+0063,glyph16,real,16.0,16.0,2307.0,1338.0,1.724,40083.0,103.0,148.0,60.0,0.0,62.0,1.0,61.0,0.0,0.979,0.0,0.0,0.0,0.0,51.0,Abs:1;Add:148;BitAnd:45;Const:175;Div:42;Dwrt:84;Ge:64;Gt:40;Le:42;Lt:2;Max:62;Min:43;Mul:132;MulAdd:224;Neg:19;Select:103;Sqrt:62;Sub:48;Var:2,4671.0,2041.0,9133.0,158449.0,17.349,100.0,5000.0,ClassCap,1.0,2923.0,2228.0,4984.0,18.5,2052.0,2260272.0,451912.0,5.002,162387.0,9307.0,17.448,143.0,1.91,ok,19936.0,0.0,224.0,3.0,98.0,1674.0,328.0,0.047,0.797,0.156,35.0,237.0,306.0,0.0,23411.0,47874.0,commutative(Mul):566;commutative(Add):369;doubling:354;factor:289;halving:219;associative(Mul):213;associative(Add):191;fma-fusion:133;distribute:130;reverse-associative(Add):96;canonicalize(Sub):88;reverse-associative(Mul):66;commutative(Max):62;constant-fold:47;commutative(Min):43;canonicalize(Div):42;annihilator:9;identity(Mul):4;identity(Add):2,2843,206,2528,2486,0.8892015476609215,0.8744284206823778,122,144,0.5922330097087378,0.01661392405063289,1.0,0.0,1.0,0.0,0.0,1.0,1.0,0.8438095238095238,2.441940225379716,1.432141107300343,1.0053895149436551,1.5254110612855007,0.0,7.698056801195815,11.061285500747385,14.899850523168908
glyph16:U+0064,glyph16,real,16.0,16.0,2924.0,1697.0,1.723,50717.0,130.0,185.0,75.0,0.0,62.0,1.0,61.0,0.0,0.979,0.0,0.0,0.0,0.0,58.0,Abs:1;Add:189;BitAnd:57;Const:223;Div:54;Dwrt:108;Ge:80;Gt:50;Le:52;Lt:3;Max:79;Min:55;Mul:166;MulAdd:283;Neg:24;Select:130;Sqrt:79;Sub:62;Var:2,5864.0,2560.0,11434.0,197705.0,17.291,100.0,5000.0,ClassCap,1.0,2388.0,1971.0,5000.0,19.6,2530.0,2634765.0,598795.0,4.4,167700.0,11440.0,14.659,180.0,0.05,ok,24768.0,0.0,268.0,3.0,84.0,2040.0,447.0,0.033,0.793,0.174,30.0,269.0,393.0,0.0,29486.0,61332.0,commutative(Mul):706;commutative(Add):463;factor:188;distribute:166;doubling:158;associative(Add):121;canonicalize(Sub):112;halving:108;commutative(Max):79;constant-fold:59;commutative(Min):55;canonicalize(Div):54;associative(Mul):41;fma-fusion:32;reverse-associative(Add):19;reverse-associative(Mul):14;annihilator:9;identity(Add):2;identity(Mul):2,3524,260,3367,3344,0.9554483541430193,0.9489216799091941,160,183,0.6153846153846154,0.006831006831006792,1.0,0.0,1.0,0.0,0.0,1.0,1.0,0.8261376896149358,1.953125,0.9328125,0.98828125,1.5085444902769594,0.0,7.660577489687684,10.901591043017088,14.595167943429582
glyph16:U+0065,glyph16,real,16.0,16.0,2416.0,1401.0,1.724,42037.0,108.0,155.0,63.0,0.0,62.0,1.0,61.0,0.0,0.979,0.0,0.0,0.0,0.0,52.0,Abs:1;Add:155;BitAnd:47;Const:183;Div:44;Dwrt:88;Ge:67;Gt:42;Le:44;Lt:2;Max:65;Min:45;Mul:138;MulAdd:235;Neg:20;Select:108;Sqrt:65;Sub:50;Var:2,4872.0,2122.0,9487.0,163261.0,17.209,100.0,5000.0,ClassCap,1.0,2865.0,2185.0,4989.0,18.8,2140.0,2391866.0,471444.0,5.073,171731.0,9669.0,17.761,150.0,1.92,ok,20384.0,0.0,229.0,2.0,84.0,1758.0,342.0,0.038,0.805,0.157,32.0,238.0,321.0,0.0,24384.0,50100.0,commutative(Mul):585;commutative(Add):382;doubling:356;factor:295;halving:224;associative(Add):204;associative(Mul):155;distribute:136;fma-fusion:99;canonicalize(Sub):92;reverse-associative(Add):71;commutative(Max):65;constant-fold:49;reverse-associative(Mul):48;commutative(Min):45;canonicalize(Div):44;annihilator:9;identity(Mul):4;identity(Add):2,2953,216,2639,2604,0.8936674568235693,0.8818151032847952,128,151,0.5925925925925926,0.01326259946949604,1.0,0.0,1.0,0.0,0.0,1.0,1.0,0.8434065934065934,2.3510838831291236,1.3501413760603205,1.0084825636192272,1.5146324054246967,0.0,7.708779443254818,11.063526052819414,14.549607423269093
glyph16:U+0066,glyph16,real,16.0,16.0,1324.0,763.0,1.735,21181.0,54.0,77.0,27.0,1.0,60.0,1.0,59.0,0.0,0.977,0.0,0.0,0.0,0.0,43.0,Abs:1;Add:90;BitAnd:28;Const:98;Div:26;Dwrt:52;Ge:33;Gt:18;Le:20;Lt:6;Max:35;Min:27;Mul:78;MulAdd:115;Neg:9;Select:54;Sqrt:35;Sub:36;Var:2,2364.0,1049.0,4598.0,73871.0,16.066,100.0,5000.0,ClassCap,2.0,5473.0,3152.0,4879.0,29.2,960.0,554744.0,253331.0,2.19,20939.0,4031.0,5.194,72.0,-12.33,ok,11376.0,0.0,101.0,3.0,20.0,743.0,204.0,0.021,0.768,0.211,0.0,98.0,161.0,0.0,11872.0,24964.0,commutative(Add):1004;fma-fusion:881;commutative(Mul):680;reverse-associative(Mul):633;reverse-associative(Add):286;associative(Mul):273;doubling:230;identity(Add):216;factor:204;constant-fold:185;associative(Add):178;halving:158;distribute:137;canonicalize(Sub):108;commutative(Max):105;commutative(Min):81;canonicalize(Div):52;annihilator:38;identity(Mul):21;cancellation(Sub):2;inverse-annihilation(Sub):1,1373,108,1345,1294,0.9796067006554989,0.942461762563729,64,81,0.5925925925925926,0.03791821561338293,1.0,0.0,1.0,0.0,0.0,1.0,1.0,0.7890382626680456,4.651096282173499,5.217349857006673,0.9151572926596759,1.3748361730013106,0.0,7.077326343381389,10.091743119266056,14.90956749672346
glyph16:U+0067,glyph16,real,16.0,16.0,3505.0,2026.0,1.73,60919.0,156.0,222.0,90.0,0.0,62.0,1.0,61.0,0.0,0.979,0.0,0.0,0.0,0.0,64.0,Abs:1;Add:226;BitAnd:68;Const:260;Div:65;Dwrt:130;Ge:96;Gt:60;Le:62;Lt:4;Max:95;Min:66;Mul:198;MulAdd:340;Neg:28;Select:156;Sqrt:95;Sub:74;Var:2,7009.0,3046.0,13639.0,234976.0,17.228,100.0,5000.0,ClassCap,1.0,1951.0,1792.0,5000.0,19.6,2953.0,2869708.0,745526.0,3.849,149128.0,13406.0,11.124,216.0,-1.71,ok,28896.0,0.0,314.0,3.0,78.0,2346.0,567.0,0.026,0.784,0.19,29.0,313.0,472.0,0.0,35245.0,73902.0,commutative(Mul):839;commutative(Add):549;canonicalize(Sub):134;commutative(Max):95;constant-fold:68;commutative(Min):66;canonicalize(Div):65;distribute:62;factor:13;doubling:12;annihilator:9;associative(Add):9;fma-fusion:9;halving:8;associative(Mul):3;reverse-associative(Add):3;reverse-associative(Mul):3;identity(Add):2;identity(Mul):2,4157,312,4224,4198,1.0161173923502527,1.0098628818859754,192,218,0.6153846153846154,0.006155303030302983,1.0,0.0,1.0,0.0,0.0,1.0,1.0,0.8104312938816449,1.6414970453053184,0.6405121470781353,0.9694681549573211,1.5034550839091807,0.0,7.699901283316881,10.957551826258637,14.26258637709773
glyph16:U+0068,glyph16,real,16.0,16.0,1543.0,889.0,1.736,25747.0,66.0,93.0,36.0,0.0,61.0,1.0,60.0,0.0,0.978,0.0,0.0,0.0,0.0,45.0,Abs:1;Add:101;BitAnd:32;Const:115;Div:29;Dwrt:58;Ge:39;Gt:24;Le:26;Lt:4;Max:41;Min:30;Mul:90;MulAdd:142;Neg:11;Select:66;Sqrt:41;Sub:37;Var:2,2931.0,1280.0,5663.0,95222.0,16.815,100.0,5000.0,ClassCap,1.0,3472.0,2586.0,4717.0,16.1,1183.0,761191.0,286659.0,2.655,38251.0,5349.0,7.151,90.0,-5.54,ok,12448.0,0.0,164.0,2.0,103.0,913.0,224.0,0.083,0.736,0.181,42.0,209.0,192.0,0.0,15674.0,29047.0,fma-fusion:885;reverse-associative(Mul):495;commutative(Mul):347;associative(Mul):276;reverse-associative(Add):267;commutative(Add):235;doubling:227;factor:180;halving:131;associative(Add):131;distribute:85;canonicalize(Sub):61;commutative(Max):41;constant-fold:31;commutative(Min):30;canonicalize(Div):29;annihilator:9;identity(Add):6;identity(Mul):6,1751,132,1600,1546,0.9137635636778983,0.8829240434037693,74,94,0.5606060606060606,0.03374999999999995,1.0,0.0,1.0,0.0,0.0,1.0,1.0,0.8193548387096774,3.68515625,2.7125,0.92421875,1.4398200224971878,0.0,7.424071991001125,10.46119235095613,14.002249718785151
glyph16:U+0069,glyph16,real,16.0,16.0,1215.0,664.0,1.83,19227.0,49.0,68.0,24.0,3.0,60.0,1.0,59.0,0.0,0.976,0.0,0.0,0.0,0.0,39.0,Abs:1;Add:79;BitAnd:25;Const:68;Div:24;Dwrt:48;Ge:29;Gt:16;Le:18;Lt:5;Max:31;Min:25;Mul:72;MulAdd:103;Neg:4;Select:49;Sqrt:31;Sub:34;Var:2,2123.0,897.0,4007.0,64235.0,16.031,100.0,5000.0,ClassCap,2.0,6351.0,3230.0,4726.0,27.8,819.0,476088.0,231875.0,2.053,17043.0,3590.0,4.747,63.0,-10.41,ok,9136.0,0.0,91.0,4.0,27.0,609.0,190.0,0.033,0.737,0.23,0.0,87.0,148.0,0.0,10864.0,21931.0,commutative(Mul):1265;fma-fusion:972;commutative(Add):921;reverse-associative(Mul):607;reverse-associative(Add):326;associative(Mul):312;doubling:285;factor:275;associative(Add):242;halving:220;distribute:213;identity(Add):212;constant-fold:125;canonicalize(Sub):100;commutative(Max):93;commutative(Min):75;canonicalize(Div):48;annihilator:41;identity(Mul):16;cancellation(Sub):2;inverse-annihilation(Sub):1,1198,96,1219,1186,1.0175292153589315,0.989983305509182,60,67,0.625,0.027071369975389614,1.0,0.0,1.0,0.0,0.0,1.0,1.0,0.7699757869249395,5.268673355629877,7.080267558528428,0.9130434782608695,1.3509036144578312,0.0,7.379518072289157,10.240963855421686,13.759036144578314
glyph16:U+006A,glyph16,real,16.0,16.0,2197.0,1251.0,1.756,37471.0,96.0,137.0,54.0,2.0,62.0,1.0,61.0,0.0,0.978,0.0,0.0,0.0,0.0,52.0,Abs:1;Add:141;BitAnd:44;Const:154;Div:41;Dwrt:82;Ge:59;Gt:36;Le:38;Lt:4;Max:57;Min:42;Mul:126;MulAdd:206;Neg:15;Select:96;Sqrt:57;Sub:50;Var:2,4293.0,1832.0,8152.0,141824.0,17.397,100.0,5000.0,ClassCap,1.0,3014.0,2317.0,4971.0,17.9,1850.0,1962261.0,425680.0,4.61,138246.0,8320.0,16.616,128.0,2.06,ok,18496.0,0.0,215.0,3.0,110.0,1477.0,318.0,0.058,0.775,0.167,40.0,237.0,286.0,0.0,22136.0,44094.0,commutative(Mul):496;commutative(Add):341;associative(Mul):339;doubling:324;factor:265;fma-fusion:210;halving:196;associative(Add):182;reverse-associative(Add):154;distribute:122;reverse-associative(Mul):104;canonicalize(Sub):86;commutative(Max):57;constant-fold:42;commutative(Min):42;canonicalize(Div):41;annihilator:9;identity(Add):2;identity(Mul):2,2615,188,2354,2312,0.9001912045889101,0.8841300191204589,114,134,0.6063829787234043,0.017841971112999122,1.0,0.0,1.0,0.0,0.0,1.0,1.0,0.8330708661417323,2.7134279475982535,1.6451965065502183,1.009825327510917,1.4644284572342126,0.0,7.6738609112709835,10.951239008792966,14.784972022382094
glyph16:U+006B,glyph16,real,16.0,16.0,888.0,519.0,1.711,13365.0,34.0,48.0,15.0,0.0,45.5,1.0,44.5,0.0,0.976,0.0,0.0,0.0,0.0,41.0,Abs:1;Add:62;BitAnd:21;Const:73;Div:18;Dwrt:36;Ge:21;Gt:10;Le:12;Lt:5;Max:23;Min:19;Mul:54;MulAdd:71;Neg:5;Select:34;Sqrt:23;Sub:29;Var:2,1460.0,679.0,2923.0,41813.0,14.305,100.0,5000.0,ClassCap,2.0,6798.0,3121.0,4454.0,25.1,614.0,304856.0,167443.0,1.821,9761.0,2593.0,3.764,44.0,-11.29,ok,6976.0,0.0,69.0,6.0,41.0,437.0,143.0,0.066,0.704,0.23,0.0,63.0,99.0,0.0,7344.0,16185.0,fma-fusion:1192;commutative(Mul):1153;commutative(Add):712;reverse-associative(Mul):600;associative(Mul):471;associative(Add):465;reverse-associative(Add):458;factor:371;halving:257;distribute:241;doubling:230;identity(Add):192;constant-fold:145;canonicalize(Sub):78;commutative(Max):69;commutative(Min):57;annihilator:42;canonicalize(Div):36;identity(Mul):26;cancellation(Sub):2;inverse-annihilation(Sub):1,902,68,863,802,0.9567627494456763,0.8891352549889135,38,53,0.5588235294117647,0.07068366164542295,1.0,0.0,1.0,0.0,0.0,1.0,1.0,0.7697262479871175,6.559646539027982,10.011782032400589,0.9042709867452136,1.3082851637764932,0.0,6.551059730250482,9.248554913294798,13.441233140655106
glyph16:U+006C,glyph16,real,16.0,16.0,343.0,191.0,1.796,3595.0,9.0,13.0,0.0,2.0,45.0,1.0,44.0,0.0,0.967,0.0,0.0,0.0,0.0,31.0,Abs:1;Add:27;BitAnd:9;Const:23;Div:8;Dwrt:16;Ge:6;Le:2;Lt:5;Max:8;Min:9;Mul:24;MulAdd:16;Select:9;Sqrt:8;Sub:18;Var:2,323.0,167.0,644.0,3219.0,4.998,100.0,5000.0,ClassCap,3.0,8334.0,2515.0,3005.0,43.9,175.0,69609.0,57975.0,1.201,1494.0,630.0,2.371,9.0,-2.17,ok,1872.0,0.0,28.0,6.0,38.0,79.0,64.0,0.21,0.436,0.354,8.0,30.0,16.0,0.0,1512.0,5398.0,fma-fusion:2011;reverse-associative(Add):1403;associative(Add):1360;commutative(Add):1005;commutative(Mul):386;reverse-associative(Mul):375;identity(Add):335;factor:324;distribute:283;associative(Mul):243;constant-fold:207;annihilator:124;canonicalize(Sub):54;doubling:51;commutative(Min):45;commutative(Max):40;identity(Mul):26;canonicalize(Div):24;inverse-annihilation(Sub):20;halving:12;cancellation(Sub):5;involution(Sub):1,293,18,224,166,0.764505119453925,0.5665529010238908,6,18,0.3333333333333333,0.2589285714285714,1.0,0.0,1.0,0.0,0.0,1.0,1.0,0.6464088397790055,17.994011976047904,49.90419161676647,1.0479041916167664,0.8743455497382199,0.0,4.712041884816754,6.806282722513089,9.801047120418849
glyph16:U+006D,glyph16,real,16.0,16.0,2705.0,1557.0,1.737,46151.0,118.0,163.0,66.0,2.0,61.0,1.0,60.0,0.0,0.978,0.0,0.0,0.0,0.0,57.0,Abs:1;Add:178;BitAnd:52;Const:201;Div:51;Dwrt:102;Ge:69;Gt:44;Le:46;Lt:4;Max:73;Min:52;Mul:154;MulAdd:256;Neg:22;Select:118;Sqrt:73;Sub:59;Var:2,5289.0,2303.0,10268.0,176302.0,17.17,100.0,5000.0,ClassCap,1.0,2654.0,2088.0,4998.0,19.0,2307.0,2483870.0,533734.0,4.654,150725.0,10369.0,14.536,162.0,0.98,ok,22448.0,0.0,244.0,3.0,82.0,1868.0,398.0,0.035,0.796,0.17,29.0,246.0,352.0,0.0,26493.0,55442.0,commutative(Mul):633;commutative(Add):422;factor:325;doubling:246;associative(Add):195;distribute:159;halving:152;canonicalize(Sub):103;commutative(Max):73;associative(Mul):65;constant-fold:53;commutative(Min):52;canonicalize(Div):51;fma-fusion:50;reverse-associative(Add):30;reverse-associative(Mul):22;annihilator:9;identity(Mul):8;identity(Add):6,3206,236,2950,2892,0.9201497192763568,0.9020586400499064,140,170,0.5932203389830508,0.019661016949152565,1.0,0.0,1.0,0.0,0.0,1.0,1.0,0.8304940374787053,2.1702127659574466,1.1524099001302648,1.0017368649587495,1.4791265253693,0.0,7.578676942838793,10.468850353243417,14.417469492614002
glyph16:U+006E,glyph16,real,16.0,16.0,1216.0,707.0,1.72,19885.0,51.0,72.0,27.0,0.0,61.0,1.0,60.0,0.0,0.977,0.0,0.0,0.0,0.0,42.0,Abs:1;Add:81;BitAnd:26;Const:96;Div:23;Dwrt:46;Ge:30;Gt:18;Le:20;Lt:4;Max:32;Min:24;Mul:72;MulAdd:109;Neg:9;Select:51;Sqrt:32;Sub:31;Var:2,2264.0,1005.0,4407.0,72774.0,16.513,100.0,5000.0,ClassCap,2.0,5726.0,3150.0,4826.0,29.0,913.0,523551.0,231459.0,2.262,20331.0,3849.0,5.282,69.0,-12.66,ok,10288.0,0.0,95.0,2.0,13.0,723.0,184.0,0.014,0.786,0.2,0.0,93.0,151.0,0.0,11152.0,23357.0,commutative(Add):948;fma-fusion:901;commutative(Mul):881;reverse-associative(Mul):651;associative(Mul):296;reverse-associative(Add):286;doubling:256;factor:228;identity(Add):200;associative(Add):192;halving:183;constant-fold:173;distribute:162;canonicalize(Sub):98;commutative(Max):96;commutative(Min):72;canonicalize(Div):46;annihilator:38;identity(Mul):16;cancellation(Sub):2;inverse-annihilation(Sub):1,1294,102,1257,1216,0.9714064914992272,0.9397217928902627,60,75,0.5882352941176471,0.032617342879872724,1.0,0.0,1.0,0.0,0.0,1.0,1.0,0.8,4.801990049751244,5.697512437810945,0.9084577114427861,1.4214992927864214,0.0,7.2135785007072135,10.183875530410184,14.551626591230551
glyph16:U+006F,glyph16,real,16.0,16.0,2780.0,1583.0,1.756,48989.0,126.0,177.0,75.0,2.0,62.0,1.0,61.0,0.0,0.979,0.0,0.0,0.0,0.0,54.0,Abs:1;Add:173;BitAnd:53;Const:199;Div:50;Dwrt:100;Ge:75;Gt:50;Le:52;Max:73;Min:51;Mul:158;MulAdd:273;Neg:20;Select:126;Sqrt:73;Sub:54;Var:2,5716.0,2426.0,10888.0,194623.0,17.875,100.0,5000.0,ClassCap,1.0,2515.0,2018.0,5000.0,19.4,2427.0,2823313.0,552735.0,5.108,173053.0,11025.0,15.696,172.0,1.26,ok,23408.0,0.0,253.0,1.0,64.0,1995.0,403.0,0.026,0.81,0.164,27.0,259.0,377.0,0.0,28299.0,57776.0,commutative(Mul):675;commutative(Add):441;factor:270;doubling:209;associative(Add):165;distribute:158;halving:131;canonicalize(Sub):104;commutative(Max):73;associative(Mul):55;commutative(Min):51;canonicalize(Div):50;constant-fold:46;fma-fusion:34;reverse-associative(Add):25;reverse-associative(Mul):18;annihilator:8;identity(Add):2,3344,248,3145,3128,0.9404904306220095,0.9354066985645934,152,169,0.6129032258064516,0.00540540540540535,1.0,0.0,1.0,0.0,0.0,1.0,1.0,0.8363119415109667,2.061005770816158,1.0366859027205275,1.0004122011541632,1.5325331648768161,0.0,7.959570435881238,11.181301326595072,14.787113076437144
glyph16:U+0070,glyph16,real,16.0,16.0,2706.0,1568.0,1.726,46809.0,120.0,171.0,69.0,0.0,62.0,1.0,61.0,0.0,0.979,0.0,0.0,0.0,0.0,55.0,Abs:1;Add:175;BitAnd:53;Const:204;Div:50;Dwrt:100;Ge:74;Gt:46;Le:48;Lt:3;Max:73;Min:51;Mul:154;MulAdd:261;Neg:22;Select:120;Sqrt:73;Sub:58;Var:2,5406.0,2359.0,10540.0,181637.0,17.233,100.0,5000.0,ClassCap,1.0,2589.0,2053.0,4999.0,19.2,2369.0,2566349.0,537395.0,4.776,181109.0,10685.0,16.95,166.0,1.38,ok,22960.0,0.0,251.0,3.0,88.0,1927.0,396.0,0.036,0.799,0.164,31.0,253.0,359.0,0.0,27055.0,56264.0,commutative(Mul):650;commutative(Add):427;factor:299;doubling:229;associative(Add):181;distribute:158;halving:141;canonicalize(Sub):104;commutative(Max):73;associative(Mul):61;constant-fold:55;commutative(Min):51;canonicalize(Div):50;fma-fusion:45;reverse-associative(Add):28;reverse-associative(Mul):20;annihilator:9;identity(Mul):6;identity(Add):2,3280,240,3007,2964,0.9167682926829268,0.9036585365853659,144,169,0.6,0.01429996674426337,1.0,0.0,1.0,0.0,0.0,1.0,1.0,0.8357527996681875,2.119118270453582,1.0974989402289106,1.0042390843577786,1.5044642857142858,0.0,7.653061224489796,10.90561224489796,14.642857142857142
glyph16:U+0071,glyph16,real,16.0,16.0,2570.0,1469.0,1.749,44531.0,112.0,159.0,63.0,1.0,62.0,1.0,61.0,0.0,0.978,0.0,0.0,0.0,0.0,56.0,Abs:1;Add:165;BitAnd:51;Const:183;Div:50;Dwrt:96;Ge:68;Gt:42;Le:46;Lt:3;Max:67;Min:49;Mul:148;MulAdd:243;Neg:18;Select:112;Sqrt:67;Sub:58;Var:2,5046.0,2172.0,9712.0,166165.0,17.109,100.0,5000.0,ClassCap,1.0,2777.0,2134.0,4992.0,19.1,2207.0,2488447.0,500301.0,4.974,177907.0,9981.0,17.825,150.0,2.77,ok,21504.0,0.0,241.0,3.0,99.0,1779.0,370.0,0.044,0.791,0.165,35.0,246.0,337.0,0.0,25539.0,52243.0,commutative(Mul):592;commutative(Add):401;factor:319;doubling:318;associative(Add):216;halving:185;distribute:148;associative(Mul):112;canonicalize(Sub):100;fma-fusion:71;commutative(Max):67;canonicalize(Div):52;constant-fold:51;commutative(Min):49;reverse-associative(Add):49;reverse-associative(Mul):34;annihilator:9;identity(Add):2;identity(Mul):2,3067,220,2763,2718,0.9008803390935768,0.886208020867297,134,157,0.6090909090909091,0.016286644951140072,1.0,0.0,1.0,0.0,0.0,1.0,1.0,0.8354092526690391,2.298342541436464,1.2785451197053408,1.0161141804788214,1.4785568413886998,0.0,7.624234172906739,10.823689584751532,14.638529611980939
glyph16:U+0072,glyph16,real,16.0,16.0,1396.0,806.0,1.732,22045.0,56.0,80.0,27.0,2.0,53.0,1.0,52.0,0.0,0.977,0.0,0.0,0.0,0.0,43.0,Abs:1;Add:96;BitAnd:29;Const:105;Div:28;Dwrt:56;Ge:35;Gt:18;Le:20;Lt:7;Max:37;Min:29;Mul:82;MulAdd:119;Neg:9;Select:56;Sqrt:37;Sub:40;Var:2,2456.0,1106.0,4849.0,76291.0,15.733,100.0,5000.0,ClassCap,2.0,5113.0,3066.0,4912.0,29.8,1017.0,581838.0,267939.0,2.172,21798.0,4284.0,5.088,74.0,-11.65,ok,12064.0,1.0,107.0,6.0,41.0,766.0,217.0,0.04,0.748,0.212,0.0,103.0,167.0,0.0,12336.0,26185.0,fma-fusion:906;commutative(Add):745;reverse-associative(Mul):647;commutative(Mul):570;reverse-associative(Add):302;associative(Mul):266;constant-fold:218;doubling:215;factor:190;identity(Add):176;associative(Add):175;halving:143;distribute:123;canonicalize(Sub):116;commutative(Max):111;commutative(Min):87;canonicalize(Div):56;annihilator:38;identity(Mul):26;cancellation(Sub):2;inverse-annihilation(Sub):1,1455,112,1411,1346,0.9697594501718213,0.925085910652921,66,85,0.5892857142857143,0.04606661941885193,1.0,0.0,1.0,0.0,0.0,1.0,1.0,0.7880859375,4.44122965641953,4.622965641952984,0.9195298372513563,1.3722084367245657,0.0,6.947890818858561,9.925558312655086,14.96774193548387
glyph16:U+0073,glyph16,real,16.0,16.0,3397.0,1968.0,1.726,59623.0,153.0,218.0,90.0,0.0,62.0,1.0,61.0,0.0,0.979,0.0,0.0,0.0,0.0,61.0,Abs:1;Add:217;BitAnd:65;Const:257;Div:62;Dwrt:124;Ge:94;Gt:60;Le:62;Lt:2;Max:92;Min:63;Mul:192;MulAdd:334;Neg:28;Select:153;Sqrt:92;Sub:68;Var:2,6929.0,3014.0,13519.0,235533.0,17.422,100.0,5000.0,ClassCap,1.0,1968.0,1799.0,5000.0,20.0,2921.0,2776635.0,719844.0,3.857,150195.0,13314.0,11.281,213.0,-1.52,ok,28768.0,0.0,309.0,4.0,84.0,2336.0,542.0,0.028,0.789,0.183,29.0,307.0,460.0,0.0,34381.0,72148.0,commutative(Mul):837;commutative(Add):541;canonicalize(Sub):128;commutative(Max):92;distribute:86;constant-fold:65;commutative(Min):63;canonicalize(Div):62;factor:18;doubling:17;halving:12;associative(Add):12;fma-fusion:10;annihilator:9;associative(Mul):4;reverse-associative(Add):4;reverse-associative(Mul):4;identity(Add):2;identity(Mul):2,4093,306,4126,4100,1.0080625458099193,1.0017102369899828,186,212,0.6078431372549019,0.006301502666020364,1.0,0.0,1.0,0.0,0.0,1.0,1.0,0.8170155300472653,1.6589250165892502,0.6529528865295289,0.96914399469144,1.5315040650406504,0.0,7.774390243902439,11.077235772357724,14.617886178861788
glyph16:U+0074,glyph16,real,16.0,16.0,1365.0,798.0,1.711,21996.0,55.0,82.0,27.0,0.0,61.0,1.0,60.0,0.0,0.977,0.0,0.0,0.0,0.0,47.0,Abs:1;Add:93;BitAnd:30;Const:106;Div:28;Dwrt:54;Ge:37;Gt:18;Le:21;Lt:6;Max:36;Min:28;Mul:81;MulAdd:118;Neg:9;Select:55;Sqrt:36;Sub:39;Var:2,2421.0,1092.0,4768.0,74983.0,15.726,100.0,5000.0,ClassCap,2.0,5091.0,3070.0,4905.0,28.3,996.0,575179.0,262349.0,2.192,22009.0,4199.0,5.241,73.0,-11.93,ok,11056.0,0.0,109.0,3.0,31.0,763.0,211.0,0.031,0.759,0.21,4.0,106.0,166.0,0.0,12324.0,25743.0,fma-fusion:888;commutative(Add):772;reverse-associative(Mul):656;commutative(Mul):575;reverse-associative(Add):291;associative(Mul):265;constant-fold:219;doubling:218;factor:191;identity(Add):167;associative(Add):165;halving:144;distribute:121;canonicalize(Sub):114;commutative(Max):108;commutative(Min):84;canonicalize(Div):58;annihilator:34;identity(Mul):21,1430,110,1381,1332,0.9657342657342657,0.9314685314685315,66,83,0.6,0.0354815351194786,1.0,0.0,1.0,0.0,0.0,1.0,1.0,0.7900497512437811,4.491758241758242,4.662087912087912,0.9120879120879121,1.368421052631579,0.0,6.8922305764411025,10.275689223057643,13.854636591478696
glyph16:U+0075,glyph16,real,16.0,16.0,1325.0,773.0,1.714,21839.0,56.0,80.0,30.0,0.0,62.0,1.0,61.0,0.0,0.978,0.0,0.0,0.0,0.0,44.0,Abs:1;Add:88;BitAnd:28;Const:106;Div:25;Dwrt:50;Ge:36;Gt:20;Le:22;Lt:2;Max:35;Min:26;Mul:78;MulAdd:120;Neg:10;Select:56;Sqrt:35;Sub:33;Var:2,2493.0,1107.0,4857.0,80808.0,16.637,100.0,5000.0,ClassCap,2.0,5123.0,3047.0,4898.0,28.6,1001.0,591599.0,253923.0,2.33,23429.0,4248.0,5.515,76.0,-12.54,ok,11152.0,0.0,104.0,2.0,13.0,795.0,200.0,0.013,0.789,0.198,0.0,102.0,168.0,0.0,12384.0,25533.0,fma-fusion:883;commutative(Add):797;reverse-associative(Mul):682;commutative(Mul):608;associative(Mul):277;reverse-associative(Add):276;doubling:234;factor:200;constant-fold:193;associative(Add):159;identity(Add):153;halving:153;distribute:124;canonicalize(Sub):106;commutative(Max):105;commutative(Min):78;canonicalize(Div):50;annihilator:34;identity(Mul):11,1416,112,1384,1354,0.9774011299435028,0.9562146892655368,68,82,0.6071428571428571,0.021676300578034713,1.0,0.0,1.0,0.0,0.0,1.0,1.0,0.8015873015873016,4.42457091237579,4.627822944896115,0.9042457091237579,1.4320827943078913,0.0,7.244501940491591,10.349288486416558,14.426908150064683
glyph16:U+0076,glyph16,real,16.0,16.0,635.0,360.0,1.764,9683.0,25.0,33.0,12.0,3.0,62.0,1.0,61.0,0.0,0.976,0.0,0.0,0.0,0.0,36.0,Abs:1;Add:42;BitAnd:13;Const:52;Div:12;Dwrt:24;Ge:14;Gt:8;Le:10;Lt:1;Max:15;Min:13;Mul:40;MulAdd:51;Neg:3;Select:25;Sqrt:15;Sub:19;Var:2,1115.0,494.0,2126.0,33953.0,15.97,100.0,5000.0,ClassCap,2.0,6767.0,3018.0,4224.0,21.5,450.0,332252.0,115812.0,2.869,14612.0,1932.0,7.563,31.0,-9.13,ok,5056.0,0.0,51.0,4.0,35.0,320.0,102.0,0.077,0.7,0.223,4.0,47.0,74.0,0.0,5492.0,11683.0,fma-fusion:1404;commutative(Mul):875;associative(Mul):728;reverse-associative(Mul):709;reverse-associative(Add):628;commutative(Add):536;associative(Add):535;factor:312;distribute:197;halving:189;doubling:186;identity(Add):152;constant-fold:94;canonicalize(Sub):54;annihilator:46;commutative(Max):45;commutative(Min):39;canonicalize(Div):24;identity(Mul):11;cancellation(Sub):2;inverse-annihilation(Sub):1,657,48,617,590,0.939117199391172,0.898021308980213,30,37,0.625,0.04376012965964349,1.0,0.0,1.0,0.0,0.0,1.0,1.0,0.7768052516411379,8.550607287449393,13.69838056680162,0.9109311740890689,1.3722222222222222,0.0,6.944444444444445,9.166666666666666,14.044444444444444
glyph16:U+0077,glyph16,real,16.0,16.0,1951.0,1121.0,1.74,32581.0,81.0,110.0,42.0,5.0,62.0,1.0,61.0,0.0,0.977,0.0,0.0,0.0,0.0,52.0,Abs:1;Add:129;BitAnd:37;Const:154;Div:40;Dwrt:76;Ge:47;Gt:28;Le:32;Lt:3;Max:51;Min:39;Mul:114;MulAdd:175;Neg:12;Select:81;Sqrt:51;Sub:49;Var:2,3663.0,1630.0,7235.0,118049.0,16.316,100.0,5000.0,ClassCap,1.0,3133.0,2394.0,4937.0,17.7,1635.0,1458350.0,381304.0,3.825,86270.0,7399.0,11.66,107.0,2.27,ok,17840.0,3.0,193.0,8.0,160.0,1240.0,292.0,0.095,0.733,0.173,40.0,214.0,245.0,39.0,19144.0,38688.0,commutative(Mul):435;associative(Mul):378;fma-fusion:339;commutative(Add):310;doubling:277;reverse-associative(Add):251;factor:232;associative(Add):186;halving:169;reverse-associative(Mul):169;distribute:117;canonicalize(Sub):77;commutative(Max):51;canonicalize(Div):42;commutative(Min):39;constant-fold:37;identity(Mul):10;annihilator:8;identity(Add):6,2337,160,2041,1970,0.87334189131365,0.8429610611895593,96,117,0.6,0.03478686918177365,1.0,0.0,1.0,0.0,0.0,1.0,1.0,0.8274231678486997,3.028834355828221,1.9220858895705522,1.0030674846625767,1.4540588760035682,0.0,7.225691347011597,9.812667261373774,15.91436217662801
glyph16:U+0078,glyph16,real,16.0,16.0,343.0,190.0,1.805,3595.0,9.0,9.0,0.0,4.0,45.0,1.0,44.0,0.0,0.967,0.0,0.0,0.0,0.0,31.0,Abs:1;Add:27;BitAnd:7;Const:29;Div:8;Dwrt:16;Ge:4;Le:2;Lt:3;Max:8;Min:9;Mul:24;MulAdd:16;Select:9;Sqrt:8;Sub:17;Var:2,343.0,192.0,782.0,3349.0,4.283,100.0,5000.0,ClassCap,3.0,8995.0,2959.0,3589.0,61.5,211.0,68480.0,61928.0,1.106,1475.0,863.0,1.709,9.0,10.36,ok,2320.0,0.0,30.0,8.0,68.0,82.0,67.0,0.313,0.378,0.309,8.0,22.0,26.0,0.0,2024.0,5668.0,fma-fusion:2171;reverse-associative(Add):1245;associative(Add):1207;commutative(Add):1065;reverse-associative(Mul):605;commutative(Mul):555;factor:386;associative(Mul):380;distribute:370;identity(Add):333;constant-fold:249;annihilator:143;doubling:54;canonicalize(Sub):51;commutative(Min):45;commutative(Max):40;identity(Mul):34;canonicalize(Div):24;inverse-annihilation(Sub):20;halving:12;cancellation(Sub):5;involution(Sub):1,336,18,252,204,0.75,0.6071428571428571,10,18,0.5555555555555556,0.19047619047619047,1.0,0.0,1.0,0.0,0.0,1.0,1.0,0.6912442396313364,18.692708333333332,46.848958333333336,1.0989583333333333,1.0105263157894737,0.0,4.7368421052631575,4.7368421052631575,12.210526315789474
glyph16:U+0079,glyph16,real,16.0,16.0,1838.0,1070.0,1.718,30902.0,78.0,112.0,42.0,1.0,62.0,1.0,61.0,0.0,0.978,0.0,0.0,0.0,0.0,50.0,Abs:1;Add:121;BitAnd:38;Const:147;Div:36;Dwrt:70;Ge:50;Gt:28;Le:31;Lt:3;Max:48;Min:36;Mul:107;MulAdd:168;Neg:13;Select:78;Sqrt:48;Sub:45;Var:2,3530.0,1570.0,6937.0,116145.0,16.743,100.0,5000.0,ClassCap,1.0,3229.0,2429.0,4915.0,17.7,1557.0,1346213.0,360625.0,3.733,91028.0,7000.0,13.004,104.0,0.91,ok,16512.0,3.0,190.0,7.0,142.0,1193.0,273.0,0.088,0.742,0.17,41.0,212.0,235.0,4.0,18473.0,36702.0,fma-fusion:448;commutative(Mul):420;associative(Mul):345;reverse-associative(Add):330;commutative(Add):295;doubling:266;reverse-associative(Mul):221;factor:218;associative(Add):170;halving:160;distribute:105;canonicalize(Sub):73;commutative(Max):48;constant-fold:40;canonicalize(Div):37;commutative(Min):36;annihilator:9;identity(Mul):6;identity(Add):2,2222,154,1957,1908,0.8807380738073808,0.8586858685868587,94,113,0.6103896103896104,0.025038323965252962,1.0,0.0,1.0,0.0,0.0,1.0,1.0,0.8302238805970149,3.1305732484076434,2.056687898089172,0.9917197452229299,1.4672897196261683,0.0,7.289719626168225,10.467289719626168,15.43177570093458
glyph16:U+007A,glyph16,real,16.0,16.0,271.0,159.0,1.704,2731.0,7.0,13.0,0.0,0.0,45.0,1.0,44.0,0.0,0.967,0.0,0.0,0.0,0.0,29.0,Abs:1;Add:21;BitAnd:9;Const:21;Div:6;Dwrt:12;Ge:6;Le:2;Lt:5;Max:6;Min:7;Mul:20;MulAdd:12;Select:7;Sqrt:6;Sub:16;Var:2,255.0,141.0,521.0,2479.0,4.758,100.0,5000.0,ClassCap,4.0,14104.0,2879.0,3358.0,104.1,136.0,53108.0,44102.0,1.204,1013.0,452.0,2.241,7.0,-13.24,ok,1520.0,0.0,23.0,8.0,25.0,66.0,51.0,0.176,0.465,0.359,6.0,21.0,9.0,0.0,918.0,4345.0,fma-fusion:2891;reverse-associative(Add):2019;commutative(Add):1950;associative(Add):1793;reverse-associative(Mul):829;identity(Add):824;commutative(Mul):781;distribute:717;factor:663;associative(Mul):602;constant-fold:379;annihilator:266;doubling:87;canonicalize(Sub):64;commutative(Min):49;inverse-annihilation(Sub):45;commutative(Max):42;identity(Mul):36;halving:33;canonicalize(Div):24;cancellation(Sub):8;involution(Sub):2,233,14,168,120,0.721030042918455,0.5150214592274678,4,14,0.2857142857142857,0.2857142857142857,1.0,0.0,1.0,0.0,0.0,1.0,1.0,0.6408450704225352,23.81560283687943,100.02836879432624,0.9645390070921985,0.8867924528301887,0.0,4.40251572327044,8.176100628930818,9.559748427672956
glyph16:U+007B,glyph16,real,16.0,16.0,2414.0,1406.0,1.717,40721.0,104.0,153.0,57.0,0.0,62.5,1.0,61.5,0.0,0.978,0.0,0.0,0.0,0.0,56.0,Abs:1;Add:159;BitAnd:49;Const:184;Div:46;Dwrt:92;Ge:67;Gt:38;Le:40;Lt:8;Max:65;Min:47;Mul:138;MulAdd:225;Neg:18;Select:104;Sqrt:65;Sub:58;Var:2,4598.0,2015.0,8901.0,149275.0,16.771,100.0,5000.0,ClassCap,1.0,2918.0,2235.0,4984.0,18.6,2028.0,2156632.0,461972.0,4.668,150922.0,9002.0,16.765,142.0,1.13,ok,19424.0,0.0,223.0,2.0,85.0,1643.0,346.0,0.041,0.792,0.167,32.0,235.0,303.0,0.0,23184.0,48517.0,commutative(Mul):541;commutative(Add):366;doubling:342;factor:285;associative(Mul):214;halving:212;associative(Add):202;distribute:134;fma-fusion:133;reverse-associative(Add):97;canonicalize(Sub):96;reverse-associative(Mul):66;commutative(Max):65;constant-fold:51;commutative(Min):47;canonicalize(Div):46;identity(Mul):10;annihilator:9;identity(Add):2,2835,208,2539,2452,0.8955908289241623,0.8649029982363315,116,149,0.5576923076923077,0.03426545884206378,1.0,0.0,1.0,0.0,0.0,1.0,1.0,0.8331726133076182,2.4734491315136475,1.4481389578163772,1.0064516129032257,1.4331436699857754,0.0,7.396870554765291,10.881934566145093,13.815078236130867
glyph16:U+007C,glyph16,real,16.0,16.0,127.0,76.0,1.671,1003.0,3.0,6.0,0.0,1.0,45.0,1.0,44.0,0.0,0.962,0.0,0.0,0.0,0.0,25.0,Abs:1;Add:9;BitAnd:4;Const:14;Div:2;Dwrt:4;Ge:3;Le:2;Lt:1;Max:2;Min:3;Mul:12;MulAdd:4;Select:3;Sqrt:2;Sub:8;Var:2,119.0,69.0,228.0,999.0,4.382,100.0,5000.0,Quiesced,7.0,15441.0,924.0,1044.0,39.9,53.0,23636.0,18810.0,1.257,326.0,150.0,2.173,3.0,-34.21,ok,672.0,0.0,8.0,6.0,7.0,24.0,27.0,0.121,0.414,0.466,2.0,4.0,0.0,0.0,66.0,2119.0,fma-fusion:2777;reverse-associative(Add):2584;associative(Add):2477;commutative(Add):2252;identity(Add):1204;constant-fold:829;commutative(Mul):821;distribute:496;reverse-associative(Mul):473;associative(Mul):431;factor:376;annihilator:326;doubling:116;inverse-annihilation(Sub):97;canonicalize(Sub):56;commutative(Min):39;commutative(Max):26;identity(Mul):26;canonicalize(Div):14;halving:11;involution(Sub):5;cancellation(Sub):5,99,6,56,36,0.5656565656565656,0.36363636363636365,2,6,0.3333333333333333,0.3571428571428571,0.0,1.0,1.0,0.0,0.0,1.0,1.0,0.5344827586206896,15.130434782608695,223.7826086956522,0.7681159420289855,0.9078947368421053,0.0,3.9473684210526314,7.894736842105263,8.842105263157896
glyph16:U+007D,glyph16,real,16.0,16.0,2414.0,1399.0,1.726,40721.0,104.0,153.0,57.0,0.0,62.0,1.0,61.0,0.0,0.978,0.0,0.0,0.0,0.0,56.0,Abs:1;Add:159;BitAnd:49;Const:177;Div:46;Dwrt:92;Ge:67;Gt:38;Le:40;Lt:8;Max:65;Min:47;Mul:138;MulAdd:225;Neg:18;Select:104;Sqrt:65;Sub:58;Var:2,4598.0,2008.0,8901.0,149275.0,16.771,100.0,5000.0,ClassCap,1.0,2918.0,2240.0,4983.0,18.6,2018.0,2154870.0,464404.0,4.64,150570.0,9004.0,16.723,142.0,1.16,ok,19264.0,0.0,223.0,2.0,85.0,1632.0,348.0,0.041,0.79,0.169,32.0,235.0,303.0,0.0,23184.0,48469.0,commutative(Mul):541;commutative(Add):366;doubling:339;factor:282;associative(Mul):222;halving:209;associative(Add):199;fma-fusion:138;distribute:131;reverse-associative(Add):101;canonicalize(Sub):96;reverse-associative(Mul):68;commutative(Max):65;constant-fold:51;commutative(Min):47;canonicalize(Div):46;annihilator:9;identity(Mul):6;identity(Add):2,2828,208,2547,2456,0.9006364922206507,0.8684582743988685,116,149,0.5576923076923077,0.035728307813113425,1.0,0.0,1.0,0.0,0.0,1.0,1.0,0.8314769975786925,2.481573705179283,1.453187250996016,1.004980079681275,1.435310936383131,0.0,7.433881343817012,10.93638313080772,13.769835596854897
glyph16:U+007E,glyph16,real,16.0,16.0,2453.0,1423.0,1.724,43127.0,111.0,158.0,66.0,0.0,62.0,1.0,61.0,0.0,0.979,0.0,0.0,0.0,0.0,51.0,Abs:1;Add:156;BitAnd:47;Const:188;Div:44;Dwrt:88;Ge:68;Gt:44;Le:46;Max:66;Min:45;Mul:140;MulAdd:242;Neg:21;Select:111;Sqrt:66;Sub:48;Var:2,5093.0,2216.0,9925.0,177033.0,17.837,100.0,5000.0,ClassCap,1.0,2750.0,2127.0,4996.0,18.6,2232.0,2611446.0,483500.0,5.401,190311.0,10115.0,18.815,155.0,1.91,ok,21088.0,0.0,233.0,1.0,77.0,1850.0,346.0,0.034,0.814,0.152,32.0,241.0,332.0,0.0,25136.0,51821.0,commutative(Mul):625;commutative(Add):403;factor:324;doubling:305;associative(Add):210;halving:182;distribute:149;associative(Mul):104;canonicalize(Sub):92;commutative(Max):66;fma-fusion:64;constant-fold:48;reverse-associative(Add):47;commutative(Min):45;canonicalize(Div):44;reverse-associative(Mul):32;annihilator:8;identity(Add):2,3053,222,2716,2696,0.8896167703897806,0.8830658368817557,134,154,0.6036036036036037,0.007363770250368162,1.0,0.0,1.0,0.0,0.0,1.0,1.0,0.847778266608007,2.2545126353790614,1.2409747292418774,1.0072202166064983,1.5572733661278988,0.0,7.800421644413212,11.103302881236823,14.81939564300773
glyph32:U+0020,glyph32,real,32.0,32.0,1.0,1.0,1.0,1.0,0.0,0.0,0.0,0.0,0.0,0.0,0.0,0.0,0.0,0.0,0.0,0.0,0.0,1.0,Const:1,1.0,1.0,0.0,0.0,1.0,20.0,500.0,Quiesced,1.0,0.0,0.0,1.0,0.0,1.0,0.0,0.0,1.0,0.0,0.0,1.0,0.0,0.0,ok,164.0,0.0,0.0,0.0,0.0,0.0,1.0,0.0,0.0,1.0,0.0,0.0,0.0,0.0,0.0,256.0,,2,0,0,0,0.0,0.0,0,0,nan,nan,0.0,1.0,0.0,0.0,0.0,0.0,0.0,0.0,1.0,0.0,1.0,1.0,0.0,0.0,0.0,164.0
glyph32:U+0021,glyph32,real,32.0,32.0,999.0,562.0,1.778,16635.0,43.0,61.0,24.0,2.0,62.0,1.0,61.0,0.0,0.978,0.0,0.0,0.0,0.0,38.0,Abs:1;Add:63;BitAnd:20;Const:68;Div:18;Dwrt:36;Ge:26;Gt:16;Le:18;Lt:1;Max:25;Min:19;Mul:60;MulAdd:91;Neg:6;Select:43;Sqrt:25;Sub:24;Var:2,1927.0,823.0,3665.0,62067.0,16.935,100.0,5000.0,ClassCap,2.0,6361.0,3316.0,4703.0,25.7,733.0,1162286.0,670116.0,1.734,15534.0,3244.0,4.789,57.0,-11.49,ok,7952.0,0.0,79.0,2.0,19.0,572.0,150.0,0.026,0.772,0.202,1.0,77.0,128.0,0.0,35233.0,56723.0,commutative(Mul):1592;fma-fusion:900;commutative(Add):759;reverse-associative(Mul):614;associative(Mul):321;doubling:302;reverse-associative(Add):297;factor:290;halving:237;associative(Add):234;distribute:229;identity(Add):164;constant-fold:127;canonicalize(Sub):80;commutative(Max):75;commutative(Min):57;annihilator:41;canonicalize(Div):36;identity(Mul):6,1048,84,1049,1032,1.0009541984732824,0.9847328244274809,52,59,0.6190476190476191,0.0162059103908484,1.0,0.0,1.0,0.0,0.0,1.0,1.0,0.7975708502024291,5.714459295261239,7.729040097205346,0.8906439854191981,1.4644128113879002,0.0,7.6512455516014235,10.854092526690392,14.149466192170818
glyph32:U+0022,glyph32,real,32.0,32.0,199.0,113.0,1.761,1867.0,5.0,6.0,0.0,1.0,47.0,1.0,46.0,0.0,0.966,0.0,0.0,0.0,0.0,27.0,Abs:1;Add:15;BitAnd:4;Const:21;Div:4;Dwrt:8;Ge:3;Le:2;Lt:1;Max:4;Min:5;Mul:16;MulAdd:8;Select:5;Sqrt:4;Sub:10;Var:2,199.0,115.0,438.0,1817.0,4.148,100.0,5000.0,ClassCap,4.0,12092.0,2453.0,2888.0,88.8,104.0,145992.0,131784.0,1.108,881.0,406.0,2.17,5.0,-7.31,ok,1280.0,0.0,19.0,11.0,31.0,36.0,41.0,0.287,0.333,0.38,8.0,8.0,0.0,0.0,264.0,11679.0,fma-fusion:2396;reverse-associative(Add):1824;associative(Add):1649;commutative(Add):1494;commutative(Mul):835;reverse-associative(Mul):791;identity(Add):637;associative(Mul):591;distribute:511;factor:418;constant-fold:393;annihilator:281;doubling:66;canonicalize(Sub):40;inverse-annihilation(Sub):40;commutative(Min):35;commutative(Max):28;identity(Mul):25;canonicalize(Div):16;halving:16;involution(Sub):4;cancellation(Sub):2,179,10,126,102,0.7039106145251397,0.5698324022346368,6,10,0.6,0.19047619047619047,1.0,0.0,1.0,0.0,0.0,1.0,1.0,0.6203703703703703,25.11304347826087,105.14782608695653,0.9043478260869565,1.0176991150442478,0.0,4.424778761061947,5.3097345132743365,11.327433628318584
glyph32:U+0023,glyph32,real,32.0,32.0,631.0,327.0,1.93,7051.0,17.0,13.0,0.0,5.0,45.0,1.0,44.0,0.0,0.968,0.0,0.0,0.0,0.0,39.0,Abs:1;Add:51;BitAnd:8;Const:40;Div:16;Dwrt:32;Ge:6;Le:2;Lt:5;Max:16;Min:17;Mul:40;MulAdd:32;Select:17;Sqrt:16;Sub:26;Var:2,615.0,291.0,1209.0,6309.0,5.218,100.0,5000.0,ClassCap,3.0,9866.0,3473.0,4309.0,82.6,306.0,529154.0,427673.0,1.237,3177.0,1237.0,2.568,17.0,2.32,ok,3312.0,0.0,47.0,11.0,77.0,125.0,111.0,0.246,0.399,0.355,13.0,41.0,42.0,23.0,12077.0,32493.0,fma-fusion:2114;commutative(Add):1783;reverse-associative(Add):1202;associative(Add):984;commutative(Mul):692;reverse-associative(Mul):481;factor:470;distribute:428;associative(Mul):419;identity(Add):399;constant-fold:297;annihilator:142;commutative(Min):85;commutative(Max):80;canonicalize(Sub):78;identity(Mul):66;doubling:60;canonicalize(Div):48;inverse-annihilation(Sub):20;halving:12;cancellation(Sub):5;involution(Sub):1,512,34,430,316,0.83984375,0.6171875,10,34,0.29411764705882354,0.2651162790697674,1.0,0.0,1.0,0.0,0.0,1.0,1.0,0.645367412140575,14.807560137457045,33.90378006872852,1.0515463917525774,0.8899082568807339,0.0,5.198776758409786,3.9755351681957185,10.128440366972477
glyph32:U+0024,glyph32,real,32.0,32.0,3685.0,2141.0,1.721,63079.0,161.0,232.0,90.0,0.0,63.0,1.0,62.0,0.0,0.978,0.0,0.0,0.0,0.0,69.0,Abs:1;Add:242;BitAnd:73;Const:278;Div:70;Dwrt:140;Ge:101;Gt:60;Le:62;Lt:9;Max:100;Min:71;Mul:208;MulAdd:350;Neg:29;Select:161;Sqrt:100;Sub:84;Var:2,7185.0,3140.0,13957.0,238389.0,17.08,100.0,5000.0,ClassCap,1.0,1886.0,1754.0,5000.0,20.0,3047.0,8308765.0,2784110.0,2.984,139769.0,13702.0,10.201,221.0,-1.83,ok,29552.0,0.0,323.0,2.0,74.0,2406.0,605.0,0.024,0.78,0.196,29.0,322.0,492.0,0.0,136285.0,231946.0,commutative(Mul):799;commutative(Add):573;canonicalize(Sub):144;commutative(Max):100;constant-fold:75;commutative(Min):71;canonicalize(Div):70;distribute:17;identity(Mul):10;annihilator:9;factor:3;doubling:3;fma-fusion:3;identity(Add):2;halving:2;associative(Add):2;associative(Mul):1;reverse-associative(Add):1;reverse-associative(Mul):1,4307,322,4380,4352,1.0169491525423728,1.0104481077315997,202,230,0.6273291925465838,0.006392694063926951,1.0,0.0,1.0,0.0,0.0,1.0,1.0,0.8038897893030794,1.5923566878980893,0.6006369426751592,0.9703821656050955,1.466604390471742,0.0,7.519850537132181,10.83605791686128,13.80289584306399
glyph32:U+0025,glyph32,real,32.0,32.0,3615.0,1959.0,1.845,63531.0,163.0,223.0,96.0,8.0,61.0,1.0,60.0,0.0,0.978,0.0,0.0,0.0,0.0,62.0,Abs:1;Add:219;BitAnd:68;Const:193;Div:66;Dwrt:132;Ge:92;Gt:64;Le:66;Lt:1;Max:91;Min:67;Mul:204;MulAdd:349;Neg:18;Select:163;Sqrt:91;Sub:72;Var:2,7327.0,2952.0,13438.0,245115.0,18.24,100.0,5000.0,ClassCap,1.0,1990.0,1813.0,5000.0,19.8,2864.0,7148878.0,2665834.0,2.682,167430.0,13288.0,12.6,213.0,-1.12,ok,28928.0,6.0,308.0,2.0,58.0,2259.0,576.0,0.02,0.781,0.199,20.0,325.0,490.0,0.0,135860.0,219802.0,commutative(Mul):816;commutative(Add):560;canonicalize(Sub):136;distribute:109;commutative(Max):91;commutative(Min):67;canonicalize(Div):66;constant-fold:43;factor:23;doubling:20;associative(Add):15;halving:14;annihilator:8;associative(Mul):5;fma-fusion:5;identity(Add):4;reverse-associative(Add):3;reverse-associative(Mul):3;identity(Mul):2,4065,312,4357,4346,1.0718327183271832,1.0691266912669126,198,209,0.6346153846153846,0.002524672940096395,1.0,0.0,1.0,0.0,0.0,1.0,1.0,0.8008987210508123,1.6937669376693767,0.674119241192412,0.9701897018970189,1.5068912710566615,0.0,8.320571720265441,11.38335885655947,14.766717713118938
glyph32:U+0026,glyph32,real,32.0,32.0,4596.0,2648.0,1.736,81117.0,208.0,293.0,123.0,1.0,63.0,1.0,62.0,0.0,0.979,0.0,0.0,0.0,0.0,72.0,Abs:1;Add:293;BitAnd:87;Const:339;Div:84;Dwrt:168;Ge:125;Gt:82;Le:84;Lt:2;Max:124;Min:85;Mul:258;MulAdd:454;Neg:38;Select:208;Sqrt:124;Sub:90;Var:2,9420.0,4064.0,18264.0,320677.0,17.558,100.0,5000.0,ClassCap,1.0,693.0,692.0,5000.0,20.3,4023.0,236874846.0,18114280.0,13.077,288798.0,17999.0,16.045,288.0,-1.45,ok,40800.0,320.0,42.0,13.0,95.0,7.0,3964.0,0.023,0.002,0.975,27.0,2.0,873.0,2182.0,223579.0,1015103.0,commutative(Add):350;canonicalize(Sub):172;canonicalize(Div):84;constant-fold:84;identity(Add):2;identity(Mul):1,8114,576,20516,16002,2.528469312299729,1.9721469065812176,156,324,0.2708333333333333,0.22002339637356205,1.0,0.0,1.0,0.0,0.0,1.0,1.0,0.025086079685194294,1.2303149606299213,0.1705216535433071,0.9899114173228346,1.5347432024169185,0.0,7.854984894259819,11.064954682779456,15.407854984894259
glyph32:U+0027,glyph32,real,32.0,32.0,127.0,79.0,1.608,1003.0,3.0,6.0,0.0,1.0,47.0,1.0,46.0,0.0,0.964,0.0,0.0,0.0,0.0,25.0,Abs:1;Add:9;BitAnd:4;Const:17;Div:2;Dwrt:4;Ge:3;Le:2;Lt:1;Max:2;Min:3;Mul:12;MulAdd:4;Select:3;Sqrt:2;Sub:8;Var:2,127.0,81.0,278.0,1051.0,3.781,100.0,5000.0,ClassCap,5.0,16466.0,2971.0,3562.0,211.7,64.0,90278.0,78618.0,1.148,440.0,219.0,2.009,3.0,-21.22,ok,848.0,0.0,11.0,7.0,15.0,26.0,28.0,0.217,0.377,0.406,4.0,4.0,0.0,0.0,132.0,8015.0,fma-fusion:2981;reverse-associative(Add):2037;associative(Add):1874;commutative(Add):1819;commutative(Mul):1378;reverse-associative(Mul):1206;associative(Mul):1081;distribute:1035;identity(Add):889;factor:751;annihilator:540;constant-fold:536;doubling:109;inverse-annihilation(Sub):75;canonicalize(Sub):40;halving:36;commutative(Min):27;commutative(Max):18;identity(Mul):18;canonicalize(Div):10;involution(Sub):3;cancellation(Sub):3,115,6,68,56,0.591304347826087,0.48695652173913045,4,6,0.6666666666666666,0.17647058823529416,1.0,0.0,1.0,0.0,0.0,1.0,1.0,0.5942028985507246,43.97530864197531,203.28395061728395,0.7901234567901234,1.0253164556962024,0.0,3.7974683544303796,7.594936708860759,10.734177215189874
glyph32:U+0028,glyph32,real,32.0,32.0,927.0,544.0,1.704,15771.0,41.0,60.0,24.0,0.0,63.0,1.0,62.0,0.0,0.979,0.0,0.0,0.0,0.0,37.0,Abs:1;Add:59;BitAnd:19;Const:77;Div:16;Dwrt:32;Ge:26;Gt:16;Le:18;Max:24;Min:17;Mul:56;MulAdd:88;Neg:8;Select:41;Sqrt:24;Sub:20;Var:2,1855.0,818.0,3607.0,61301.0,16.995,100.0,5000.0,ClassCap,2.0,6326.0,3296.0,4707.0,42.4,717.0,1081920.0,617152.0,1.753,14869.0,3135.0,4.743,57.0,-13.09,ok,7760.0,0.0,74.0,0.0,0.0,585.0,136.0,0.0,0.811,0.189,0.0,74.0,122.0,0.0,33600.0,53536.0,commutative(Mul):1632;fma-fusion:871;commutative(Add):695;reverse-associative(Mul):626;associative(Mul):332;doubling:311;factor:298;reverse-associative(Add):284;halving:247;distribute:246;associative(Add):234;identity(Add):148;constant-fold:134;canonicalize(Sub):72;commutative(Max):72;commutative(Min):51;annihilator:41;canonicalize(Div):32,1005,82,988,980,0.9830845771144279,0.9751243781094527,50,58,0.6097560975609756,0.0080971659919028,1.0,0.0,1.0,0.0,0.0,1.0,1.0,0.811373092926491,5.754278728606357,7.733496332518337,0.8765281173594132,1.5036764705882353,0.0,7.536764705882353,11.029411764705882,14.264705882352942
glyph32:U+0029,glyph32,real,32.0,32.0,927.0,546.0,1.698,15771.0,41.0,60.0,24.0,0.0,63.0,1.0,62.0,0.0,0.979,0.0,0.0,0.0,0.0,37.0,Abs:1;Add:59;BitAnd:19;Const:79;Div:16;Dwrt:32;Ge:26;Gt:16;Le:18;Max:24;Min:17;Mul:56;MulAdd:88;Neg:8;Select:41;Sqrt:24;Sub:20;Var:2,1855.0,820.0,3607.0,61301.0,16.995,100.0,5000.0,ClassCap,2.0,6325.0,3297.0,4707.0,38.8,719.0,1081920.0,617152.0,1.753,14869.0,3135.0,4.743,57.0,-13.09,ok,7760.0,0.0,74.0,0.0,0.0,587.0,136.0,0.0,0.812,0.188,0.0,74.0,122.0,0.0,33600.0,53600.0,commutative(Mul):1633;fma-fusion:871;commutative(Add):695;reverse-associative(Mul):626;associative(Mul):331;doubling:311;factor:298;reverse-associative(Add):284;halving:247;distribute:245;associative(Add):233;identity(Add):148;constant-fold:135;canonicalize(Sub):72;commutative(Max):72;commutative(Min):51;annihilator:41;canonicalize(Div):32,1007,82,988,980,0.9811320754716981,0.9731876861966237,50,58,0.6097560975609756,0.0080971659919028,1.0,0.0,1.0,0.0,0.0,1.0,1.0,0.8118948824343015,5.740243902439024,7.713414634146342,0.8768292682926829,1.5018315018315018,0.0,7.509157509157509,10.989010989010989,14.212454212454212
glyph32:U+002A,glyph32,real,32.0,32.0,559.0,334.0,1.674,6187.0,15.0,23.0,0.0,1.0,47.0,1.0,46.0,0.0,0.97,0.0,0.0,0.0,0.0,37.0,Abs:1;Add:45;BitAnd:16;Const:52;Div:14;Dwrt:28;Ge:11;Le:2;Lt:10;Max:14;Min:15;Mul:36;MulAdd:28;Select:15;Sqrt:14;Sub:31;Var:2,559.0,336.0,1345.0,5647.0,4.199,100.0,5000.0,ClassCap,3.0,9690.0,3474.0,4480.0,92.9,352.0,440680.0,345788.0,1.274,3146.0,1409.0,2.233,15.0,4.76,ok,3680.0,2.0,57.0,13.0,101.0,163.0,92.0,0.284,0.458,0.258,15.0,48.0,31.0,18.0,9487.0,28869.0,fma-fusion:1986;commutative(Add):1864;reverse-associative(Add):1167;associative(Add):907;commutative(Mul):801;identity(Add):449;reverse-associative(Mul):435;constant-fold:432;associative(Mul):380;distribute:365;factor:323;annihilator:169;canonicalize(Sub):93;commutative(Min):75;commutative(Max):70;identity(Mul):58;doubling:48;canonicalize(Div):42;inverse-annihilation(Sub):17;halving:7;involution(Sub):1;cancellation(Sub):1,562,30,394,240,0.701067615658363,0.42704626334519574,2,30,0.06666666666666667,0.3908629441624365,1.0,0.0,1.0,0.0,0.0,1.0,1.0,0.7415730337078652,13.333333333333334,28.839285714285715,1.0476190476190477,1.0059880239520957,0.0,4.491017964071856,6.88622754491018,11.017964071856287
glyph32:U+002B,glyph32,real,32.0,32.0,271.0,149.0,1.819,2731.0,7.0,10.0,0.0,3.0,46.0,1.0,45.0,0.0,0.967,0.0,0.0,0.0,0.0,29.0,Abs:1;Add:21;BitAnd:6;Const:19;Div:6;Dwrt:12;Ge:5;Le:2;Lt:3;Max:6;Min:7;Mul:20;MulAdd:12;Select:7;Sqrt:6;Sub:14;Var:2,247.0,118.0,422.0,2427.0,5.751,100.0,5000.0,ClassCap,4.0,11484.0,1802.0,2053.0,60.5,101.0,201244.0,159834.0,1.259,860.0,308.0,2.792,7.0,-27.01,ok,1072.0,0.0,14.0,8.0,7.0,50.0,49.0,0.066,0.472,0.462,2.0,16.0,4.0,0.0,1538.0,14151.0,fma-fusion:2468;reverse-associative(Add):2285;associative(Add):2033;commutative(Add):1794;identity(Add):671;commutative(Mul):393;constant-fold:362;factor:286;distribute:262;reverse-associative(Mul):245;associative(Mul):208;annihilator:162;doubling:60;canonicalize(Sub):56;commutative(Min):49;commutative(Max):42;inverse-annihilation(Sub):39;identity(Mul):36;canonicalize(Div):24;halving:5;involution(Sub):2;cancellation(Sub):2,181,14,146,92,0.8066298342541437,0.5082872928176796,2,14,0.14285714285714285,0.36986301369863017,1.0,0.0,1.0,0.0,0.0,1.0,1.0,0.5377358490566038,17.39830508474576,97.32203389830508,0.8559322033898306,0.7919463087248322,0.0,4.697986577181208,6.7114093959731544,7.194630872483222
glyph32:U+002C,glyph32,real,32.0,32.0,854.0,509.0,1.678,14249.0,37.0,55.0,21.0,0.0,63.0,1.0,62.0,0.0,0.978,0.0,0.0,0.0,0.0,37.0,Abs:1;Add:55;BitAnd:18;Const:78;Div:15;Dwrt:30;Ge:24;Gt:14;Le:16;Lt:1;Max:22;Min:16;Mul:52;MulAdd:79;Neg:7;Select:37;Sqrt:22;Sub:20;Var:2,1694.0,763.0,3323.0,56906.0,17.125,100.0,5000.0,ClassCap,2.0,6368.0,3279.0,4675.0,62.6,662.0,971479.0,569652.0,1.705,12804.0,2879.0,4.447,51.0,-13.36,ok,7120.0,0.0,69.0,1.0,12.0,530.0,127.0,0.018,0.792,0.19,1.0,68.0,109.0,0.0,30081.0,49484.0,commutative(Mul):1492;fma-fusion:916;commutative(Add):699;reverse-associative(Mul):601;associative(Mul):345;factor:335;reverse-associative(Add):312;doubling:310;distribute:280;halving:269;associative(Add):268;identity(Add):148;constant-fold:132;canonicalize(Sub):68;commutative(Max):66;commutative(Min):48;annihilator:41;canonicalize(Div):30;identity(Mul):6;involution(Sub):2,933,74,895,876,0.9592711682743837,0.9389067524115756,44,53,0.5945945945945946,0.021229050279329642,1.0,0.0,1.0,0.0,0.0,1.0,1.0,0.8101644245142003,6.127129750982962,8.346002621231978,0.8676277850589778,1.49901768172888,0.0,7.269155206286837,10.805500982318271,13.988212180746562
glyph32:U+002D,glyph32,real,32.0,32.0,127.0,77.0,1.649,1003.0,3.0,6.0,0.0,1.0,46.0,1.0,45.0,0.0,0.963,0.0,0.0,0.0,0.0,25.0,Abs:1;Add:9;BitAnd:4;Const:15;Div:2;Dwrt:4;Ge:3;Le:2;Lt:1;Max:2;Min:3;Mul:12;MulAdd:4;Select:3;Sqrt:2;Sub:8;Var:2,119.0,70.0,228.0,999.0,4.382,100.0,5000.0,Quiesced,7.0,15196.0,910.0,1034.0,63.9,54.0,90164.0,73434.0,1.228,326.0,150.0,2.173,3.0,-34.21,ok,672.0,0.0,8.0,6.0,7.0,24.0,27.0,0.121,0.414,0.466,2.0,4.0,0.0,0.0,130.0,7687.0,fma-fusion:2744;reverse-associative(Add):2553;associative(Add):2446;commutative(Add):2230;identity(Add):1180;constant-fold:817;commutative(Mul):811;distribute:475;reverse-associative(Mul):457;associative(Mul):416;factor:375;annihilator:306;doubling:111;inverse-annihilation(Sub):93;canonicalize(Sub):56;commutative(Min):39;commutative(Max):26;identity(Mul):26;canonicalize(Div):14;halving:11;involution(Sub):5;cancellation(Sub):5,99,6,56,36,0.5656565656565656,0.36363636363636365,2,6,0.3333333333333333,0.3571428571428571,0.0,1.0,1.0,0.0,0.0,1.0,1.0,0.5344827586206896,14.771428571428572,217.0857142857143,0.7714285714285715,0.9090909090909091,0.0,3.896103896103896,7.792207792207792,8.727272727272727
glyph32:U+002E,glyph32,real,32.0,32.0,927.0,511.0,1.814,15771.0,41.0,58.0,24.0,2.0,62.0,1.0,61.0,0.0,0.978,0.0,0.0,0.0,0.0,37.0,Abs:1;Add:56;BitAnd:19;Const:58;Div:16;Dwrt:32;Ge:24;Gt:16;Le:18;Max:22;Min:17;Mul:56;MulAdd:86;Neg:5;Select:41;Sqrt:22;Sub:20;Var:2,1855.0,760.0,3385.0,61301.0,18.11,100.0,5000.0,ClassCap,2.0,6420.0,3288.0,4675.0,38.7,664.0,1069056.0,612096.0,1.747,14467.0,2977.0,4.86,53.0,-12.05,ok,7136.0,0.0,72.0,0.0,0.0,532.0,136.0,0.0,0.796,0.204,0.0,72.0,122.0,0.0,33536.0,51840.0,commutative(Mul):1499;fma-fusion:918;commutative(Add):695;reverse-associative(Mul):614;doubling:346;factor:344;associative(Mul):343;reverse-associative(Add):305;distribute:304;halving:276;associative(Add):265;identity(Add):148;constant-fold:101;canonicalize(Sub):72;commutative(Max):66;commutative(Min):51;annihilator:41;canonicalize(Div):32,948,78,980,976,1.0337552742616034,1.029535864978903,50,54,0.6410256410256411,0.004081632653061273,1.0,0.0,1.0,0.0,0.0,1.0,1.0,0.7964071856287425,6.151315789473684,8.447368421052632,0.8736842105263158,1.487279843444227,0.0,8.023483365949119,11.350293542074365,13.96477495107632
glyph32:U+002F,glyph32,real,32.0,32.0,127.0,76.0,1.671,1003.0,3.0,5.0,0.0,1.0,45.0,1.0,44.0,0.0,0.963,0.0,0.0,0.0,0.0,25.0,Abs:1;Add:9;BitAnd:4;Const:15;Div:2;Dwrt:4;Ge:2;Le:2;Lt:1;Max:2;Min:3;Mul:12;MulAdd:4;Select:3;Sqrt:2;Sub:8;Var:2,127.0,78.0,275.0,1051.0,3.822,100.0,5000.0,ClassCap,5.0,18425.0,2972.0,3444.0,322.7,61.0,90150.0,78458.0,1.149,436.0,214.0,2.037,3.0,-22.18,ok,800.0,0.0,11.0,7.0,15.0,22.0,28.0,0.231,0.338,0.431,4.0,4.0,0.0,0.0,132.0,7887.0,fma-fusion:2794;reverse-associative(Add):2113;associative(Add):1964;commutative(Mul):1784;commutative(Add):1779;reverse-associative(Mul):1502;distribute:1424;associative(Mul):1276;identity(Add):1178;factor:1083;annihilator:575;constant-fold:547;doubling:133;inverse-annihilation(Sub):81;halving:65;canonicalize(Sub):40;commutative(Min):27;commutative(Max):18;identity(Mul):18;cancellation(Sub):11;canonicalize(Div):10;involution(Sub):3,111,6,68,56,0.6126126126126126,0.5045045045045045,4,6,0.6666666666666666,0.17647058823529416,1.0,0.0,1.0,0.0,0.0,1.0,1.0,0.5692307692307692,44.15384615384615,236.21794871794873,0.782051282051282,1.0263157894736843,0.0,3.9473684210526314,6.578947368421052,10.526315789473685
glyph32:U+0030,glyph32,real,32.0,32.0,2706.0,1560.0,1.735,46809.0,120.0,171.0,69.0,0.0,62.0,1.0,61.0,0.0,0.979,0.0,0.0,0.0,0.0,56.0,Abs:1;Add:173;BitAnd:53;Const:200;Div:50;Dwrt:100;Ge:74;Gt:46;Le:48;Lt:3;Max:73;Min:51;Mul:154;MulAdd:261;Neg:20;Select:120;Sqrt:73;Sub:58;Var:2,5402.0,2355.0,10562.0,180087.0,17.05,100.0,5000.0,ClassCap,1.0,2586.0,2050.0,5000.0,49.2,2371.0,6092250.0,1865132.0,3.266,179713.0,10774.0,16.68,166.0,2.01,ok,23104.0,0.0,250.0,5.0,102.0,1916.0,396.0,0.042,0.794,0.164,28.0,253.0,359.0,0.0,100028.0,162790.0,commutative(Mul):647;commutative(Add):425;factor:307;doubling:234;associative(Add):186;distribute:150;halving:144;canonicalize(Sub):104;commutative(Max):73;associative(Mul):62;commutative(Min):51;canonicalize(Div):50;constant-fold:50;fma-fusion:40;reverse-associative(Add):28;reverse-associative(Mul):21;annihilator:8;identity(Mul):4;identity(Add):2,3286,240,3011,2970,0.9163116250760803,0.9038344491783323,144,165,0.6,0.013616738625041536,1.0,0.0,1.0,0.0,0.0,1.0,1.0,0.835956917978459,2.1231422505307855,1.0980891719745223,1.0067940552016985,1.5096153846153846,0.0,7.6923076923076925,10.961538461538462,14.810256410256411
glyph32:U+0031,glyph32,real,32.0,32.0,924.0,531.0,1.74,13797.0,35.0,48.0,15.0,2.0,46.0,1.0,45.0,0.0,0.976,0.0,0.0,0.0,0.0,43.0,Abs:1;Add:65;BitAnd:20;Const:71;Div:19;Dwrt:38;Ge:20;Gt:10;Le:12;Lt:6;Max:24;Min:20;Mul:56;MulAdd:73;Neg:5;Select:35;Sqrt:24;Sub:30;Var:2,1452.0,665.0,2873.0,37346.0,12.999,100.0,5000.0,ClassCap,2.0,6804.0,3068.0,4416.0,38.9,613.0,965067.0,645619.0,1.495,9430.0,2586.0,3.647,45.0,-9.99,ok,6960.0,0.0,69.0,6.0,41.0,428.0,151.0,0.066,0.69,0.244,0.0,63.0,105.0,0.0,28896.0,52393.0,fma-fusion:1274;commutative(Mul):1045;commutative(Add):701;reverse-associative(Mul):599;associative(Add):543;associative(Mul):523;reverse-associative(Add):510;factor:337;distribute:222;halving:207;identity(Add):196;doubling:190;constant-fold:141;canonicalize(Sub):80;commutative(Max):72;commutative(Min):60;annihilator:42;canonicalize(Div):38;identity(Mul):21;cancellation(Sub):2;inverse-annihilation(Sub):1,909,70,893,844,0.9823982398239824,0.9284928492849285,42,55,0.6,0.054871220604703286,1.0,0.0,1.0,0.0,0.0,1.0,1.0,0.7564516129032258,6.640601503759399,10.23157894736842,0.9218045112781955,1.2523540489642184,0.0,6.5913370998116765,9.03954802259887,13.107344632768362
glyph32:U+0032,glyph32,real,32.0,32.0,2015.0,1178.0,1.711,33995.0,87.0,126.0,48.0,0.0,61.0,1.0,60.0,0.0,0.978,0.0,0.0,0.0,0.0,50.0,Abs:1;Add:133;BitAnd:41;Const:159;Div:38;Dwrt:76;Ge:54;Gt:32;Le:34;Lt:6;Max:54;Min:39;Mul:116;MulAdd:188;Neg:16;Select:87;Sqrt:54;Sub:48;Var:2,3891.0,1726.0,7641.0,127793.0,16.725,100.0,5000.0,ClassCap,1.0,3078.0,2357.0,4945.0,32.6,1730.0,4013667.0,1375963.0,2.917,98305.0,7747.0,12.689,119.0,1.39,ok,17744.0,0.0,204.0,5.0,129.0,1367.0,295.0,0.072,0.763,0.165,41.0,225.0,260.0,0.0,73801.0,119393.0,commutative(Mul):465;associative(Mul):374;commutative(Add):315;doubling:295;fma-fusion:291;factor:238;reverse-associative(Add):217;halving:177;associative(Add):173;reverse-associative(Mul):147;distribute:111;canonicalize(Sub):80;commutative(Max):54;constant-fold:43;commutative(Min):39;canonicalize(Div):38;annihilator:9;identity(Add):6;identity(Mul):6,2456,174,2156,2112,0.8778501628664495,0.8599348534201955,104,126,0.5977011494252874,0.020408163265306145,1.0,0.0,1.0,0.0,0.0,1.0,1.0,0.835287548855388,2.8650057937427578,1.783314020857474,1.0023174971031286,1.465195246179966,0.0,7.385398981324278,10.69609507640068,15.062818336162987
glyph32:U+0033,glyph32,real,32.0,32.0,3469.0,2024.0,1.714,60487.0,155.0,222.0,90.0,0.0,62.0,1.0,61.0,0.0,0.979,0.0,0.0,0.0,0.0,63.0,Abs:1;Add:225;BitAnd:67;Const:271;Div:64;Dwrt:128;Ge:96;Gt:60;Le:62;Lt:4;Max:94;Min:65;Mul:196;MulAdd:338;Neg:30;Select:155;Sqrt:94;Sub:72;Var:2,6993.0,3060.0,13651.0,236247.0,17.306,100.0,5000.0,ClassCap,1.0,1948.0,1791.0,5000.0,28.0,2959.0,7440499.0,2599621.0,2.862,150291.0,13415.0,11.203,215.0,-1.73,ok,29024.0,0.0,314.0,3.0,84.0,2357.0,560.0,0.028,0.785,0.187,31.0,311.0,468.0,0.0,129791.0,218868.0,commutative(Mul):843;commutative(Add):549;canonicalize(Sub):132;commutative(Max):94;constant-fold:71;commutative(Min):65;canonicalize(Div):64;distribute:59;factor:12;doubling:11;fma-fusion:10;annihilator:9;halving:8;associative(Add):8;associative(Mul):3;reverse-associative(Add):3;reverse-associative(Mul):3;identity(Add):2;identity(Mul):2,4158,310,4194,4164,1.0086580086580086,1.0014430014430014,190,220,0.6129032258064516,0.007153075822603716,1.0,0.0,1.0,0.0,0.0,1.0,1.0,0.8133955348217261,1.6339869281045751,0.6366013071895424,0.9669934640522876,1.5118577075098814,0.0,7.658102766798419,10.968379446640316,14.339920948616601
glyph32:U+0034,glyph32,real,32.0,32.0,997.0,572.0,1.743,15319.0,39.0,55.0,18.0,1.0,46.0,1.0,45.0,0.0,0.976,0.0,0.0,0.0,0.0,37.0,Abs:1;Add:69;BitAnd:22;Const:73;Div:20;Dwrt:40;Ge:23;Gt:12;Le:14;Lt:6;Max:26;Min:21;Mul:60;MulAdd:82;Neg:6;Select:39;Sqrt:26;Sub:30;Var:2,1637.0,730.0,3162.0,44945.0,14.214,100.0,5000.0,ClassCap,2.0,6676.0,3187.0,4552.0,62.3,661.0,1056728.0,689379.0,1.533,11036.0,2791.0,3.954,51.0,-11.73,ok,7376.0,0.0,74.0,3.0,20.0,489.0,159.0,0.03,0.732,0.238,0.0,71.0,116.0,0.0,31968.0,56372.0,commutative(Mul):1219;fma-fusion:1104;commutative(Add):745;reverse-associative(Mul):576;associative(Mul):422;reverse-associative(Add):415;associative(Add):410;factor:379;halving:260;distribute:247;doubling:232;identity(Add):196;constant-fold:140;canonicalize(Sub):84;commutative(Max):78;commutative(Min):63;annihilator:42;canonicalize(Div):40;identity(Mul):21;cancellation(Sub):2;inverse-annihilation(Sub):1,975,78,976,928,1.001025641025641,0.9517948717948718,46,60,0.5897435897435898,0.049180327868852514,1.0,0.0,1.0,0.0,0.0,1.0,1.0,0.7619760479041916,6.235616438356164,9.145205479452056,0.9054794520547945,1.2762237762237763,0.0,6.818181818181818,9.615384615384615,12.895104895104895
glyph32:U+0035,glyph32,real,32.0,32.0,2306.0,1338.0,1.723,39425.0,101.0,145.0,57.0,1.0,62.0,1.0,61.0,0.0,0.978,0.0,0.0,0.0,0.0,53.0,Abs:1;Add:150;BitAnd:46;Const:178;Div:43;Dwrt:86;Ge:63;Gt:38;Le:40;Lt:4;Max:61;Min:44;Mul:132;MulAdd:218;Neg:18;Select:101;Sqrt:61;Sub:52;Var:2,4546.0,1988.0,8826.0,151538.0,17.169,100.0,5000.0,ClassCap,1.0,2926.0,2243.0,4981.0,33.3,2013.0,5161647.0,1571472.0,3.285,153907.0,9041.0,17.023,137.0,2.44,ok,20160.0,0.0,225.0,5.0,123.0,1611.0,335.0,0.059,0.779,0.162,38.0,236.0,303.0,0.0,85158.0,137435.0,commutative(Mul):539;commutative(Add):365;doubling:338;factor:278;associative(Mul):241;halving:208;associative(Add):194;fma-fusion:150;distribute:127;reverse-associative(Add):110;canonicalize(Sub):90;reverse-associative(Mul):75;commutative(Max):61;constant-fold:48;commutative(Min):44;canonicalize(Div):43;annihilator:9;identity(Mul):4;identity(Add):2,2820,200,2502,2462,0.8872340425531915,0.8730496453900709,122,144,0.61,0.015987210231814597,1.0,0.0,1.0,0.0,0.0,1.0,1.0,0.8380860318994683,2.505533199195171,1.471830985915493,1.0125754527162978,1.4857997010463377,0.0,7.548579970104634,10.837070254110612,15.067264573991032
glyph32:U+0036,glyph32,real,32.0,32.0,3947.0,2284.0,1.728,69776.0,178.0,253.0,105.0,0.0,62.0,1.0,61.0,0.0,0.979,0.0,0.0,0.0,0.0,66.0,Abs:1;Add:252;BitAnd:75;Const:295;Div:73;Dwrt:144;Ge:109;Gt:70;Le:73;Lt:1;Max:107;Min:73;Mul:223;MulAdd:390;Neg:33;Select:178;Sqrt:107;Sub:78;Var:2,8067.0,3504.0,15754.0,273166.0,17.339,100.0,5000.0,ClassCap,1.0,1387.0,1337.0,5000.0,28.6,3416.0,201695880.0,15379117.0,13.115,246069.0,15269.0,16.116,248.0,-3.08,ok,35168.0,276.0,38.0,13.0,79.0,7.0,3367.0,0.023,0.002,0.975,23.0,2.0,755.0,1897.0,193367.0,862255.0,commutative(Add):628;commutative(Mul):360;canonicalize(Sub):148;constant-fold:76;canonicalize(Div):74;commutative(Min):73;commutative(Max):23;identity(Mul):3;identity(Add):2,6896,496,17358,14022,2.5171113689095126,2.0333526682134573,140,278,0.28225806451612906,0.19218804009678536,1.0,0.0,1.0,0.0,0.0,1.0,1.0,0.024905878945844194,1.4269406392694064,0.3958333333333333,0.9748858447488584,1.5341506129597198,0.0,7.793345008756567,11.07705779334501,15.39754816112084
glyph32:U+0037,glyph32,real,32.0,32.0,199.0,118.0,1.686,1867.0,5.0,9.0,0.0,0.0,45.0,1.0,44.0,0.0,0.966,0.0,0.0,0.0,0.0,27.0,Abs:1;Add:15;BitAnd:7;Const:18;Div:4;Dwrt:8;Ge:4;Le:2;Lt:3;Max:4;Min:5;Mul:16;MulAdd:8;Select:5;Sqrt:4;Sub:12;Var:2,191.0,112.0,413.0,1765.0,4.274,100.0,5000.0,ClassCap,4.0,12411.0,2394.0,2791.0,152.1,106.0,145520.0,127430.0,1.142,750.0,361.0,2.078,5.0,-12.59,ok,1248.0,0.0,19.0,10.0,25.0,47.0,40.0,0.223,0.42,0.357,6.0,11.0,3.0,0.0,1126.0,11769.0,fma-fusion:2328;reverse-associative(Add):1869;associative(Add):1727;commutative(Add):1435;reverse-associative(Mul):803;commutative(Mul):728;identity(Add):718;distribute:688;factor:597;associative(Mul):582;constant-fold:354;annihilator:258;doubling:85;canonicalize(Sub):48;inverse-annihilation(Sub):44;commutative(Min):35;halving:33;commutative(Max):28;identity(Mul):25;canonicalize(Div):16;cancellation(Sub):8;involution(Sub):2,184,10,120,90,0.6521739130434783,0.4891304347826087,4,10,0.4,0.25,1.0,0.0,1.0,0.0,0.0,1.0,1.0,0.6428571428571429,24.919642857142858,110.8125,0.9464285714285714,0.9491525423728814,0.0,4.237288135593221,7.627118644067797,10.576271186440678
glyph32:U+0038,glyph32,real,32.0,32.0,4742.0,2710.0,1.75,84161.0,216.0,303.0,129.0,2.0,63.0,1.0,62.0,0.0,0.979,0.0,0.0,0.0,0.0,72.0,Abs:1;Add:297;BitAnd:89;Const:340;Div:86;Dwrt:172;Ge:129;Gt:86;Le:88;Max:127;Min:87;Mul:266;MulAdd:471;Neg:36;Select:216;Sqrt:127;Sub:90;Var:2,9774.0,4167.0,18766.0,332723.0,17.73,100.0,5000.0,ClassCap,1.0,581.0,580.0,5000.0,36.4,4126.0,245930420.0,18745972.0,13.119,299657.0,18500.0,16.198,298.0,-1.42,ok,41584.0,330.0,38.0,13.0,73.0,7.0,4083.0,0.018,0.002,0.981,23.0,2.0,897.0,2259.0,229719.0,1045545.0,commutative(Add):239;canonicalize(Sub):176;canonicalize(Div):86;constant-fold:78;identity(Add):2,8322,596,21154,16290,2.5419370343667387,1.9574621485219899,154,324,0.25838926174496646,0.22993287321546751,1.0,0.0,1.0,0.0,0.0,1.0,1.0,0.01921691088157579,1.1999040076793857,0.13942884569234462,0.990160787137029,1.5376383763837638,0.0,7.970479704797048,11.180811808118081,15.344649446494465
glyph32:U+0039,glyph32,real,32.0,32.0,4015.0,2331.0,1.722,70915.0,182.0,258.0,108.0,0.0,62.0,1.0,61.0,0.0,0.979,0.0,0.0,0.0,0.0,66.0,Abs:1;Add:258;BitAnd:76;Const:305;Div:73;Dwrt:146;Ge:111;Gt:72;Le:74;Lt:1;Max:109;Min:74;Mul:226;MulAdd:398;Neg:36;Select:182;Sqrt:109;Sub:78;Var:2,8267.0,3595.0,16134.0,283354.0,17.563,100.0,5000.0,ClassCap,1.0,1260.0,1226.0,5000.0,37.0,3521.0,209370440.0,15846044.0,13.213,255197.0,15708.0,16.246,254.0,-2.64,ok,36160.0,285.0,39.0,13.0,80.0,7.0,3474.0,0.022,0.002,0.976,24.0,2.0,777.0,1928.0,199000.0,889648.0,commutative(Add):644;commutative(Mul):245;canonicalize(Sub):150;constant-fold:80;canonicalize(Div):73;commutative(Min):66;identity(Add):2,7113,508,18006,14810,2.5314213412062423,2.0821031913398005,144,292,0.28346456692913385,0.17749639009219154,1.0,0.0,1.0,0.0,0.0,1.0,1.0,0.02443133951137321,1.3908205841446453,0.35048678720445064,0.9794158553546592,1.5422565422565422,0.0,7.807807807807808,11.068211068211069,15.512655512655513
glyph32:U+003A,glyph32,real,32.0,32.0,1799.0,991.0,1.815,31403.0,81.0,113.0,48.0,3.0,62.0,1.0,61.0,0.0,0.978,0.0,0.0,0.0,0.0,45.0,Abs:1;Add:109;BitAnd:35;Const:108;Div:32;Dwrt:64;Ge:47;Gt:32;Le:34;Max:45;Min:33;Mul:104;MulAdd:173;Neg:10;Select:81;Sqrt:45;Sub:36;Var:2,3655.0,1498.0,6760.0,122317.0,18.094,100.0,5000.0,ClassCap,1.0,3374.0,2481.0,4854.0,40.4,1438.0,3248990.0,1215062.0,2.674,81751.0,6620.0,12.349,107.0,-2.07,ok,15648.0,2.0,166.0,1.0,55.0,1157.0,256.0,0.037,0.788,0.174,22.0,194.0,242.0,0.0,68182.0,102615.0,fma-fusion:612;commutative(Mul):415;associative(Mul):333;reverse-associative(Mul):299;doubling:294;reverse-associative(Add):284;commutative(Add):279;factor:231;halving:170;associative(Add):139;distribute:104;canonicalize(Sub):68;commutative(Max):45;commutative(Min):33;canonicalize(Div):32;constant-fold:26;annihilator:8;identity(Add):2,2034,156,1964,1956,0.9655850540806293,0.9616519174041298,98,106,0.6282051282051282,0.004073319755600768,1.0,0.0,1.0,0.0,0.0,1.0,1.0,0.8256130790190735,3.2403204272363153,2.2523364485981308,0.9599465954606141,1.5116044399596367,0.0,8.173562058526741,11.402623612512613,15.790110998990919
glyph32:U+003B,glyph32,real,32.0,32.0,1726.0,983.0,1.756,29881.0,77.0,109.0,45.0,2.0,63.0,1.0,62.0,0.0,0.979,0.0,0.0,0.0,0.0,45.0,Abs:1;Add:108;BitAnd:34;Const:126;Div:31;Dwrt:62;Ge:46;Gt:30;Le:32;Lt:1;Max:44;Min:32;Mul:100;MulAdd:165;Neg:12;Select:77;Sqrt:44;Sub:36;Var:2,3494.0,1484.0,6605.0,117922.0,17.853,100.0,5000.0,ClassCap,1.0,3371.0,2490.0,4855.0,23.5,1422.0,3083989.0,1170461.0,2.635,77082.0,6442.0,11.966,103.0,-2.47,ok,14656.0,0.0,165.0,2.0,71.0,1138.0,247.0,0.049,0.782,0.17,26.0,182.0,229.0,0.0,64474.0,99719.0,fma-fusion:640;commutative(Mul):408;associative(Mul):329;reverse-associative(Mul):314;reverse-associative(Add):290;doubling:279;commutative(Add):274;factor:218;halving:162;associative(Add):142;distribute:99;canonicalize(Sub):66;commutative(Max):44;commutative(Min):32;canonicalize(Div):31;constant-fold:31;annihilator:8;identity(Add):2;identity(Mul):2,2007,150,1877,1854,0.935226706527155,0.9237668161434978,92,105,0.6133333333333333,0.012253596164091607,1.0,0.0,1.0,0.0,0.0,1.0,1.0,0.8303571428571429,3.2715633423180592,2.2715633423180592,0.9582210242587601,1.5096642929806714,0.0,7.8331637843336726,11.088504577822992,14.909460834181079
glyph32:U+003C,glyph32,real,32.0,32.0,307.0,183.0,1.678,3163.0,8.0,16.0,0.0,0.0,46.0,1.0,45.0,0.0,0.968,0.0,0.0,0.0,0.0,30.0,Abs:1;Add:24;BitAnd:10;Const:25;Div:7;Dwrt:14;Ge:8;Le:2;Lt:6;Max:7;Min:8;Mul:22;MulAdd:14;Select:8;Sqrt:7;Sub:18;Var:2,295.0,171.0,652.0,2888.0,4.429,100.0,5000.0,ClassCap,3.0,7919.0,2261.0,2697.0,45.4,177.0,227257.0,200979.0,1.131,1422.0,657.0,2.164,8.0,0.77,ok,1904.0,0.0,31.0,7.0,47.0,78.0,58.0,0.257,0.426,0.317,10.0,28.0,18.0,0.0,5514.0,17391.0,fma-fusion:1986;reverse-associative(Add):1454;associative(Add):1320;commutative(Add):995;commutative(Mul):355;identity(Add):327;reverse-associative(Mul):285;constant-fold:268;associative(Mul):204;distribute:201;factor:162;annihilator:114;canonicalize(Sub):54;doubling:42;commutative(Min):40;commutative(Max):35;identity(Mul):34;canonicalize(Div):21;inverse-annihilation(Sub):17;halving:3;involution(Sub):1;cancellation(Sub):1,293,16,206,156,0.7030716723549488,0.5324232081911263,6,16,0.375,0.24271844660194175,1.0,0.0,1.0,0.0,0.0,1.0,1.0,0.6830601092896175,15.771929824561404,46.30994152046784,1.0350877192982457,0.9344262295081968,0.0,4.371584699453552,8.743169398907105,10.404371584699453
glyph32:U+003D,glyph32,real,32.0,32.0,199.0,115.0,1.73,1867.0,5.0,8.0,0.0,2.0,46.0,1.0,45.0,0.0,0.966,0.0,0.0,0.0,0.0,27.0,Abs:1;Add:15;BitAnd:5;Const:18;Div:4;Dwrt:8;Ge:4;Le:2;Lt:2;Max:4;Min:5;Mul:16;MulAdd:8;Select:5;Sqrt:4;Sub:12;Var:2,183.0,96.0,329.0,1713.0,5.207,100.0,5000.0,Quiesced,7.0,21545.0,1334.0,1514.0,72.3,81.0,145704.0,116794.0,1.248,593.0,234.0,2.534,5.0,-28.88,ok,928.0,0.0,11.0,9.0,7.0,40.0,38.0,0.082,0.471,0.447,2.0,8.0,0.0,0.0,258.0,11015.0,fma-fusion:4110;reverse-associative(Add):3939;associative(Add):3761;commutative(Add):3581;identity(Add):1520;commutative(Mul):919;constant-fold:917;factor:563;distribute:517;reverse-associative(Mul):477;associative(Mul):435;annihilator:306;doubling:111;inverse-annihilation(Sub):93;canonicalize(Sub):84;commutative(Min):65;commutative(Max):52;identity(Mul):46;canonicalize(Div):28;halving:11;involution(Sub):5;cancellation(Sub):5,143,10,100,64,0.6993006993006993,0.44755244755244755,2,10,0.2,0.36,0.0,1.0,1.0,0.0,0.0,1.0,1.0,0.5529411764705883,15.770833333333334,224.42708333333334,0.84375,0.8347826086956521,0.0,4.3478260869565215,6.956521739130435,8.069565217391304
glyph32:U+003E,glyph32,real,32.0,32.0,307.0,183.0,1.678,3163.0,8.0,16.0,0.0,0.0,46.0,1.0,45.0,0.0,0.968,0.0,0.0,0.0,0.0,30.0,Abs:1;Add:24;BitAnd:10;Const:25;Div:7;Dwrt:14;Ge:8;Le:2;Lt:6;Max:7;Min:8;Mul:22;MulAdd:14;Select:8;Sqrt:7;Sub:18;Var:2,295.0,171.0,652.0,2888.0,4.429,100.0,5000.0,ClassCap,3.0,7928.0,2273.0,2710.0,71.1,179.0,232505.0,206227.0,1.127,1431.0,666.0,2.149,8.0,2.15,ok,1920.0,0.0,31.0,7.0,47.0,79.0,59.0,0.254,0.427,0.319,10.0,28.0,18.0,0.0,5514.0,17679.0,fma-fusion:1994;reverse-associative(Add):1451;associative(Add):1327;commutative(Add):997;commutative(Mul):355;identity(Add):327;reverse-associative(Mul):281;constant-fold:268;distribute:206;associative(Mul):200;factor:163;annihilator:118;canonicalize(Sub):54;doubling:43;commutative(Min):40;commutative(Max):35;identity(Mul):26;canonicalize(Div):21;inverse-annihilation(Sub):17;halving:3;involution(Sub):1;cancellation(Sub):1,296,16,210,158,0.7094594594594594,0.5337837837837838,6,16,0.375,0.24761904761904763,1.0,0.0,1.0,0.0,0.0,1.0,1.0,0.6810810810810811,15.847953216374268,46.36257309941521,1.0467836257309941,0.9344262295081968,0.0,4.371584699453552,8.743169398907105,10.491803278688524
glyph32:U+003F,glyph32,real,32.0,32.0,3324.0,1904.0,1.746,58101.0,149.0,211.0,87.0,1.0,62.0,1.0,61.0,0.0,0.979,0.0,0.0,0.0,0.0,61.0,Abs:1;Add:211;BitAnd:64;Const:238;Div:61;Dwrt:122;Ge:90;Gt:58;Le:60;Lt:3;Max:89;Min:62;Mul:188;MulAdd:324;Neg:25;Select:149;Sqrt:89;Sub:68;Var:2,6716.0,2887.0,12970.0,226228.0,17.442,100.0,5000.0,ClassCap,1.0,2009.0,1824.0,5000.0,22.4,2801.0,6588089.0,2477168.0,2.66,154194.0,12792.0,12.054,205.0,-1.37,ok,27216.0,0.0,298.0,3.0,76.0,2228.0,533.0,0.027,0.785,0.188,27.0,298.0,449.0,0.0,124507.0,207820.0,commutative(Mul):798;commutative(Add):523;distribute:150;canonicalize(Sub):126;commutative(Max):89;commutative(Min):62;canonicalize(Div):61;constant-fold:60;factor:32;doubling:28;associative(Add):21;halving:19;fma-fusion:12;annihilator:9;associative(Mul):7;reverse-associative(Add):4;reverse-associative(Mul):4;identity(Add):2;identity(Mul):2,3939,296,4016,3994,1.0195481086570195,1.0139629347550139,182,204,0.6148648648648649,0.005478087649402386,1.0,0.0,1.0,0.0,0.0,1.0,1.0,0.8121254846669017,1.7319016279875303,0.6958780741253897,0.9702112919986144,1.516281512605042,0.0,7.82563025210084,11.081932773109244,14.294117647058824
glyph32:U+0040,glyph32,real,32.0,32.0,5940.0,3424.0,1.735,104997.0,269.0,381.0,159.0,0.0,62.0,1.0,61.0,0.0,0.979,0.0,0.0,0.0,0.0,85.0,Abs:1;Add:381;BitAnd:112;Const:429;Div:109;Dwrt:218;Ge:164;Gt:106;Le:108;Lt:3;Max:162;Min:110;Mul:332;MulAdd:589;Neg:51;Select:269;Sqrt:162;Sub:116;Var:2,12056.0,5226.0,23527.0,409366.0,17.4,100.0,5000.0,ClassCap,0.0,0.0,0.0,5226.0,9.1,5226.0,335355469.0,23341200.0,14.368,409366.0,23527.0,17.4,373.0,0.0,ok,51408.0,307.0,158.0,12.0,328.0,7.0,5009.0,0.061,0.001,0.937,146.0,0.0,1089.0,2461.0,278930.0,1282856.0,,10669,746,26500,19696,2.483831661823976,1.846096166463586,190,422,0.2546916890080429,0.25675471698113206,1.0,0.0,1.0,0.0,0.0,1.0,1.0,0.06268712574850299,1.0,0.0,1.0,1.526285046728972,1.0,7.856308411214953,11.12733644859813,15.014018691588785
glyph32:U+0041,glyph32,real,32.0,32.0,925.0,527.0,1.755,14455.0,37.0,49.0,18.0,4.0,61.0,1.0,60.0,0.0,0.977,0.0,0.0,0.0,0.0,39.0,Abs:1;Add:62;BitAnd:18;Const:74;Div:18;Dwrt:36;Ge:20;Gt:12;Le:14;Lt:3;Max:23;Min:19;Mul:56;MulAdd:77;Neg:5;Select:37;Sqrt:23;Sub:27;Var:2,1605.0,713.0,3103.0,45963.0,14.812,100.0,5000.0,ClassCap,2.0,6650.0,3134.0,4501.0,32.3,643.0,991730.0,631584.0,1.57,10952.0,2780.0,3.94,47.0,-10.41,ok,7392.0,0.0,70.0,6.0,44.0,460.0,146.0,0.068,0.708,0.225,0.0,64.0,110.0,0.0,30208.0,52140.0,commutative(Mul):1202;fma-fusion:1137;commutative(Add):736;reverse-associative(Mul):581;associative(Mul):431;reverse-associative(Add):421;associative(Add):415;factor:383;distribute:246;halving:245;doubling:230;identity(Add):184;constant-fold:134;canonicalize(Sub):78;commutative(Max):69;commutative(Min):57;annihilator:46;canonicalize(Div):36;identity(Mul):16;cancellation(Sub):2;inverse-annihilation(Sub):1,936,72,927,886,0.9903846153846154,0.9465811965811965,44,55,0.6111111111111112,0.0442286947141316,1.0,0.0,1.0,0.0,0.0,1.0,1.0,0.7753846153846153,6.312762973352034,9.326788218793828,0.9018232819074333,1.3529411764705883,0.0,7.020872865275142,9.297912713472487,14.026565464895636
glyph32:U+0042,glyph32,real,32.0,32.0,2270.0,1319.0,1.721,38993.0,100.0,144.0,57.0,0.0,61.0,1.0,60.0,0.0,0.978,0.0,0.0,0.0,0.0,52.0,Abs:1;Add:148;BitAnd:45;Const:172;Div:42;Dwrt:84;Ge:62;Gt:38;Le:40;Lt:4;Max:61;Min:43;Mul:130;MulAdd:217;Neg:19;Select:100;Sqrt:61;Sub:50;Var:2,4470.0,1953.0,8694.0,147847.0,17.006,100.0,5000.0,ClassCap,1.0,2973.0,2267.0,4975.0,56.4,1961.0,4977397.0,1527753.0,3.258,127354.0,8815.0,14.447,138.0,1.39,ok,18992.0,0.0,220.0,2.0,94.0,1594.0,325.0,0.047,0.792,0.161,37.0,236.0,297.0,0.0,83621.0,134302.0,commutative(Mul):534;commutative(Add):350;doubling:346;factor:281;associative(Mul):266;halving:213;associative(Add):183;fma-fusion:166;distribute:130;reverse-associative(Add):120;canonicalize(Sub):88;reverse-associative(Mul):82;commutative(Max):61;constant-fold:47;commutative(Min):43;canonicalize(Div):42;annihilator:9;identity(Add):6;identity(Mul):6,2742,200,2451,2408,0.8938730853391685,0.8781911013858498,118,143,0.59,0.01754385964912286,1.0,0.0,1.0,0.0,0.0,1.0,1.0,0.8385494287133631,2.5473630312339988,1.522273425499232,1.0040962621607783,1.480667172100076,0.0,7.58150113722517,10.917361637604246,14.398786959818043
glyph32:U+0043,glyph32,real,32.0,32.0,2525.0,1473.0,1.714,43991.0,113.0,162.0,66.0,0.0,62.0,1.0,61.0,0.0,0.979,0.0,0.0,0.0,0.0,53.0,Abs:1;Add:163;BitAnd:49;Const:198;Div:46;Dwrt:92;Ge:70;Gt:44;Le:46;Lt:2;Max:68;Min:47;Mul:144;MulAdd:246;Neg:22;Select:113;Sqrt:68;Sub:52;Var:2,5129.0,2249.0,10039.0,174517.0,17.384,100.0,5000.0,ClassCap,1.0,2718.0,2110.0,4996.0,30.1,2263.0,6068768.0,1705215.0,3.559,186859.0,10228.0,18.269,157.0,1.88,ok,21728.0,0.0,237.0,3.0,86.0,1860.0,358.0,0.037,0.807,0.155,30.0,240.0,336.0,0.0,93726.0,151254.0,commutative(Mul):623;commutative(Add):405;factor:321;doubling:289;associative(Add):209;halving:173;distribute:146;canonicalize(Sub):96;associative(Mul):92;commutative(Max):68;fma-fusion:63;constant-fold:53;commutative(Min):47;canonicalize(Div):46;reverse-associative(Add):42;reverse-associative(Mul):30;annihilator:9;identity(Mul):4;identity(Add):2,3108,226,2778,2732,0.8938223938223938,0.879021879021879,134,160,0.5929203539823009,0.016558675305975545,1.0,0.0,1.0,0.0,0.0,1.0,1.0,0.8446180555555556,2.221431747443308,1.208537127612272,1.0062249888839485,1.526816021724372,0.0,7.671418873048201,10.9979633401222,14.750848608282416
glyph32:U+0044,glyph32,real,32.0,32.0,1326.0,774.0,1.713,22497.0,58.0,84.0,33.0,0.0,61.0,1.0,60.0,0.0,0.978,0.0,0.0,0.0,0.0,42.0,Abs:1;Add:86;BitAnd:27;Const:105;Div:24;Dwrt:48;Ge:36;Gt:22;Le:24;Lt:2;Max:35;Min:25;Mul:78;MulAdd:125;Neg:11;Select:58;Sqrt:35;Sub:30;Var:2,2606.0,1148.0,5082.0,86117.0,16.945,100.0,5000.0,ClassCap,1.0,3265.0,2389.0,4367.0,29.5,1066.0,1887228.0,872894.0,2.162,34420.0,4832.0,7.123,80.0,-4.92,ok,11232.0,0.0,148.0,2.0,102.0,827.0,193.0,0.091,0.737,0.172,41.0,194.0,171.0,0.0,50025.0,75974.0,fma-fusion:781;reverse-associative(Mul):623;commutative(Mul):314;associative(Mul):252;reverse-associative(Add):227;doubling:209;commutative(Add):206;factor:163;halving:121;associative(Add):111;distribute:76;canonicalize(Sub):52;commutative(Max):35;constant-fold:29;commutative(Min):25;canonicalize(Div):24;annihilator:9;identity(Add):6;identity(Mul):2,1571,116,1411,1380,0.8981540420114577,0.8784213876511776,68,83,0.5862068965517241,0.021970233876683176,1.0,0.0,1.0,0.0,0.0,1.0,1.0,0.8279857397504456,3.804006968641115,2.8440766550522647,0.9285714285714286,1.483204134366925,0.0,7.493540051679586,10.852713178294573,14.511627906976743
glyph32:U+0045,glyph32,real,32.0,32.0,271.0,157.0,1.726,2731.0,7.0,13.0,0.0,0.0,44.0,1.0,43.0,0.0,0.967,0.0,0.0,0.0,0.0,29.0,Abs:1;Add:21;BitAnd:9;Const:19;Div:6;Dwrt:12;Ge:6;Le:2;Lt:5;Max:6;Min:7;Mul:20;MulAdd:12;Select:7;Sqrt:6;Sub:16;Var:2,247.0,126.0,442.0,2427.0,5.491,100.0,5000.0,ClassCap,4.0,12855.0,2396.0,2779.0,81.3,113.0,190524.0,150426.0,1.267,835.0,324.0,2.577,7.0,-26.7,ok,1216.0,0.0,17.0,9.0,7.0,64.0,47.0,0.059,0.542,0.398,2.0,18.0,6.0,0.0,2114.0,14087.0,fma-fusion:2557;reverse-associative(Add):2097;associative(Add):1878;commutative(Add):1794;identity(Add):744;reverse-associative(Mul):625;factor:601;commutative(Mul):597;distribute:573;associative(Mul):468;constant-fold:309;annihilator:216;doubling:75;canonicalize(Sub):64;identity(Mul):58;commutative(Min):49;commutative(Max):42;inverse-annihilation(Sub):41;halving:33;canonicalize(Div):24;cancellation(Sub):8;involution(Sub):2,197,14,146,94,0.7411167512690355,0.47715736040609136,2,14,0.14285714285714285,0.3561643835616438,1.0,0.0,1.0,0.0,0.0,1.0,1.0,0.6016949152542372,22.055555555555557,102.02380952380952,0.8968253968253969,0.802547770700637,0.0,4.45859872611465,8.280254777070065,7.745222929936306
glyph32:U+0046,glyph32,real,32.0,32.0,235.0,137.0,1.715,2299.0,6.0,11.0,0.0,0.0,44.0,1.0,43.0,0.0,0.966,0.0,0.0,0.0,0.0,28.0,Abs:1;Add:18;BitAnd:8;Const:18;Div:5;Dwrt:10;Ge:5;Le:2;Lt:4;Max:5;Min:6;Mul:18;MulAdd:10;Select:6;Sqrt:5;Sub:14;Var:2,215.0,112.0,388.0,2070.0,5.335,100.0,5000.0,ClassCap,4.0,12044.0,2187.0,2531.0,98.5,99.0,165378.0,131194.0,1.261,706.0,281.0,2.512,6.0,-27.58,ok,1104.0,0.0,15.0,10.0,7.0,55.0,42.0,0.067,0.529,0.404,2.0,13.0,3.0,0.0,1186.0,12519.0,fma-fusion:2297;reverse-associative(Add):2017;associative(Add):1845;commutative(Add):1540;identity(Add):694;reverse-associative(Mul):614;commutative(Mul):573;factor:570;distribute:564;associative(Mul):458;constant-fold:297;annihilator:216;doubling:75;canonicalize(Sub):56;identity(Mul):47;commutative(Min):42;inverse-annihilation(Sub):41;commutative(Max):35;halving:33;canonicalize(Div):20;cancellation(Sub):8;involution(Sub):2,174,12,124,80,0.7126436781609196,0.45977011494252873,2,12,0.16666666666666666,0.3548387096774194,1.0,0.0,1.0,0.0,0.0,1.0,1.0,0.5961538461538461,22.598214285714285,107.53571428571429,0.8839285714285714,0.8175182481751825,0.0,4.37956204379562,8.02919708029197,8.058394160583942
glyph32:U+0047,glyph32,real,32.0,32.0,2311.0,1349.0,1.713,39808.0,101.0,146.0,57.0,0.0,62.0,1.0,61.0,0.0,0.978,0.0,0.0,0.0,0.0,53.0,Abs:1;Add:151;BitAnd:46;Const:180;Div:44;Dwrt:86;Ge:64;Gt:38;Le:41;Lt:3;Max:62;Min:44;Mul:133;MulAdd:220;Neg:19;Select:101;Sqrt:62;Sub:52;Var:2,4563.0,2013.0,8959.0,152241.0,16.993,100.0,5000.0,ClassCap,1.0,2915.0,2234.0,4983.0,27.0,2028.0,5181588.0,1565698.0,3.309,154814.0,9126.0,16.964,139.0,1.86,ok,19712.0,0.0,226.0,3.0,109.0,1639.0,333.0,0.052,0.788,0.16,39.0,238.0,300.0,0.0,84455.0,137805.0,commutative(Mul):552;commutative(Add):366;doubling:342;factor:282;associative(Mul):223;halving:212;associative(Add):196;fma-fusion:137;distribute:129;reverse-associative(Add):101;canonicalize(Sub):90;reverse-associative(Mul):68;commutative(Max):62;constant-fold:51;canonicalize(Div):45;commutative(Min):44;annihilator:9;identity(Mul):4;identity(Add):2,2829,202,2491,2432,0.8805231530576175,0.8596677271120537,118,145,0.5841584158415841,0.02368526696105977,1.0,0.0,1.0,0.0,0.0,1.0,1.0,0.8399807784718886,2.4754098360655736,1.4480874316939891,1.007451564828614,1.4922164566345442,0.0,7.48702742772424,10.822831727205337,14.612305411415864
glyph32:U+0048,glyph32,real,32.0,32.0,271.0,144.0,1.882,2731.0,7.0,7.0,0.0,3.0,44.0,1.0,43.0,0.0,0.966,0.0,0.0,0.0,0.0,29.0,Abs:1;Add:21;BitAnd:6;Const:17;Div:6;Dwrt:12;Ge:3;Le:2;Lt:2;Max:6;Min:7;Mul:20;MulAdd:12;Select:7;Sqrt:6;Sub:14;Var:2,247.0,113.0,413.0,2427.0,5.877,100.0,5000.0,ClassCap,4.0,12749.0,2410.0,2792.0,102.5,100.0,200732.0,159674.0,1.257,844.0,303.0,2.785,7.0,-26.63,ok,1088.0,0.0,14.0,9.0,7.0,49.0,49.0,0.067,0.467,0.467,2.0,15.0,3.0,0.0,1250.0,14119.0,fma-fusion:2529;reverse-associative(Add):2070;associative(Add):1857;commutative(Add):1758;identity(Add):732;reverse-associative(Mul):633;factor:609;commutative(Mul):607;distribute:595;associative(Mul):468;constant-fold:287;annihilator:232;doubling:79;canonicalize(Sub):56;commutative(Min):49;inverse-annihilation(Sub):43;commutative(Max):42;identity(Mul):36;halving:33;canonicalize(Div):24;cancellation(Sub):8;involution(Sub):2,180,14,146,92,0.8111111111111111,0.5111111111111111,2,14,0.14285714285714285,0.36986301369863017,1.0,0.0,1.0,0.0,0.0,1.0,1.0,0.5333333333333333,24.707964601769913,112.82300884955752,0.8849557522123894,0.7847222222222222,0.0,4.861111111111111,4.861111111111111,7.555555555555555
glyph32:U+0049,glyph32,real,32.0,32.0,415.0,220.0,1.886,4459.0,11.0,13.0,0.0,5.0,45.0,1.0,44.0,0.0,0.967,0.0,0.0,0.0,0.0,33.0,Abs:1;Add:33;BitAnd:8;Const:23;Div:10;Dwrt:20;Ge:6;Le:2;Lt:5;Max:10;Min:11;Mul:28;MulAdd:20;Select:11;Sqrt:10;Sub:20;Var:2,391.0,190.0,766.0,3959.0,5.168,100.0,5000.0,ClassCap,3.0,8958.0,2842.0,3416.0,83.2,208.0,353483.0,308585.0,1.145,1726.0,786.0,2.196,11.0,2.61,ok,2304.0,0.0,30.0,8.0,44.0,86.0,85.0,0.205,0.4,0.395,5.0,27.0,32.0,0.0,9061.0,24556.0,fma-fusion:2264;reverse-associative(Add):1379;associative(Add):1285;commutative(Add):1189;commutative(Mul):447;reverse-associative(Mul):427;factor:354;identity(Add):351;distribute:308;associative(Mul):279;constant-fold:222;annihilator:126;canonicalize(Sub):60;commutative(Min):55;doubling:52;commutative(Max):50;identity(Mul):42;canonicalize(Div):30;inverse-annihilation(Sub):20;halving:12;cancellation(Sub):5;involution(Sub):1,355,22,320,272,0.9014084507042254,0.7661971830985915,12,22,0.5454545454545454,0.15000000000000002,1.0,0.0,1.0,0.0,0.0,1.0,1.0,0.6046511627906976,17.978947368421053,47.14736842105263,1.0947368421052632,0.8636363636363636,0.0,5.0,5.909090909090909,10.472727272727273
glyph32:U+004A,glyph32,real,32.0,32.0,1253.0,734.0,1.707,20975.0,54.0,79.0,30.0,0.0,62.0,1.0,61.0,0.0,0.978,0.0,0.0,0.0,0.0,42.0,Abs:1;Add:82;BitAnd:26;Const:101;Div:23;Dwrt:46;Ge:35;Gt:20;Le:22;Lt:2;Max:33;Min:24;Mul:74;MulAdd:116;Neg:10;Select:54;Sqrt:33;Sub:30;Var:2,2425.0,1074.0,4725.0,80068.0,16.946,100.0,5000.0,ClassCap,1.0,3220.0,2373.0,4282.0,29.2,1006.0,1729308.0,856632.0,2.019,33949.0,4504.0,7.538,74.0,-4.68,ok,10752.0,0.0,148.0,2.0,101.0,765.0,186.0,0.096,0.727,0.177,48.0,167.0,162.0,0.0,46864.0,72197.0,fma-fusion:761;reverse-associative(Mul):669;commutative(Mul):292;associative(Mul):251;reverse-associative(Add):227;commutative(Add):196;doubling:195;factor:155;halving:115;associative(Add):110;distribute:76;canonicalize(Sub):50;commutative(Max):33;constant-fold:30;commutative(Min):24;canonicalize(Div):23;annihilator:9;identity(Add):2;identity(Mul):2,1486,108,1324,1304,0.8909825033647375,0.8775235531628532,66,78,0.6111111111111112,0.015105740181268867,1.0,0.0,1.0,0.0,0.0,1.0,1.0,0.8231939163498099,3.9869646182495346,2.998137802607076,0.9366852886405959,1.4632152588555858,0.0,7.356948228882834,10.762942779291553,14.64850136239782
glyph32:U+004B,glyph32,real,32.0,32.0,493.0,286.0,1.724,6364.0,15.0,21.0,3.0,0.0,45.0,1.0,44.0,0.0,0.972,0.0,0.0,0.0,0.0,38.0,Abs:1;Add:37;BitAnd:14;Const:40;Div:12;Dwrt:22;Ge:10;Gt:2;Le:5;Lt:4;Max:12;Min:12;Mul:33;MulAdd:30;Neg:1;Select:15;Sqrt:12;Sub:22;Var:2,617.0,318.0,1320.0,12417.0,9.407,100.0,5000.0,ClassCap,3.0,10088.0,3635.0,4576.0,71.6,303.0,522222.0,324123.0,1.611,6382.0,1227.0,5.201,17.0,-7.05,ok,3264.0,4.0,48.0,9.0,54.0,175.0,85.0,0.172,0.557,0.271,8.0,47.0,39.0,0.0,11496.0,27414.0,fma-fusion:1754;commutative(Add):1552;commutative(Mul):1489;reverse-associative(Add):952;reverse-associative(Mul):800;associative(Add):739;associative(Mul):540;factor:420;identity(Add):375;distribute:365;constant-fold:323;halving:179;doubling:161;annihilator:134;canonicalize(Sub):72;commutative(Min):60;commutative(Max):60;identity(Mul):47;canonicalize(Div):39;inverse-annihilation(Sub):20;cancellation(Sub):5;involution(Sub):1;inverse-annihilation(Div):1,493,30,397,312,0.8052738336713996,0.6328600405679513,10,27,0.3333333333333333,0.21410579345088165,1.0,0.0,1.0,0.0,0.0,1.0,1.0,0.7292993630573248,14.38993710691824,31.72327044025157,0.9528301886792453,1.1118881118881119,0.0,5.244755244755245,7.3426573426573425,11.412587412587413
glyph32:U+004C,glyph32,real,32.0,32.0,163.0,96.0,1.698,1435.0,4.0,7.0,0.0,0.0,44.0,1.0,43.0,0.0,0.964,0.0,0.0,0.0,0.0,26.0,Abs:1;Add:12;BitAnd:6;Const:15;Div:3;Dwrt:6;Ge:3;Le:2;Lt:2;Max:3;Min:4;Mul:14;MulAdd:6;Select:4;Sqrt:3;Sub:10;Var:2,151.0,83.0,280.0,1356.0,4.843,100.0,5000.0,ClassCap,5.0,17391.0,2916.0,3354.0,226.5,70.0,115086.0,92730.0,1.241,448.0,195.0,2.297,4.0,-30.36,ok,848.0,0.0,11.0,9.0,7.0,36.0,32.0,0.093,0.48,0.427,2.0,6.0,0.0,0.0,194.0,9351.0,fma-fusion:2903;reverse-associative(Add):2239;associative(Add):2131;commutative(Add):1825;distribute:1359;reverse-associative(Mul):1256;commutative(Mul):1174;associative(Mul):1074;identity(Add):1060;factor:1039;constant-fold:483;annihilator:404;doubling:129;halving:72;inverse-annihilation(Sub):69;canonicalize(Sub):50;commutative(Min):36;identity(Mul):32;commutative(Max):27;canonicalize(Div):15;cancellation(Sub):11;involution(Sub):3,127,8,80,52,0.6299212598425197,0.4094488188976378,2,8,0.25,0.35,1.0,0.0,1.0,0.0,0.0,1.0,1.0,0.5733333333333334,40.40963855421687,209.53012048192772,0.8433734939759037,0.8645833333333334,0.0,4.166666666666667,7.291666666666667,8.833333333333334
glyph32:U+004D,glyph32,real,32.0,32.0,1447.0,818.0,1.769,23626.0,57.0,79.0,27.0,3.0,50.0,1.0,49.0,0.0,0.976,0.0,0.0,0.0,0.0,44.0,Abs:1;Add:97;BitAnd:29;Const:98;Div:32;Dwrt:58;Ge:34;Gt:18;Le:23;Lt:4;Max:38;Min:30;Mul:87;MulAdd:124;Neg:7;Select:57;Sqrt:38;Sub:41;Var:2,2345.0,1036.0,4621.0,54223.0,11.734,100.0,5000.0,ClassCap,2.0,5335.0,3184.0,4914.0,50.1,978.0,1566006.0,996204.0,1.572,18052.0,4297.0,4.201,75.0,-7.01,ok,11200.0,0.0,118.0,6.0,62.0,704.0,224.0,0.063,0.711,0.226,8.0,113.0,173.0,0.0,47912.0,79934.0,commutative(Add):1054;fma-fusion:795;commutative(Mul):704;reverse-associative(Mul):571;reverse-associative(Add):291;associative(Mul):255;identity(Add):240;constant-fold:202;associative(Add):167;factor:164;doubling:157;distribute:151;canonicalize(Sub):118;halving:117;commutative(Max):114;commutative(Min):90;canonicalize(Div):68;annihilator:38;identity(Mul):32;involution(Sub):4;cancellation(Sub):2;inverse-annihilation(Sub):1,1442,114,1443,1382,1.0006934812760055,0.9583911234396671,68,83,0.5964912280701754,0.042273042273042294,1.0,0.0,1.0,0.0,0.0,1.0,1.0,0.7737373737373737,4.743243243243243,5.149613899613899,0.944015444015444,1.2665036674816625,0.0,6.968215158924205,9.657701711491443,13.691931540342297
glyph32:U+004E,glyph32,real,32.0,32.0,871.0,509.0,1.711,13807.0,31.0,45.0,12.0,1.0,50.0,1.0,49.0,0.0,0.975,0.0,0.0,0.0,0.0,42.0,Abs:1;Add:61;BitAnd:20;Const:70;Div:22;Dwrt:36;Ge:20;Gt:8;Le:14;Lt:3;Max:22;Min:19;Mul:56;MulAdd:68;Neg:4;Select:31;Sqrt:22;Sub:30;Var:2,1399.0,657.0,2844.0,39063.0,13.735,100.0,5000.0,ClassCap,2.0,6428.0,3297.0,4650.0,57.9,595.0,894934.0,598694.0,1.495,9822.0,2533.0,3.878,39.0,-10.94,ok,6528.0,0.0,73.0,3.0,40.0,429.0,140.0,0.066,0.704,0.23,9.0,77.0,92.0,0.0,26025.0,49608.0,commutative(Mul):1225;fma-fusion:992;commutative(Add):801;reverse-associative(Mul):539;reverse-associative(Add):369;factor:344;distribute:337;associative(Mul):334;associative(Add):305;halving:278;doubling:248;identity(Add):196;constant-fold:134;canonicalize(Sub):76;commutative(Max):66;commutative(Min):57;canonicalize(Div):46;annihilator:42;identity(Mul):36;cancellation(Sub):2;inverse-annihilation(Sub):1,886,62,794,710,0.8961625282167043,0.801354401805869,32,50,0.5161290322580645,0.10579345088161207,1.0,0.0,1.0,0.0,0.0,1.0,1.0,0.7701149425287356,7.077625570776256,9.78386605783866,0.9056316590563166,1.2907662082514735,0.0,6.090373280943026,8.840864440078585,12.825147347740668
glyph32:U+004F,glyph32,real,32.0,32.0,2889.0,1639.0,1.763,50943.0,131.0,185.0,78.0,1.0,62.0,1.0,61.0,0.0,0.979,0.0,0.0,0.0,0.0,55.0,Abs:1;Add:180;BitAnd:55;Const:196;Div:52;Dwrt:104;Ge:79;Gt:52;Le:54;Max:77;Min:53;Mul:164;MulAdd:285;Neg:21;Select:131;Sqrt:77;Sub:56;Var:2,5945.0,2529.0,11428.0,202657.0,17.733,100.0,5000.0,ClassCap,1.0,2421.0,1982.0,5000.0,38.7,2505.0,6536816.0,2030520.0,3.219,186993.0,11490.0,16.274,181.0,0.54,ok,23984.0,0.0,264.0,1.0,67.0,2044.0,429.0,0.026,0.805,0.169,28.0,270.0,392.0,0.0,109020.0,175299.0,commutative(Mul):710;commutative(Add):459;factor:206;distribute:173;doubling:171;associative(Add):132;halving:116;canonicalize(Sub):108;commutative(Max):77;commutative(Min):53;canonicalize(Div):52;constant-fold:48;associative(Mul):44;fma-fusion:27;reverse-associative(Add):20;reverse-associative(Mul):15;annihilator:8;identity(Add):2,3469,260,3335,3318,0.9613721533583165,0.9564716056500432,158,175,0.6076923076923076,0.005097451274362785,1.0,0.0,1.0,0.0,0.0,1.0,1.0,0.8311023622047244,1.9770660340055357,0.9572953736654805,0.9905100830367735,1.5430140329469189,0.0,7.99267846247712,11.287370347773033,14.633312995729103
glyph32:U+0050,glyph32,real,32.0,32.0,1253.0,731.0,1.714,20975.0,54.0,78.0,30.0,0.0,61.0,1.0,60.0,0.0,0.978,0.0,0.0,0.0,0.0,42.0,Abs:1;Add:82;BitAnd:26;Const:99;Div:23;Dwrt:46;Ge:33;Gt:20;Le:22;Lt:3;Max:33;Min:24;Mul:74;MulAdd:116;Neg:10;Select:54;Sqrt:33;Sub:30;Var:2,2409.0,1063.0,4686.0,78440.0,16.739,100.0,5000.0,ClassCap,2.0,5422.0,3117.0,4880.0,32.1,964.0,1542569.0,846211.0,1.823,22050.0,4096.0,5.383,74.0,-12.59,ok,10640.0,0.0,99.0,1.0,5.0,779.0,186.0,0.005,0.803,0.192,0.0,98.0,160.0,0.0,44096.0,72549.0,commutative(Add):951;fma-fusion:858;commutative(Mul):707;reverse-associative(Mul):681;associative(Mul):288;reverse-associative(Add):260;doubling:250;factor:213;identity(Add):196;constant-fold:177;halving:170;associative(Add):165;distribute:137;canonicalize(Sub):100;commutative(Max):99;commutative(Min):72;canonicalize(Div):46;annihilator:38;identity(Mul):11;cancellation(Sub):2;inverse-annihilation(Sub):1,1354,108,1322,1292,0.9763663220088626,0.9542097488921714,64,78,0.5925925925925926,0.0226928895612708,1.0,0.0,1.0,0.0,0.0,1.0,1.0,0.8082474226804124,4.5907808090310445,5.1006585136406395,0.9068673565380997,1.454172366621067,0.0,7.387140902872777,10.6703146374829,14.555403556771546
glyph32:U+0051,glyph32,real,32.0,32.0,2997.0,1694.0,1.769,52239.0,134.0,186.0,78.0,4.0,62.0,1.0,61.0,0.0,0.979,0.0,0.0,0.0,0.0,56.0,Abs:1;Add:189;BitAnd:58;Const:208;Div:55;Dwrt:110;Ge:78;Gt:52;Le:54;Lt:2;Max:77;Min:56;Mul:170;MulAdd:288;Neg:21;Select:134;Sqrt:77;Sub:62;Var:2,6053.0,2551.0,11416.0,203806.0,17.853,100.0,5000.0,ClassCap,1.0,2388.0,1966.0,5000.0,33.0,2527.0,6426280.0,2127533.0,3.021,176866.0,11473.0,15.416,178.0,0.5,ok,26720.0,9.0,268.0,4.0,88.0,2022.0,456.0,0.034,0.788,0.178,26.0,285.0,402.0,0.0,112058.0,181528.0,commutative(Mul):698;commutative(Add):474;factor:187;distribute:171;doubling:159;associative(Add):122;canonicalize(Sub):114;halving:110;commutative(Max):77;commutative(Min):56;canonicalize(Div):55;constant-fold:51;associative(Mul):41;fma-fusion:28;reverse-associative(Add):19;reverse-associative(Mul):14;annihilator:8;identity(Add):2;identity(Mul):2,3535,260,3468,3436,0.981046676096181,0.971994342291372,162,184,0.6230769230769231,0.009227220299884653,1.0,0.0,1.0,0.0,0.0,1.0,1.0,0.8222915042868277,1.960015680125441,0.9361034888279106,0.9905919247353979,1.5059031877213696,0.0,7.910271546635183,10.979929161747343,15.77331759149941
glyph32:U+0052,glyph32,real,32.0,32.0,1434.0,833.0,1.721,23793.0,61.0,86.0,33.0,1.0,61.0,1.0,60.0,0.0,0.978,0.0,0.0,0.0,0.0,45.0,Abs:1;Add:95;BitAnd:29;Const:113;Div:27;Dwrt:54;Ge:36;Gt:22;Le:24;Lt:4;Max:38;Min:28;Mul:84;MulAdd:131;Neg:11;Select:61;Sqrt:38;Sub:35;Var:2,2710.0,1201.0,5301.0,87240.0,16.457,100.0,5000.0,ClassCap,1.0,3337.0,2464.0,4509.0,28.6,1120.0,1999811.0,938216.0,2.132,35155.0,5054.0,6.956,83.0,-4.66,ok,12064.0,0.0,155.0,4.0,119.0,852.0,209.0,0.101,0.722,0.177,41.0,198.0,177.0,0.0,51689.0,80887.0,fma-fusion:821;reverse-associative(Mul):571;commutative(Mul):322;associative(Mul):256;reverse-associative(Add):249;commutative(Add):219;doubling:209;factor:166;associative(Add):122;halving:121;distribute:79;canonicalize(Sub):57;commutative(Max):38;constant-fold:31;commutative(Min):28;canonicalize(Div):27;annihilator:9;identity(Add):6;identity(Mul):6,1661,122,1485,1426,0.8940397350993378,0.8585189644792294,68,89,0.5573770491803278,0.03973063973063973,1.0,0.0,1.0,0.0,0.0,1.0,1.0,0.8228813559322034,3.754371357202331,2.778517901748543,0.93255620316403,1.4417767106842736,0.0,7.322929171668667,10.324129651860744,14.482593037214887
glyph32:U+0053,glyph32,real,32.0,32.0,3724.0,2163.0,1.722,65485.0,168.0,238.0,99.0,1.0,62.5,1.0,61.5,0.0,0.979,0.0,0.0,0.0,0.0,64.0,Abs:1;Add:239;BitAnd:71;Const:289;Div:68;Dwrt:136;Ge:102;Gt:66;Le:68;Lt:2;Max:100;Min:69;Mul:210;MulAdd:366;Neg:32;Select:168;Sqrt:100;Sub:74;Var:2,7616.0,3307.0,14779.0,259635.0,17.568,100.0,5000.0,ClassCap,1.0,1682.0,1586.0,5000.0,34.5,3243.0,8643345.0,2785309.0,3.103,152445.0,14746.0,10.338,232.0,-0.22,ok,31360.0,0.0,336.0,2.0,80.0,2608.0,596.0,0.024,0.794,0.181,32.0,334.0,505.0,0.0,140000.0,236112.0,commutative(Mul):620;commutative(Add):595;canonicalize(Sub):140;commutative(Max):100;constant-fold:73;commutative(Min):69;canonicalize(Div):68;annihilator:9;distribute:3;identity(Add):2;identity(Mul):2;fma-fusion:1,4520,334,4532,4500,1.002654867256637,0.995575221238938,204,236,0.6107784431137725,0.007060900264783787,1.0,0.0,1.0,0.0,0.0,1.0,1.0,0.8185140073081608,1.5119443604475356,0.5086180828545509,0.9806471121862715,1.5288950531668979,0.0,7.766990291262136,11.003236245954692,14.498381877022654
glyph32:U+0054,glyph32,real,32.0,32.0,199.0,111.0,1.793,1867.0,5.0,7.0,0.0,2.0,44.0,1.0,43.0,0.0,0.965,0.0,0.0,0.0,0.0,27.0,Abs:1;Add:15;BitAnd:5;Const:16;Div:4;Dwrt:8;Ge:3;Le:2;Lt:2;Max:4;Min:5;Mul:16;MulAdd:8;Select:5;Sqrt:4;Sub:11;Var:2,183.0,92.0,322.0,1713.0,5.32,100.0,5000.0,ClassCap,5.0,18610.0,3038.0,3521.0,270.8,79.0,145352.0,116666.0,1.246,582.0,230.0,2.53,5.0,-28.57,ok,912.0,0.0,11.0,9.0,7.0,39.0,38.0,0.083,0.464,0.452,2.0,8.0,0.0,0.0,258.0,10983.0,fma-fusion:3244;reverse-associative(Add):2429;associative(Add):2292;commutative(Add):2186;distribute:1350;commutative(Mul):1231;reverse-associative(Mul):1193;identity(Add):1146;associative(Mul):1082;factor:1081;constant-fold:485;annihilator:420;doubling:129;inverse-annihilation(Sub):71;halving:69;canonicalize(Sub):55;commutative(Min):45;commutative(Max):36;identity(Mul):32;canonicalize(Div):20;cancellation(Sub):11;involution(Sub):3,142,10,100,64,0.704225352112676,0.4507042253521127,2,10,0.2,0.36,1.0,0.0,1.0,0.0,0.0,1.0,1.0,0.5476190476190477,38.27173913043478,202.2826086956522,0.8586956521739131,0.8288288288288288,0.0,4.504504504504505,6.306306306306307,8.216216216216216
glyph32:U+0055,glyph32,real,32.0,32.0,1507.0,877.0,1.718,25315.0,65.0,93.0,36.0,0.0,62.0,1.0,61.0,0.0,0.978,0.0,0.0,0.0,0.0,45.0,Abs:1;Add:99;BitAnd:31;Const:118;Div:28;Dwrt:56;Ge:42;Gt:24;Le:26;Lt:1;Max:40;Min:29;Mul:88;MulAdd:140;Neg:12;Select:65;Sqrt:40;Sub:35;Var:2,2899.0,1275.0,5627.0,94865.0,16.859,100.0,5000.0,ClassCap,1.0,3440.0,2558.0,4686.0,24.9,1201.0,2194780.0,1034255.0,2.122,44651.0,5365.0,8.323,89.0,-4.66,ok,12672.0,0.0,147.0,2.0,66.0,945.0,222.0,0.054,0.766,0.18,27.0,171.0,194.0,0.0,55163.0,87138.0,fma-fusion:871;reverse-associative(Mul):504;commutative(Mul):346;associative(Mul):276;reverse-associative(Add):258;commutative(Add):231;doubling:228;factor:179;halving:132;associative(Add):126;distribute:84;canonicalize(Sub):59;commutative(Max):40;constant-fold:34;commutative(Min):29;canonicalize(Div):28;annihilator:9;identity(Mul):4;identity(Add):2,1722,130,1596,1564,0.926829268292683,0.908246225319396,78,94,0.6,0.020050125313283207,1.0,0.0,1.0,0.0,0.0,1.0,1.0,0.8199513381995134,3.675294117647059,2.6980392156862747,0.9419607843137255,1.4538198403648803,0.0,7.411630558722919,10.604332953249715,14.449258836944127
glyph32:U+0056,glyph32,real,32.0,32.0,853.0,496.0,1.72,13591.0,35.0,49.0,18.0,1.0,62.0,1.0,61.0,0.0,0.977,0.0,0.0,0.0,0.0,38.0,Abs:1;Add:56;BitAnd:18;Const:72;Div:16;Dwrt:32;Ge:22;Gt:12;Le:14;Lt:1;Max:22;Min:17;Mul:52;MulAdd:74;Neg:5;Select:35;Sqrt:22;Sub:23;Var:2,1573.0,713.0,3117.0,50021.0,16.048,100.0,5000.0,ClassCap,2.0,6589.0,3260.0,4611.0,32.9,627.0,938732.0,580800.0,1.616,11150.0,2743.0,4.065,47.0,-12.0,ok,7008.0,0.0,67.0,4.0,30.0,471.0,133.0,0.047,0.743,0.21,0.0,63.0,104.0,0.0,28640.0,49150.0,commutative(Mul):1396;fma-fusion:991;commutative(Add):704;reverse-associative(Mul):600;factor:383;associative(Mul):382;reverse-associative(Add):343;associative(Add):316;halving:312;doubling:297;distribute:296;identity(Add):168;constant-fold:122;canonicalize(Sub):70;commutative(Max):66;commutative(Min):51;annihilator:46;canonicalize(Div):32;identity(Mul):11;cancellation(Sub):2;inverse-annihilation(Sub):1,901,70,868,840,0.9633740288568258,0.9322974472807991,42,50,0.6,0.032258064516129004,1.0,0.0,1.0,0.0,0.0,1.0,1.0,0.7902208201892744,6.467040673211781,9.241234221598878,0.879382889200561,1.4375,0.0,7.056451612903226,9.879032258064516,14.129032258064516
glyph32:U+0057,glyph32,real,32.0,32.0,3664.0,2106.0,1.74,63796.0,160.0,225.0,90.0,2.0,62.0,1.0,61.0,0.0,0.978,0.0,0.0,0.0,0.0,68.0,Abs:1;Add:238;BitAnd:70;Const:263;Div:72;Dwrt:138;Ge:97;Gt:60;Le:65;Lt:3;Max:99;Min:70;Mul:209;MulAdd:351;Neg:28;Select:160;Sqrt:99;Sub:81;Var:2,7232.0,3167.0,14271.0,237291.0,16.627,100.0,5000.0,ClassCap,1.0,1842.0,1729.0,5000.0,27.1,3091.0,7936276.0,2758937.0,2.877,130476.0,14197.0,9.19,220.0,-0.52,ok,31472.0,0.0,332.0,6.0,123.0,2416.0,597.0,0.039,0.77,0.19,35.0,330.0,491.0,0.0,136291.0,230267.0,commutative(Mul):769;commutative(Add):581;canonicalize(Sub):141;commutative(Max):99;canonicalize(Div):74;constant-fold:70;commutative(Min):70;distribute:11;identity(Mul):9;annihilator:8;identity(Add):6;fma-fusion:2;factor:1;doubling:1,4362,320,4370,4344,1.0018340210912426,0.9958734525447043,200,226,0.625,0.00594965675057213,1.0,0.0,1.0,0.0,0.0,1.0,1.0,0.8096301020408163,1.5787811809283234,0.5816229870539943,0.9760025260498895,1.5037986704653372,0.0,7.597340930674264,10.683760683760683,14.943969610636277
glyph32:U+0058,glyph32,real,32.0,32.0,343.0,197.0,1.741,3595.0,9.0,11.0,0.0,2.0,45.0,1.0,44.0,0.0,0.968,0.0,0.0,0.0,0.0,31.0,Abs:1;Add:27;BitAnd:9;Const:31;Div:8;Dwrt:16;Ge:5;Le:2;Lt:4;Max:8;Min:9;Mul:24;MulAdd:16;Select:9;Sqrt:8;Sub:18;Var:2,343.0,199.0,794.0,3349.0,4.218,100.0,5000.0,ClassCap,3.0,9045.0,2969.0,3607.0,101.2,219.0,257504.0,240568.0,1.07,1475.0,876.0,1.684,9.0,10.33,ok,2448.0,0.0,32.0,8.0,68.0,90.0,67.0,0.302,0.4,0.298,8.0,24.0,26.0,0.0,7432.0,20100.0,fma-fusion:2192;reverse-associative(Add):1248;associative(Add):1208;commutative(Add):1081;reverse-associative(Mul):599;commutative(Mul):555;factor:386;associative(Mul):378;distribute:370;identity(Add):341;constant-fold:255;annihilator:143;canonicalize(Sub):54;doubling:54;commutative(Min):45;commutative(Max):40;identity(Mul):34;canonicalize(Div):24;inverse-annihilation(Sub):20;halving:12;cancellation(Sub):5;involution(Sub):1,348,18,256,208,0.735632183908046,0.5977011494252874,10,18,0.5555555555555556,0.1875,1.0,0.0,1.0,0.0,0.0,1.0,1.0,0.7022222222222222,18.12562814070352,45.45226130653266,1.100502512562814,1.0101522842639594,0.0,4.568527918781726,5.583756345177665,12.426395939086294
glyph32:U+0059,glyph32,real,32.0,32.0,271.0,150.0,1.807,2731.0,7.0,8.0,0.0,3.0,44.0,1.0,43.0,0.0,0.967,0.0,0.0,0.0,0.0,29.0,Abs:1;Add:21;BitAnd:6;Const:22;Div:6;Dwrt:12;Ge:4;Le:2;Lt:2;Max:6;Min:7;Mul:20;MulAdd:12;Select:7;Sqrt:6;Sub:14;Var:2,263.0,144.0,569.0,2531.0,4.448,100.0,5000.0,ClassCap,3.0,7600.0,2242.0,2680.0,73.3,152.0,201550.0,180883.0,1.114,1259.0,587.0,2.145,7.0,3.16,ok,1696.0,0.0,26.0,10.0,47.0,58.0,53.0,0.297,0.367,0.335,10.0,18.0,6.0,0.0,2122.0,15471.0,fma-fusion:1746;reverse-associative(Add):1397;associative(Add):1123;commutative(Add):821;reverse-associative(Mul):407;commutative(Mul):387;factor:310;identity(Add):303;distribute:278;associative(Mul):261;constant-fold:206;annihilator:122;doubling:50;canonicalize(Sub):42;commutative(Min):35;commutative(Max):30;identity(Mul):26;inverse-annihilation(Sub):20;canonicalize(Div):18;halving:12;cancellation(Sub):5;involution(Sub):1,253,14,178,136,0.7035573122529645,0.5375494071146245,6,14,0.42857142857142855,0.2359550561797753,1.0,0.0,1.0,0.0,0.0,1.0,1.0,0.6645569620253164,18.61111111111111,52.77777777777778,1.0555555555555556,0.96,0.0,4.666666666666667,5.333333333333333,11.306666666666667
glyph32:U+005A,glyph32,real,32.0,32.0,271.0,158.0,1.715,2731.0,7.0,13.0,0.0,0.0,45.0,1.0,44.0,0.0,0.967,0.0,0.0,0.0,0.0,29.0,Abs:1;Add:21;BitAnd:9;Const:20;Div:6;Dwrt:12;Ge:6;Le:2;Lt:5;Max:6;Min:7;Mul:20;MulAdd:12;Select:7;Sqrt:6;Sub:16;Var:2,255.0,140.0,521.0,2479.0,4.758,100.0,5000.0,ClassCap,4.0,14104.0,2879.0,3357.0,169.8,135.0,200932.0,171014.0,1.175,1013.0,452.0,2.241,7.0,-13.24,ok,1504.0,0.0,23.0,8.0,25.0,65.0,51.0,0.177,0.461,0.362,6.0,21.0,9.0,0.0,2982.0,15161.0,fma-fusion:2891;reverse-associative(Add):2019;commutative(Add):1950;associative(Add):1793;reverse-associative(Mul):829;identity(Add):824;commutative(Mul):781;distribute:717;factor:663;associative(Mul):602;constant-fold:379;annihilator:266;doubling:87;canonicalize(Sub):64;commutative(Min):49;inverse-annihilation(Sub):45;commutative(Max):42;identity(Mul):36;halving:33;canonicalize(Div):24;cancellation(Sub):8;involution(Sub):2,232,14,168,120,0.7241379310344828,0.5172413793103449,4,14,0.2857142857142857,0.2857142857142857,1.0,0.0,1.0,0.0,0.0,1.0,1.0,0.6382978723404256,23.978571428571428,100.74285714285715,0.9642857142857143,0.8860759493670886,0.0,4.430379746835443,8.227848101265822,9.518987341772151
glyph32:U+005B,glyph32,real,32.0,32.0,199.0,120.0,1.658,1867.0,5.0,10.0,0.0,0.0,45.0,1.0,44.0,0.0,0.966,0.0,0.0,0.0,0.0,27.0,Abs:1;Add:15;BitAnd:7;Const:19;Div:4;Dwrt:8;Ge:5;Le:2;Lt:3;Max:4;Min:5;Mul:16;MulAdd:8;Select:5;Sqrt:4;Sub:12;Var:2,183.0,101.0,337.0,1713.0,5.083,100.0,5000.0,Quiesced,7.0,21610.0,1336.0,1519.0,118.2,85.0,140584.0,111930.0,1.256,588.0,237.0,2.481,5.0,-29.67,ok,976.0,0.0,13.0,10.0,7.0,45.0,37.0,0.079,0.506,0.416,2.0,9.0,1.0,0.0,546.0,10919.0,fma-fusion:4110;reverse-associative(Add):3939;associative(Add):3761;commutative(Add):3581;identity(Add):1520;commutative(Mul):925;constant-fold:917;factor:563;distribute:517;reverse-associative(Mul):497;associative(Mul):454;annihilator:306;doubling:111;inverse-annihilation(Sub):93;canonicalize(Sub):84;identity(Mul):66;commutative(Min):65;commutative(Max):52;canonicalize(Div):28;halving:11;involution(Sub):5;cancellation(Sub):5,150,10,102,66,0.68,0.44,2,10,0.2,0.3529411764705882,0.0,1.0,1.0,0.0,0.0,1.0,1.0,0.5842696629213483,15.03960396039604,213.96039603960395,0.8415841584158416,0.8416666666666667,0.0,4.166666666666667,8.333333333333334,8.133333333333333
glyph32:U+005C,glyph32,real,32.0,32.0,127.0,76.0,1.671,1003.0,3.0,5.0,0.0,1.0,45.0,1.0,44.0,0.0,0.963,0.0,0.0,0.0,0.0,25.0,Abs:1;Add:9;BitAnd:4;Const:15;Div:2;Dwrt:4;Ge:2;Le:2;Lt:1;Max:2;Min:3;Mul:12;MulAdd:4;Select:3;Sqrt:2;Sub:8;Var:2,127.0,78.0,275.0,1051.0,3.822,100.0,5000.0,ClassCap,5.0,18425.0,2972.0,3444.0,374.6,61.0,90150.0,78458.0,1.149,436.0,214.0,2.037,3.0,-22.18,ok,800.0,0.0,11.0,7.0,15.0,22.0,28.0,0.231,0.338,0.431,4.0,4.0,0.0,0.0,132.0,7887.0,fma-fusion:2794;reverse-associative(Add):2113;associative(Add):1964;commutative(Mul):1784;commutative(Add):1779;reverse-associative(Mul):1502;distribute:1424;associative(Mul):1276;identity(Add):1178;factor:1083;annihilator:575;constant-fold:547;doubling:133;inverse-annihilation(Sub):81;halving:65;canonicalize(Sub):40;commutative(Min):27;commutative(Max):18;identity(Mul):18;cancellation(Sub):11;canonicalize(Div):10;involution(Sub):3,111,6,68,56,0.6126126126126126,0.5045045045045045,4,6,0.6666666666666666,0.17647058823529416,1.0,0.0,1.0,0.0,0.0,1.0,1.0,0.5692307692307692,44.15384615384615,236.21794871794873,0.782051282051282,1.0263157894736843,0.0,3.9473684210526314,6.578947368421052,10.526315789473685
glyph32:U+005D,glyph32,real,32.0,32.0,199.0,120.0,1.658,1867.0,5.0,10.0,0.0,0.0,46.0,1.0,45.0,0.0,0.967,0.0,0.0,0.0,0.0,27.0,Abs:1;Add:15;BitAnd:7;Const:19;Div:4;Dwrt:8;Ge:5;Le:2;Lt:3;Max:4;Min:5;Mul:16;MulAdd:8;Select:5;Sqrt:4;Sub:12;Var:2,183.0,101.0,337.0,1713.0,5.083,100.0,5000.0,Quiesced,7.0,21480.0,1332.0,1517.0,162.8,87.0,150824.0,122170.0,1.235,598.0,247.0,2.421,5.0,-26.71,ok,992.0,0.0,13.0,10.0,7.0,45.0,39.0,0.077,0.495,0.429,2.0,9.0,1.0,0.0,546.0,11431.0,fma-fusion:4110;reverse-associative(Add):3939;associative(Add):3761;commutative(Add):3581;identity(Add):1520;constant-fold:917;commutative(Mul):913;factor:563;distribute:517;reverse-associative(Mul):457;associative(Mul):416;annihilator:306;doubling:111;inverse-annihilation(Sub):93;canonicalize(Sub):84;commutative(Min):65;commutative(Max):52;canonicalize(Div):28;identity(Mul):26;halving:11;involution(Sub):5;cancellation(Sub):5,154,10,108,70,0.7012987012987013,0.45454545454545453,2,10,0.2,0.35185185185185186,0.0,1.0,1.0,0.0,0.0,1.0,1.0,0.5714285714285714,15.01980198019802,212.67326732673268,0.8613861386138614,0.8416666666666667,0.0,4.166666666666667,8.333333333333334,8.266666666666667
glyph32:U+005E,glyph32,real,32.0,32.0,199.0,118.0,1.686,1867.0,5.0,7.0,0.0,2.0,47.0,1.0,46.0,0.0,0.967,0.0,0.0,0.0,0.0,27.0,Abs:1;Add:15;BitAnd:5;Const:23;Div:4;Dwrt:8;Ge:3;Le:2;Lt:2;Max:4;Min:5;Mul:16;MulAdd:8;Select:5;Sqrt:4;Sub:11;Var:2,199.0,120.0,446.0,1817.0,4.074,100.0,5000.0,ClassCap,4.0,12224.0,2457.0,2891.0,150.4,111.0,145992.0,132072.0,1.105,881.0,415.0,2.123,5.0,-6.95,ok,1376.0,0.0,20.0,12.0,32.0,42.0,41.0,0.278,0.365,0.357,8.0,8.0,0.0,0.0,264.0,11872.0,fma-fusion:2458;reverse-associative(Add):1853;associative(Add):1669;commutative(Add):1537;commutative(Mul):825;reverse-associative(Mul):764;identity(Add):655;associative(Mul):576;distribute:511;factor:418;constant-fold:403;annihilator:281;doubling:66;canonicalize(Sub):44;inverse-annihilation(Sub):40;commutative(Min):35;commutative(Max):28;identity(Mul):25;canonicalize(Div):16;halving:16;involution(Sub):2;cancellation(Sub):2,188,10,128,104,0.6808510638297872,0.5531914893617021,6,10,0.6,0.1875,1.0,0.0,1.0,0.0,0.0,1.0,1.0,0.6434782608695652,24.091666666666665,101.86666666666666,0.925,1.0169491525423728,0.0,4.237288135593221,5.932203389830509,11.661016949152541
glyph32:U+005F,glyph32,real,32.0,32.0,127.0,75.0,1.693,1003.0,3.0,6.0,0.0,1.0,44.0,1.0,43.0,0.0,0.962,0.0,0.0,0.0,0.0,25.0,Abs:1;Add:9;BitAnd:4;Const:13;Div:2;Dwrt:4;Ge:3;Le:2;Lt:1;Max:2;Min:3;Mul:12;MulAdd:4;Select:3;Sqrt:2;Sub:8;Var:2,119.0,68.0,228.0,999.0,4.382,100.0,5000.0,ClassCap,6.0,23449.0,2664.0,2994.0,443.5,50.0,81930.0,69333.0,1.182,276.0,141.0,1.957,3.0,-38.16,ok,640.0,0.0,7.0,6.0,4.0,24.0,25.0,0.075,0.453,0.472,1.0,2.0,0.0,0.0,65.0,7172.0,fma-fusion:2985;reverse-associative(Add):2673;associative(Add):2503;commutative(Mul):2277;distribute:2100;commutative(Add):2038;reverse-associative(Mul):2036;associative(Mul):1766;identity(Add):1571;factor:1334;constant-fold:805;annihilator:805;doubling:196;inverse-annihilation(Sub):131;halving:79;canonicalize(Sub):48;commutative(Min):33;commutative(Max):22;identity(Mul):22;canonicalize(Div):12;cancellation(Sub):9;involution(Sub):4,91,6,56,36,0.6153846153846154,0.3956043956043956,2,6,0.3333333333333333,0.3571428571428571,1.0,0.0,1.0,0.0,0.0,1.0,1.0,0.5283018867924528,44.029411764705884,344.8382352941176,0.7352941176470589,0.9066666666666666,0.0,4.0,8.0,8.533333333333333
glyph32:U+0060,glyph32,real,32.0,32.0,890.0,530.0,1.679,14681.0,38.0,57.0,21.0,0.0,63.0,1.0,62.0,0.0,0.978,0.0,0.0,0.0,0.0,38.0,Abs:1;Add:58;BitAnd:19;Const:80;Div:16;Dwrt:32;Ge:25;Gt:14;Le:16;Lt:2;Max:23;Min:17;Mul:54;MulAdd:81;Neg:7;Select:38;Sqrt:23;Sub:22;Var:2,1722.0,776.0,3369.0,57237.0,16.989,100.0,5000.0,ClassCap,2.0,6365.0,3312.0,4684.0,57.4,680.0,1033486.0,600071.0,1.722,13710.0,2918.0,4.698,52.0,-13.39,ok,7440.0,0.0,71.0,1.0,8.0,544.0,135.0,0.012,0.792,0.197,1.0,70.0,113.0,0.0,31169.0,51976.0,commutative(Mul):1551;fma-fusion:914;commutative(Add):727;reverse-associative(Mul):612;associative(Mul):338;reverse-associative(Add):301;doubling:298;factor:297;distribute:274;associative(Add):245;halving:244;identity(Add):156;constant-fold:138;canonicalize(Sub):72;commutative(Max):69;commutative(Min):51;annihilator:38;canonicalize(Div):32;identity(Mul):6;involution(Sub):2,963,76,927,910,0.9626168224299065,0.944963655244029,46,55,0.6052631578947368,0.01833872707659112,1.0,0.0,1.0,0.0,0.0,1.0,1.0,0.8034934497816594,6.036082474226804,8.202319587628866,0.8762886597938144,1.4641509433962263,0.0,7.169811320754717,10.754716981132075,14.037735849056604
glyph32:U+0061,glyph32,real,32.0,32.0,2923.0,1701.0,1.718,50059.0,128.0,184.0,72.0,0.0,62.0,1.0,61.0,0.0,0.978,0.0,0.0,0.0,0.0,60.0,Abs:1;Add:191;BitAnd:58;Const:225;Div:55;Dwrt:110;Ge:80;Gt:48;Le:50;Lt:6;Max:79;Min:56;Mul:166;MulAdd:278;Neg:23;Select:128;Sqrt:79;Sub:66;Var:2,5743.0,2528.0,11260.0,190820.0,16.947,100.0,5000.0,ClassCap,1.0,2411.0,1981.0,5000.0,33.0,2507.0,6293650.0,2094677.0,3.005,162656.0,11322.0,14.366,176.0,0.55,ok,24912.0,0.0,267.0,6.0,106.0,1994.0,450.0,0.042,0.782,0.176,29.0,265.0,390.0,0.0,108349.0,179114.0,commutative(Mul):687;commutative(Add):460;factor:202;doubling:167;distribute:164;associative(Add):130;canonicalize(Sub):114;halving:111;commutative(Max):79;constant-fold:60;commutative(Min):56;canonicalize(Div):55;associative(Mul):43;fma-fusion:33;reverse-associative(Add):20;reverse-associative(Mul):15;annihilator:9;identity(Mul):4;identity(Add):2,3508,256,3330,3308,0.9492588369441277,0.942987457240593,160,182,0.625,0.006606606606606613,1.0,0.0,1.0,0.0,0.0,1.0,1.0,0.8235294117647058,1.9778481012658229,0.9537183544303798,0.9916930379746836,1.4861845972957084,0.0,7.52498530276308,10.817166372721928,14.645502645502646
glyph32:U+0062,glyph32,real,32.0,32.0,2561.0,1485.0,1.725,44423.0,114.0,162.0,66.0,0.0,62.0,1.0,61.0,0.0,0.979,0.0,0.0,0.0,0.0,54.0,Abs:1;Add:166;BitAnd:50;Const:193;Div:47;Dwrt:94;Ge:70;Gt:44;Le:46;Lt:2;Max:69;Min:48;Mul:146;MulAdd:248;Neg:22;Select:114;Sqrt:69;Sub:54;Var:2,5129.0,2239.0,10015.0,171618.0,17.136,100.0,5000.0,ClassCap,1.0,2720.0,2111.0,4995.0,30.1,2256.0,6021402.0,1727167.0,3.486,183141.0,10201.0,17.953,158.0,1.86,ok,21712.0,0.0,239.0,3.0,86.0,1847.0,365.0,0.037,0.804,0.159,30.0,242.0,338.0,0.0,94302.0,152630.0,commutative(Mul):617;commutative(Add):401;factor:323;doubling:289;associative(Add):206;halving:170;distribute:148;canonicalize(Sub):98;associative(Mul):95;commutative(Max):69;fma-fusion:65;constant-fold:54;commutative(Min):48;canonicalize(Div):47;reverse-associative(Add):44;reverse-associative(Mul):31;annihilator:9;identity(Mul):4;identity(Add):2,3113,228,2804,2750,0.9007388371345969,0.8833922261484098,134,162,0.5877192982456141,0.01925820256776034,1.0,0.0,1.0,0.0,0.0,1.0,1.0,0.8411662315056571,2.2309066547565877,1.2148280482358196,1.007592675301474,1.5077441077441078,0.0,7.6767676767676765,10.909090909090908,14.620875420875421
glyph32:U+0063,glyph32,real,32.0,32.0,2307.0,1338.0,1.724,40083.0,103.0,148.0,60.0,0.0,62.0,1.0,61.0,0.0,0.979,0.0,0.0,0.0,0.0,51.0,Abs:1;Add:148;BitAnd:45;Const:175;Div:42;Dwrt:84;Ge:64;Gt:40;Le:42;Lt:2;Max:62;Min:43;Mul:132;MulAdd:224;Neg:19;Select:103;Sqrt:62;Sub:48;Var:2,4671.0,2041.0,9133.0,158449.0,17.349,100.0,5000.0,ClassCap,1.0,2923.0,2228.0,4984.0,23.9,2052.0,5333776.0,1558904.0,3.421,162387.0,9307.0,17.448,143.0,1.91,ok,19936.0,0.0,224.0,3.0,98.0,1674.0,328.0,0.047,0.797,0.156,35.0,237.0,306.0,0.0,85955.0,137634.0,commutative(Mul):566;commutative(Add):369;doubling:354;factor:289;halving:219;associative(Mul):213;associative(Add):191;fma-fusion:133;distribute:130;reverse-associative(Add):96;canonicalize(Sub):88;reverse-associative(Mul):66;commutative(Max):62;constant-fold:47;commutative(Min):43;canonicalize(Div):42;annihilator:9;identity(Mul):4;identity(Add):2,2843,206,2528,2486,0.8892015476609215,0.8744284206823778,122,144,0.5922330097087378,0.01661392405063289,1.0,0.0,1.0,0.0,0.0,1.0,1.0,0.8438095238095238,2.441940225379716,1.432141107300343,1.0053895149436551,1.5254110612855007,0.0,7.698056801195815,11.061285500747385,14.899850523168908
glyph32:U+0064,glyph32,real,32.0,32.0,2924.0,1697.0,1.723,50717.0,130.0,185.0,75.0,0.0,62.0,1.0,61.0,0.0,0.979,0.0,0.0,0.0,0.0,58.0,Abs:1;Add:189;BitAnd:57;Const:223;Div:54;Dwrt:108;Ge:80;Gt:50;Le:52;Lt:3;Max:79;Min:55;Mul:166;MulAdd:283;Neg:24;Select:130;Sqrt:79;Sub:62;Var:2,5864.0,2560.0,11434.0,197705.0,17.291,100.0,5000.0,ClassCap,1.0,2388.0,1971.0,5000.0,25.0,2530.0,6406109.0,2092315.0,3.062,167700.0,11440.0,14.659,180.0,0.05,ok,24768.0,0.0,268.0,3.0,84.0,2040.0,447.0,0.033,0.793,0.174,30.0,269.0,393.0,0.0,109246.0,179796.0,commutative(Mul):706;commutative(Add):463;factor:188;distribute:166;doubling:158;associative(Add):121;canonicalize(Sub):112;halving:108;commutative(Max):79;constant-fold:59;commutative(Min):55;canonicalize(Div):54;associative(Mul):41;fma-fusion:32;reverse-associative(Add):19;reverse-associative(Mul):14;annihilator:9;identity(Add):2;identity(Mul):2,3524,260,3367,3344,0.9554483541430193,0.9489216799091941,160,183,0.6153846153846154,0.006831006831006792,1.0,0.0,1.0,0.0,0.0,1.0,1.0,0.8261376896149358,1.953125,0.9328125,0.98828125,1.5085444902769594,0.0,7.660577489687684,10.901591043017088,14.595167943429582
glyph32:U+0065,glyph32,real,32.0,32.0,2416.0,1401.0,1.724,42037.0,108.0,155.0,63.0,0.0,62.0,1.0,61.0,0.0,0.979,0.0,0.0,0.0,0.0,52.0,Abs:1;Add:155;BitAnd:47;Const:183;Div:44;Dwrt:88;Ge:67;Gt:42;Le:44;Lt:2;Max:65;Min:45;Mul:138;MulAdd:235;Neg:20;Select:108;Sqrt:65;Sub:50;Var:2,4872.0,2122.0,9487.0,163261.0,17.209,100.0,5000.0,ClassCap,1.0,2865.0,2185.0,4989.0,23.6,2140.0,5639418.0,1625172.0,3.47,171731.0,9669.0,17.761,150.0,1.92,ok,20384.0,0.0,229.0,2.0,84.0,1758.0,342.0,0.038,0.805,0.157,32.0,238.0,321.0,0.0,89824.0,143892.0,commutative(Mul):585;commutative(Add):382;doubling:356;factor:295;halving:224;associative(Add):204;associative(Mul):155;distribute:136;fma-fusion:99;canonicalize(Sub):92;reverse-associative(Add):71;commutative(Max):65;constant-fold:49;reverse-associative(Mul):48;commutative(Min):45;canonicalize(Div):44;annihilator:9;identity(Mul):4;identity(Add):2,2953,216,2639,2604,0.8936674568235693,0.8818151032847952,128,151,0.5925925925925926,0.01326259946949604,1.0,0.0,1.0,0.0,0.0,1.0,1.0,0.8434065934065934,2.3510838831291236,1.3501413760603205,1.0084825636192272,1.5146324054246967,0.0,7.708779443254818,11.063526052819414,14.549607423269093
glyph32:U+0066,glyph32,real,32.0,32.0,1324.0,763.0,1.735,21181.0,54.0,77.0,27.0,1.0,60.0,1.0,59.0,0.0,0.977,0.0,0.0,0.0,0.0,43.0,Abs:1;Add:90;BitAnd:28;Const:98;Div:26;Dwrt:52;Ge:33;Gt:18;Le:20;Lt:6;Max:35;Min:27;Mul:78;MulAdd:115;Neg:9;Select:54;Sqrt:35;Sub:36;Var:2,2364.0,1049.0,4598.0,73871.0,16.066,100.0,5000.0,ClassCap,2.0,5473.0,3152.0,4879.0,43.4,960.0,1587896.0,913571.0,1.738,20939.0,4031.0,5.194,72.0,-12.33,ok,11376.0,0.0,101.0,3.0,20.0,743.0,204.0,0.021,0.768,0.211,0.0,98.0,161.0,0.0,44352.0,76020.0,commutative(Add):1004;fma-fusion:881;commutative(Mul):680;reverse-associative(Mul):633;reverse-associative(Add):286;associative(Mul):273;doubling:230;identity(Add):216;factor:204;constant-fold:185;associative(Add):178;halving:158;distribute:137;canonicalize(Sub):108;commutative(Max):105;commutative(Min):81;canonicalize(Div):52;annihilator:38;identity(Mul):21;cancellation(Sub):2;inverse-annihilation(Sub):1,1373,108,1345,1294,0.9796067006554989,0.942461762563729,64,81,0.5925925925925926,0.03791821561338293,1.0,0.0,1.0,0.0,0.0,1.0,1.0,0.7890382626680456,4.651096282173499,5.217349857006673,0.9151572926596759,1.3748361730013106,0.0,7.077326343381389,10.091743119266056,14.90956749672346
glyph32:U+0067,glyph32,real,32.0,32.0,3505.0,2026.0,1.73,60919.0,156.0,222.0,90.0,0.0,62.0,1.0,61.0,0.0,0.979,0.0,0.0,0.0,0.0,64.0,Abs:1;Add:226;BitAnd:68;Const:260;Div:65;Dwrt:130;Ge:96;Gt:60;Le:62;Lt:4;Max:95;Min:66;Mul:198;MulAdd:340;Neg:28;Select:156;Sqrt:95;Sub:74;Var:2,7009.0,3046.0,13639.0,234976.0,17.228,100.0,5000.0,ClassCap,1.0,1951.0,1792.0,5000.0,26.0,2953.0,7465996.0,2631542.0,2.837,149128.0,13406.0,11.124,216.0,-1.71,ok,28896.0,0.0,314.0,3.0,78.0,2346.0,567.0,0.026,0.784,0.19,29.0,313.0,472.0,0.0,130877.0,220302.0,commutative(Mul):839;commutative(Add):549;canonicalize(Sub):134;commutative(Max):95;constant-fold:68;commutative(Min):66;canonicalize(Div):65;distribute:62;factor:13;doubling:12;annihilator:9;associative(Add):9;fma-fusion:9;halving:8;associative(Mul):3;reverse-associative(Add):3;reverse-associative(Mul):3;identity(Add):2;identity(Mul):2,4157,312,4224,4198,1.0161173923502527,1.0098628818859754,192,218,0.6153846153846154,0.006155303030302983,1.0,0.0,1.0,0.0,0.0,1.0,1.0,0.8104312938816449,1.6414970453053184,0.6405121470781353,0.9694681549573211,1.5034550839091807,0.0,7.699901283316881,10.957551826258637,14.26258637709773
glyph32:U+0068,glyph32,real,32.0,32.0,1543.0,889.0,1.736,25747.0,66.0,93.0,36.0,0.0,61.0,1.0,60.0,0.0,0.978,0.0,0.0,0.0,0.0,45.0,Abs:1;Add:101;BitAnd:32;Const:115;Div:29;Dwrt:58;Ge:39;Gt:24;Le:26;Lt:4;Max:41;Min:30;Mul:90;MulAdd:142;Neg:11;Select:66;Sqrt:41;Sub:37;Var:2,2931.0,1280.0,5663.0,95222.0,16.815,100.0,5000.0,ClassCap,1.0,3472.0,2586.0,4717.0,22.0,1183.0,2164231.0,1010307.0,2.142,38251.0,5349.0,7.151,90.0,-5.54,ok,12448.0,0.0,164.0,2.0,103.0,913.0,224.0,0.083,0.736,0.181,42.0,209.0,192.0,0.0,55882.0,86663.0,fma-fusion:885;reverse-associative(Mul):495;commutative(Mul):347;associative(Mul):276;reverse-associative(Add):267;commutative(Add):235;doubling:227;factor:180;halving:131;associative(Add):131;distribute:85;canonicalize(Sub):61;commutative(Max):41;constant-fold:31;commutative(Min):30;canonicalize(Div):29;annihilator:9;identity(Add):6;identity(Mul):6,1751,132,1600,1546,0.9137635636778983,0.8829240434037693,74,94,0.5606060606060606,0.03374999999999995,1.0,0.0,1.0,0.0,0.0,1.0,1.0,0.8193548387096774,3.68515625,2.7125,0.92421875,1.4398200224971878,0.0,7.424071991001125,10.46119235095613,14.002249718785151
glyph32:U+0069,glyph32,real,32.0,32.0,1215.0,664.0,1.83,19227.0,49.0,68.0,24.0,3.0,60.0,1.0,59.0,0.0,0.976,0.0,0.0,0.0,0.0,39.0,Abs:1;Add:79;BitAnd:25;Const:68;Div:24;Dwrt:48;Ge:29;Gt:16;Le:18;Lt:5;Max:31;Min:25;Mul:72;MulAdd:103;Neg:4;Select:49;Sqrt:31;Sub:34;Var:2,2123.0,897.0,4007.0,64235.0,16.031,100.0,5000.0,ClassCap,2.0,6351.0,3230.0,4726.0,46.3,819.0,1396264.0,841427.0,1.659,17043.0,3590.0,4.747,63.0,-10.41,ok,9136.0,0.0,91.0,4.0,27.0,609.0,190.0,0.033,0.737,0.23,0.0,87.0,148.0,0.0,40672.0,68155.0,commutative(Mul):1265;fma-fusion:972;commutative(Add):921;reverse-associative(Mul):607;reverse-associative(Add):326;associative(Mul):312;doubling:285;factor:275;associative(Add):242;halving:220;distribute:213;identity(Add):212;constant-fold:125;canonicalize(Sub):100;commutative(Max):93;commutative(Min):75;canonicalize(Div):48;annihilator:41;identity(Mul):16;cancellation(Sub):2;inverse-annihilation(Sub):1,1198,96,1219,1186,1.0175292153589315,0.989983305509182,60,67,0.625,0.027071369975389614,1.0,0.0,1.0,0.0,0.0,1.0,1.0,0.7699757869249395,5.268673355629877,7.080267558528428,0.9130434782608695,1.3509036144578312,0.0,7.379518072289157,10.240963855421686,13.759036144578314
glyph32:U+006A,glyph32,real,32.0,32.0,2197.0,1251.0,1.756,37471.0,96.0,137.0,54.0,2.0,62.0,1.0,61.0,0.0,0.978,0.0,0.0,0.0,0.0,52.0,Abs:1;Add:141;BitAnd:44;Const:154;Div:41;Dwrt:82;Ge:59;Gt:36;Le:38;Lt:4;Max:57;Min:42;Mul:126;MulAdd:206;Neg:15;Select:96;Sqrt:57;Sub:50;Var:2,4293.0,1832.0,8152.0,141824.0,17.397,100.0,5000.0,ClassCap,1.0,3014.0,2317.0,4971.0,28.8,1850.0,4715365.0,1484912.0,3.176,138246.0,8320.0,16.616,128.0,2.06,ok,18496.0,0.0,215.0,3.0,110.0,1477.0,318.0,0.058,0.775,0.167,40.0,237.0,286.0,0.0,80840.0,128782.0,commutative(Mul):496;commutative(Add):341;associative(Mul):339;doubling:324;factor:265;fma-fusion:210;halving:196;associative(Add):182;reverse-associative(Add):154;distribute:122;reverse-associative(Mul):104;canonicalize(Sub):86;commutative(Max):57;constant-fold:42;commutative(Min):42;canonicalize(Div):41;annihilator:9;identity(Add):2;identity(Mul):2,2615,188,2354,2312,0.9001912045889101,0.8841300191204589,114,134,0.6063829787234043,0.017841971112999122,1.0,0.0,1.0,0.0,0.0,1.0,1.0,0.8330708661417323,2.7134279475982535,1.6451965065502183,1.009825327510917,1.4644284572342126,0.0,7.6738609112709835,10.951239008792966,14.784972022382094
glyph32:U+006B,glyph32,real,32.0,32.0,888.0,519.0,1.711,13365.0,34.0,48.0,15.0,0.0,45.5,1.0,44.5,0.0,0.976,0.0,0.0,0.0,0.0,41.0,Abs:1;Add:62;BitAnd:21;Const:73;Div:18;Dwrt:36;Ge:21;Gt:10;Le:12;Lt:5;Max:23;Min:19;Mul:54;MulAdd:71;Neg:5;Select:34;Sqrt:23;Sub:29;Var:2,1460.0,679.0,2923.0,41813.0,14.305,100.0,5000.0,ClassCap,2.0,6798.0,3121.0,4454.0,31.2,614.0,938056.0,612115.0,1.532,9761.0,2593.0,3.764,44.0,-11.29,ok,6976.0,0.0,69.0,6.0,41.0,437.0,143.0,0.066,0.704,0.23,0.0,63.0,99.0,0.0,27360.0,50633.0,fma-fusion:1192;commutative(Mul):1153;commutative(Add):712;reverse-associative(Mul):600;associative(Mul):471;associative(Add):465;reverse-associative(Add):458;factor:371;halving:257;distribute:241;doubling:230;identity(Add):192;constant-fold:145;canonicalize(Sub):78;commutative(Max):69;commutative(Min):57;annihilator:42;canonicalize(Div):36;identity(Mul):26;cancellation(Sub):2;inverse-annihilation(Sub):1,902,68,863,802,0.9567627494456763,0.8891352549889135,38,53,0.5588235294117647,0.07068366164542295,1.0,0.0,1.0,0.0,0.0,1.0,1.0,0.7697262479871175,6.559646539027982,10.011782032400589,0.9042709867452136,1.3082851637764932,0.0,6.551059730250482,9.248554913294798,13.441233140655106
glyph32:U+006C,glyph32,real,32.0,32.0,343.0,191.0,1.796,3595.0,9.0,13.0,0.0,2.0,45.0,1.0,44.0,0.0,0.967,0.0,0.0,0.0,0.0,31.0,Abs:1;Add:27;BitAnd:9;Const:23;Div:8;Dwrt:16;Ge:6;Le:2;Lt:5;Max:8;Min:9;Mul:24;MulAdd:16;Select:9;Sqrt:8;Sub:18;Var:2,323.0,167.0,644.0,3219.0,4.998,100.0,5000.0,ClassCap,3.0,8334.0,2515.0,3005.0,57.3,175.0,262297.0,224791.0,1.167,1494.0,630.0,2.371,9.0,-2.17,ok,1872.0,0.0,28.0,6.0,38.0,79.0,64.0,0.21,0.436,0.354,8.0,30.0,16.0,0.0,5064.0,18950.0,fma-fusion:2011;reverse-associative(Add):1403;associative(Add):1360;commutative(Add):1005;commutative(Mul):386;reverse-associative(Mul):375;identity(Add):335;factor:324;distribute:283;associative(Mul):243;constant-fold:207;annihilator:124;canonicalize(Sub):54;doubling:51;commutative(Min):45;commutative(Max):40;identity(Mul):26;canonicalize(Div):24;inverse-annihilation(Sub):20;halving:12;cancellation(Sub):5;involution(Sub):1,293,18,224,166,0.764505119453925,0.5665529010238908,6,18,0.3333333333333333,0.2589285714285714,1.0,0.0,1.0,0.0,0.0,1.0,1.0,0.6464088397790055,17.994011976047904,49.90419161676647,1.0479041916167664,0.8743455497382199,0.0,4.712041884816754,6.806282722513089,9.801047120418849
glyph32:U+006D,glyph32,real,32.0,32.0,2705.0,1557.0,1.737,46151.0,118.0,163.0,66.0,2.0,61.0,1.0,60.0,0.0,0.978,0.0,0.0,0.0,0.0,57.0,Abs:1;Add:178;BitAnd:52;Const:201;Div:51;Dwrt:102;Ge:69;Gt:44;Le:46;Lt:4;Max:73;Min:52;Mul:154;MulAdd:256;Neg:22;Select:118;Sqrt:73;Sub:59;Var:2,5289.0,2303.0,10268.0,176302.0,17.17,100.0,5000.0,ClassCap,1.0,2654.0,2088.0,4998.0,20.4,2307.0,6000766.0,1859798.0,3.227,150725.0,10369.0,14.536,162.0,0.98,ok,22448.0,0.0,244.0,3.0,82.0,1868.0,398.0,0.035,0.796,0.17,29.0,246.0,352.0,0.0,98013.0,161746.0,commutative(Mul):633;commutative(Add):422;factor:325;doubling:246;associative(Add):195;distribute:159;halving:152;canonicalize(Sub):103;commutative(Max):73;associative(Mul):65;constant-fold:53;commutative(Min):52;canonicalize(Div):51;fma-fusion:50;reverse-associative(Add):30;reverse-associative(Mul):22;annihilator:9;identity(Mul):8;identity(Add):6,3206,236,2950,2892,0.9201497192763568,0.9020586400499064,140,170,0.5932203389830508,0.019661016949152565,1.0,0.0,1.0,0.0,0.0,1.0,1.0,0.8304940374787053,2.1702127659574466,1.1524099001302648,1.0017368649587495,1.4791265253693,0.0,7.578676942838793,10.468850353243417,14.417469492614002
glyph32:U+006E,glyph32,real,32.0,32.0,1216.0,707.0,1.72,19885.0,51.0,72.0,27.0,0.0,61.0,1.0,60.0,0.0,0.977,0.0,0.0,0.0,0.0,42.0,Abs:1;Add:81;BitAnd:26;Const:96;Div:23;Dwrt:46;Ge:30;Gt:18;Le:20;Lt:4;Max:32;Min:24;Mul:72;MulAdd:109;Neg:9;Select:51;Sqrt:32;Sub:31;Var:2,2264.0,1005.0,4407.0,72774.0,16.513,100.0,5000.0,ClassCap,2.0,5726.0,3150.0,4826.0,46.2,913.0,1475967.0,827891.0,1.783,20331.0,3849.0,5.282,69.0,-12.66,ok,10288.0,0.0,95.0,2.0,13.0,723.0,184.0,0.014,0.786,0.2,0.0,93.0,151.0,0.0,41632.0,70253.0,commutative(Add):948;fma-fusion:901;commutative(Mul):881;reverse-associative(Mul):651;associative(Mul):296;reverse-associative(Add):286;doubling:256;factor:228;identity(Add):200;associative(Add):192;halving:183;constant-fold:173;distribute:162;canonicalize(Sub):98;commutative(Max):96;commutative(Min):72;canonicalize(Div):46;annihilator:38;identity(Mul):16;cancellation(Sub):2;inverse-annihilation(Sub):1,1294,102,1257,1216,0.9714064914992272,0.9397217928902627,60,75,0.5882352941176471,0.032617342879872724,1.0,0.0,1.0,0.0,0.0,1.0,1.0,0.8,4.801990049751244,5.697512437810945,0.9084577114427861,1.4214992927864214,0.0,7.2135785007072135,10.183875530410184,14.551626591230551
glyph32:U+006F,glyph32,real,32.0,32.0,2780.0,1583.0,1.756,48989.0,126.0,177.0,75.0,2.0,62.0,1.0,61.0,0.0,0.979,0.0,0.0,0.0,0.0,54.0,Abs:1;Add:173;BitAnd:53;Const:199;Div:50;Dwrt:100;Ge:75;Gt:50;Le:52;Max:73;Min:51;Mul:158;MulAdd:273;Neg:20;Select:126;Sqrt:73;Sub:54;Var:2,5716.0,2426.0,10888.0,194623.0,17.875,100.0,5000.0,ClassCap,1.0,2515.0,2018.0,5000.0,30.6,2427.0,6685409.0,1912751.0,3.495,173053.0,11025.0,15.696,172.0,1.26,ok,23408.0,0.0,253.0,1.0,64.0,1995.0,403.0,0.026,0.81,0.164,27.0,259.0,377.0,0.0,104827.0,167072.0,commutative(Mul):675;commutative(Add):441;factor:270;doubling:209;associative(Add):165;distribute:158;halving:131;canonicalize(Sub):104;commutative(Max):73;associative(Mul):55;commutative(Min):51;canonicalize(Div):50;constant-fold:46;fma-fusion:34;reverse-associative(Add):25;reverse-associative(Mul):18;annihilator:8;identity(Add):2,3344,248,3145,3128,0.9404904306220095,0.9354066985645934,152,169,0.6129032258064516,0.00540540540540535,1.0,0.0,1.0,0.0,0.0,1.0,1.0,0.8363119415109667,2.061005770816158,1.0366859027205275,1.0004122011541632,1.5325331648768161,0.0,7.959570435881238,11.181301326595072,14.787113076437144
glyph32:U+0070,glyph32,real,32.0,32.0,2706.0,1568.0,1.726,46809.0,120.0,171.0,69.0,0.0,62.0,1.0,61.0,0.0,0.979,0.0,0.0,0.0,0.0,55.0,Abs:1;Add:175;BitAnd:53;Const:204;Div:50;Dwrt:100;Ge:74;Gt:46;Le:48;Lt:3;Max:73;Min:51;Mul:154;MulAdd:261;Neg:22;Select:120;Sqrt:73;Sub:58;Var:2,5406.0,2359.0,10540.0,181637.0,17.233,100.0,5000.0,ClassCap,1.0,2589.0,2053.0,4999.0,25.9,2369.0,6126413.0,1864547.0,3.286,181109.0,10685.0,16.95,166.0,1.38,ok,22960.0,0.0,251.0,3.0,88.0,1927.0,396.0,0.036,0.799,0.164,31.0,253.0,359.0,0.0,100031.0,163128.0,commutative(Mul):650;commutative(Add):427;factor:299;doubling:229;associative(Add):181;distribute:158;halving:141;canonicalize(Sub):104;commutative(Max):73;associative(Mul):61;constant-fold:55;commutative(Min):51;canonicalize(Div):50;fma-fusion:45;reverse-associative(Add):28;reverse-associative(Mul):20;annihilator:9;identity(Mul):6;identity(Add):2,3280,240,3007,2964,0.9167682926829268,0.9036585365853659,144,169,0.6,0.01429996674426337,1.0,0.0,1.0,0.0,0.0,1.0,1.0,0.8357527996681875,2.119118270453582,1.0974989402289106,1.0042390843577786,1.5044642857142858,0.0,7.653061224489796,10.90561224489796,14.642857142857142
glyph32:U+0071,glyph32,real,32.0,32.0,2570.0,1469.0,1.749,44531.0,112.0,159.0,63.0,1.0,62.0,1.0,61.0,0.0,0.978,0.0,0.0,0.0,0.0,56.0,Abs:1;Add:165;BitAnd:51;Const:183;Div:50;Dwrt:96;Ge:68;Gt:42;Le:46;Lt:3;Max:67;Min:49;Mul:148;MulAdd:243;Neg:18;Select:112;Sqrt:67;Sub:58;Var:2,5046.0,2172.0,9712.0,166165.0,17.109,100.0,5000.0,ClassCap,1.0,2777.0,2134.0,4992.0,24.3,2207.0,5910303.0,1737549.0,3.402,177907.0,9981.0,17.825,150.0,2.77,ok,21504.0,0.0,241.0,3.0,99.0,1779.0,370.0,0.044,0.791,0.165,35.0,246.0,337.0,0.0,94179.0,151747.0,commutative(Mul):592;commutative(Add):401;factor:319;doubling:318;associative(Add):216;halving:185;distribute:148;associative(Mul):112;canonicalize(Sub):100;fma-fusion:71;commutative(Max):67;canonicalize(Div):52;constant-fold:51;commutative(Min):49;reverse-associative(Add):49;reverse-associative(Mul):34;annihilator:9;identity(Add):2;identity(Mul):2,3067,220,2763,2718,0.9008803390935768,0.886208020867297,134,157,0.6090909090909091,0.016286644951140072,1.0,0.0,1.0,0.0,0.0,1.0,1.0,0.8354092526690391,2.298342541436464,1.2785451197053408,1.0161141804788214,1.4785568413886998,0.0,7.624234172906739,10.823689584751532,14.638529611980939
glyph32:U+0072,glyph32,real,32.0,32.0,1396.0,806.0,1.732,22045.0,56.0,80.0,27.0,2.0,53.0,1.0,52.0,0.0,0.977,0.0,0.0,0.0,0.0,43.0,Abs:1;Add:96;BitAnd:29;Const:105;Div:28;Dwrt:56;Ge:35;Gt:18;Le:20;Lt:7;Max:37;Min:29;Mul:82;MulAdd:119;Neg:9;Select:56;Sqrt:37;Sub:40;Var:2,2456.0,1106.0,4849.0,76291.0,15.733,100.0,5000.0,ClassCap,2.0,5113.0,3066.0,4912.0,126.6,1017.0,1674222.0,969779.0,1.726,21798.0,4284.0,5.088,74.0,-11.65,ok,12064.0,1.0,107.0,6.0,41.0,766.0,217.0,0.04,0.748,0.212,0.0,103.0,167.0,0.0,46048.0,80105.0,fma-fusion:906;commutative(Add):745;reverse-associative(Mul):647;commutative(Mul):570;reverse-associative(Add):302;associative(Mul):266;constant-fold:218;doubling:215;factor:190;identity(Add):176;associative(Add):175;halving:143;distribute:123;canonicalize(Sub):116;commutative(Max):111;commutative(Min):87;canonicalize(Div):56;annihilator:38;identity(Mul):26;cancellation(Sub):2;inverse-annihilation(Sub):1,1455,112,1411,1346,0.9697594501718213,0.925085910652921,66,85,0.5892857142857143,0.04606661941885193,1.0,0.0,1.0,0.0,0.0,1.0,1.0,0.7880859375,4.44122965641953,4.622965641952984,0.9195298372513563,1.3722084367245657,0.0,6.947890818858561,9.925558312655086,14.96774193548387
glyph32:U+0073,glyph32,real,32.0,32.0,3397.0,1968.0,1.726,59623.0,153.0,218.0,90.0,0.0,62.0,1.0,61.0,0.0,0.979,0.0,0.0,0.0,0.0,61.0,Abs:1;Add:217;BitAnd:65;Const:257;Div:62;Dwrt:124;Ge:94;Gt:60;Le:62;Lt:2;Max:92;Min:63;Mul:192;MulAdd:334;Neg:28;Select:153;Sqrt:92;Sub:68;Var:2,6929.0,3014.0,13519.0,235533.0,17.422,100.0,5000.0,ClassCap,1.0,1968.0,1799.0,5000.0,40.0,2921.0,7071131.0,2528964.0,2.796,150195.0,13314.0,11.281,213.0,-1.52,ok,28768.0,0.0,309.0,4.0,84.0,2336.0,542.0,0.028,0.789,0.183,29.0,307.0,460.0,0.0,127613.0,213588.0,commutative(Mul):837;commutative(Add):541;canonicalize(Sub):128;commutative(Max):92;distribute:86;constant-fold:65;commutative(Min):63;canonicalize(Div):62;factor:18;doubling:17;halving:12;associative(Add):12;fma-fusion:10;annihilator:9;associative(Mul):4;reverse-associative(Add):4;reverse-associative(Mul):4;identity(Add):2;identity(Mul):2,4093,306,4126,4100,1.0080625458099193,1.0017102369899828,186,212,0.6078431372549019,0.006301502666020364,1.0,0.0,1.0,0.0,0.0,1.0,1.0,0.8170155300472653,1.6589250165892502,0.6529528865295289,0.96914399469144,1.5315040650406504,0.0,7.774390243902439,11.077235772357724,14.617886178861788
glyph32:U+0074,glyph32,real,32.0,32.0,1365.0,798.0,1.711,21996.0,55.0,82.0,27.0,0.0,61.0,1.0,60.0,0.0,0.977,0.0,0.0,0.0,0.0,47.0,Abs:1;Add:93;BitAnd:30;Const:106;Div:28;Dwrt:54;Ge:37;Gt:18;Le:21;Lt:6;Max:36;Min:28;Mul:81;MulAdd:118;Neg:9;Select:55;Sqrt:36;Sub:39;Var:2,2421.0,1092.0,4768.0,74983.0,15.726,100.0,5000.0,ClassCap,2.0,5091.0,3070.0,4905.0,42.8,996.0,1645851.0,946413.0,1.739,22009.0,4199.0,5.241,73.0,-11.93,ok,11056.0,0.0,109.0,3.0,31.0,763.0,211.0,0.031,0.759,0.21,4.0,106.0,166.0,0.0,45892.0,78463.0,fma-fusion:888;commutative(Add):772;reverse-associative(Mul):656;commutative(Mul):575;reverse-associative(Add):291;associative(Mul):265;constant-fold:219;doubling:218;factor:191;identity(Add):167;associative(Add):165;halving:144;distribute:121;canonicalize(Sub):114;commutative(Max):108;commutative(Min):84;canonicalize(Div):58;annihilator:34;identity(Mul):21,1430,110,1381,1332,0.9657342657342657,0.9314685314685315,66,83,0.6,0.0354815351194786,1.0,0.0,1.0,0.0,0.0,1.0,1.0,0.7900497512437811,4.491758241758242,4.662087912087912,0.9120879120879121,1.368421052631579,0.0,6.8922305764411025,10.275689223057643,13.854636591478696
glyph32:U+0075,glyph32,real,32.0,32.0,1325.0,773.0,1.714,21839.0,56.0,80.0,30.0,0.0,62.0,1.0,61.0,0.0,0.978,0.0,0.0,0.0,0.0,44.0,Abs:1;Add:88;BitAnd:28;Const:106;Div:25;Dwrt:50;Ge:36;Gt:20;Le:22;Lt:2;Max:35;Min:26;Mul:78;MulAdd:120;Neg:10;Select:56;Sqrt:35;Sub:33;Var:2,2493.0,1107.0,4857.0,80808.0,16.637,100.0,5000.0,ClassCap,2.0,5123.0,3047.0,4898.0,38.2,1001.0,1651487.0,907123.0,1.821,23429.0,4248.0,5.515,76.0,-12.54,ok,11152.0,0.0,104.0,2.0,13.0,795.0,200.0,0.013,0.789,0.198,0.0,102.0,168.0,0.0,46272.0,76653.0,fma-fusion:883;commutative(Add):797;reverse-associative(Mul):682;commutative(Mul):608;associative(Mul):277;reverse-associative(Add):276;doubling:234;factor:200;constant-fold:193;associative(Add):159;identity(Add):153;halving:153;distribute:124;canonicalize(Sub):106;commutative(Max):105;commutative(Min):78;canonicalize(Div):50;annihilator:34;identity(Mul):11,1416,112,1384,1354,0.9774011299435028,0.9562146892655368,68,82,0.6071428571428571,0.021676300578034713,1.0,0.0,1.0,0.0,0.0,1.0,1.0,0.8015873015873016,4.42457091237579,4.627822944896115,0.9042457091237579,1.4320827943078913,0.0,7.244501940491591,10.349288486416558,14.426908150064683
glyph32:U+0076,glyph32,real,32.0,32.0,635.0,360.0,1.764,9683.0,25.0,33.0,12.0,3.0,62.0,1.0,61.0,0.0,0.976,0.0,0.0,0.0,0.0,36.0,Abs:1;Add:42;BitAnd:13;Const:52;Div:12;Dwrt:24;Ge:14;Gt:8;Le:10;Lt:1;Max:15;Min:13;Mul:40;MulAdd:51;Neg:3;Select:25;Sqrt:15;Sub:19;Var:2,1115.0,494.0,2126.0,33953.0,15.97,100.0,5000.0,ClassCap,2.0,6767.0,3018.0,4224.0,38.9,450.0,887820.0,419316.0,2.117,14612.0,1932.0,7.563,31.0,-9.13,ok,5056.0,0.0,51.0,4.0,35.0,320.0,102.0,0.077,0.7,0.223,4.0,47.0,74.0,0.0,20452.0,36387.0,fma-fusion:1404;commutative(Mul):875;associative(Mul):728;reverse-associative(Mul):709;reverse-associative(Add):628;commutative(Add):536;associative(Add):535;factor:312;distribute:197;halving:189;doubling:186;identity(Add):152;constant-fold:94;canonicalize(Sub):54;annihilator:46;commutative(Max):45;commutative(Min):39;canonicalize(Div):24;identity(Mul):11;cancellation(Sub):2;inverse-annihilation(Sub):1,657,48,617,590,0.939117199391172,0.898021308980213,30,37,0.625,0.04376012965964349,1.0,0.0,1.0,0.0,0.0,1.0,1.0,0.7768052516411379,8.550607287449393,13.69838056680162,0.9109311740890689,1.3722222222222222,0.0,6.944444444444445,9.166666666666666,14.044444444444444
glyph32:U+0077,glyph32,real,32.0,32.0,1951.0,1121.0,1.74,32581.0,81.0,110.0,42.0,5.0,62.0,1.0,61.0,0.0,0.977,0.0,0.0,0.0,0.0,52.0,Abs:1;Add:129;BitAnd:37;Const:154;Div:40;Dwrt:76;Ge:47;Gt:28;Le:32;Lt:3;Max:51;Min:39;Mul:114;MulAdd:175;Neg:12;Select:81;Sqrt:51;Sub:49;Var:2,3663.0,1630.0,7235.0,118049.0,16.316,100.0,5000.0,ClassCap,1.0,3133.0,2394.0,4937.0,25.5,1635.0,3645070.0,1344584.0,2.711,86270.0,7399.0,11.66,107.0,2.27,ok,17840.0,3.0,193.0,8.0,160.0,1240.0,292.0,0.095,0.733,0.173,40.0,214.0,245.0,39.0,69608.0,114592.0,commutative(Mul):435;associative(Mul):378;fma-fusion:339;commutative(Add):310;doubling:277;reverse-associative(Add):251;factor:232;associative(Add):186;halving:169;reverse-associative(Mul):169;distribute:117;canonicalize(Sub):77;commutative(Max):51;canonicalize(Div):42;commutative(Min):39;constant-fold:37;identity(Mul):10;annihilator:8;identity(Add):6,2337,160,2041,1970,0.87334189131365,0.8429610611895593,96,117,0.6,0.03478686918177365,1.0,0.0,1.0,0.0,0.0,1.0,1.0,0.8274231678486997,3.028834355828221,1.9220858895705522,1.0030674846625767,1.4540588760035682,0.0,7.225691347011597,9.812667261373774,15.91436217662801
glyph32:U+0078,glyph32,real,32.0,32.0,343.0,190.0,1.805,3595.0,9.0,9.0,0.0,4.0,45.0,1.0,44.0,0.0,0.967,0.0,0.0,0.0,0.0,31.0,Abs:1;Add:27;BitAnd:7;Const:29;Div:8;Dwrt:16;Ge:4;Le:2;Lt:3;Max:8;Min:9;Mul:24;MulAdd:16;Select:9;Sqrt:8;Sub:17;Var:2,343.0,192.0,782.0,3349.0,4.283,100.0,5000.0,ClassCap,3.0,8995.0,2959.0,3589.0,89.6,211.0,257504.0,240152.0,1.072,1475.0,863.0,1.709,9.0,10.36,ok,2320.0,0.0,30.0,8.0,68.0,82.0,67.0,0.313,0.378,0.309,8.0,22.0,26.0,0.0,7368.0,19844.0,fma-fusion:2171;reverse-associative(Add):1245;associative(Add):1207;commutative(Add):1065;reverse-associative(Mul):605;commutative(Mul):555;factor:386;associative(Mul):380;distribute:370;identity(Add):333;constant-fold:249;annihilator:143;doubling:54;canonicalize(Sub):51;commutative(Min):45;commutative(Max):40;identity(Mul):34;canonicalize(Div):24;inverse-annihilation(Sub):20;halving:12;cancellation(Sub):5;involution(Sub):1,336,18,252,204,0.75,0.6071428571428571,10,18,0.5555555555555556,0.19047619047619047,1.0,0.0,1.0,0.0,0.0,1.0,1.0,0.6912442396313364,18.692708333333332,46.848958333333336,1.0989583333333333,1.0105263157894737,0.0,4.7368421052631575,4.7368421052631575,12.210526315789474
glyph32:U+0079,glyph32,real,32.0,32.0,1838.0,1070.0,1.718,30902.0,78.0,112.0,42.0,1.0,62.0,1.0,61.0,0.0,0.978,0.0,0.0,0.0,0.0,50.0,Abs:1;Add:121;BitAnd:38;Const:147;Div:36;Dwrt:70;Ge:50;Gt:28;Le:31;Lt:3;Max:48;Min:36;Mul:107;MulAdd:168;Neg:13;Select:78;Sqrt:48;Sub:45;Var:2,3530.0,1570.0,6937.0,116145.0,16.743,100.0,5000.0,ClassCap,1.0,3229.0,2429.0,4915.0,25.9,1557.0,3344757.0,1268545.0,2.637,91028.0,7000.0,13.004,104.0,0.91,ok,16512.0,3.0,190.0,7.0,142.0,1193.0,273.0,0.088,0.742,0.17,41.0,212.0,235.0,4.0,66985.0,108206.0,fma-fusion:448;commutative(Mul):420;associative(Mul):345;reverse-associative(Add):330;commutative(Add):295;doubling:266;reverse-associative(Mul):221;factor:218;associative(Add):170;halving:160;distribute:105;canonicalize(Sub):73;commutative(Max):48;constant-fold:40;canonicalize(Div):37;commutative(Min):36;annihilator:9;identity(Mul):6;identity(Add):2,2222,154,1957,1908,0.8807380738073808,0.8586858685868587,94,113,0.6103896103896104,0.025038323965252962,1.0,0.0,1.0,0.0,0.0,1.0,1.0,0.8302238805970149,3.1305732484076434,2.056687898089172,0.9917197452229299,1.4672897196261683,0.0,7.289719626168225,10.467289719626168,15.43177570093458
glyph32:U+007A,glyph32,real,32.0,32.0,271.0,159.0,1.704,2731.0,7.0,13.0,0.0,0.0,45.0,1.0,44.0,0.0,0.967,0.0,0.0,0.0,0.0,29.0,Abs:1;Add:21;BitAnd:9;Const:21;Div:6;Dwrt:12;Ge:6;Le:2;Lt:5;Max:6;Min:7;Mul:20;MulAdd:12;Select:7;Sqrt:6;Sub:16;Var:2,255.0,141.0,521.0,2479.0,4.758,100.0,5000.0,ClassCap,4.0,14104.0,2879.0,3358.0,166.1,136.0,200932.0,171014.0,1.175,1013.0,452.0,2.241,7.0,-13.24,ok,1520.0,0.0,23.0,8.0,25.0,66.0,51.0,0.176,0.465,0.359,6.0,21.0,9.0,0.0,2982.0,15193.0,fma-fusion:2891;reverse-associative(Add):2019;commutative(Add):1950;associative(Add):1793;reverse-associative(Mul):829;identity(Add):824;commutative(Mul):781;distribute:717;factor:663;associative(Mul):602;constant-fold:379;annihilator:266;doubling:87;canonicalize(Sub):64;commutative(Min):49;inverse-annihilation(Sub):45;commutative(Max):42;identity(Mul):36;halving:33;canonicalize(Div):24;cancellation(Sub):8;involution(Sub):2,233,14,168,120,0.721030042918455,0.5150214592274678,4,14,0.2857142857142857,0.2857142857142857,1.0,0.0,1.0,0.0,0.0,1.0,1.0,0.6408450704225352,23.81560283687943,100.02836879432624,0.9645390070921985,0.8867924528301887,0.0,4.40251572327044,8.176100628930818,9.559748427672956
glyph32:U+007B,glyph32,real,32.0,32.0,2414.0,1406.0,1.717,40721.0,104.0,153.0,57.0,0.0,62.5,1.0,61.5,0.0,0.978,0.0,0.0,0.0,0.0,56.0,Abs:1;Add:159;BitAnd:49;Const:184;Div:46;Dwrt:92;Ge:67;Gt:38;Le:40;Lt:8;Max:65;Min:47;Mul:138;MulAdd:225;Neg:18;Select:104;Sqrt:65;Sub:58;Var:2,4598.0,2015.0,8901.0,149275.0,16.771,100.0,5000.0,ClassCap,1.0,2918.0,2235.0,4984.0,36.7,2028.0,5197784.0,1608788.0,3.231,150922.0,9002.0,16.765,142.0,1.13,ok,19424.0,0.0,223.0,2.0,85.0,1643.0,346.0,0.041,0.792,0.167,32.0,235.0,303.0,0.0,85120.0,141237.0,commutative(Mul):541;commutative(Add):366;doubling:342;factor:285;associative(Mul):214;halving:212;associative(Add):202;distribute:134;fma-fusion:133;reverse-associative(Add):97;canonicalize(Sub):96;reverse-associative(Mul):66;commutative(Max):65;constant-fold:51;commutative(Min):47;canonicalize(Div):46;identity(Mul):10;annihilator:9;identity(Add):2,2835,208,2539,2452,0.8955908289241623,0.8649029982363315,116,149,0.5576923076923077,0.03426545884206378,1.0,0.0,1.0,0.0,0.0,1.0,1.0,0.8331726133076182,2.4734491315136475,1.4481389578163772,1.0064516129032257,1.4331436699857754,0.0,7.396870554765291,10.881934566145093,13.815078236130867
glyph32:U+007C,glyph32,real,32.0,32.0,127.0,76.0,1.671,1003.0,3.0,6.0,0.0,1.0,45.0,1.0,44.0,0.0,0.962,0.0,0.0,0.0,0.0,25.0,Abs:1;Add:9;BitAnd:4;Const:14;Div:2;Dwrt:4;Ge:3;Le:2;Lt:1;Max:2;Min:3;Mul:12;MulAdd:4;Select:3;Sqrt:2;Sub:8;Var:2,119.0,69.0,228.0,999.0,4.382,100.0,5000.0,Quiesced,7.0,15441.0,924.0,1043.0,94.2,53.0,90164.0,73434.0,1.228,326.0,150.0,2.173,3.0,-34.21,ok,672.0,0.0,8.0,6.0,7.0,24.0,27.0,0.121,0.414,0.466,2.0,4.0,0.0,0.0,130.0,7687.0,fma-fusion:2777;reverse-associative(Add):2584;associative(Add):2477;commutative(Add):2252;identity(Add):1204;constant-fold:829;commutative(Mul):821;distribute:496;reverse-associative(Mul):473;associative(Mul):431;factor:376;annihilator:326;doubling:116;inverse-annihilation(Sub):97;canonicalize(Sub):56;commutative(Min):39;commutative(Max):26;identity(Mul):26;canonicalize(Div):14;halving:11;involution(Sub):5;cancellation(Sub):5,99,6,56,36,0.5656565656565656,0.36363636363636365,2,6,0.3333333333333333,0.3571428571428571,0.0,1.0,1.0,0.0,0.0,1.0,1.0,0.5344827586206896,15.115942028985508,223.7826086956522,0.7681159420289855,0.9078947368421053,0.0,3.9473684210526314,7.894736842105263,8.842105263157896
glyph32:U+007D,glyph32,real,32.0,32.0,2414.0,1399.0,1.726,40721.0,104.0,153.0,57.0,0.0,62.0,1.0,61.0,0.0,0.978,0.0,0.0,0.0,0.0,56.0,Abs:1;Add:159;BitAnd:49;Const:177;Div:46;Dwrt:92;Ge:67;Gt:38;Le:40;Lt:8;Max:65;Min:47;Mul:138;MulAdd:225;Neg:18;Select:104;Sqrt:65;Sub:58;Var:2,4598.0,2008.0,8901.0,149275.0,16.771,100.0,5000.0,ClassCap,1.0,2918.0,2240.0,4983.0,33.0,2018.0,5199478.0,1618772.0,3.212,150570.0,9004.0,16.723,142.0,1.16,ok,19264.0,0.0,223.0,2.0,85.0,1632.0,348.0,0.041,0.79,0.169,32.0,235.0,303.0,0.0,85120.0,141397.0,commutative(Mul):541;commutative(Add):366;doubling:339;factor:282;associative(Mul):222;halving:209;associative(Add):199;fma-fusion:138;distribute:131;reverse-associative(Add):101;canonicalize(Sub):96;reverse-associative(Mul):68;commutative(Max):65;constant-fold:51;commutative(Min):47;canonicalize(Div):46;annihilator:9;identity(Mul):6;identity(Add):2,2828,208,2547,2456,0.9006364922206507,0.8684582743988685,116,149,0.5576923076923077,0.035728307813113425,1.0,0.0,1.0,0.0,0.0,1.0,1.0,0.8314769975786925,2.481573705179283,1.453187250996016,1.004980079681275,1.435310936383131,0.0,7.433881343817012,10.93638313080772,13.769835596854897
glyph32:U+007E,glyph32,real,32.0,32.0,2453.0,1423.0,1.724,43127.0,111.0,158.0,66.0,0.0,62.0,1.0,61.0,0.0,0.979,0.0,0.0,0.0,0.0,51.0,Abs:1;Add:156;BitAnd:47;Const:188;Div:44;Dwrt:88;Ge:68;Gt:44;Le:46;Max:66;Min:45;Mul:140;MulAdd:242;Neg:21;Select:111;Sqrt:66;Sub:48;Var:2,5093.0,2216.0,9925.0,177033.0,17.837,100.0,5000.0,ClassCap,1.0,2750.0,2127.0,4996.0,27.5,2232.0,6082326.0,1658540.0,3.667,190311.0,10115.0,18.815,155.0,1.91,ok,21088.0,0.0,233.0,1.0,77.0,1850.0,346.0,0.034,0.814,0.152,32.0,241.0,332.0,0.0,92736.0,147853.0,commutative(Mul):625;commutative(Add):403;factor:324;doubling:305;associative(Add):210;halving:182;distribute:149;associative(Mul):104;canonicalize(Sub):92;commutative(Max):66;fma-fusion:64;constant-fold:48;reverse-associative(Add):47;commutative(Min):45;canonicalize(Div):44;reverse-associative(Mul):32;annihilator:8;identity(Add):2,3053,222,2716,2696,0.8896167703897806,0.8830658368817557,134,154,0.6036036036036037,0.007363770250368162,1.0,0.0,1.0,0.0,0.0,1.0,1.0,0.847778266608007,2.2545126353790614,1.2409747292418774,1.0072202166064983,1.5572733661278988,0.0,7.800421644413212,11.103302881236823,14.81939564300773
scene:chrome,scene,real,1920.0,1080.0,335411.0,310.0,1081.971,416579.0,15.0,9.0,12.0,2.0,1.0,1.0,1.0,1.0,0.656,0.0,0.0,0.0,0.0,51.0,Abs:6;Add:29;BitAnd:4;BitOr:12;Const:25;Div:10;Dwrt:12;Floor:6;Gt:4;Lt:5;Max:20;Min:19;Mul:74;Select:15;Shl:13;Sqrt:8;Sub:33;TruncToInt:13;Var:2,390815.0,465.0,2031.0,5722797.0,2817.724,100.0,5000.0,ClassCap,2.0,5531.0,3577.0,4940.0,50.7,398.0,4680920867178.0,3346823903.0,1398.616,3437256.0,1668.0,2060.705,17.0,-17.87,ok,3424.0,22.0,7.0,6.0,14.0,12.0,379.0,0.035,0.03,0.936,1.0,1.0,82.0,122.0,42509881.0,196486574.0,commutative(Mul):1218;commutative(Add):904;fma-fusion:808;reverse-associative(Mul):654;associative(Mul):316;reverse-associative(Add):308;distribute:214;identity(Mul):182;factor:166;associative(Add):160;canonicalize(Sub):86;halving:86;commutative(Max):68;doubling:61;commutative(Min):57;canonicalize(Div):52;constant-fold:46;annihilator:37;identity(Add):35;reverse-associative(Min):27;associative(Min):15;reverse-associative(Max):12;associative(Max):9;recip-sqrt:4;idempotent(Min):3;inverse-annihilation(Div):2;diff-of-squares:1,797,34,1232,1228,1.5457967377666249,1.5407779171894604,6,10,0.17647058823529413,0.0032467532467532756,1.0,0.0,1.0,0.0,0.0,1.0,1.0,0.06419753086419754,10.623655913978494,11.894623655913978,0.8559139784946237,1.5,0.0,4.838709677419355,2.903225806451613,11.04516129032258
scene:psychedelic,scene,real,1920.0,1080.0,1246.0,112.0,11.125,1246.0,0.0,0.0,0.0,0.0,0.0,0.0,0.0,0.0,0.0,0.0,0.0,1.0,7.0,30.0,Abs:5;Add:16;BitOr:3;Const:21;Div:6;Exp:4;Max:4;Min:4;Mul:30;Shl:4;Sin:3;Sub:5;TruncToInt:4;Uniform:1;Var:2,1246.0,112.0,860.0,4948.0,5.753,100.0,5000.0,ClassCap,3.0,7319.0,3405.0,4676.0,29.7,112.0,4044763099.0,750939309.0,5.386,4199.0,825.0,5.09,0.0,-4.07,ok,2368.0,0.0,13.0,9.0,95.0,91.0,118.0,0.312,0.299,0.388,4.0,4.0,0.0,6.0,4324.0,61269575.0,commutative(Mul):1329;fma-fusion:1194;reverse-associative(Mul):918;associative(Mul):768;distribute:515;reverse-associative(Add):496;commutative(Add):487;associative(Add):448;factor:426;identity(Mul):302;constant-fold:111;halving:41;doubling:31;canonicalize(Sub):27;reverse-angle-addition:27;commutative(Min):24;commutative(Max):21;reverse-associative(Min):21;exp-homomorphism:21;canonicalize(Div):20;sin-angle-addition:19;associative(Min):18;cos-angle-addition:14;reverse-associative(Max):12;associative(Max):8;half-angle-product:8;idempotent(Min):6;diff-of-squares:6;idempotent(Max):1,444,4,120,58,0.2702702702702703,0.13063063063063063,2,4,0.5,0.5166666666666666,1.0,0.0,0.0,0.0,1.0,1.0,1.0,0.6118421052631579,41.75,65.34821428571429,1.0,1.0,0.0,0.0,0.0,21.142857142857142
shader:cosine_palette,shader,real,40.0,45.0,40.0,34.0,1.176,101.0,0.0,0.0,0.0,0.0,0.0,0.0,0.0,0.0,0.0,0.0,0.0,0.0,3.0,13.0,Add:9;Const:7;Cos:3;Max:2;Min:2;Mul:8;Sqrt:1;Var:2,40.0,34.0,328.0,446.0,1.36,50.0,2000.0,ClassCap,3.0,2614.0,1291.0,1767.0,7.4,26.0,634099.0,506299.0,1.252,406.0,296.0,1.372,0.0,-9.76,ok,1248.0,0.0,2.0,2.0,3.0,6.0,131.0,0.021,0.043,0.936,0.0,0.0,0.0,0.0,0.0,59223.0,fma-fusion:741;reverse-associative(Add):419;associative(Add):341;commutative(Add):279;reverse-associative(Mul):251;factor:106;commutative(Mul):96;associative(Mul):93;distribute:91;identity(Add):46;constant-fold:33;halving:17;cos-angle-addition:17;doubling:16;canonicalize(Sub):11;reverse-angle-addition:11;commutative(Min):10;commutative(Max):10;annihilator:10;sin-angle-addition:9;half-angle-product:4;diff-of-squares:2;canonicalize(Div):1,275,6,204,198,0.7418181818181818,0.72,6,6,1.0,0.02941176470588236,1.0,0.0,0.0,0.0,1.0,1.0,1.0,0.06428571428571428,51.970588235294116,76.88235294117646,0.7647058823529411,1.0,0.0,0.0,0.0,36.705882352941174
shader:smooth_min_scene,shader,real,40.0,45.0,43.0,40.0,1.075,227.0,0.0,0.0,0.0,0.0,0.0,0.0,0.0,0.0,0.0,0.0,0.0,0.0,0.0,17.0,Abs:1;Add:2;Const:10;Div:1;Max:3;Min:3;Mul:7;Sqrt:2;Sub:9;Var:2,43.0,40.0,141.0,510.0,3.617,50.0,2000.0,ClassCap,3.0,2757.0,1038.0,1215.0,13.9,37.0,570886.0,177316.0,3.22,456.0,134.0,3.403,0.0,-4.96,ok,432.0,0.0,3.0,3.0,2.0,9.0,29.0,0.05,0.225,0.725,0.0,0.0,0.0,0.0,0.0,13457.0,fma-fusion:820;reverse-associative(Add):499;associative(Add):455;commutative(Add):331;reverse-associative(Mul):121;commutative(Mul):109;associative(Mul):82;identity(Add):66;factor:66;distribute:50;constant-fold:39;canonicalize(Sub):27;annihilator:21;halving:17;commutative(Min):15;commutative(Max):15;doubling:14;involution(Sub):4;canonicalize(Div):3;identity(Mul):2;inverse-annihilation(Div):1,75,0,0,0,0.0,0.0,0,0,nan,nan,1.0,0.0,0.0,0.0,0.0,1.0,1.0,0.275,30.375,68.925,0.925,1.0,0.0,0.0,0.0,10.8
shader:mandelbrot_distance,shader,real,40.0,45.0,152.0,128.0,1.188,1315105.0,20.0,5.0,20.0,5.0,30.5,39.0,0.0,8.5,0.157,0.0,0.0,0.0,1.0,32.0,Add:26;Const:7;Div:1;Ge:5;Ln:1;Max:4;Min:2;Mul:50;Select:20;Sqrt:1;Sub:9;Var:2,152.0,128.0,657.0,2571991.0,3914.75,100.0,5000.0,ClassCap,4.0,15392.0,3249.0,3675.0,69.2,96.0,929644020.0,899055.0,1034.024,916293.0,518.0,1768.905,18.0,-21.16,ok,1408.0,0.0,4.0,4.0,0.0,9.0,137.0,0.0,0.062,0.938,0.0,0.0,0.0,4.0,0.0,62055.0,fma-fusion:3144;reverse-associative(Add):2018;commutative(Add):1925;associative(Add):1744;commutative(Mul):1088;reverse-associative(Mul):1051;associative(Mul):908;distribute:850;halving:598;identity(Add):596;factor:542;identity(Mul):327;doubling:263;constant-fold:102;annihilator:94;canonicalize(Sub):48;commutative(Max):28;inverse-annihilation(Sub):20;diff-of-squares:20;commutative(Min):14;involution(Sub):4;cancellation(Sub):4;canonicalize(Div):4,291,39,91,24,0.3127147766323024,0.08247422680412371,6,35,0.15384615384615385,0.7362637362637363,1.0,0.0,1.0,0.0,1.0,1.0,1.0,0.06164383561643835,28.7109375,120.25,0.75,1.0,0.0,15.625,3.90625,11.0
shader:star_sdf,shader,real,40.0,45.0,66.0,58.0,1.138,1449.0,1.0,1.0,1.0,0.0,1.0,1.0,1.0,1.0,1.0,0.0,0.0,0.0,0.0,27.0,Abs:2;Add:4;Const:12;Ge:1;Max:5;Min:3;Mul:19;Select:1;Sqrt:1;Sub:8;Var:2,66.0,58.0,195.0,2901.0,14.877,100.0,5000.0,ClassCap,4.0,7997.0,3178.0,3828.0,23.5,58.0,3188610.0,290295.0,10.984,2413.0,172.0,14.029,1.0,-11.79,ok,640.0,0.0,2.0,2.0,0.0,7.0,54.0,0.0,0.115,0.885,0.0,0.0,0.0,0.0,0.0,24615.0,fma-fusion:3053;commutative(Add):1418;reverse-associative(Add):1353;associative(Add):1209;commutative(Mul):308;factor:238;distribute:102;halving:67;reverse-associative(Mul):50;associative(Mul):44;constant-fold:35;commutative(Max):35;canonicalize(Sub):32;doubling:32;commutative(Min):21,119,2,4,0,0.03361344537815126,0.0,0,2,0.0,1.0,1.0,0.0,1.0,0.0,0.0,1.0,1.0,0.11475409836065574,66.0,137.8793103448276,1.0,1.0,0.0,1.7241379310344827,1.7241379310344827,11.03448275862069
shader:gyroid_slice,shader,real,40.0,45.0,40.0,38.0,1.053,81.0,0.0,0.0,0.0,0.0,0.0,0.0,0.0,0.0,0.0,0.0,0.0,1.0,12.0,10.0,Add:5;Const:4;Cos:6;Max:2;Min:2;Mul:10;Sin:6;Uniform:1;Var:2,40.0,38.0,952.0,1003.0,1.054,50.0,2000.0,Quiesced,9.0,8618.0,673.0,775.0,35.6,33.0,643530.0,601090.0,1.071,983.0,932.0,1.055,0.0,-2.1,ok,2768.0,0.0,8.0,6.0,147.0,153.0,157.0,0.322,0.335,0.344,2.0,2.0,0.0,0.0,92.0,77682.0,fma-fusion:2510;commutative(Add):2392;reverse-associative(Add):1552;associative(Add):1448;commutative(Mul):403;factor:84;reverse-associative(Mul):69;associative(Mul):63;commutative(Min):34;commutative(Max):34;distribute:29,628,16,512,248,0.8152866242038217,0.39490445859872614,8,16,0.5,0.515625,0.0,1.0,0.0,0.0,1.0,1.0,1.0,0.6564551422319475,20.394736842105264,226.78947368421052,0.868421052631579,1.0,0.0,0.0,0.0,72.84210526315789
shader:plasma,shader,real,40.0,45.0,37.0,35.0,1.057,70.0,0.0,0.0,0.0,0.0,0.0,0.0,0.0,0.0,0.0,0.0,0.0,1.0,4.0,11.0,Add:9;Const:7;Max:2;Min:2;Mul:7;Sin:4;Sqrt:1;Uniform:1;Var:2,37.0,35.0,378.0,414.0,1.095,50.0,2000.0,ClassCap,4.0,3298.0,1486.0,1822.0,23.7,29.0,510930.0,477720.0,1.07,395.0,359.0,1.1,0.0,-5.03,ok,1376.0,0.0,4.0,4.0,1.0,46.0,118.0,0.006,0.279,0.715,0.0,0.0,0.0,0.0,0.0,55171.0,fma-fusion:923;commutative(Add):890;reverse-associative(Add):471;associative(Add):294;commutative(Mul):204;factor:136;reverse-associative(Mul):118;associative(Mul):87;distribute:39;identity(Mul):38;reverse-angle-addition:35;sin-angle-addition:22;commutative(Min):14;commutative(Max):14;constant-fold:6;cos-angle-addition:4;canonicalize(Sub):3,292,7,210,174,0.7191780821917808,0.5958904109589042,6,7,0.8571428571428571,0.17142857142857137,1.0,0.0,0.0,0.0,1.0,1.0,1.0,0.28484848484848485,52.05714285714286,94.22857142857143,0.8285714285714286,1.0,0.0,0.0,0.0,39.31428571428572
shader:domain_warp_fbm,shader,real,40.0,45.0,84.0,67.0,1.254,1033.0,0.0,0.0,0.0,0.0,0.0,0.0,0.0,0.0,0.0,0.0,0.0,0.0,4.0,27.0,Add:15;Const:13;Floor:4;Max:2;Min:2;Mul:21;Sin:4;Sub:4;Var:2,84.0,67.0,489.0,4574.0,9.354,100.0,5000.0,ClassCap,3.0,6977.0,3337.0,4592.0,47.8,63.0,3514516.0,760999.0,4.618,2222.0,457.0,4.862,0.0,-6.54,ok,1712.0,0.0,5.0,5.0,3.0,16.0,181.0,0.015,0.08,0.905,0.0,0.0,0.0,0.0,0.0,82173.0,fma-fusion:1643;commutative(Add):1193;reverse-associative(Add):840;associative(Add):757;commutative(Mul):549;factor:502;reverse-associative(Mul):378;associative(Mul):310;distribute:299;halving:148;constant-fold:72;reverse-angle-addition:71;sin-angle-addition:49;cos-angle-addition:45;doubling:43;canonicalize(Sub):34;half-angle-product:12;commutative(Min):10;commutative(Max):10;identity(Mul):6;diff-of-squares:6,391,8,240,232,0.6138107416879796,0.5933503836317136,8,8,1.0,0.033333333333333326,1.0,0.0,0.0,0.0,1.0,1.0,1.0,0.095,68.53731343283582,104.13432835820896,0.9402985074626866,1.0,0.0,0.0,0.0,25.55223880597015
shader:kaleidoscope_fold,shader,real,40.0,45.0,46.0,43.0,1.07,280.0,1.0,1.0,1.0,0.0,1.0,1.0,1.0,1.0,1.0,0.0,0.0,0.0,6.0,20.0,Abs:1;Add:3;Atan2:1;Const:9;Cos:2;Div:1;Floor:1;Gt:1;Max:2;Min:2;Mul:12;Select:1;Sin:3;Sqrt:1;Sub:1;Var:2,46.0,43.0,567.0,1848.0,3.259,50.0,2000.0,Quiesced,5.0,601.0,74.0,131.0,5.7,40.0,2968849.0,959911.0,3.093,1843.0,560.0,3.291,1.0,-1.23,ok,2032.0,0.0,8.0,7.0,6.0,12.0,231.0,0.024,0.048,0.928,1.0,1.0,0.0,0.0,46.0,104496.0,commutative(Mul):270;reverse-associative(Mul):96;associative(Mul):87;commutative(Add):44;fma-fusion:40;commutative(Min):18;commutative(Max):18;factor:10;distribute:8;canonicalize(Sub):5;canonicalize(Div):5,495,21,350,312,0.7070707070707071,0.6303030303030303,12,21,0.5714285714285714,0.10857142857142854,0.0,1.0,1.0,0.0,1.0,1.0,1.0,0.07228915662650602,3.046511627906977,13.976744186046512,0.9302325581395349,1.0,0.0,2.3255813953488373,2.3255813953488373,47.25581395348837
shader:metaballs,shader,real,40.0,45.0,62.0,52.0,1.192,234.0,1.0,1.0,1.0,0.0,1.0,1.0,1.0,1.0,1.0,0.0,0.0,0.0,0.0,17.0,Add:7;Const:13;Div:3;Ge:1;Max:6;Min:3;Mul:9;Select:1;Sub:7;Var:2,62.0,52.0,168.0,464.0,2.762,100.0,5000.0,ClassCap,4.0,10090.0,2260.0,2584.0,83.1,50.0,497430.0,228105.0,2.181,407.0,155.0,2.626,1.0,-7.74,ok,480.0,0.0,3.0,3.0,0.0,12.0,40.0,0.0,0.231,0.769,0.0,0.0,0.0,0.0,0.0,18540.0,fma-fusion:2336;reverse-associative(Add):1953;associative(Add):1722;commutative(Add):1317;identity(Add):542;commutative(Mul):344;distribute:340;reverse-associative(Mul):322;factor:263;associative(Mul):229;constant-fold:197;annihilator:156;halving:135;doubling:99;commutative(Max):42;canonicalize(Sub):28;inverse-annihilation(Sub):21;commutative(Min):21;canonicalize(Div):12;involution(Sub):7;cancellation(Sub):2;identity(Mul):2,98,2,0,0,0.0,0.0,0,0,0.0,nan,1.0,0.0,1.0,0.0,0.0,1.0,1.0,0.23076923076923078,49.69230769230769,194.03846153846155,0.9615384615384616,1.0,0.0,1.9230769230769231,1.9230769230769231,9.23076923076923
shader:julia_set,shader,real,40.0,45.0,122.0,110.0,1.109,9529861.0,10.0,5.0,10.0,5.0,41.0,55.0,0.0,14.0,0.149,0.0,0.0,0.0,2.0,41.0,Add:21;Const:10;Ge:5;Log2:2;Max:4;Min:2;Mul:43;Select:10;Sub:11;Var:2,122.0,110.0,660.0,16708437.0,25315.814,100.0,5000.0,ClassCap,5.0,14956.0,3698.0,4533.0,46.4,123.0,16274233800.0,1243215.0,13090.442,15579513.0,717.0,21728.749,10.0,8.64,ok,2064.0,0.0,5.0,5.0,0.0,11.0,205.0,0.0,0.051,0.949,0.0,0.0,0.0,0.0,0.0,92745.0,fma-fusion:3267;commutative(Add):2858;commutative(Mul):1899;reverse-associative(Add):1435;associative(Add):1225;factor:957;reverse-associative(Mul):924;distribute:922;associative(Mul):860;halving:285;doubling:130;canonicalize(Sub):75;commutative(Max):36;diff-of-squares:25;commutative(Min):18;identity(Add):15;annihilator:15;inverse-annihilation(Sub):10,431,28,134,116,0.3109048723897912,0.2691415313225058,18,28,0.6428571428571429,0.13432835820895528,1.0,0.0,1.0,0.0,1.0,1.0,1.0,0.05092592592592592,41.20909090909091,135.96363636363637,1.1181818181818182,1.0,0.0,9.090909090909092,4.545454545454546,18.763636363636362
shader:smoothstep_vignette,shader,real,40.0,45.0,64.0,50.0,1.28,329.0,0.0,0.0,0.0,0.0,0.0,0.0,0.0,0.0,0.0,0.0,0.0,0.0,0.0,15.0,Add:2;Const:11;Div:3;Max:5;Min:5;Mul:10;MulAdd:3;Sqrt:1;Sub:8;Var:2,64.0,50.0,183.0,769.0,4.202,100.0,5000.0,Quiesced,5.0,1596.0,201.0,283.0,5.0,49.0,813618.0,216558.0,3.757,934.0,194.0,4.814,0.0,6.01,ok,544.0,0.0,7.0,7.0,11.0,6.0,34.0,0.216,0.118,0.667,0.0,0.0,0.0,0.0,0.0,15581.0,commutative(Mul):309;fma-fusion:265;commutative(Add):260;reverse-associative(Mul):147;associative(Mul):135;reverse-associative(Add):79;constant-fold:68;associative(Add):68;commutative(Min):45;commutative(Max):45;factor:44;canonicalize(Sub):40;identity(Mul):38;distribute:38;canonicalize(Div):15,99,0,0,0,0.0,0.0,0,0,nan,nan,0.0,1.0,0.0,0.0,0.0,1.0,1.0,0.3333333333333333,5.66,31.92,0.98,1.0,0.0,0.0,0.0,10.88
shader:torus_slice,shader,real,40.0,45.0,38.0,34.0,1.118,113.0,0.0,0.0,0.0,0.0,0.0,0.0,0.0,0.0,0.0,0.0,0.0,1.0,0.0,12.0,Add:4;Const:7;Max:2;Min:3;Mul:6;Sqrt:4;Sub:5;Uniform:1;Var:2,38.0,34.0,141.0,289.0,2.05,50.0,2000.0,ClassCap,5.0,4693.0,1108.0,1281.0,14.4,31.0,352566.0,189509.0,1.86,265.0,130.0,2.038,0.0,-7.8,ok,368.0,0.0,3.0,3.0,5.0,6.0,22.0,0.152,0.182,0.667,0.0,0.0,0.0,0.0,0.0,10175.0,fma-fusion:1526;commutative(Add):973;reverse-associative(Add):738;associative(Add):617;commutative(Mul):185;factor:163;distribute:102;reverse-associative(Mul):80;halving:73;associative(Mul):62;constant-fold:58;doubling:46;commutative(Min):27;canonicalize(Sub):25;commutative(Max):18,61,0,0,0,0.0,0.0,0,0,nan,nan,1.0,0.0,0.0,0.0,0.0,1.0,1.0,0.3333333333333333,37.6764705882353,138.02941176470588,0.9117647058823529,1.0,0.0,0.0,0.0,10.823529411764707
bwd_band00_d2:0,bwd_bands,synthetic,64.0,64.0,15.0,14.0,1.071,15.0,0.0,0.0,0.0,0.0,0.0,0.0,0.0,0.0,0.0,0.0,0.0,0.0,2.0,12.0,Abs:2;Add:2;Const:2;Log2:1;Neg:5;Pow:1;Var:1,15.0,14.0,347.0,347.0,1.0,50.0,2000.0,Quiesced,2.0,18.0,7.0,18.0,0.3,9.0,1359872.0,1359872.0,1.0,332.0,332.0,1.0,0.0,-4.32,ok,1136.0,0.0,0.0,0.0,0.0,0.0,125.0,0.0,0.0,1.0,0.0,0.0,0.0,0.0,0.0,128000.0,involution(Sub):7;commutative(Add):6;even-negation(Abs):5,250,8,8,0,0.032,0.0,0,8,0.0,1.0,0.0,1.0,0.0,0.0,1.0,1.0,0.0,0.0,1.2857142857142858,1.2857142857142858,0.6428571428571429,1.0,0.0,0.0,0.0,81.14285714285714
bwd_band00_d2:1,bwd_bands,synthetic,64.0,64.0,19.0,15.0,1.267,19.0,0.0,0.0,0.0,0.0,0.0,0.0,0.0,0.0,0.0,0.0,0.0,0.0,2.0,9.0,Abs:2;Add:3;Const:3;Neg:4;Pow:2;Var:1,19.0,15.0,422.0,428.0,1.014,50.0,2000.0,Quiesced,3.0,40.0,12.0,22.0,0.8,7.0,225280.0,196608.0,1.146,55.0,48.0,1.146,0.0,-88.63,ok,224.0,0.0,0.0,0.0,0.0,0.0,7.0,0.0,0.0,1.0,0.0,0.0,0.0,0.0,0.0,7168.0,commutative(Add):15;involution(Sub):11;even-negation(Abs):8;power-recip:3;power-rsqrt:3,14,0,0,0,0.0,0.0,0,0,nan,nan,0.0,1.0,0.0,0.0,1.0,1.0,1.0,0.0,1.4666666666666666,2.6666666666666665,0.4666666666666667,1.0,0.0,0.0,0.0,14.933333333333334
bwd_band00_d2:2,bwd_bands,synthetic,64.0,64.0,16.0,15.0,1.067,16.0,0.0,0.0,0.0,0.0,0.0,0.0,0.0,0.0,0.0,0.0,0.0,0.0,1.0,12.0,Abs:2;Add:1;Const:2;Min:1;Neg:7;Pow:1;Var:1,16.0,15.0,230.0,230.0,1.0,50.0,2000.0,Quiesced,3.0,68.0,13.0,19.0,0.4,3.0,802816.0,802816.0,1.0,196.0,196.0,1.0,0.0,-14.78,ok,864.0,0.0,1.0,1.0,47.0,0.0,24.0,0.662,0.0,0.338,0.0,0.0,0.0,0.0,0.0,24623.0,constant-fold:27;involution(Sub):19;even-negation(Abs):8;commutative(Add):5;idempotent(Min):3;associative(Min):3;reverse-associative(Min):3,97,2,2,0,0.020618556701030927,0.0,0,2,0.0,1.0,0.0,1.0,0.0,0.0,1.0,1.0,0.0,0.6619718309859155,1.2666666666666666,4.533333333333333,0.2,1.0,0.0,0.0,0.0,57.6
bwd_band00_d2:3,bwd_bands,synthetic,64.0,64.0,16.0,13.0,1.231,18.0,0.0,0.0,0.0,0.0,0.0,0.0,0.0,0.0,0.0,0.0,0.0,0.0,2.0,8.0,Abs:1;Add:2;Const:2;Log10:1;Max:1;Mul:1;Neg:3;Pow:1;Var:1,16.0,13.0,358.0,363.0,1.014,50.0,2000.0,Quiesced,3.0,80.0,15.0,28.0,0.4,9.0,688128.0,688128.0,1.0,168.0,168.0,1.0,0.0,-53.07,ok,672.0,0.0,0.0,0.0,0.0,0.0,57.0,0.0,0.0,1.0,0.0,0.0,0.0,0.0,0.0,58368.0,commutative(Mul):14;halving:10;involution(Sub):8;reverse-associative(Mul):8;doubling:6;associative(Mul):6;commutative(Add):5;commutative(Max):5;even-negation(Abs):5;distribute:4;factor:3;power-sqrt:3;fma-fusion:3,114,4,4,0,0.03508771929824561,0.0,0,4,0.0,1.0,0.0,1.0,0.0,0.0,1.0,1.0,0.0,0.0,2.1538461538461537,6.153846153846154,0.6923076923076923,1.0,0.0,0.0,0.0,51.69230769230769
bwd_band00_d2:4,bwd_bands,synthetic,64.0,64.0,24.0,22.0,1.091,24.0,0.0,0.0,0.0,0.0,0.0,0.0,0.0,0.0,0.0,0.0,0.0,0.0,3.0,10.0,Abs:2;Add:3;Const:5;Mul:1;Neg:7;Pow:3;Var:1,24.0,22.0,632.0,632.0,1.0,50.0,2000.0,Quiesced,4.0,109.0,19.0,36.0,0.9,11.0,131096.0,131096.0,1.0,56.0,56.0,1.0,0.0,-91.14,ok,272.0,0.0,1.0,1.0,5.0,0.0,6.0,0.455,0.0,0.545,0.0,0.0,0.0,0.0,0.0,6149.0,constant-fold:25;commutative(Add):25;involution(Sub):22;even-negation(Abs):14;power-recip:8;commutative(Mul):7;power-sqrt:4;recip-sqrt:4,19,0,0,0,0.0,0.0,0,0,nan,nan,0.0,1.0,0.0,0.0,1.0,1.0,0.0,0.45454545454545453,1.6363636363636365,4.954545454545454,0.5,1.0,0.0,0.0,0.0,12.363636363636363
bwd_band00_d2:5,bwd_bands,synthetic,64.0,64.0,20.0,17.0,1.176,20.0,0.0,0.0,0.0,0.0,0.0,0.0,0.0,0.0,0.0,0.0,0.0,0.0,2.0,13.0,Abs:2;Add:2;Const:3;Min:1;Mul:1;Neg:5;Pow:2;Var:1,20.0,17.0,429.0,429.0,1.0,50.0,2000.0,Quiesced,3.0,52.0,12.0,25.0,0.7,10.0,946176.0,946176.0,1.0,231.0,231.0,1.0,0.0,-46.15,ok,912.0,0.0,0.0,0.0,0.0,0.0,80.0,0.0,0.0,1.0,0.0,0.0,0.0,0.0,0.0,81920.0,involution(Sub):13;commutative(Add):10;even-negation(Abs):10;commutative(Mul):7;idempotent(Min):3;associative(Min):3;reverse-associative(Min):3;power-recip:3,160,4,4,0,0.025,0.0,0,4,0.0,1.0,0.0,1.0,0.0,0.0,1.0,1.0,0.0,0.0,1.4705882352941178,3.0588235294117645,0.5882352941176471,1.0,0.0,0.0,0.0,53.64705882352941
bwd_band00_d2:6,bwd_bands,synthetic,64.0,64.0,14.0,10.0,1.4,16.0,0.0,0.0,0.0,0.0,0.0,0.0,0.0,0.0,0.0,0.0,0.0,0.0,2.0,6.0,Abs:1;Add:2;Const:1;Mul:1;Neg:2;Pow:2;Var:1,14.0,10.0,414.0,419.0,1.012,50.0,2000.0,Quiesced,3.0,75.0,14.0,25.0,0.3,7.0,188416.0,188416.0,1.0,46.0,46.0,1.0,0.0,-88.89,ok,184.0,0.0,0.0,0.0,0.0,0.0,7.0,0.0,0.0,1.0,0.0,0.0,0.0,0.0,0.0,7168.0,commutative(Mul):14;halving:10;reverse-associative(Mul):8;doubling:6;associative(Mul):6;power-sqrt:6;involution(Sub):5;commutative(Add):5;even-negation(Abs):5;distribute:4;factor:3;fma-fusion:3,14,0,0,0,0.0,0.0,0,0,nan,nan,0.0,1.0,0.0,0.0,1.0,1.0,0.0,0.0,2.5,7.5,0.7,1.0,0.0,0.0,0.0,18.4
bwd_band00_d2:7,bwd_bands,synthetic,64.0,64.0,18.0,10.0,1.8,18.0,0.0,0.0,0.0,0.0,0.0,0.0,0.0,0.0,0.0,0.0,0.0,0.0,2.0,9.0,Abs:1;Add:1;Const:1;Ln:1;Neg:4;Pow:1;Var:1,18.0,10.0,343.0,362.0,1.055,50.0,2000.0,Quiesced,2.0,13.0,5.0,12.0,0.1,6.0,1384448.0,1355776.0,1.021,338.0,331.0,1.021,0.0,-3.5,ok,1104.0,0.0,0.0,0.0,0.0,0.0,124.0,0.0,0.0,1.0,0.0,0.0,0.0,0.0,0.0,126976.0,involution(Sub):7;commutative(Add):3;even-negation(Abs):3,248,8,8,0,0.03225806451612903,0.0,0,8,0.0,1.0,0.0,1.0,0.0,0.0,1.0,1.0,1.0,0.0,1.2,1.3,0.6,1.0,0.0,0.0,0.0,110.4
bwd_band00_d2:8,bwd_bands,synthetic,64.0,64.0,10.0,10.0,1.0,10.0,0.0,0.0,0.0,0.0,0.0,0.0,0.0,0.0,0.0,0.0,0.0,0.0,1.0,7.0,Abs:1;Add:2;Const:3;Neg:2;Pow:1;Var:1,10.0,10.0,213.0,213.0,1.0,20.0,500.0,Quiesced,2.0,14.0,5.0,14.0,0.1,7.0,131072.0,131072.0,1.0,32.0,32.0,1.0,0.0,-84.98,ok,240.0,0.0,0.0,0.0,0.0,0.0,7.0,0.0,0.0,1.0,0.0,0.0,0.0,0.0,0.0,7168.0,commutative(Add):6;involution(Sub):3;even-negation(Abs):3;power-rsqrt:2,14,0,0,0,0.0,0.0,0,0,nan,nan,0.0,1.0,0.0,0.0,1.0,0.0,0.0,0.0,1.4,1.4,0.7,1.0,0.0,0.0,0.0,24.0
bwd_band00_d2:9,bwd_bands,synthetic,64.0,64.0,16.0,10.0,1.6,16.0,0.0,0.0,0.0,0.0,0.0,0.0,0.0,0.0,0.0,0.0,0.0,0.0,2.0,7.0,Abs:1;Add:2;Const:2;Log2:1;Mul:1;Neg:1;Pow:1;Var:1,16.0,10.0,337.0,347.0,1.03,50.0,2000.0,Quiesced,2.0,17.0,6.0,16.0,0.1,7.0,643072.0,614400.0,1.047,157.0,150.0,1.047,0.0,-55.49,ok,656.0,0.0,0.0,0.0,0.0,0.0,53.0,0.0,0.0,1.0,0.0,0.0,0.0,0.0,0.0,54272.0,commutative(Add):6;fma-fusion:4;commutative(Mul):3;even-negation(Abs):2;power-recip:2,106,4,4,0,0.03773584905660377,0.0,0,4,0.0,1.0,0.0,1.0,0.0,0.0,1.0,1.0,1.0,0.0,1.6,1.7,0.7,1.0,0.0,0.0,0.0,65.6
bwd_band00_d2:10,bwd_bands,synthetic,64.0,64.0,11.0,11.0,1.0,11.0,0.0,0.0,0.0,0.0,0.0,0.0,0.0,0.0,0.0,0.0,0.0,0.0,1.0,7.0,Abs:1;Add:1;Atan2:1;Const:2;Neg:5;Var:1,11.0,11.0,101.0,101.0,1.0,50.0,2000.0,Quiesced,2.0,24.0,8.0,15.0,0.1,5.0,339968.0,339968.0,1.0,83.0,83.0,1.0,0.0,-17.82,ok,560.0,0.0,4.0,4.0,10.0,0.0,28.0,0.263,0.0,0.737,0.0,0.0,0.0,0.0,0.0,28682.0,constant-fold:11;involution(Sub):7;commutative(Add):3;even-negation(Abs):3,74,9,29,6,0.3918918918918919,0.08108108108108109,2,9,0.2222222222222222,0.7931034482758621,0.0,1.0,0.0,0.0,1.0,0.0,0.0,0.2631578947368421,1.3636363636363635,2.1818181818181817,0.45454545454545453,1.0,0.0,0.0,0.0,50.90909090909091
bwd_band00_d2:11,bwd_bands,synthetic,64.0,64.0,17.0,17.0,1.0,17.0,0.0,0.0,0.0,0.0,0.0,0.0,0.0,0.0,0.0,0.0,0.0,0.0,2.0,9.0,Abs:1;Add:1;Const:3;Cos:1;Min:1;Neg:8;Pow:1;Var:1,17.0,17.0,305.0,305.0,1.0,50.0,2000.0,Quiesced,3.0,64.0,14.0,24.0,0.3,5.0,319509.0,319509.0,1.0,99.0,99.0,1.0,0.0,-67.54,ok,656.0,0.0,1.0,1.0,2.0,0.0,40.0,0.048,0.0,0.952,0.0,0.0,0.0,0.0,0.0,40962.0,involution(Sub):22;constant-fold:19;commutative(Add):5;commutative(Min):5;even-negation(Cos):5;even-negation(Abs):5;power-rsqrt:3,84,2,68,66,0.8095238095238095,0.7857142857142857,2,2,1.0,0.02941176470588236,0.0,1.0,0.0,0.0,1.0,0.0,0.0,0.047619047619047616,1.411764705882353,3.764705882352941,0.29411764705882354,1.0,0.0,0.0,0.0,38.588235294117645
bwd_band00_d2:12,bwd_bands,synthetic,64.0,64.0,13.0,12.0,1.083,13.0,0.0,0.0,0.0,0.0,0.0,0.0,0.0,0.0,0.0,0.0,0.0,0.0,2.0,9.0,Abs:1;Add:2;Const:2;Neg:4;Pow:1;Sin:1;Var:1,13.0,12.0,289.0,289.0,1.0,50.0,2000.0,Quiesced,2.0,16.0,6.0,15.0,0.1,8.0,1134592.0,1134592.0,1.0,277.0,277.0,1.0,0.0,-4.15,ok,1312.0,0.0,0.0,0.0,0.0,0.0,111.0,0.0,0.0,1.0,0.0,0.0,0.0,0.0,0.0,113664.0,involution(Sub):7;commutative(Add):6;even-negation(Abs):3,222,6,64,58,0.2882882882882883,0.26126126126126126,2,6,0.3333333333333333,0.09375,0.0,1.0,0.0,0.0,1.0,1.0,0.0,0.0,1.25,1.3333333333333333,0.6666666666666666,1.0,0.0,0.0,0.0,109.33333333333333
bwd_band00_d2:13,bwd_bands,synthetic,64.0,64.0,13.0,12.0,1.083,13.0,0.0,0.0,0.0,0.0,0.0,0.0,0.0,0.0,0.0,0.0,0.0,0.0,2.0,10.0,Abs:2;Add:2;Const:2;Ln:1;Neg:3;Pow:1;Var:1,13.0,12.0,347.0,347.0,1.0,50.0,2000.0,Quiesced,2.0,16.0,6.0,17.0,0.8,8.0,667648.0,667648.0,1.0,163.0,163.0,1.0,0.0,-53.03,ok,672.0,0.0,0.0,0.0,0.0,0.0,56.0,0.0,0.0,1.0,0.0,0.0,0.0,0.0,0.0,57344.0,commutative(Add):6;even-negation(Abs):5;involution(Sub):3;power-rsqrt:2,112,4,4,0,0.03571428571428571,0.0,0,4,0.0,1.0,0.0,1.0,0.0,0.0,1.0,1.0,0.0,0.0,1.4166666666666667,1.3333333333333333,0.6666666666666666,1.0,0.0,0.0,0.0,56.0
bwd_band00_d2:14,bwd_bands,synthetic,64.0,64.0,9.0,9.0,1.0,9.0,0.0,0.0,0.0,0.0,0.0,0.0,0.0,0.0,0.0,0.0,0.0,0.0,2.0,8.0,Abs:1;Add:1;Const:1;Cos:1;Log10:1;Neg:3;Var:1,9.0,9.0,225.0,225.0,1.0,20.0,500.0,Quiesced,2.0,11.0,4.0,12.0,0.1,6.0,884736.0,884736.0,1.0,216.0,216.0,1.0,0.0,-4.0,ok,1088.0,0.0,0.0,0.0,0.0,0.0,91.0,0.0,0.0,1.0,0.0,0.0,0.0,0.0,0.0,93184.0,involution(Sub):3;commutative(Add):3;even-negation(Cos):3;even-negation(Abs):2,182,6,72,66,0.3956043956043956,0.3626373626373626,2,6,0.3333333333333333,0.08333333333333337,0.0,1.0,0.0,0.0,1.0,0.0,0.0,0.0,1.3333333333333333,1.2222222222222223,0.6666666666666666,1.0,0.0,0.0,0.0,120.88888888888889
bwd_band00_d2:15,bwd_bands,synthetic,64.0,64.0,5.0,4.0,1.25,5.0,0.0,0.0,0.0,0.0,0.0,0.0,0.0,0.0,0.0,0.0,0.0,0.0,0.0,4.0,Add:1;Neg:2;Var:1,5.0,4.0,10.0,10.0,1.0,20.0,500.0,Quiesced,2.0,8.0,3.0,7.0,0.2,1.0,0.0,0.0,1.0,0.0,0.0,1.0,0.0,-100.0,ok,192.0,0.0,0.0,0.0,0.0,0.0,1.0,0.0,0.0,1.0,0.0,0.0,0.0,0.0,0.0,1024.0,inverse-annihilation(Sub):3;commutative(Add):3;constant-fold:2,2,0,0,0,0.0,0.0,0,0,nan,nan,0.0,1.0,0.0,0.0,0.0,1.0,0.0,0.0,1.75,2.0,0.25,1.0,0.0,0.0,0.0,48.0
bwd_band00_d2:16,bwd_bands,synthetic,64.0,64.0,4.0,4.0,1.0,4.0,0.0,0.0,0.0,0.0,0.0,0.0,0.0,0.0,0.0,0.0,0.0,0.0,2.0,4.0,Cos:1;Exp2:1;Neg:1;Var:1,4.0,4.0,147.0,147.0,1.0,20.0,500.0,Quiesced,2.0,2.0,1.0,5.0,0.1,3.0,589824.0,589824.0,1.0,144.0,144.0,1.0,0.0,-2.04,ok,848.0,0.0,0.0,0.0,0.0,0.0,62.0,0.0,0.0,1.0,0.0,0.0,0.0,0.0,0.0,63488.0,even-negation(Cos):2,124,2,68,66,0.5483870967741935,0.532258064516129,2,2,1.0,0.02941176470588236,0.0,1.0,0.0,0.0,1.0,0.0,0.0,0.0,1.25,0.5,0.75,1.0,0.0,0.0,0.0,212.0
bwd_band00_d2:17,bwd_bands,synthetic,64.0,64.0,9.0,9.0,1.0,9.0,0.0,0.0,0.0,0.0,0.0,0.0,0.0,0.0,0.0,0.0,0.0,0.0,2.0,7.0,Abs:1;Add:1;Const:2;Exp2:1;Neg:2;Pow:1;Var:1,9.0,9.0,278.0,278.0,1.0,20.0,500.0,Quiesced,3.0,29.0,6.0,13.0,0.2,4.0,1085440.0,1085440.0,1.0,265.0,265.0,1.0,0.0,-4.68,ok,976.0,0.0,1.0,1.0,47.0,0.0,46.0,0.505,0.0,0.495,0.0,0.0,0.0,0.0,0.0,47151.0,constant-fold:14;involution(Sub):5;commutative(Add):5;even-negation(Abs):5,141,2,2,0,0.014184397163120567,0.0,0,2,0.0,1.0,0.0,1.0,0.0,0.0,1.0,0.0,0.0,0.5053763440860215,1.4444444444444444,3.2222222222222223,0.4444444444444444,1.0,0.0,0.0,0.0,108.44444444444444
bwd_band00_d2:18,bwd_bands,synthetic,64.0,64.0,17.0,16.0,1.062,17.0,0.0,0.0,0.0,0.0,0.0,0.0,0.0,0.0,0.0,0.0,0.0,0.0,2.0,13.0,Abs:2;Add:2;Const:3;Neg:6;Pow:2;Var:1,17.0,16.0,424.0,424.0,1.0,50.0,2000.0,Quiesced,2.0,26.0,10.0,22.0,0.2,8.0,208896.0,208896.0,1.0,51.0,51.0,1.0,0.0,-87.97,ok,224.0,0.0,0.0,0.0,0.0,0.0,8.0,0.0,0.0,1.0,0.0,0.0,0.0,0.0,0.0,8192.0,involution(Sub):10;commutative(Add):6;even-negation(Abs):6;power-recip:2;power-rsqrt:2,16,0,0,0,0.0,0.0,0,0,nan,nan,0.0,1.0,0.0,0.0,1.0,1.0,0.0,0.0,1.375,1.625,0.5,1.0,0.0,0.0,0.0,14.0
bwd_band00_d2:19,bwd_bands,synthetic,64.0,64.0,9.0,9.0,1.0,9.0,0.0,0.0,0.0,0.0,0.0,0.0,0.0,0.0,0.0,0.0,0.0,0.0,1.0,7.0,Abs:1;Add:1;Const:2;Neg:3;Pow:1;Var:1,9.0,9.0,212.0,212.0,1.0,20.0,500.0,Quiesced,2.0,11.0,4.0,12.0,0.2,6.0,106496.0,106496.0,1.0,26.0,26.0,1.0,0.0,-87.74,ok,208.0,0.0,0.0,0.0,0.0,0.0,6.0,0.0,0.0,1.0,0.0,0.0,0.0,0.0,0.0,6144.0,involution(Sub):3;commutative(Add):3;even-negation(Abs):3;power-recip:2,12,0,0,0,0.0,0.0,0,0,nan,nan,0.0,1.0,0.0,0.0,1.0,0.0,0.0,0.0,1.3333333333333333,1.2222222222222223,0.6666666666666666,1.0,0.0,0.0,0.0,23.11111111111111
bwd_band00_d2:20,bwd_bands,synthetic,64.0,64.0,16.0,15.0,1.067,27.0,0.0,0.0,0.0,0.0,0.0,0.0,0.0,0.0,0.0,0.0,0.0,0.0,2.0,10.0,Abs:1;Add:2;Const:3;Mul:2;Neg:4;Pow:2;Var:1,16.0,15.0,425.0,640.0,1.506,50.0,2000.0,Quiesced,4.0,88.0,16.0,30.0,0.9,7.0,925696.0,913408.0,1.013,226.0,223.0,1.013,0.0,-47.53,ok,880.0,0.0,1.0,1.0,47.0,0.0,28.0,0.627,0.0,0.373,0.0,0.0,0.0,0.0,0.0,28719.0,constant-fold:25;commutative(Add):18;involution(Sub):11;fma-fusion:8;even-negation(Abs):7;halving:5;power-combine:4;power-sqrt:4;commutative(Mul):3;doubling:3,105,2,2,0,0.01904761904761905,0.0,0,2,0.0,1.0,0.0,1.0,0.0,0.0,1.0,1.0,1.0,0.6266666666666667,2.0,5.866666666666666,0.4666666666666667,1.0,0.0,0.0,0.0,58.666666666666664
bwd_band00_d2:21,bwd_bands,synthetic,64.0,64.0,13.0,13.0,1.0,21.0,0.0,0.0,0.0,0.0,0.0,0.0,0.0,0.0,0.0,0.0,0.0,0.0,3.0,8.0,Abs:1;Add:1;Atan2:1;Const:4;Mul:1;Neg:2;Pow:2;Var:1,13.0,13.0,489.0,581.0,1.188,50.0,2000.0,Quiesced,3.0,34.0,8.0,21.0,0.3,8.0,1155072.0,1155072.0,1.0,282.0,282.0,1.0,0.0,-42.33,ok,1264.0,0.0,4.0,4.0,10.0,0.0,99.0,0.092,0.0,0.908,0.0,0.0,0.0,0.0,0.0,101386.0,commutative(Add):9;power-combine:6;involution(Sub):5;commutative(Mul):5;even-negation(Abs):5;constant-fold:4,216,13,33,6,0.1527777777777778,0.027777777777777776,2,13,0.15384615384615385,0.8181818181818181,0.0,1.0,0.0,0.0,1.0,0.0,0.0,0.09174311926605505,1.6153846153846154,2.6153846153846154,0.6153846153846154,1.0,0.0,0.0,0.0,97.23076923076923
bwd_band00_d2:22,bwd_bands,synthetic,64.0,64.0,7.0,6.0,1.167,7.0,0.0,0.0,0.0,0.0,0.0,0.0,0.0,0.0,0.0,0.0,0.0,0.0,0.0,4.0,Add:1;Const:1;Min:1;Neg:2;Var:1,7.0,6.0,13.0,13.0,1.0,20.0,500.0,Quiesced,4.0,56.0,7.0,12.0,0.2,1.0,0.0,0.0,1.0,0.0,0.0,1.0,0.0,-100.0,ok,192.0,0.0,0.0,0.0,0.0,0.0,1.0,0.0,0.0,1.0,0.0,0.0,0.0,0.0,0.0,1024.0,constant-fold:13;commutative(Min):9;associative(Min):9;reverse-associative(Min):9;inverse-annihilation(Sub):7;commutative(Add):7;idempotent(Min):2,2,0,0,0,0.0,0.0,0,0,nan,nan,0.0,1.0,0.0,0.0,0.0,1.0,0.0,0.0,2.0,9.333333333333334,0.16666666666666666,1.0,0.0,0.0,0.0,32.0
bwd_band00_d2:23,bwd_bands,synthetic,64.0,64.0,11.0,11.0,1.0,11.0,0.0,0.0,0.0,0.0,0.0,0.0,0.0,0.0,0.0,0.0,0.0,0.0,2.0,8.0,Abs:1;Add:1;Atan2:1;Const:3;Neg:3;Pow:1;Var:1,11.0,11.0,291.0,291.0,1.0,50.0,2000.0,Quiesced,2.0,13.0,5.0,14.0,0.1,7.0,417792.0,417792.0,1.0,102.0,102.0,1.0,0.0,-64.95,ok,576.0,0.0,4.0,4.0,10.0,0.0,30.0,0.25,0.0,0.75,0.0,0.0,0.0,0.0,0.0,30730.0,involution(Sub):5;commutative(Add):3;even-negation(Abs):3;power-recip:2,78,9,29,6,0.3717948717948718,0.07692307692307693,2,9,0.2222222222222222,0.7931034482758621,0.0,1.0,0.0,0.0,1.0,0.0,0.0,0.25,1.2727272727272727,1.1818181818181819,0.6363636363636364,1.0,0.0,0.0,0.0,52.36363636363637
bwd_band01_d2:0,bwd_bands,synthetic,64.0,64.0,12.0,11.0,1.091,12.0,0.0,0.0,0.0,0.0,0.0,0.0,0.0,0.0,0.0,0.0,0.0,0.0,1.0,8.0,Abs:1;Add:1;Const:1;Log10:1;Max:1;Min:1;Neg:3;Var:2,12.0,11.0,156.0,156.0,1.0,50.0,2000.0,Quiesced,3.0,34.0,8.0,16.0,0.5,7.0,589824.0,589824.0,1.0,144.0,144.0,1.0,0.0,-7.69,ok,656.0,0.0,0.0,0.0,0.0,0.0,55.0,0.0,0.0,1.0,0.0,0.0,0.0,0.0,0.0,56320.0,involution(Sub):8;commutative(Min):7;commutative(Add):5;even-negation(Abs):5;idempotent(Max):3;associative(Max):3;reverse-associative(Max):3,110,4,4,0,0.03636363636363636,0.0,0,4,0.0,1.0,0.0,1.0,0.0,0.0,1.0,1.0,0.0,0.0,1.4545454545454546,3.090909090909091,0.6363636363636364,1.0,0.0,0.0,0.0,59.63636363636363
bwd_band01_d2:1,bwd_bands,synthetic,64.0,64.0,13.0,12.0,1.083,13.0,0.0,0.0,0.0,0.0,0.0,0.0,0.0,0.0,0.0,0.0,0.0,0.0,2.0,10.0,Abs:1;Add:1;Const:2;Exp2:1;Mul:1;Neg:4;Pow:1;Var:1,13.0,12.0,289.0,289.0,1.0,50.0,2000.0,Quiesced,2.0,18.0,7.0,16.0,0.4,7.0,6208.0,6208.0,1.0,97.0,97.0,1.0,0.0,-66.44,ok,448.0,0.0,1.0,0.0,0.0,28.0,0.0,0.0,1.0,0.0,0.0,1.0,1.0,0.0,1088.0,1792.0,involution(Sub):7;commutative(Add):3;commutative(Mul):3;even-negation(Abs):3;power-recip:2,30,0,0,0,0.0,0.0,0,0,nan,nan,0.0,1.0,0.0,0.0,1.0,1.0,0.0,1.0,1.3333333333333333,1.5,0.5833333333333334,1.0,0.0,0.0,0.0,37.333333333333336
bwd_band01_d2:2,bwd_bands,synthetic,64.0,64.0,19.0,17.0,1.118,19.0,0.0,0.0,0.0,0.0,0.0,0.0,0.0,0.0,0.0,0.0,0.0,0.0,2.0,9.0,Abs:2;Add:3;Const:3;Neg:6;Pow:2;Var:1,19.0,17.0,428.0,428.0,1.0,50.0,2000.0,Quiesced,4.0,90.0,15.0,28.0,0.9,9.0,1747.0,1747.0,1.0,46.0,46.0,1.0,0.0,-89.25,ok,256.0,0.0,2.0,0.0,3.0,6.0,0.0,0.333,0.667,0.0,1.0,2.0,1.0,0.0,1153.0,387.0,constant-fold:25;commutative(Add):25;involution(Sub):18;even-negation(Abs):14;power-recip:8,12,0,0,0,0.0,0.0,0,0,nan,nan,0.0,1.0,0.0,0.0,1.0,1.0,0.0,1.0,1.6470588235294117,5.294117647058823,0.5294117647058824,1.0,0.0,0.0,0.0,15.058823529411764
bwd_band01_d2:3,bwd_bands,synthetic,64.0,64.0,11.0,11.0,1.0,11.0,0.0,0.0,0.0,0.0,0.0,0.0,0.0,0.0,0.0,0.0,0.0,0.0,1.0,7.0,Abs:1;Add:2;Const:3;Ln:1;Mul:1;Neg:2;Var:1,11.0,11.0,150.0,150.0,1.0,50.0,2000.0,Quiesced,3.0,45.0,9.0,18.0,0.2,5.0,20608.0,20608.0,1.0,133.0,133.0,1.0,0.0,-11.33,ok,672.0,0.0,1.0,1.0,49.0,0.0,3.0,0.942,0.0,0.058,0.0,0.0,0.0,0.0,0.0,3121.0,constant-fold:14;commutative(Add):10;fma-fusion:6;involution(Sub):5;commutative(Mul):5;even-negation(Abs):5,57,2,2,0,0.03508771929824561,0.0,0,2,0.0,1.0,0.0,1.0,0.0,0.0,1.0,0.0,0.0,0.9423076923076923,1.6363636363636365,4.090909090909091,0.45454545454545453,1.0,0.0,0.0,0.0,61.09090909090909
bwd_band01_d2:4,bwd_bands,synthetic,64.0,64.0,7.0,7.0,1.0,7.0,0.0,0.0,0.0,0.0,0.0,0.0,0.0,0.0,0.0,0.0,0.0,0.0,1.0,7.0,Abs:1;Neg:4;Tan:1;Var:1,7.0,7.0,102.0,102.0,1.0,20.0,500.0,Quiesced,2.0,10.0,4.0,8.0,0.1,3.0,5760.0,5760.0,1.0,90.0,90.0,1.0,0.0,-11.76,ok,720.0,0.0,1.0,0.0,0.0,75.0,0.0,0.0,1.0,0.0,0.0,1.0,1.0,0.0,1088.0,4800.0,involution(Sub):7;even-negation(Abs):3,77,2,64,0,0.8311688311688312,0.0,0,2,0.0,1.0,0.0,1.0,0.0,0.0,1.0,0.0,0.0,1.0,1.1428571428571428,1.4285714285714286,0.42857142857142855,1.0,0.0,0.0,0.0,102.85714285714286
bwd_band01_d2:5,bwd_bands,synthetic,64.0,64.0,10.0,10.0,1.0,10.0,0.0,0.0,0.0,0.0,0.0,0.0,0.0,0.0,0.0,0.0,0.0,0.0,2.0,9.0,Abs:1;Const:1;Cos:1;Neg:5;Pow:1;Var:1,10.0,10.0,289.0,289.0,1.0,20.0,500.0,Quiesced,2.0,16.0,6.0,13.0,0.1,4.0,5952.0,5952.0,1.0,93.0,93.0,1.0,0.0,-67.82,ok,560.0,0.0,1.0,0.0,0.0,41.0,0.0,0.0,1.0,0.0,0.0,1.0,1.0,0.0,1088.0,2624.0,involution(Sub):8;even-negation(Cos):3;even-negation(Abs):3;power-sqrt:2,43,1,34,0,0.7906976744186046,0.0,0,1,0.0,1.0,0.0,1.0,0.0,0.0,1.0,0.0,0.0,1.0,1.3,1.6,0.4,1.0,0.0,0.0,0.0,56.0
bwd_band01_d2:6,bwd_bands,synthetic,64.0,64.0,17.0,16.0,1.062,17.0,0.0,0.0,0.0,0.0,0.0,0.0,0.0,0.0,0.0,0.0,0.0,0.0,3.0,8.0,Abs:2;Add:3;Const:4;Ln:1;Neg:3;Pow:2;Var:1,17.0,16.0,547.0,547.0,1.0,50.0,2000.0,Quiesced,4.0,59.0,11.0,25.0,0.7,9.0,581648.0,581648.0,1.0,158.0,158.0,1.0,0.0,-71.12,ok,688.0,0.0,1.0,1.0,2.0,0.0,54.0,0.036,0.0,0.964,0.0,0.0,0.0,0.0,0.0,55298.0,commutative(Add):21;constant-fold:12;involution(Sub):7;even-negation(Abs):7;power-sqrt:4;power-recip:4;recip-sqrt:4,112,4,4,0,0.03571428571428571,0.0,0,4,0.0,1.0,0.0,1.0,0.0,0.0,1.0,1.0,0.0,0.03571428571428571,1.5625,3.6875,0.5625,1.0,0.0,0.0,0.0,43.0
bwd_band01_d2:7,bwd_bands,synthetic,64.0,64.0,13.0,12.0,1.083,13.0,0.0,0.0,0.0,0.0,0.0,0.0,0.0,0.0,0.0,0.0,0.0,0.0,2.0,10.0,Abs:2;Add:2;Const:2;Log2:1;Neg:3;Pow:1;Var:1,13.0,12.0,341.0,341.0,1.0,50.0,2000.0,Quiesced,3.0,30.0,7.0,16.0,0.2,7.0,1331200.0,1331200.0,1.0,325.0,325.0,1.0,0.0,-4.69,ok,1120.0,0.0,1.0,1.0,47.0,0.0,73.0,0.392,0.0,0.608,0.0,0.0,0.0,0.0,0.0,74799.0,commutative(Add):10;involution(Sub):8;constant-fold:7;even-negation(Abs):5,195,6,6,0,0.03076923076923077,0.0,0,6,0.0,1.0,0.0,1.0,0.0,0.0,1.0,1.0,0.0,0.39166666666666666,1.3333333333333333,2.5,0.5833333333333334,1.0,0.0,0.0,0.0,93.33333333333333
bwd_band01_d2:8,bwd_bands,synthetic,64.0,64.0,12.0,11.0,1.091,12.0,0.0,0.0,0.0,0.0,0.0,0.0,0.0,0.0,0.0,0.0,0.0,0.0,2.0,10.0,Abs:2;Const:1;Neg:5;Pow:2;Var:1,12.0,11.0,413.0,413.0,1.0,50.0,2000.0,Quiesced,2.0,16.0,7.0,15.0,0.1,5.0,2304.0,2304.0,1.0,36.0,36.0,1.0,0.0,-91.28,ok,184.0,0.0,1.0,0.0,0.0,5.0,0.0,0.0,1.0,0.0,0.0,1.0,1.0,0.0,1088.0,320.0,involution(Sub):7;even-negation(Abs):5;power-sqrt:4,7,0,0,0,0.0,0.0,0,0,nan,nan,0.0,1.0,0.0,0.0,1.0,1.0,0.0,1.0,1.3636363636363635,1.4545454545454546,0.45454545454545453,1.0,0.0,0.0,0.0,16.727272727272727
bwd_band01_d2:9,bwd_bands,synthetic,64.0,64.0,15.0,15.0,1.0,17.0,0.0,0.0,0.0,0.0,0.0,0.0,0.0,0.0,0.0,0.0,0.0,0.0,2.0,10.0,Abs:1;Add:2;Const:4;Mul:2;Neg:3;Pow:2;Var:1,15.0,15.0,422.0,422.0,1.0,50.0,2000.0,Quiesced,2.0,24.0,10.0,23.0,0.2,8.0,2752.0,2752.0,1.0,43.0,43.0,1.0,0.0,-89.81,ok,240.0,0.0,1.0,0.0,0.0,8.0,0.0,0.0,1.0,0.0,0.0,1.0,1.0,0.0,1088.0,512.0,commutative(Add):6;involution(Sub):5;fma-fusion:4;even-negation(Abs):3;constant-fold:2;power-sqrt:2;power-recip:2,10,0,0,0,0.0,0.0,0,0,nan,nan,0.0,1.0,0.0,0.0,1.0,0.0,0.0,1.0,1.5333333333333334,1.6,0.5333333333333333,1.0,0.0,0.0,0.0,16.0
bwd_band01_d2:10,bwd_bands,synthetic,64.0,64.0,15.0,14.0,1.071,25.0,0.0,0.0,0.0,0.0,0.0,0.0,0.0,0.0,0.0,0.0,0.0,0.0,2.0,10.0,Abs:1;Add:2;Const:2;Mul:1;Neg:4;Pow:2;Var:2,15.0,14.0,420.0,443.0,1.055,50.0,2000.0,Quiesced,3.0,47.0,11.0,24.0,1.0,9.0,848128.0,848128.0,1.0,211.0,211.0,1.0,0.0,-49.76,ok,896.0,0.0,1.0,1.0,0.0,3.0,74.0,0.0,0.039,0.961,0.0,0.0,0.0,0.0,0.0,75968.0,involution(Sub):11;commutative(Add):9;commutative(Mul):8;power-combine:6;halving:5;even-negation(Abs):5;doubling:3,153,4,4,0,0.026143790849673203,0.0,0,4,0.0,1.0,0.0,1.0,0.0,0.0,1.0,1.0,0.0,0.03896103896103896,1.7142857142857142,3.357142857142857,0.6428571428571429,1.0,0.0,0.0,0.0,64.0
bwd_band01_d2:11,bwd_bands,synthetic,64.0,64.0,18.0,13.0,1.385,18.0,0.0,0.0,0.0,0.0,0.0,0.0,0.0,0.0,0.0,0.0,0.0,0.0,2.0,10.0,Abs:1;Add:2;Const:2;Cos:1;Mul:1;Neg:4;Pow:1;Var:1,18.0,13.0,299.0,308.0,1.03,50.0,2000.0,Quiesced,2.0,28.0,10.0,20.0,0.4,7.0,421888.0,421888.0,1.0,103.0,103.0,1.0,0.0,-65.55,ok,656.0,0.0,0.0,0.0,0.0,0.0,44.0,0.0,0.0,1.0,0.0,0.0,0.0,0.0,0.0,45056.0,involution(Sub):7;commutative(Add):6;fma-fusion:4;commutative(Mul):3;even-negation(Cos):3;even-negation(Abs):3;power-recip:2,88,2,68,66,0.7727272727272727,0.75,2,2,1.0,0.02941176470588236,0.0,1.0,0.0,0.0,1.0,1.0,0.0,0.0,1.5384615384615385,2.1538461538461537,0.5384615384615384,1.0,0.0,0.0,0.0,50.46153846153846
bwd_band01_d2:12,bwd_bands,synthetic,64.0,64.0,14.0,13.0,1.077,14.0,0.0,0.0,0.0,0.0,0.0,0.0,0.0,0.0,0.0,0.0,0.0,0.0,1.0,9.0,Abs:1;Add:2;Const:2;Mul:1;Neg:4;Pow:1;Var:2,14.0,13.0,224.0,224.0,1.0,50.0,2000.0,Quiesced,2.0,23.0,8.0,19.0,0.4,8.0,34240.0,34240.0,1.0,31.0,31.0,1.0,0.0,-86.16,ok,224.0,0.0,1.0,1.0,0.0,5.0,3.0,0.0,0.625,0.375,0.0,0.0,0.0,0.0,0.0,3392.0,commutative(Add):6;involution(Sub):5;fma-fusion:4;commutative(Mul):3;even-negation(Abs):3;power-recip:2,13,0,0,0,0.0,0.0,0,0,nan,nan,0.0,1.0,0.0,0.0,1.0,1.0,0.0,0.625,1.4615384615384615,1.7692307692307692,0.6153846153846154,1.0,0.0,0.0,0.0,17.23076923076923
bwd_band01_d2:13,bwd_bands,synthetic,64.0,64.0,9.0,9.0,1.0,9.0,0.0,0.0,0.0,0.0,0.0,0.0,0.0,0.0,0.0,0.0,0.0,0.0,1.0,6.0,Add:2;Const:1;Cos:1;Neg:3;Var:2,9.0,9.0,92.0,92.0,1.0,20.0,500.0,Quiesced,3.0,50.0,11.0,20.0,0.6,6.0,21440.0,21440.0,1.0,83.0,83.0,1.0,0.0,-9.78,ok,576.0,0.0,1.0,1.0,0.0,41.0,2.0,0.0,0.953,0.047,0.0,0.0,0.0,0.0,0.0,4672.0,commutative(Add):22;involution(Sub):8;reverse-associative(Add):8;associative(Add):7;even-negation(Cos):5,47,1,34,0,0.723404255319149,0.0,0,1,0.0,1.0,0.0,1.0,0.0,0.0,1.0,0.0,0.0,0.9534883720930233,2.2222222222222223,5.555555555555555,0.6666666666666666,1.0,0.0,0.0,0.0,64.0
bwd_band01_d2:14,bwd_bands,synthetic,64.0,64.0,17.0,17.0,1.0,17.0,0.0,0.0,0.0,0.0,0.0,0.0,0.0,0.0,0.0,0.0,0.0,0.0,2.0,8.0,Abs:2;Add:2;Const:4;Neg:6;Pow:2;Var:1,17.0,17.0,424.0,424.0,1.0,50.0,2000.0,Quiesced,4.0,79.0,14.0,26.0,0.6,7.0,1728.0,1728.0,1.0,27.0,27.0,1.0,0.0,-93.63,ok,240.0,0.0,1.0,0.0,0.0,7.0,0.0,0.0,1.0,0.0,0.0,1.0,1.0,0.0,1088.0,448.0,involution(Sub):22;constant-fold:21;commutative(Add):14;even-negation(Abs):14;power-sqrt:4;power-recip:4,9,0,0,0,0.0,0.0,0,0,nan,nan,0.0,1.0,0.0,0.0,1.0,0.0,0.0,1.0,1.5294117647058822,4.647058823529412,0.4117647058823529,1.0,0.0,0.0,0.0,14.117647058823529
bwd_band01_d2:15,bwd_bands,synthetic,64.0,64.0,18.0,17.0,1.059,18.0,0.0,0.0,0.0,0.0,0.0,0.0,0.0,0.0,0.0,0.0,0.0,0.0,2.0,15.0,Abs:2;Add:2;Const:2;Ln:1;Neg:8;Pow:1;Var:1,18.0,17.0,362.0,362.0,1.0,50.0,2000.0,Quiesced,2.0,28.0,11.0,22.0,0.4,8.0,10112.0,10112.0,1.0,158.0,158.0,1.0,0.0,-56.35,ok,672.0,0.0,1.0,0.0,0.0,55.0,0.0,0.0,1.0,0.0,0.0,1.0,1.0,0.0,1088.0,3520.0,involution(Sub):14;commutative(Add):6;even-negation(Abs):6;power-recip:2,57,2,2,0,0.03508771929824561,0.0,0,2,0.0,1.0,0.0,1.0,0.0,0.0,1.0,1.0,0.0,1.0,1.2941176470588236,1.6470588235294117,0.47058823529411764,1.0,0.0,0.0,0.0,39.529411764705884
bwd_band01_d2:16,bwd_bands,synthetic,64.0,64.0,12.0,12.0,1.0,12.0,0.0,0.0,0.0,0.0,0.0,0.0,0.0,0.0,0.0,0.0,0.0,0.0,1.0,7.0,Abs:1;Cos:1;Mul:1;Neg:7;Var:2,12.0,12.0,104.0,104.0,1.0,50.0,2000.0,Quiesced,2.0,21.0,8.0,15.0,0.1,5.0,37568.0,37568.0,1.0,83.0,83.0,1.0,0.0,-20.19,ok,560.0,0.0,1.0,1.0,0.0,39.0,3.0,0.0,0.929,0.071,0.0,0.0,0.0,0.0,0.0,5568.0,involution(Sub):12;commutative(Mul):3;even-negation(Cos):3;even-negation(Abs):3,47,1,34,0,0.723404255319149,0.0,0,1,0.0,1.0,0.0,1.0,0.0,0.0,1.0,0.0,0.0,0.9285714285714286,1.25,1.75,0.4166666666666667,1.0,0.0,0.0,0.0,46.666666666666664
bwd_band01_d2:17,bwd_bands,synthetic,64.0,64.0,17.0,16.0,1.062,17.0,0.0,0.0,0.0,0.0,0.0,0.0,0.0,0.0,0.0,0.0,0.0,0.0,2.0,14.0,Abs:2;Add:2;Const:2;Log2:1;Neg:7;Pow:1;Var:1,17.0,16.0,353.0,353.0,1.0,50.0,2000.0,Quiesced,2.0,26.0,10.0,21.0,0.2,8.0,9728.0,9728.0,1.0,152.0,152.0,1.0,0.0,-56.94,ok,656.0,0.0,1.0,0.0,0.0,53.0,0.0,0.0,1.0,0.0,0.0,1.0,1.0,0.0,1088.0,3392.0,involution(Sub):12;commutative(Add):6;even-negation(Abs):6;power-recip:2,55,2,2,0,0.03636363636363636,0.0,0,2,0.0,1.0,0.0,1.0,0.0,0.0,1.0,1.0,0.0,1.0,1.3125,1.625,0.5,1.0,0.0,0.0,0.0,41.0
bwd_band01_d2:18,bwd_bands,synthetic,64.0,64.0,22.0,19.0,1.158,22.0,0.0,0.0,0.0,0.0,0.0,0.0,0.0,0.0,0.0,0.0,0.0,0.0,2.0,15.0,Abs:2;Add:2;Const:3;Min:1;Mul:1;Neg:7;Pow:2;Var:1,22.0,19.0,435.0,435.0,1.0,50.0,2000.0,Quiesced,3.0,75.0,15.0,27.0,0.3,8.0,851984.0,851984.0,1.0,224.0,224.0,1.0,0.0,-48.51,ok,912.0,0.0,1.0,1.0,2.0,0.0,74.0,0.026,0.0,0.974,0.0,0.0,0.0,0.0,0.0,75778.0,involution(Sub):19;constant-fold:19;commutative(Add):10;even-negation(Abs):10;commutative(Mul):5;idempotent(Min):3;associative(Min):3;reverse-associative(Min):3;power-recip:3,152,4,4,0,0.02631578947368421,0.0,0,4,0.0,1.0,0.0,1.0,0.0,0.0,1.0,1.0,0.0,0.02631578947368421,1.4210526315789473,3.9473684210526314,0.42105263157894735,1.0,0.0,0.0,0.0,48.0
bwd_band01_d2:19,bwd_bands,synthetic,64.0,64.0,17.0,16.0,1.062,17.0,0.0,0.0,0.0,0.0,0.0,0.0,0.0,0.0,0.0,0.0,0.0,0.0,2.0,15.0,Abs:2;Add:2;Const:1;Ln:1;Log2:1;Neg:8;Var:1,17.0,16.0,288.0,288.0,1.0,50.0,2000.0,Quiesced,2.0,26.0,10.0,20.0,0.2,8.0,16896.0,16896.0,1.0,264.0,264.0,1.0,0.0,-8.33,ok,896.0,0.0,1.0,0.0,0.0,100.0,0.0,0.0,1.0,0.0,0.0,1.0,1.0,0.0,1088.0,6400.0,involution(Sub):14;commutative(Add):6;even-negation(Abs):6,102,4,4,0,0.0392156862745098,0.0,0,4,0.0,1.0,0.0,1.0,0.0,0.0,1.0,1.0,0.0,1.0,1.25,1.625,0.5,1.0,0.0,0.0,0.0,56.0
bwd_band01_d2:20,bwd_bands,synthetic,64.0,64.0,17.0,17.0,1.0,29.0,0.0,0.0,0.0,0.0,0.0,0.0,0.0,0.0,0.0,0.0,0.0,0.0,2.0,9.0,Abs:1;Add:4;Const:4;Log2:1;Mul:3;Neg:2;Pow:1;Var:1,17.0,17.0,358.0,497.0,1.388,50.0,2000.0,Quiesced,6.0,2057.0,210.0,254.0,6.0,8.0,1138688.0,610304.0,1.866,278.0,149.0,1.866,0.0,-58.38,ok,656.0,0.0,0.0,0.0,0.0,0.0,54.0,0.0,0.0,1.0,0.0,0.0,0.0,0.0,0.0,55296.0,fma-fusion:487;commutative(Add):413;constant-fold:376;reverse-associative(Add):245;associative(Add):222;commutative(Mul):94;factor:76;distribute:41;halving:26;doubling:19;associative(Mul):16;reverse-associative(Mul):14;involution(Sub):11;even-negation(Abs):11;power-sqrt:6,108,4,4,0,0.037037037037037035,0.0,0,4,0.0,1.0,0.0,1.0,0.0,0.0,1.0,0.0,1.0,0.0,14.941176470588236,121.0,0.47058823529411764,1.0,0.0,0.0,0.0,38.588235294117645
bwd_band01_d2:21,bwd_bands,synthetic,64.0,64.0,10.0,10.0,1.0,10.0,0.0,0.0,0.0,0.0,0.0,0.0,0.0,0.0,0.0,0.0,0.0,0.0,1.0,9.0,Abs:1;Add:1;Const:1;Log2:1;Neg:5;Var:1,10.0,10.0,144.0,144.0,1.0,20.0,500.0,Quiesced,2.0,15.0,6.0,12.0,0.2,5.0,528384.0,528384.0,1.0,129.0,129.0,1.0,0.0,-10.42,ok,624.0,0.0,0.0,0.0,0.0,0.0,51.0,0.0,0.0,1.0,0.0,0.0,0.0,0.0,0.0,52224.0,involution(Sub):9;commutative(Add):3;even-negation(Abs):3,102,4,4,0,0.0392156862745098,0.0,0,4,0.0,1.0,0.0,1.0,0.0,0.0,1.0,0.0,0.0,0.0,1.2,1.5,0.5,1.0,0.0,0.0,0.0,62.4
bwd_band01_d2:22,bwd_bands,synthetic,64.0,64.0,14.0,14.0,1.0,14.0,0.0,0.0,0.0,0.0,0.0,0.0,0.0,0.0,0.0,0.0,0.0,0.0,2.0,10.0,Abs:1;Add:2;Const:4;Neg:4;Pow:2;Var:1,14.0,14.0,415.0,415.0,1.0,50.0,2000.0,Quiesced,2.0,22.0,9.0,21.0,0.2,7.0,131072.0,131072.0,1.0,32.0,32.0,1.0,0.0,-92.29,ok,240.0,0.0,0.0,0.0,0.0,0.0,7.0,0.0,0.0,1.0,0.0,0.0,0.0,0.0,0.0,7168.0,commutative(Add):6;involution(Sub):5;even-negation(Abs):3;constant-fold:2;power-sqrt:2;power-recip:2;recip-sqrt:2,14,0,0,0,0.0,0.0,0,0,nan,nan,0.0,1.0,0.0,0.0,1.0,0.0,0.0,0.0,1.5,1.5714285714285714,0.5,1.0,0.0,0.0,0.0,17.142857142857142
bwd_band01_d2:23,bwd_bands,synthetic,64.0,64.0,7.0,7.0,1.0,7.0,0.0,0.0,0.0,0.0,0.0,0.0,0.0,0.0,0.0,0.0,0.0,0.0,1.0,5.0,Abs:1;Const:2;Min:1;Neg:1;Pow:1;Var:1,7.0,7.0,205.0,205.0,1.0,20.0,500.0,Quiesced,2.0,7.0,3.0,10.0,0.1,5.0,1344.0,1344.0,1.0,21.0,21.0,1.0,0.0,-89.76,ok,208.0,0.0,1.0,0.0,0.0,5.0,0.0,0.0,1.0,0.0,0.0,1.0,1.0,0.0,1088.0,320.0,commutative(Min):3;even-negation(Abs):2;power-sqrt:2,7,0,0,0,0.0,0.0,0,0,nan,nan,0.0,1.0,0.0,0.0,1.0,0.0,0.0,1.0,1.4285714285714286,1.0,0.7142857142857143,1.0,0.0,0.0,0.0,29.714285714285715
bwd_band02_d3:0,bwd_bands,synthetic,64.0,64.0,21.0,19.0,1.105,21.0,0.0,0.0,0.0,0.0,0.0,0.0,0.0,0.0,0.0,0.0,0.0,0.0,4.0,10.0,Abs:2;Add:2;Const:2;Cos:1;Neg:8;Pow:2;Sin:1;Var:1,21.0,19.0,575.0,575.0,1.0,50.0,2000.0,Quiesced,3.0,55.0,13.0,27.0,0.3,10.0,1519616.0,1519616.0,1.0,371.0,371.0,1.0,0.0,-35.48,ok,1552.0,0.0,0.0,0.0,0.0,0.0,150.0,0.0,0.0,1.0,0.0,0.0,0.0,0.0,0.0,153600.0,involution(Sub):22;commutative(Add):10;even-negation(Abs):10;odd-negation(Sin):5;even-negation(Cos):5;power-recip:3,300,8,132,124,0.44,0.41333333333333333,4,8,0.5,0.06060606060606055,0.0,1.0,0.0,0.0,1.0,1.0,0.0,0.0,1.4210526315789473,2.8947368421052633,0.5263157894736842,1.0,0.0,0.0,0.0,81.6842105263158
bwd_band02_d3:1,bwd_bands,synthetic,64.0,64.0,13.0,11.0,1.182,13.0,0.0,0.0,0.0,0.0,0.0,0.0,0.0,0.0,0.0,0.0,0.0,0.0,1.0,10.0,Abs:1;Add:3;Const:1;Ln:1;Neg:4;Var:1,13.0,11.0,155.0,155.0,1.0,50.0,2000.0,Quiesced,3.0,34.0,7.0,17.0,0.2,8.0,598016.0,598016.0,1.0,146.0,146.0,1.0,0.0,-5.81,ok,672.0,0.0,0.0,0.0,0.0,0.0,56.0,0.0,0.0,1.0,0.0,0.0,0.0,0.0,0.0,57344.0,commutative(Add):10;involution(Sub):8;halving:5;even-negation(Abs):5;commutative(Mul):3;doubling:3,112,4,4,0,0.03571428571428571,0.0,0,4,0.0,1.0,0.0,1.0,0.0,0.0,1.0,1.0,0.0,0.0,1.5454545454545454,3.090909090909091,0.7272727272727273,1.0,0.0,0.0,0.0,61.09090909090909
bwd_band02_d3:2,bwd_bands,synthetic,64.0,64.0,11.0,11.0,1.0,11.0,0.0,0.0,0.0,0.0,0.0,0.0,0.0,0.0,0.0,0.0,0.0,0.0,2.0,8.0,Abs:1;Add:2;Const:2;Log2:1;Neg:3;Tan:1;Var:1,11.0,11.0,229.0,229.0,1.0,50.0,2000.0,Quiesced,2.0,12.0,4.0,14.0,0.1,9.0,557143.0,557143.0,1.0,223.0,223.0,1.0,0.0,-2.62,ok,1200.0,0.0,1.0,1.0,74.0,0.0,52.0,0.587,0.0,0.413,0.0,0.0,0.0,0.0,0.0,53322.0,commutative(Add):6;involution(Sub):3;even-negation(Abs):3,180,6,68,0,0.37777777777777777,0.0,0,6,0.0,1.0,0.0,1.0,0.0,0.0,1.0,0.0,0.0,0.5873015873015873,1.2727272727272727,1.0909090909090908,0.8181818181818182,1.0,0.0,0.0,0.0,109.0909090909091
bwd_band02_d3:3,bwd_bands,synthetic,64.0,64.0,11.0,10.0,1.1,11.0,0.0,0.0,0.0,0.0,0.0,0.0,0.0,0.0,0.0,0.0,0.0,0.0,1.0,6.0,Abs:1;Add:1;Const:3;Mul:2;Neg:1;Pow:1;Var:1,11.0,10.0,216.0,216.0,1.0,50.0,2000.0,Quiesced,3.0,48.0,11.0,23.0,0.3,8.0,135168.0,135168.0,1.0,33.0,33.0,1.0,0.0,-84.72,ok,240.0,0.0,0.0,0.0,0.0,0.0,8.0,0.0,0.0,1.0,0.0,0.0,0.0,0.0,0.0,8192.0,commutative(Mul):22;reverse-associative(Mul):8;associative(Mul):7;commutative(Add):5;even-negation(Abs):3;power-recip:3,16,0,0,0,0.0,0.0,0,0,nan,nan,0.0,1.0,0.0,0.0,1.0,1.0,0.0,0.0,2.3,4.8,0.8,1.0,0.0,0.0,0.0,24.0
bwd_band02_d3:4,bwd_bands,synthetic,64.0,64.0,7.0,6.0,1.167,7.0,0.0,0.0,0.0,0.0,0.0,0.0,0.0,0.0,0.0,0.0,0.0,0.0,0.0,6.0,Abs:1;Min:1;Neg:3;Var:1,7.0,6.0,15.0,15.0,1.0,20.0,500.0,Quiesced,2.0,14.0,4.0,7.0,0.1,2.0,12288.0,12288.0,1.0,3.0,3.0,1.0,0.0,-80.0,ok,164.0,0.0,0.0,0.0,0.0,0.0,2.0,0.0,0.0,1.0,0.0,0.0,0.0,0.0,0.0,2048.0,involution(Sub):5;even-negation(Abs):3;idempotent(Min):2;associative(Min):2;reverse-associative(Min):2,4,0,0,0,0.0,0.0,0,0,nan,nan,0.0,1.0,0.0,0.0,0.0,1.0,0.0,0.0,1.1666666666666667,2.3333333333333335,0.3333333333333333,1.0,0.0,0.0,0.0,27.333333333333332
bwd_band02_d3:5,bwd_bands,synthetic,64.0,64.0,33.0,29.0,1.138,33.0,0.0,0.0,0.0,0.0,0.0,0.0,0.0,0.0,0.0,0.0,0.0,0.0,4.0,15.0,Abs:4;Add:4;Const:3;Log2:1;Neg:13;Pow:3;Var:1,33.0,29.0,777.0,777.0,1.0,50.0,2000.0,Quiesced,4.0,137.0,23.0,42.0,0.6,13.0,2277376.0,2277376.0,1.0,556.0,556.0,1.0,0.0,-28.44,ok,1488.0,0.0,1.0,1.0,47.0,0.0,147.0,0.242,0.0,0.758,0.0,0.0,0.0,0.0,0.0,150575.0,involution(Sub):48;commutative(Add):32;even-negation(Abs):28;constant-fold:25;power-rsqrt:4,343,10,10,0,0.029154518950437316,0.0,0,10,0.0,1.0,0.0,1.0,0.0,0.0,1.0,1.0,0.0,0.2422680412371134,1.4482758620689655,4.724137931034483,0.4482758620689655,1.0,0.0,0.0,0.0,51.310344827586206
bwd_band02_d3:6,bwd_bands,synthetic,64.0,64.0,10.0,10.0,1.0,10.0,0.0,0.0,0.0,0.0,0.0,0.0,0.0,0.0,0.0,0.0,0.0,0.0,2.0,8.0,Abs:1;Add:1;Const:2;Neg:3;Pow:1;Tan:1;Var:1,10.0,10.0,299.0,299.0,1.0,20.0,500.0,Quiesced,2.0,13.0,5.0,13.0,0.1,6.0,450560.0,450560.0,1.0,110.0,110.0,1.0,0.0,-63.21,ok,864.0,0.0,0.0,0.0,0.0,0.0,78.0,0.0,0.0,1.0,0.0,0.0,0.0,0.0,0.0,79872.0,involution(Sub):5;commutative(Add):3;even-negation(Abs):3;power-recip:2,156,4,128,124,0.8205128205128205,0.7948717948717948,4,4,1.0,0.03125,0.0,1.0,0.0,0.0,1.0,0.0,0.0,0.0,1.3,1.3,0.6,1.0,0.0,0.0,0.0,86.4
bwd_band02_d3:7,bwd_bands,synthetic,64.0,64.0,13.0,12.0,1.083,13.0,0.0,0.0,0.0,0.0,0.0,0.0,0.0,0.0,0.0,0.0,0.0,0.0,2.0,11.0,Abs:2;Atan2:1;Const:1;Neg:6;Pow:1;Var:1,13.0,12.0,299.0,299.0,1.0,50.0,2000.0,Quiesced,2.0,18.0,7.0,15.0,0.1,5.0,409600.0,409600.0,1.0,100.0,100.0,1.0,0.0,-66.56,ok,528.0,0.0,2.0,2.0,4.0,0.0,33.0,0.108,0.0,0.892,0.0,0.0,0.0,0.0,0.0,33796.0,involution(Sub):10;even-negation(Abs):6;power-sqrt:2,74,10,36,8,0.4864864864864865,0.10810810810810811,2,10,0.2,0.7777777777777778,0.0,1.0,0.0,0.0,1.0,1.0,0.0,0.10810810810810811,1.25,1.5,0.4166666666666667,1.0,0.0,0.0,0.0,44.0
bwd_band02_d3:8,bwd_bands,synthetic,64.0,64.0,15.0,14.0,1.071,15.0,0.0,0.0,0.0,0.0,0.0,0.0,0.0,0.0,0.0,0.0,0.0,0.0,3.0,13.0,Abs:2;Add:2;Const:1;Log10:1;Log2:1;Neg:5;Tan:1;Var:1,15.0,14.0,372.0,372.0,1.0,50.0,2000.0,Quiesced,2.0,20.0,7.0,18.0,0.2,9.0,1462272.0,1462272.0,1.0,357.0,357.0,1.0,0.0,-4.03,ok,1552.0,0.0,0.0,0.0,0.0,0.0,175.0,0.0,0.0,1.0,0.0,0.0,0.0,0.0,0.0,179200.0,involution(Sub):8;commutative(Add):6;even-negation(Abs):6,350,12,136,124,0.38857142857142857,0.35428571428571426,4,12,0.3333333333333333,0.08823529411764708,0.0,1.0,0.0,0.0,1.0,1.0,0.0,0.0,1.2857142857142858,1.4285714285714286,0.6428571428571429,1.0,0.0,0.0,0.0,110.85714285714286
bwd_band02_d3:9,bwd_bands,synthetic,64.0,64.0,20.0,17.0,1.176,20.0,0.0,0.0,0.0,0.0,0.0,0.0,0.0,0.0,0.0,0.0,0.0,0.0,2.0,10.0,Abs:2;Add:3;Const:2;Log10:1;Max:1;Neg:6;Pow:1;Var:1,20.0,17.0,369.0,369.0,1.0,50.0,2000.0,Quiesced,2.0,28.0,10.0,23.0,0.2,11.0,1437696.0,1437696.0,1.0,351.0,351.0,1.0,0.0,-4.88,ok,1168.0,0.0,0.0,0.0,0.0,0.0,129.0,0.0,0.0,1.0,0.0,0.0,0.0,0.0,0.0,132096.0,involution(Sub):10;commutative(Add):9;even-negation(Abs):6;commutative(Max):3,258,8,8,0,0.031007751937984496,0.0,0,8,0.0,1.0,0.0,1.0,0.0,0.0,1.0,1.0,0.0,0.0,1.3529411764705883,1.6470588235294117,0.6470588235294118,1.0,0.0,0.0,0.0,68.70588235294117
bwd_band02_d3:10,bwd_bands,synthetic,64.0,64.0,18.0,14.0,1.286,25.0,0.0,0.0,0.0,0.0,0.0,0.0,0.0,0.0,0.0,0.0,0.0,0.0,2.0,13.0,Abs:2;Add:2;Const:1;Log2:1;Mul:1;Neg:5;Pow:1;Var:1,18.0,14.0,352.0,564.0,1.602,50.0,2000.0,Quiesced,4.0,61.0,10.0,23.0,0.4,9.0,1376256.0,1376256.0,1.0,336.0,336.0,1.0,0.0,-4.55,ok,1120.0,0.0,0.0,0.0,0.0,0.0,125.0,0.0,0.0,1.0,0.0,0.0,0.0,0.0,0.0,128000.0,involution(Sub):18;commutative(Add):14;even-negation(Abs):14;halving:5;power-combine:4;commutative(Mul):3;doubling:3,250,8,8,0,0.032,0.0,0,8,0.0,1.0,0.0,1.0,0.0,0.0,1.0,1.0,0.0,0.0,1.6428571428571428,4.357142857142857,0.6428571428571429,1.0,0.0,0.0,0.0,80.0
bwd_band02_d3:11,bwd_bands,synthetic,64.0,64.0,22.0,18.0,1.222,22.0,0.0,0.0,0.0,0.0,0.0,0.0,0.0,0.0,0.0,0.0,0.0,0.0,3.0,10.0,Abs:2;Add:3;Const:2;Max:1;Neg:6;Pow:2;Sin:1;Var:1,22.0,18.0,501.0,501.0,1.0,50.0,2000.0,Quiesced,3.0,58.0,14.0,28.0,0.3,11.0,1261568.0,1261568.0,1.0,308.0,308.0,1.0,0.0,-38.52,ok,1312.0,0.0,0.0,0.0,0.0,0.0,114.0,0.0,0.0,1.0,0.0,0.0,0.0,0.0,0.0,116736.0,commutative(Add):17;involution(Sub):14;even-negation(Abs):10;odd-negation(Sin):5;idempotent(Max):3;associative(Max):3;reverse-associative(Max):3;power-rsqrt:3,228,6,64,58,0.2807017543859649,0.2543859649122807,2,6,0.3333333333333333,0.09375,0.0,1.0,0.0,0.0,1.0,1.0,0.0,0.0,1.5555555555555556,3.2222222222222223,0.6111111111111112,1.0,0.0,0.0,0.0,72.88888888888889
bwd_band02_d3:12,bwd_bands,synthetic,64.0,64.0,22.0,21.0,1.048,22.0,0.0,0.0,0.0,0.0,0.0,0.0,0.0,0.0,0.0,0.0,0.0,0.0,4.0,17.0,Abs:2;Add:2;Const:4;Cos:1;Neg:8;Pow:3;Var:1,22.0,21.0,701.0,701.0,1.0,50.0,2000.0,Quiesced,2.0,34.0,14.0,30.0,0.2,9.0,536576.0,536576.0,1.0,131.0,131.0,1.0,0.0,-81.31,ok,672.0,0.0,0.0,0.0,0.0,0.0,46.0,0.0,0.0,1.0,0.0,0.0,0.0,0.0,0.0,47104.0,involution(Sub):12;commutative(Add):6;even-negation(Abs):6;even-negation(Cos):2;power-sqrt:2;power-recip:2;power-rsqrt:2;recip-sqrt:2,92,2,68,66,0.7391304347826086,0.717391304347826,2,2,1.0,0.02941176470588236,0.0,1.0,0.0,0.0,1.0,1.0,0.0,0.0,1.4285714285714286,1.619047619047619,0.42857142857142855,1.0,0.0,0.0,0.0,32.0
bwd_band02_d3:13,bwd_bands,synthetic,64.0,64.0,13.0,8.0,1.625,21.0,0.0,0.0,0.0,0.0,0.0,0.0,0.0,0.0,0.0,0.0,0.0,0.0,1.0,6.0,Add:1;Const:1;Max:2;Mul:2;Pow:1;Var:1,13.0,8.0,216.0,228.0,1.056,50.0,2000.0,Quiesced,5.0,144.0,17.0,26.0,0.4,4.0,98304.0,98304.0,1.0,24.0,24.0,1.0,0.0,-88.89,ok,172.0,0.0,0.0,0.0,0.0,0.0,4.0,0.0,0.0,1.0,0.0,0.0,0.0,0.0,0.0,4096.0,commutative(Mul):19;associative(Max):15;reverse-associative(Max):15;idempotent(Max):13;fma-fusion:13;halving:12;factor:11;reverse-associative(Mul):10;commutative(Add):9;associative(Mul):8;doubling:7;distribute:6;power-sqrt:5;commutative(Max):1,8,0,0,0,0.0,0.0,0,0,nan,nan,0.0,1.0,0.0,0.0,1.0,1.0,0.0,0.0,3.25,18.0,0.5,1.0,0.0,0.0,0.0,21.5
bwd_band02_d3:14,bwd_bands,synthetic,64.0,64.0,23.0,18.0,1.278,24.0,0.0,0.0,0.0,0.0,0.0,0.0,0.0,0.0,0.0,0.0,0.0,0.0,2.0,10.0,Abs:2;Add:3;Const:2;Ln:1;Mul:3;Neg:5;Pow:1;Var:1,23.0,18.0,372.0,375.0,1.008,50.0,2000.0,ClassCap,7.0,5563.0,1165.0,1330.0,20.7,7.0,573456.0,573456.0,1.0,156.0,156.0,1.0,0.0,-58.06,ok,672.0,0.0,1.0,1.0,2.0,0.0,53.0,0.036,0.0,0.964,0.0,0.0,0.0,0.0,0.0,54274.0,fma-fusion:1160;reverse-associative(Add):806;associative(Add):714;commutative(Add):685;factor:382;distribute:350;reverse-associative(Mul):338;commutative(Mul):320;associative(Mul):257;identity(Add):250;annihilator:105;constant-fold:52;halving:41;involution(Sub):33;even-negation(Abs):26;doubling:22;inverse-annihilation(Sub):15;power-recip:7,110,4,4,0,0.03636363636363636,0.0,0,4,0.0,1.0,1.0,0.0,0.0,0.0,1.0,1.0,0.0,0.03636363636363636,73.88888888888889,309.05555555555554,0.3888888888888889,1.0,0.0,0.0,0.0,37.333333333333336
bwd_band02_d3:15,bwd_bands,synthetic,64.0,64.0,24.0,22.0,1.091,24.0,0.0,0.0,0.0,0.0,0.0,0.0,0.0,0.0,0.0,0.0,0.0,0.0,2.0,14.0,Abs:3;Add:3;Const:4;Mul:1;Neg:7;Pow:2;Recip:1;Var:1,24.0,22.0,455.0,455.0,1.0,50.0,2000.0,Quiesced,4.0,98.0,18.0,35.0,0.5,11.0,208917.0,208917.0,1.0,72.0,72.0,1.0,0.0,-84.18,ok,272.0,0.0,1.0,1.0,2.0,0.0,9.0,0.182,0.0,0.818,0.0,0.0,0.0,0.0,0.0,9218.0,commutative(Add):25;involution(Sub):22;constant-fold:18;even-negation(Abs):18;commutative(Mul):7;power-recip:4;power-rsqrt:4,22,0,0,0,0.0,0.0,0,0,nan,nan,0.0,1.0,0.0,0.0,1.0,1.0,0.0,0.18181818181818182,1.5909090909090908,4.454545454545454,0.5,1.0,0.0,0.0,0.0,12.363636363636363
bwd_band02_d3:16,bwd_bands,synthetic,64.0,64.0,11.0,11.0,1.0,11.0,0.0,0.0,0.0,0.0,0.0,0.0,0.0,0.0,0.0,0.0,0.0,0.0,1.0,8.0,Abs:1;Add:1;Const:3;Log10:1;Min:1;Mul:1;Neg:2;Var:1,11.0,11.0,155.0,155.0,1.0,50.0,2000.0,Quiesced,2.0,15.0,5.0,15.0,0.3,9.0,610304.0,610304.0,1.0,149.0,149.0,1.0,0.0,-3.87,ok,704.0,0.0,0.0,0.0,0.0,0.0,57.0,0.0,0.0,1.0,0.0,0.0,0.0,0.0,0.0,58368.0,involution(Sub):3;commutative(Add):3;commutative(Mul):3;commutative(Min):3;even-negation(Abs):3,114,4,4,0,0.03508771929824561,0.0,0,4,0.0,1.0,0.0,1.0,0.0,0.0,1.0,0.0,0.0,0.0,1.3636363636363635,1.3636363636363635,0.8181818181818182,1.0,0.0,0.0,0.0,64.0
bwd_band02_d3:17,bwd_bands,synthetic,64.0,64.0,14.0,13.0,1.077,14.0,0.0,0.0,0.0,0.0,0.0,0.0,0.0,0.0,0.0,0.0,0.0,0.0,0.0,11.0,Abs:1;Add:3;Const:2;Neg:5;Rsqrt:1;Var:1,14.0,13.0,51.0,51.0,1.0,50.0,2000.0,Quiesced,4.0,83.0,13.0,25.0,0.4,8.0,135168.0,135168.0,1.0,33.0,33.0,1.0,0.0,-35.29,ok,240.0,0.0,0.0,0.0,0.0,0.0,8.0,0.0,0.0,1.0,0.0,0.0,0.0,0.0,0.0,8192.0,commutative(Add):26;involution(Sub):15;associative(Add):7;reverse-associative(Add):7;even-negation(Abs):7;fma-fusion:6;halving:5;constant-fold:4;commutative(Mul):3;doubling:3,16,0,0,0,0.0,0.0,0,0,nan,nan,0.0,1.0,0.0,0.0,0.0,1.0,0.0,0.0,1.9230769230769231,6.384615384615385,0.6153846153846154,1.0,0.0,0.0,0.0,18.46153846153846
bwd_band02_d3:18,bwd_bands,synthetic,64.0,64.0,16.0,16.0,1.0,16.0,0.0,0.0,0.0,0.0,0.0,0.0,0.0,0.0,0.0,0.0,0.0,0.0,2.0,14.0,Abs:3;Add:1;Const:2;Log10:1;Neg:7;Pow:1;Var:1,16.0,16.0,364.0,364.0,1.0,50.0,2000.0,Quiesced,2.0,25.0,9.0,21.0,0.2,8.0,663552.0,663552.0,1.0,162.0,162.0,1.0,0.0,-55.49,ok,672.0,0.0,0.0,0.0,0.0,0.0,56.0,0.0,0.0,1.0,0.0,0.0,0.0,0.0,0.0,57344.0,involution(Sub):11;even-negation(Abs):9;commutative(Add):3;power-sqrt:2,112,4,4,0,0.03571428571428571,0.0,0,4,0.0,1.0,0.0,1.0,0.0,0.0,1.0,0.0,0.0,0.0,1.3125,1.5625,0.5,1.0,0.0,0.0,0.0,42.0
bwd_band02_d3:19,bwd_bands,synthetic,64.0,64.0,12.0,10.0,1.2,14.0,0.0,0.0,0.0,0.0,0.0,0.0,0.0,0.0,0.0,0.0,0.0,0.0,2.0,8.0,Abs:1;Add:2;Const:2;Ln:1;Mul:1;Neg:1;Pow:1;Var:1,12.0,10.0,343.0,348.0,1.015,50.0,2000.0,Quiesced,3.0,65.0,12.0,24.0,0.3,8.0,651264.0,651264.0,1.0,159.0,159.0,1.0,0.0,-53.64,ok,672.0,0.0,0.0,0.0,0.0,0.0,56.0,0.0,0.0,1.0,0.0,0.0,0.0,0.0,0.0,57344.0,commutative(Mul):14;halving:10;reverse-associative(Mul):8;doubling:6;associative(Mul):6;commutative(Add):5;distribute:4;factor:3;even-negation(Abs):3;power-sqrt:3;fma-fusion:3,112,4,4,0,0.03571428571428571,0.0,0,4,0.0,1.0,0.0,1.0,0.0,0.0,1.0,1.0,0.0,0.0,2.4,6.5,0.8,1.0,0.0,0.0,0.0,67.2
bwd_band02_d3:20,bwd_bands,synthetic,64.0,64.0,16.0,14.0,1.143,16.0,0.0,0.0,0.0,0.0,0.0,0.0,0.0,0.0,0.0,0.0,0.0,0.0,3.0,7.0,Abs:1;Atan2:1;Const:1;Cos:1;Exp2:1;Max:1;Mul:1;Neg:6;Var:1,16.0,14.0,252.0,252.0,1.0,50.0,2000.0,Quiesced,2.0,22.0,8.0,18.0,0.2,8.0,675909.0,675909.0,1.0,234.0,234.0,1.0,0.0,-7.14,ok,1216.0,0.0,3.0,3.0,27.0,0.0,71.0,0.276,0.0,0.724,0.0,0.0,0.0,0.0,0.0,72731.0,involution(Sub):10;commutative(Mul):3;commutative(Max):3;even-negation(Cos):3;even-negation(Abs):3,175,12,104,74,0.5942857142857143,0.4228571428571429,4,12,0.3333333333333333,0.28846153846153844,0.0,1.0,0.0,0.0,1.0,1.0,0.0,0.2755102040816326,1.2857142857142858,1.5714285714285714,0.5714285714285714,1.0,0.0,0.0,0.0,86.85714285714286
bwd_band02_d3:21,bwd_bands,synthetic,64.0,64.0,15.0,12.0,1.25,25.0,0.0,0.0,0.0,0.0,0.0,0.0,0.0,0.0,0.0,0.0,0.0,0.0,4.0,8.0,Add:1;Const:1;Cos:1;Exp2:1;Max:1;Mul:2;Neg:2;Pow:1;Sin:1;Var:1,15.0,12.0,433.0,662.0,1.529,50.0,2000.0,Quiesced,2.0,18.0,7.0,18.0,0.2,9.0,1904640.0,1003520.0,1.898,465.0,245.0,1.898,0.0,-43.42,ok,1088.0,0.0,0.0,0.0,0.0,0.0,101.0,0.0,0.0,1.0,0.0,0.0,0.0,0.0,0.0,103424.0,fma-fusion:4;involution(Sub):3;commutative(Add):3;commutative(Max):3;even-negation(Cos):3;power-sqrt:2,202,4,128,124,0.6336633663366337,0.6138613861386139,4,4,1.0,0.03125,0.0,1.0,0.0,0.0,1.0,1.0,1.0,0.0,1.5,1.5,0.75,1.0,0.0,0.0,0.0,90.66666666666667
bwd_band02_d3:22,bwd_bands,synthetic,64.0,64.0,16.0,15.0,1.067,16.0,0.0,0.0,0.0,0.0,0.0,0.0,0.0,0.0,0.0,0.0,0.0,0.0,2.0,12.0,Abs:2;Add:2;Const:3;Neg:5;Pow:2;Var:1,16.0,15.0,421.0,421.0,1.0,50.0,2000.0,Quiesced,2.0,24.0,9.0,21.0,0.2,8.0,208896.0,208896.0,1.0,51.0,51.0,1.0,0.0,-87.89,ok,224.0,0.0,0.0,0.0,0.0,0.0,8.0,0.0,0.0,1.0,0.0,0.0,0.0,0.0,0.0,8192.0,involution(Sub):8;commutative(Add):6;even-negation(Abs):6;power-recip:2;power-rsqrt:2,16,0,0,0,0.0,0.0,0,0,nan,nan,0.0,1.0,0.0,0.0,1.0,1.0,0.0,0.0,1.4,1.6,0.5333333333333333,1.0,0.0,0.0,0.0,14.933333333333334
bwd_band02_d3:23,bwd_bands,synthetic,64.0,64.0,8.0,8.0,1.0,8.0,0.0,0.0,0.0,0.0,0.0,0.0,0.0,0.0,0.0,0.0,0.0,0.0,2.0,7.0,Abs:1;Const:1;Neg:3;Pow:1;Sin:1;Var:1,8.0,8.0,278.0,278.0,1.0,20.0,500.0,Quiesced,2.0,10.0,4.0,10.0,0.1,4.0,360448.0,360448.0,1.0,88.0,88.0,1.0,0.0,-68.35,ok,576.0,0.0,0.0,0.0,0.0,0.0,37.0,0.0,0.0,1.0,0.0,0.0,0.0,0.0,0.0,37888.0,involution(Sub):5;even-negation(Abs):3;power-sqrt:2,74,2,60,58,0.8108108108108109,0.7837837837837838,2,2,1.0,0.033333333333333326,0.0,1.0,0.0,0.0,1.0,0.0,0.0,0.0,1.25,1.25,0.5,1.0,0.0,0.0,0.0,72.0
bwd_band03_d3:0,bwd_bands,synthetic,64.0,64.0,19.0,19.0,1.0,19.0,0.0,0.0,0.0,0.0,0.0,0.0,0.0,0.0,0.0,0.0,0.0,0.0,1.0,12.0,Abs:3;Add:1;Const:3;Mul:1;Neg:9;Pow:1;Var:1,19.0,19.0,241.0,241.0,1.0,50.0,2000.0,Quiesced,3.0,66.0,16.0,28.0,0.3,8.0,126976.0,126976.0,1.0,31.0,31.0,1.0,0.0,-87.14,ok,240.0,0.0,0.0,0.0,0.0,0.0,8.0,0.0,0.0,1.0,0.0,0.0,0.0,0.0,0.0,8192.0,involution(Sub):24;even-negation(Abs):15;constant-fold:12;commutative(Mul):7;commutative(Add):5;power-recip:3,16,0,0,0,0.0,0.0,0,0,nan,nan,0.0,1.0,0.0,0.0,1.0,0.0,0.0,0.0,1.4736842105263157,3.473684210526316,0.42105263157894735,1.0,0.0,0.0,0.0,12.631578947368421
bwd_band03_d3:1,bwd_bands,synthetic,64.0,64.0,12.0,12.0,1.0,12.0,0.0,0.0,0.0,0.0,0.0,0.0,0.0,0.0,0.0,0.0,0.0,0.0,2.0,11.0,Abs:2;Add:1;Const:1;Exp:1;Ln:1;Neg:5;Var:1,12.0,12.0,228.0,228.0,1.0,50.0,2000.0,Quiesced,2.0,17.0,6.0,15.0,0.1,7.0,13632.0,13632.0,1.0,213.0,213.0,1.0,0.0,-6.58,ok,912.0,0.0,1.0,0.0,0.0,77.0,0.0,0.0,1.0,0.0,0.0,1.0,1.0,0.0,1088.0,4928.0,involution(Sub):8;even-negation(Abs):6;commutative(Add):3,79,2,2,0,0.02531645569620253,0.0,0,2,0.0,1.0,0.0,1.0,0.0,0.0,1.0,0.0,0.0,1.0,1.25,1.4166666666666667,0.5833333333333334,1.0,0.0,0.0,0.0,76.0
bwd_band03_d3:2,bwd_bands,synthetic,64.0,64.0,26.0,24.0,1.083,40.0,0.0,0.0,0.0,0.0,0.0,0.0,0.0,0.0,0.0,0.0,0.0,0.0,4.0,10.0,Abs:3;Add:3;Const:4;Exp:1;Log2:1;Min:1;Mul:2;Neg:6;Pow:2;Var:1,26.0,24.0,641.0,982.0,1.532,50.0,2000.0,Quiesced,4.0,133.0,24.0,45.0,0.7,12.0,19449.0,19327.0,1.006,549.0,427.0,1.286,0.0,-33.39,ok,1280.0,0.0,3.0,0.0,95.0,53.0,0.0,0.642,0.358,0.0,2.0,3.0,1.0,0.0,1218.0,3487.0,constant-fold:38;commutative(Add):25;involution(Sub):18;even-negation(Abs):18;fma-fusion:8;commutative(Min):7;halving:5;power-combine:4;power-sqrt:4;commutative(Mul):3;doubling:3,152,4,4,0,0.02631578947368421,0.0,0,4,0.0,1.0,0.0,1.0,0.0,0.0,1.0,1.0,1.0,1.0,1.875,5.541666666666667,0.5,1.0,0.0,0.0,0.0,53.333333333333336
bwd_band03_d3:3,bwd_bands,synthetic,64.0,64.0,27.0,20.0,1.35,27.0,0.0,0.0,0.0,0.0,0.0,0.0,0.0,0.0,0.0,0.0,0.0,0.0,3.0,15.0,Abs:3;Add:3;Const:1;Ln:1;Log10:1;Neg:9;Pow:1;Var:1,27.0,20.0,506.0,518.0,1.024,50.0,2000.0,Quiesced,3.0,55.0,14.0,26.0,0.3,9.0,1961984.0,1933312.0,1.015,479.0,472.0,1.015,0.0,-6.72,ok,1376.0,0.0,0.0,0.0,0.0,0.0,175.0,0.0,0.0,1.0,0.0,0.0,0.0,0.0,0.0,179200.0,involution(Sub):25;commutative(Add):15;even-negation(Abs):15,350,12,12,0,0.03428571428571429,0.0,0,12,0.0,1.0,0.0,1.0,0.0,0.0,1.0,1.0,1.0,0.0,1.3,2.75,0.45,1.0,0.0,0.0,0.0,68.8
bwd_band03_d3:4,bwd_bands,synthetic,64.0,64.0,15.0,15.0,1.0,15.0,0.0,0.0,0.0,0.0,0.0,0.0,0.0,0.0,0.0,0.0,0.0,0.0,3.0,8.0,Abs:1;Add:1;Const:4;Cos:1;Mul:1;Neg:4;Pow:2;Var:1,15.0,15.0,491.0,491.0,1.0,50.0,2000.0,Quiesced,4.0,76.0,13.0,25.0,0.4,5.0,5136.0,5136.0,1.0,96.0,96.0,1.0,0.0,-80.45,ok,608.0,0.0,2.0,0.0,2.0,40.0,0.0,0.048,0.952,0.0,1.0,2.0,1.0,0.0,1153.0,2562.0,constant-fold:22;involution(Sub):14;commutative(Add):7;commutative(Mul):7;even-negation(Cos):7;even-negation(Abs):7;power-sqrt:4;power-recip:4;recip-sqrt:4,45,1,34,0,0.7555555555555555,0.0,0,1,0.0,1.0,0.0,1.0,0.0,0.0,1.0,0.0,0.0,1.0,1.6666666666666667,5.066666666666666,0.3333333333333333,1.0,0.0,0.0,0.0,40.53333333333333
bwd_band03_d3:5,bwd_bands,synthetic,64.0,64.0,13.0,13.0,1.0,13.0,0.0,0.0,0.0,0.0,0.0,0.0,0.0,0.0,0.0,0.0,0.0,0.0,2.0,11.0,Abs:1;Const:2;Cos:1;Mul:1;Neg:6;Pow:1;Var:1,13.0,13.0,297.0,297.0,1.0,50.0,2000.0,Quiesced,2.0,21.0,8.0,17.0,0.2,6.0,401408.0,401408.0,1.0,98.0,98.0,1.0,0.0,-67.0,ok,640.0,0.0,0.0,0.0,0.0,0.0,43.0,0.0,0.0,1.0,0.0,0.0,0.0,0.0,0.0,44032.0,involution(Sub):10;commutative(Mul):3;even-negation(Cos):3;even-negation(Abs):3;power-sqrt:2,86,2,68,66,0.7906976744186046,0.7674418604651163,2,2,1.0,0.02941176470588236,0.0,1.0,0.0,0.0,1.0,0.0,0.0,0.0,1.3076923076923077,1.6153846153846154,0.46153846153846156,1.0,0.0,0.0,0.0,49.23076923076923
bwd_band03_d3:6,bwd_bands,synthetic,64.0,64.0,21.0,19.0,1.105,21.0,0.0,0.0,0.0,0.0,0.0,0.0,0.0,0.0,0.0,0.0,0.0,0.0,2.0,14.0,Abs:2;Add:1;Const:3;Mul:3;Neg:6;Pow:2;Var:2,21.0,19.0,435.0,435.0,1.0,50.0,2000.0,Quiesced,3.0,72.0,16.0,32.0,0.4,11.0,43904.0,43904.0,1.0,56.0,56.0,1.0,0.0,-87.13,ok,224.0,0.0,1.0,1.0,0.0,8.0,3.0,0.0,0.727,0.273,0.0,0.0,0.0,0.0,0.0,3584.0,commutative(Mul):20;involution(Sub):16;even-negation(Abs):10;reverse-associative(Mul):8;associative(Mul):7;commutative(Add):5;power-sqrt:3;power-recip:3,16,0,0,0,0.0,0.0,0,0,nan,nan,0.0,1.0,0.0,0.0,1.0,1.0,0.0,0.7272727272727273,1.6842105263157894,3.789473684210526,0.5789473684210527,1.0,0.0,0.0,0.0,11.789473684210526
bwd_band03_d3:7,bwd_bands,synthetic,64.0,64.0,27.0,22.0,1.227,27.0,0.0,0.0,0.0,0.0,0.0,0.0,0.0,0.0,0.0,0.0,0.0,0.0,3.0,9.0,Abs:2;Add:2;Const:4;Max:1;Min:2;Mul:2;Neg:4;Pow:3;Var:2,27.0,22.0,633.0,633.0,1.0,50.0,2000.0,Quiesced,2.0,41.0,15.0,35.0,0.3,15.0,286720.0,286720.0,1.0,70.0,70.0,1.0,0.0,-88.94,ok,272.0,0.0,0.0,0.0,0.0,0.0,15.0,0.0,0.0,1.0,0.0,0.0,0.0,0.0,0.0,15360.0,involution(Sub):6;commutative(Add):6;commutative(Mul):6;commutative(Min):6;even-negation(Abs):6;power-recip:4;commutative(Max):3;power-sqrt:2;recip-sqrt:2,30,0,0,0,0.0,0.0,0,0,nan,nan,0.0,1.0,0.0,0.0,1.0,1.0,0.0,0.0,1.5909090909090908,1.8636363636363635,0.6818181818181818,1.0,0.0,0.0,0.0,12.363636363636363
bwd_band03_d3:8,bwd_bands,synthetic,64.0,64.0,19.0,17.0,1.118,19.0,0.0,0.0,0.0,0.0,0.0,0.0,0.0,0.0,0.0,0.0,0.0,0.0,2.0,13.0,Abs:2;Add:1;Const:1;Exp2:1;Max:1;Mul:1;Neg:7;Pow:1;Var:2,19.0,17.0,304.0,304.0,1.0,50.0,2000.0,Quiesced,2.0,27.0,10.0,22.0,0.2,10.0,868864.0,868864.0,1.0,283.0,283.0,1.0,0.0,-6.91,ok,992.0,0.0,2.0,2.0,0.0,24.0,76.0,0.0,0.24,0.76,0.0,0.0,0.0,0.0,0.0,79360.0,involution(Sub):12;even-negation(Abs):6;commutative(Add):3;commutative(Mul):3;commutative(Max):3,180,4,4,0,0.022222222222222223,0.0,0,4,0.0,1.0,0.0,1.0,0.0,0.0,1.0,1.0,0.0,0.24,1.2941176470588236,1.588235294117647,0.5882352941176471,1.0,0.0,0.0,0.0,58.35294117647059
bwd_band03_d3:9,bwd_bands,synthetic,64.0,64.0,22.0,21.0,1.048,41.0,0.0,0.0,0.0,0.0,0.0,0.0,0.0,0.0,0.0,0.0,0.0,0.0,2.0,10.0,Abs:1;Add:4;Const:4;Mul:5;Neg:2;Pow:1;Recip:1;Tan:1;Var:2,22.0,21.0,349.0,484.0,1.387,50.0,2000.0,Quiesced,6.0,2730.0,303.0,364.0,5.9,14.0,323392.0,202816.0,1.595,265.0,145.0,1.828,0.0,-58.45,ok,832.0,0.0,2.0,2.0,0.0,78.0,8.0,0.0,0.907,0.093,0.0,0.0,0.0,0.0,0.0,13184.0,fma-fusion:577;commutative(Add):454;commutative(Mul):404;reverse-associative(Add):266;associative(Add):234;reverse-associative(Mul):196;associative(Mul):183;factor:132;distribute:108;constant-fold:63;halving:52;doubling:33;involution(Sub):11;even-negation(Abs):11;power-sqrt:6,98,2,64,0,0.6530612244897959,0.0,0,2,0.0,1.0,0.0,1.0,0.0,0.0,1.0,1.0,1.0,0.9069767441860465,17.333333333333332,130.0,0.6666666666666666,1.0,0.0,0.0,0.0,39.61904761904762
bwd_band03_d3:10,bwd_bands,synthetic,64.0,64.0,25.0,23.0,1.087,28.0,0.0,0.0,0.0,0.0,0.0,0.0,0.0,0.0,0.0,0.0,0.0,0.0,4.0,12.0,Abs:2;Add:3;Const:3;Exp:1;Log2:1;Mul:2;Neg:8;Pow:2;Var:1,25.0,23.0,641.0,716.0,1.117,50.0,2000.0,Quiesced,2.0,37.0,15.0,32.0,0.6,12.0,32128.0,27328.0,1.176,502.0,427.0,1.176,0.0,-33.39,ok,1264.0,0.0,1.0,0.0,0.0,148.0,0.0,0.0,1.0,0.0,0.0,1.0,1.0,0.0,1088.0,9472.0,involution(Sub):14;commutative(Add):9;even-negation(Abs):6;fma-fusion:4;constant-fold:2;power-sqrt:2,150,4,4,0,0.02666666666666667,0.0,0,4,0.0,1.0,0.0,1.0,0.0,0.0,1.0,1.0,1.0,1.0,1.391304347826087,1.608695652173913,0.5217391304347826,1.0,0.0,0.0,0.0,54.95652173913044
bwd_band03_d3:11,bwd_bands,synthetic,64.0,64.0,10.0,10.0,1.0,10.0,0.0,0.0,0.0,0.0,0.0,0.0,0.0,0.0,0.0,0.0,0.0,0.0,1.0,9.0,Abs:1;Add:1;Const:1;Ln:1;Neg:5;Var:1,10.0,10.0,150.0,150.0,1.0,20.0,500.0,Quiesced,2.0,15.0,6.0,12.0,0.1,5.0,552960.0,552960.0,1.0,135.0,135.0,1.0,0.0,-10.0,ok,656.0,0.0,0.0,0.0,0.0,0.0,53.0,0.0,0.0,1.0,0.0,0.0,0.0,0.0,0.0,54272.0,involution(Sub):9;commutative(Add):3;even-negation(Abs):3,106,4,4,0,0.03773584905660377,0.0,0,4,0.0,1.0,0.0,1.0,0.0,0.0,1.0,0.0,0.0,0.0,1.2,1.5,0.5,1.0,0.0,0.0,0.0,65.6
bwd_band03_d3:12,bwd_bands,synthetic,64.0,64.0,16.0,13.0,1.231,31.0,0.0,0.0,0.0,0.0,0.0,0.0,0.0,0.0,0.0,0.0,0.0,0.0,1.0,10.0,Abs:1;Add:2;Const:1;Mul:3;Neg:3;Pow:1;Var:2,16.0,13.0,231.0,458.0,1.983,50.0,2000.0,Quiesced,3.0,100.0,21.0,35.0,0.8,8.0,131392.0,131392.0,1.0,37.0,37.0,1.0,0.0,-83.98,ok,192.0,0.0,1.0,1.0,0.0,2.0,6.0,0.0,0.25,0.75,0.0,0.0,0.0,0.0,0.0,6272.0,commutative(Mul):24;halving:14;reverse-associative(Mul):10;fma-fusion:9;involution(Sub):8;associative(Mul):8;doubling:7;commutative(Add):5;even-negation(Abs):5;distribute:4;factor:3;power-sqrt:3,16,0,0,0,0.0,0.0,0,0,nan,nan,0.0,1.0,0.0,0.0,1.0,1.0,0.0,0.25,2.6923076923076925,7.6923076923076925,0.6153846153846154,1.0,0.0,0.0,0.0,14.76923076923077
bwd_band03_d3:13,bwd_bands,synthetic,64.0,64.0,17.0,17.0,1.0,17.0,0.0,0.0,0.0,0.0,0.0,0.0,0.0,0.0,0.0,0.0,0.0,0.0,2.0,10.0,Abs:1;Add:1;Atan2:1;Const:4;Min:1;Mul:1;Neg:5;Pow:1;Var:2,17.0,17.0,305.0,305.0,1.0,50.0,2000.0,Quiesced,2.0,21.0,8.0,22.0,0.2,12.0,438656.0,438656.0,1.0,113.0,113.0,1.0,0.0,-62.95,ok,624.0,0.0,6.0,6.0,4.0,8.0,33.0,0.089,0.178,0.733,0.0,0.0,0.0,0.0,0.0,34308.0,involution(Sub):7;commutative(Add):3;commutative(Mul):3;commutative(Min):3;even-negation(Abs):3;power-recip:2,90,10,38,6,0.4222222222222222,0.06666666666666667,2,10,0.2,0.8421052631578947,0.0,1.0,0.0,0.0,1.0,0.0,0.0,0.26666666666666666,1.2941176470588236,1.2352941176470589,0.7058823529411765,1.0,0.0,0.0,0.0,36.705882352941174
bwd_band03_d3:14,bwd_bands,synthetic,64.0,64.0,17.0,16.0,1.062,19.0,0.0,0.0,0.0,0.0,0.0,0.0,0.0,0.0,0.0,0.0,0.0,0.0,3.0,9.0,Abs:1;Add:2;Atan2:1;Const:2;Log10:1;Mul:2;Neg:4;Pow:1;Var:2,17.0,16.0,442.0,442.0,1.0,50.0,2000.0,Quiesced,2.0,22.0,9.0,22.0,0.2,10.0,414848.0,414848.0,1.0,245.0,245.0,1.0,0.0,-44.57,ok,1024.0,0.0,7.0,7.0,4.0,57.0,29.0,0.044,0.633,0.322,0.0,0.0,0.0,0.0,0.0,33348.0,involution(Sub):7;commutative(Add):6;fma-fusion:4;even-negation(Abs):3;power-sqrt:2,133,12,40,6,0.3007518796992481,0.045112781954887216,2,12,0.16666666666666666,0.85,0.0,1.0,0.0,0.0,1.0,1.0,0.0,0.6777777777777778,1.375,1.375,0.625,1.0,0.0,0.0,0.0,64.0
bwd_band03_d3:15,bwd_bands,synthetic,64.0,64.0,14.0,14.0,1.0,14.0,0.0,0.0,0.0,0.0,0.0,0.0,0.0,0.0,0.0,0.0,0.0,0.0,3.0,9.0,Abs:1;Add:2;Atan2:1;Const:3;Log2:1;Neg:4;Tan:1;Var:1,14.0,14.0,311.0,311.0,1.0,50.0,2000.0,Quiesced,3.0,45.0,9.0,19.0,0.2,7.0,5521.0,5521.0,1.0,292.0,292.0,1.0,0.0,-6.11,ok,1520.0,0.0,8.0,0.0,129.0,28.0,0.0,0.822,0.178,0.0,7.0,8.0,1.0,0.0,1543.0,1921.0,constant-fold:19;involution(Sub):11;commutative(Add):10;even-negation(Abs):5,166,9,85,0,0.5120481927710844,0.0,0,9,0.0,1.0,0.0,1.0,0.0,0.0,1.0,0.0,0.0,1.0,1.3571428571428572,3.2142857142857144,0.5,1.0,0.0,0.0,0.0,108.57142857142857
bwd_band03_d3:16,bwd_bands,synthetic,64.0,64.0,15.0,14.0,1.071,15.0,0.0,0.0,0.0,0.0,0.0,0.0,0.0,0.0,0.0,0.0,0.0,0.0,1.0,8.0,Add:2;Const:2;Cos:1;Min:1;Mul:1;Neg:5;Var:2,15.0,14.0,106.0,106.0,1.0,50.0,2000.0,Quiesced,2.0,24.0,8.0,20.0,0.2,11.0,352960.0,352960.0,1.0,97.0,97.0,1.0,0.0,-8.49,ok,672.0,0.0,2.0,2.0,0.0,6.0,42.0,0.0,0.125,0.875,0.0,0.0,0.0,0.0,0.0,43392.0,commutative(Add):6;involution(Sub):5;fma-fusion:4;commutative(Mul):3;commutative(Min):3;even-negation(Cos):3,94,2,68,66,0.723404255319149,0.7021276595744681,2,2,1.0,0.02941176470588236,0.0,1.0,0.0,0.0,1.0,1.0,0.0,0.125,1.4285714285714286,1.7142857142857142,0.7857142857142857,1.0,0.0,0.0,0.0,48.0
bwd_band03_d3:17,bwd_bands,synthetic,64.0,64.0,10.0,9.0,1.111,10.0,0.0,0.0,0.0,0.0,0.0,0.0,0.0,0.0,0.0,0.0,0.0,0.0,1.0,5.0,Add:1;Atan2:1;Const:3;Max:2;Neg:1;Var:1,10.0,9.0,92.0,92.0,1.0,20.0,500.0,Quiesced,3.0,48.0,7.0,15.0,0.2,6.0,5504.0,5504.0,1.0,86.0,86.0,1.0,0.0,-6.52,ok,528.0,0.0,5.0,0.0,10.0,29.0,0.0,0.256,0.744,0.0,4.0,5.0,1.0,0.0,1348.0,1866.0,commutative(Max):12;constant-fold:11;associative(Max):9;reverse-associative(Max):9;commutative(Add):5;idempotent(Max):2,45,5,15,0,0.3333333333333333,0.0,0,5,0.0,1.0,0.0,1.0,0.0,0.0,1.0,1.0,0.0,1.0,1.6666666666666667,5.333333333333333,0.6666666666666666,1.0,0.0,0.0,0.0,58.666666666666664
bwd_band03_d3:18,bwd_bands,synthetic,64.0,64.0,17.0,13.0,1.308,17.0,0.0,0.0,0.0,0.0,0.0,0.0,0.0,0.0,0.0,0.0,0.0,0.0,2.0,9.0,Abs:2;Add:2;Const:1;Neg:4;Pow:1;Sin:1;Var:2,17.0,13.0,292.0,301.0,1.031,50.0,2000.0,Quiesced,3.0,33.0,9.0,19.0,0.2,8.0,1106560.0,1106368.0,1.0,280.0,277.0,1.011,0.0,-5.14,ok,1280.0,0.0,2.0,2.0,0.0,50.0,59.0,0.0,0.459,0.541,0.0,0.0,0.0,0.0,0.0,63616.0,commutative(Add):12;involution(Sub):11;even-negation(Abs):10,172,4,62,58,0.36046511627906974,0.3372093023255814,2,4,0.5,0.06451612903225812,0.0,1.0,0.0,0.0,1.0,1.0,1.0,0.45871559633027525,1.4615384615384615,2.5384615384615383,0.6153846153846154,1.0,0.0,0.0,0.0,98.46153846153847
bwd_band03_d3:19,bwd_bands,synthetic,64.0,64.0,16.0,16.0,1.0,16.0,0.0,0.0,0.0,0.0,0.0,0.0,0.0,0.0,0.0,0.0,0.0,0.0,3.0,10.0,Abs:1;Add:1;Const:5;Mul:2;Neg:3;Pow:2;Sin:1;Var:1,16.0,16.0,488.0,488.0,1.0,50.0,2000.0,Quiesced,3.0,64.0,15.0,31.0,0.4,10.0,135243.0,135243.0,1.0,108.0,108.0,1.0,0.0,-77.87,ok,608.0,0.0,1.0,1.0,37.0,0.0,6.0,0.86,0.0,0.14,0.0,0.0,0.0,0.0,0.0,6181.0,commutative(Mul):22;involution(Sub):8;reverse-associative(Mul):8;associative(Mul):7;commutative(Add):5;even-negation(Abs):5;power-sqrt:3;power-recip:3;recip-sqrt:3,51,1,30,0,0.5882352941176471,0.0,0,1,0.0,1.0,0.0,1.0,0.0,0.0,1.0,0.0,0.0,0.8604651162790697,1.9375,4.0,0.625,1.0,0.0,0.0,0.0,38.0
bwd_band03_d3:20,bwd_bands,synthetic,64.0,64.0,14.0,13.0,1.077,14.0,0.0,0.0,0.0,0.0,0.0,0.0,0.0,0.0,0.0,0.0,0.0,0.0,1.0,9.0,Abs:1;Add:1;Const:3;Max:1;Mul:1;Neg:4;Pow:1;Var:1,14.0,13.0,223.0,223.0,1.0,50.0,2000.0,Quiesced,3.0,56.0,9.0,18.0,0.2,7.0,13312.0,13312.0,1.0,208.0,208.0,1.0,0.0,-6.73,ok,896.0,0.0,1.0,0.0,0.0,75.0,0.0,0.0,1.0,0.0,0.0,1.0,1.0,0.0,1088.0,4800.0,involution(Sub):11;associative(Max):9;reverse-associative(Max):9;constant-fold:8;commutative(Max):7;commutative(Add):5;even-negation(Abs):5;idempotent(Max):2,77,2,2,0,0.025974025974025976,0.0,0,2,0.0,1.0,0.0,1.0,0.0,0.0,1.0,1.0,0.0,1.0,1.3846153846153846,4.3076923076923075,0.5384615384615384,1.0,0.0,0.0,0.0,68.92307692307692
bwd_band03_d3:21,bwd_bands,synthetic,64.0,64.0,14.0,14.0,1.0,18.0,0.0,0.0,0.0,0.0,0.0,0.0,0.0,0.0,0.0,0.0,0.0,0.0,2.0,7.0,Abs:1;Add:1;Const:4;Min:1;Mul:3;Neg:1;Pow:1;Tan:1;Var:1,14.0,14.0,311.0,317.0,1.019,50.0,2000.0,Quiesced,5.0,82.0,14.0,27.0,0.6,6.0,6080.0,6080.0,1.0,95.0,95.0,1.0,0.0,-69.45,ok,768.0,0.0,1.0,0.0,0.0,78.0,0.0,0.0,1.0,0.0,0.0,1.0,1.0,0.0,1088.0,4992.0,constant-fold:35;fma-fusion:10;commutative(Add):9;commutative(Mul):9;commutative(Min):9;even-negation(Abs):5;power-sqrt:5,80,2,64,0,0.8,0.0,0,2,0.0,1.0,0.0,1.0,0.0,0.0,1.0,0.0,0.0,1.0,1.9285714285714286,5.857142857142857,0.42857142857142855,1.0,0.0,0.0,0.0,54.857142857142854
bwd_band03_d3:22,bwd_bands,synthetic,64.0,64.0,27.0,20.0,1.35,30.0,0.0,0.0,0.0,0.0,0.0,0.0,0.0,0.0,0.0,0.0,0.0,0.0,5.0,11.0,Abs:1;Add:3;Const:2;Cos:1;Exp2:1;Mul:3;Neg:5;Pow:1;Sin:2;Var:1,27.0,20.0,525.0,612.0,1.166,50.0,2000.0,ClassCap,5.0,3157.0,1311.0,1620.0,9.3,1.0,0.0,0.0,1.0,0.0,0.0,1.0,0.0,-100.0,ok,164.0,0.0,0.0,0.0,0.0,0.0,1.0,0.0,0.0,1.0,0.0,0.0,0.0,0.0,0.0,1024.0,fma-fusion:594;reverse-associative(Mul):457;associative(Mul):433;commutative(Mul):379;reverse-associative(Add):298;factor:172;associative(Add):147;distribute:145;commutative(Add):129;halving:122;doubling:89;annihilator:64;involution(Sub):31;inverse-annihilation(Sub):17;half-angle-product:17;identity(Mul):12;odd-negation(Sin):10;even-negation(Cos):9;even-negation(Abs):9;reverse-angle-addition:5;power-recip:5;canonicalize(Div):4;sin-angle-addition:4;inverse-annihilation(Div):3;cancellation(Div):2,2,0,0,0,0.0,0.0,0,0,nan,nan,1.0,0.0,0.0,0.0,1.0,1.0,0.0,0.0,81.0,157.85,0.05,1.0,0.0,0.0,0.0,8.2
bwd_band03_d3:23,bwd_bands,synthetic,64.0,64.0,31.0,29.0,1.069,44.0,0.0,0.0,0.0,0.0,0.0,0.0,0.0,0.0,0.0,0.0,0.0,0.0,4.0,11.0,Abs:2;Add:4;Const:5;Cos:1;Log10:1;Max:2;Mul:2;Neg:8;Pow:2;Var:2,31.0,29.0,663.0,956.0,1.442,50.0,2000.0,Quiesced,4.0,197.0,31.0,59.0,1.0,17.0,618706.0,618615.0,1.0,361.0,270.0,1.337,0.0,-59.28,ok,1120.0,0.0,1.0,1.0,45.0,0.0,56.0,0.446,0.0,0.554,0.0,0.0,0.0,0.0,0.0,57389.0,constant-fold:37;commutative(Max):34;commutative(Add):28;involution(Sub):25;even-negation(Abs):14;reverse-associative(Max):11;associative(Max):10;fma-fusion:8;even-negation(Cos):7;halving:5;power-combine:4;power-sqrt:4;power-recip:4;commutative(Mul):3;doubling:3,159,5,38,0,0.2389937106918239,0.0,0,5,0.0,1.0,0.0,1.0,0.0,0.0,1.0,1.0,1.0,0.44554455445544555,2.0344827586206895,6.793103448275862,0.5862068965517241,1.0,0.0,0.0,0.0,38.62068965517241
bwd_band04_d3:0,bwd_bands,synthetic,64.0,64.0,17.0,17.0,1.0,17.0,0.0,0.0,0.0,0.0,0.0,0.0,0.0,0.0,0.0,0.0,0.0,0.0,4.0,10.0,Abs:1;Add:1;Atan2:1;Const:2;Cos:1;Exp:1;Neg:7;Pow:1;Var:2,17.0,17.0,453.0,453.0,1.0,50.0,2000.0,Quiesced,2.0,23.0,9.0,21.0,0.2,9.0,637056.0,637056.0,1.0,252.0,252.0,1.0,0.0,-44.37,ok,1264.0,0.0,6.0,5.0,4.0,35.0,63.0,0.039,0.343,0.618,1.0,1.0,0.0,0.0,65.0,66756.0,involution(Sub):12;commutative(Add):3;even-negation(Cos):3;even-negation(Abs):3;power-recip:2,176,11,98,72,0.5568181818181818,0.4090909090909091,4,11,0.36363636363636365,0.26530612244897955,0.0,1.0,0.0,0.0,1.0,0.0,0.0,0.38235294117647056,1.2352941176470589,1.3529411764705883,0.5294117647058824,1.0,0.0,0.0,0.0,74.3529411764706
bwd_band04_d3:1,bwd_bands,synthetic,64.0,64.0,18.0,17.0,1.059,18.0,0.0,0.0,0.0,0.0,0.0,0.0,0.0,0.0,0.0,0.0,0.0,0.0,2.0,8.0,Abs:2;Add:1;Const:3;Max:1;Mul:1;Neg:6;Pow:1;Sin:1;Var:1,18.0,17.0,302.0,302.0,1.0,50.0,2000.0,Quiesced,3.0,58.0,13.0,25.0,0.3,7.0,5200.0,5200.0,1.0,97.0,97.0,1.0,0.0,-67.88,ok,576.0,0.0,2.0,0.0,2.0,38.0,0.0,0.05,0.95,0.0,1.0,2.0,1.0,0.0,1153.0,2434.0,involution(Sub):16;constant-fold:14;even-negation(Abs):10;commutative(Add):5;commutative(Mul):5;commutative(Max):5;power-recip:3,43,1,30,0,0.6976744186046512,0.0,0,1,0.0,1.0,0.0,1.0,0.0,0.0,1.0,1.0,0.0,1.0,1.4705882352941178,3.411764705882353,0.4117647058823529,1.0,0.0,0.0,0.0,33.88235294117647
bwd_band04_d3:2,bwd_bands,synthetic,64.0,64.0,10.0,10.0,1.0,10.0,0.0,0.0,0.0,0.0,0.0,0.0,0.0,0.0,0.0,0.0,0.0,0.0,1.0,8.0,Abs:1;Add:1;Const:2;Log2:1;Mul:1;Neg:3;Var:1,10.0,10.0,143.0,143.0,1.0,20.0,500.0,Quiesced,2.0,14.0,5.0,13.0,0.2,7.0,134.0,134.0,1.0,134.0,134.0,1.0,0.0,-6.29,retired_axis,nan,nan,nan,nan,nan,nan,nan,nan,nan,nan,nan,nan,nan,nan,nan,nan,involution(Sub):5;commutative(Add):3;commutative(Mul):3;even-negation(Abs):3,0,0,0,0,nan,nan,0,0,nan,nan,0.0,1.0,0.0,0.0,1.0,0.0,0.0,nan,1.3,1.4,0.7,1.0,0.0,0.0,0.0,nan
bwd_band04_d3:3,bwd_bands,synthetic,64.0,64.0,21.0,21.0,1.0,21.0,0.0,0.0,0.0,0.0,0.0,0.0,0.0,0.0,0.0,0.0,0.0,0.0,2.0,10.0,Abs:2;Add:1;Const:4;Min:1;Mul:2;Neg:6;Pow:2;Var:3,21.0,21.0,433.0,433.0,1.0,50.0,2000.0,Quiesced,3.0,88.0,20.0,39.0,0.5,12.0,732.0,732.0,1.0,39.0,39.0,1.0,0.0,-90.99,retired_axis,nan,nan,nan,nan,nan,nan,nan,nan,nan,nan,nan,nan,nan,nan,nan,nan,commutative(Mul):22;involution(Sub):13;constant-fold:12;even-negation(Abs):10;reverse-associative(Mul):8;associative(Mul):7;commutative(Add):5;commutative(Min):5;power-sqrt:3;power-recip:3,0,0,0,0,nan,nan,0,0,nan,nan,0.0,1.0,0.0,0.0,1.0,0.0,0.0,nan,1.8571428571428572,4.190476190476191,0.5714285714285714,1.0,0.0,0.0,0.0,nan
bwd_band04_d3:4,bwd_bands,synthetic,64.0,64.0,34.0,29.0,1.172,79.0,0.0,0.0,0.0,0.0,0.0,0.0,0.0,0.0,0.0,0.0,0.0,0.0,4.0,12.0,Abs:2;Add:7;Atan2:1;Const:5;Ln:1;Mul:4;Neg:5;Pow:2;Var:2,34.0,29.0,668.0,1481.0,2.217,50.0,2000.0,Quiesced,6.0,2678.0,301.0,365.0,5.7,19.0,30834.0,16217.0,1.901,531.0,278.0,1.91,0.0,-58.38,retired_axis,nan,nan,nan,nan,nan,nan,nan,nan,nan,nan,nan,nan,nan,nan,nan,nan,fma-fusion:581;commutative(Add):490;commutative(Mul):350;reverse-associative(Add):266;associative(Add):238;reverse-associative(Mul):159;associative(Mul):149;factor:136;distribute:111;halving:59;constant-fold:41;doubling:37;involution(Sub):22;even-negation(Abs):22;power-sqrt:6;power-recip:6;power-combine:5,0,0,0,0,nan,nan,0,0,nan,nan,0.0,1.0,0.0,0.0,1.0,1.0,1.0,nan,12.586206896551724,92.34482758620689,0.6551724137931034,1.0,0.0,0.0,0.0,nan
bwd_band04_d3:5,bwd_bands,synthetic,64.0,64.0,23.0,23.0,1.0,25.0,0.0,0.0,0.0,0.0,0.0,0.0,0.0,0.0,0.0,0.0,0.0,0.0,2.0,8.0,Abs:1;Add:5;Const:6;Log10:1;Max:1;Mul:2;Neg:4;Pow:1;Var:2,23.0,23.0,378.0,378.0,1.0,50.0,2000.0,Quiesced,5.0,363.0,48.0,77.0,1.7,14.0,172.0,172.0,1.0,172.0,172.0,1.0,0.0,-54.5,retired_axis,nan,nan,nan,nan,nan,nan,nan,nan,nan,nan,nan,nan,nan,nan,nan,nan,commutative(Add):156;reverse-associative(Add):68;associative(Add):61;constant-fold:36;fma-fusion:10;involution(Sub):9;commutative(Max):9;even-negation(Abs):9;power-sqrt:5,0,0,0,0,nan,nan,0,0,nan,nan,0.0,1.0,0.0,0.0,1.0,0.0,0.0,nan,3.347826086956522,15.782608695652174,0.6086956521739131,1.0,0.0,0.0,0.0,nan
bwd_band04_d3:6,bwd_bands,synthetic,64.0,64.0,29.0,27.0,1.074,60.0,0.0,0.0,0.0,0.0,0.0,0.0,0.0,0.0,0.0,0.0,0.0,0.0,4.0,12.0,Abs:2;Add:6;Const:4;Exp2:1;Mul:3;Neg:5;Pow:3;Var:3,29.0,27.0,717.0,1490.0,2.078,50.0,2000.0,Quiesced,6.0,1874.0,214.0,264.0,4.3,17.0,1777861.0,929893.0,1.912,631.0,328.0,1.924,0.0,-54.25,retired_axis,nan,nan,nan,nan,nan,nan,nan,nan,nan,nan,nan,nan,nan,nan,nan,nan,fma-fusion:505;commutative(Add):449;reverse-associative(Add):254;associative(Add):226;commutative(Mul):120;factor:85;distribute:49;halving:44;doubling:29;associative(Mul):19;constant-fold:18;reverse-associative(Mul):18;involution(Sub):17;even-negation(Abs):17;power-combine:12;power-sqrt:6;power-recip:6,0,0,0,0,nan,nan,0,0,nan,nan,0.0,1.0,0.0,0.0,1.0,1.0,1.0,nan,9.777777777777779,69.4074074074074,0.6296296296296297,1.0,0.0,0.0,0.0,nan
bwd_band04_d3:7,bwd_bands,synthetic,64.0,64.0,24.0,21.0,1.143,24.0,0.0,0.0,0.0,0.0,0.0,0.0,0.0,0.0,0.0,0.0,0.0,0.0,4.0,13.0,Abs:2;Add:2;Atan2:1;Const:4;Mul:3;Neg:3;Pow:3;Var:3,24.0,21.0,705.0,705.0,1.0,50.0,2000.0,Quiesced,2.0,31.0,12.0,32.0,0.3,15.0,364600.0,364600.0,1.0,145.0,145.0,1.0,0.0,-79.43,retired_axis,nan,nan,nan,nan,nan,nan,nan,nan,nan,nan,nan,nan,nan,nan,nan,nan,commutative(Mul):9;commutative(Add):6;even-negation(Abs):5;power-recip:4;involution(Sub):3;power-sqrt:2;recip-sqrt:2,0,0,0,0,nan,nan,0,0,nan,nan,0.0,1.0,0.0,0.0,1.0,1.0,0.0,nan,1.5238095238095237,1.4761904761904763,0.7142857142857143,1.0,0.0,0.0,0.0,nan
bwd_band04_d3:8,bwd_bands,synthetic,64.0,64.0,5.0,5.0,1.0,5.0,0.0,0.0,0.0,0.0,0.0,0.0,0.0,0.0,0.0,0.0,0.0,0.0,2.0,5.0,Cos:1;Neg:2;Tan:1;Var:1,5.0,5.0,168.0,168.0,1.0,20.0,500.0,Quiesced,2.0,6.0,2.0,6.0,0.1,3.0,162.0,162.0,1.0,162.0,162.0,1.0,0.0,-3.57,retired_axis,nan,nan,nan,nan,nan,nan,nan,nan,nan,nan,nan,nan,nan,nan,nan,nan,involution(Sub):3;even-negation(Cos):3,0,0,0,0,nan,nan,0,0,nan,nan,0.0,1.0,0.0,0.0,1.0,0.0,0.0,nan,1.2,1.2,0.6,1.0,0.0,0.0,0.0,nan
bwd_band04_d3:9,bwd_bands,synthetic,64.0,64.0,11.0,11.0,1.0,11.0,0.0,0.0,0.0,0.0,0.0,0.0,0.0,0.0,0.0,0.0,0.0,0.0,3.0,9.0,Abs:1;Add:1;Const:2;Exp2:1;Neg:3;Pow:1;Sin:1;Var:1,11.0,11.0,351.0,351.0,1.0,50.0,2000.0,Quiesced,2.0,13.0,5.0,14.0,0.1,7.0,663552.0,663552.0,1.0,162.0,162.0,1.0,0.0,-53.85,ok,848.0,0.0,0.0,0.0,0.0,0.0,62.0,0.0,0.0,1.0,0.0,0.0,0.0,0.0,0.0,63488.0,involution(Sub):5;commutative(Add):3;even-negation(Abs):3;power-recip:2,124,2,60,58,0.4838709677419355,0.46774193548387094,2,2,1.0,0.033333333333333326,0.0,1.0,0.0,0.0,1.0,0.0,0.0,0.0,1.2727272727272727,1.1818181818181819,0.6363636363636364,1.0,0.0,0.0,0.0,77.0909090909091
bwd_band04_d3:10,bwd_bands,synthetic,64.0,64.0,25.0,24.0,1.042,25.0,0.0,0.0,0.0,0.0,0.0,0.0,0.0,0.0,0.0,0.0,0.0,0.0,3.0,13.0,Abs:3;Add:3;Const:3;Log2:1;Neg:10;Pow:2;Var:2,25.0,24.0,565.0,565.0,1.0,50.0,2000.0,Quiesced,2.0,38.0,14.0,32.0,0.3,12.0,10002.0,10002.0,1.0,174.0,174.0,1.0,0.0,-69.2,retired_axis,nan,nan,nan,nan,nan,nan,nan,nan,nan,nan,nan,nan,nan,nan,nan,nan,involution(Sub):16;commutative(Add):9;even-negation(Abs):9;power-sqrt:2;power-recip:2,0,0,0,0,nan,nan,0,0,nan,nan,0.0,1.0,0.0,0.0,1.0,1.0,0.0,nan,1.3333333333333333,1.5833333333333333,0.5,1.0,0.0,0.0,0.0,nan
bwd_band04_d3:11,bwd_bands,synthetic,64.0,64.0,14.0,13.0,1.077,14.0,0.0,0.0,0.0,0.0,0.0,0.0,0.0,0.0,0.0,0.0,0.0,0.0,2.0,11.0,Abs:2;Add:1;Const:2;Neg:4;Pow:2;Recip:1;Var:1,14.0,13.0,430.0,430.0,1.0,50.0,2000.0,Quiesced,2.0,21.0,8.0,19.0,0.2,7.0,188416.0,188416.0,1.0,46.0,46.0,1.0,0.0,-89.3,ok,224.0,0.0,0.0,0.0,0.0,0.0,7.0,0.0,0.0,1.0,0.0,0.0,0.0,0.0,0.0,7168.0,involution(Sub):6;even-negation(Abs):6;power-sqrt:4;commutative(Add):3;recip-sqrt:2,14,0,0,0,0.0,0.0,0,0,nan,nan,0.0,1.0,0.0,0.0,1.0,1.0,0.0,0.0,1.4615384615384615,1.6153846153846154,0.5384615384615384,1.0,0.0,0.0,0.0,17.23076923076923
bwd_band04_d3:12,bwd_bands,synthetic,64.0,64.0,28.0,26.0,1.077,28.0,0.0,0.0,0.0,0.0,0.0,0.0,0.0,0.0,0.0,0.0,0.0,0.0,3.0,13.0,Abs:2;Add:3;Const:4;Cos:1;Max:1;Mul:1;Neg:10;Pow:2;Var:2,28.0,26.0,523.0,523.0,1.0,50.0,2000.0,Quiesced,2.0,49.0,17.0,36.0,0.3,15.0,14866.0,14866.0,1.0,313.0,313.0,1.0,0.0,-40.15,retired_axis,nan,nan,nan,nan,nan,nan,nan,nan,nan,nan,nan,nan,nan,nan,nan,nan,involution(Sub):17;commutative(Add):9;constant-fold:6;even-negation(Abs):6;commutative(Mul):3;commutative(Max):3;even-negation(Cos):3;power-recip:2,0,0,0,0,nan,nan,0,0,nan,nan,0.0,1.0,0.0,0.0,1.0,1.0,0.0,nan,1.3846153846153846,1.8846153846153846,0.5769230769230769,1.0,0.0,0.0,0.0,nan
bwd_band04_d3:13,bwd_bands,synthetic,64.0,64.0,18.0,17.0,1.059,18.0,0.0,0.0,0.0,0.0,0.0,0.0,0.0,0.0,0.0,0.0,0.0,0.0,2.0,12.0,Abs:2;Atan2:1;Const:2;Min:1;Mul:1;Neg:7;Pow:1;Var:2,18.0,17.0,310.0,310.0,1.0,50.0,2000.0,Quiesced,2.0,26.0,10.0,22.0,0.2,9.0,356373.0,356373.0,1.0,108.0,108.0,1.0,0.0,-65.16,retired_axis,nan,nan,nan,nan,nan,nan,nan,nan,nan,nan,nan,nan,nan,nan,nan,nan,involution(Sub):12;even-negation(Abs):6;commutative(Mul):3;commutative(Min):3;power-sqrt:2,0,0,0,0,nan,nan,0,0,nan,nan,0.0,1.0,0.0,0.0,1.0,1.0,0.0,nan,1.2941176470588236,1.5294117647058822,0.5294117647058824,1.0,0.0,0.0,0.0,nan
bwd_band04_d3:14,bwd_bands,synthetic,64.0,64.0,32.0,27.0,1.185,32.0,0.0,0.0,0.0,0.0,0.0,0.0,0.0,0.0,0.0,0.0,0.0,0.0,4.0,13.0,Abs:4;Add:4;Const:2;Log2:1;Mul:2;Neg:8;Pow:3;Var:3,32.0,27.0,772.0,772.0,1.0,50.0,2000.0,Quiesced,2.0,46.0,17.0,40.0,0.3,18.0,644887.0,644887.0,1.0,208.0,208.0,1.0,0.0,-73.06,retired_axis,nan,nan,nan,nan,nan,nan,nan,nan,nan,nan,nan,nan,nan,nan,nan,nan,commutative(Add):12;involution(Sub):11;even-negation(Abs):11;commutative(Mul):6;power-recip:6,0,0,0,0,nan,nan,0,0,nan,nan,0.0,1.0,0.0,0.0,1.0,1.0,0.0,nan,1.4814814814814814,1.7037037037037037,0.6666666666666666,1.0,0.0,0.0,0.0,nan
bwd_band04_d3:15,bwd_bands,synthetic,64.0,64.0,21.0,20.0,1.05,41.0,0.0,0.0,0.0,0.0,0.0,0.0,0.0,0.0,0.0,0.0,0.0,0.0,3.0,11.0,Abs:1;Add:3;Const:5;Max:1;Mul:4;Neg:1;Pow:3;Var:2,21.0,20.0,629.0,1048.0,1.666,50.0,2000.0,Quiesced,4.0,85.0,17.0,39.0,0.6,14.0,434187.0,258056.0,1.683,117.0,71.0,1.648,0.0,-88.71,retired_axis,nan,nan,nan,nan,nan,nan,nan,nan,nan,nan,nan,nan,nan,nan,nan,nan,commutative(Add):21;fma-fusion:16;constant-fold:10;power-sqrt:8;commutative(Max):7;halving:5;even-negation(Abs):4;power-combine:4;power-recip:4;commutative(Mul):3;doubling:3,0,0,0,0,nan,nan,0,0,nan,nan,0.0,1.0,0.0,0.0,1.0,1.0,1.0,nan,1.95,4.25,0.7,1.0,0.0,0.0,0.0,nan
bwd_band04_d3:16,bwd_bands,synthetic,64.0,64.0,20.0,18.0,1.111,35.0,0.0,0.0,0.0,0.0,0.0,0.0,0.0,0.0,0.0,0.0,0.0,0.0,3.0,10.0,Abs:2;Add:1;Const:3;Mul:3;Neg:5;Pow:3;Var:1,20.0,18.0,628.0,1046.0,1.666,50.0,2000.0,Quiesced,5.0,279.0,39.0,60.0,0.9,5.0,1408.0,1408.0,1.0,22.0,22.0,1.0,0.0,-96.5,ok,208.0,0.0,1.0,0.0,0.0,5.0,0.0,0.0,1.0,0.0,0.0,1.0,1.0,0.0,1088.0,320.0,constant-fold:66;commutative(Mul):53;reverse-associative(Mul):30;associative(Mul):27;involution(Sub):23;even-negation(Abs):18;power-sqrt:15;fma-fusion:10;commutative(Add):9;power-combine:9;power-identity:8;halving:7;doubling:4,7,0,0,0,0.0,0.0,0,0,nan,nan,0.0,1.0,0.0,0.0,1.0,1.0,0.0,1.0,3.3333333333333335,15.5,0.2777777777777778,1.0,0.0,0.0,0.0,11.555555555555555
bwd_band04_d3:17,bwd_bands,synthetic,64.0,64.0,16.0,16.0,1.0,16.0,0.0,0.0,0.0,0.0,0.0,0.0,0.0,0.0,0.0,0.0,0.0,0.0,2.0,13.0,Abs:2;Add:1;Const:2;Neg:7;Pow:2;Var:2,16.0,16.0,423.0,423.0,1.0,50.0,2000.0,Quiesced,2.0,23.0,9.0,20.0,0.2,8.0,876992.0,876992.0,1.0,221.0,221.0,1.0,0.0,-47.75,ok,880.0,0.0,1.0,1.0,0.0,50.0,26.0,0.0,0.658,0.342,0.0,0.0,0.0,0.0,0.0,29824.0,involution(Sub):12;even-negation(Abs):6;commutative(Add):3;power-sqrt:2,104,2,2,0,0.019230769230769232,0.0,0,2,0.0,1.0,0.0,1.0,0.0,0.0,1.0,0.0,0.0,0.6578947368421053,1.25,1.4375,0.5,1.0,0.0,0.0,0.0,55.0
bwd_band04_d3:18,bwd_bands,synthetic,64.0,64.0,10.0,10.0,1.0,10.0,0.0,0.0,0.0,0.0,0.0,0.0,0.0,0.0,0.0,0.0,0.0,0.0,1.0,8.0,Abs:1;Add:1;Const:1;Ln:1;Mul:1;Neg:3;Var:2,10.0,10.0,149.0,149.0,1.0,20.0,500.0,Quiesced,2.0,14.0,5.0,13.0,0.1,7.0,140.0,140.0,1.0,140.0,140.0,1.0,0.0,-6.04,retired_axis,nan,nan,nan,nan,nan,nan,nan,nan,nan,nan,nan,nan,nan,nan,nan,nan,involution(Sub):5;commutative(Add):3;commutative(Mul):3;even-negation(Abs):3,0,0,0,0,nan,nan,0,0,nan,nan,0.0,1.0,0.0,0.0,1.0,0.0,0.0,nan,1.3,1.4,0.7,1.0,0.0,0.0,0.0,nan
bwd_band04_d3:19,bwd_bands,synthetic,64.0,64.0,12.0,12.0,1.0,12.0,0.0,0.0,0.0,0.0,0.0,0.0,0.0,0.0,0.0,0.0,0.0,0.0,1.0,10.0,Abs:1;Add:2;Const:2;Ln:1;Neg:5;Var:1,12.0,12.0,154.0,154.0,1.0,50.0,2000.0,Quiesced,2.0,18.0,7.0,16.0,0.1,7.0,569344.0,569344.0,1.0,139.0,139.0,1.0,0.0,-9.74,ok,672.0,0.0,0.0,0.0,0.0,0.0,55.0,0.0,0.0,1.0,0.0,0.0,0.0,0.0,0.0,56320.0,involution(Sub):7;commutative(Add):6;even-negation(Abs):3;constant-fold:2,110,4,4,0,0.03636363636363636,0.0,0,4,0.0,1.0,0.0,1.0,0.0,0.0,1.0,0.0,0.0,0.0,1.3333333333333333,1.5,0.5833333333333334,1.0,0.0,0.0,0.0,56.0
bwd_band04_d3:20,bwd_bands,synthetic,64.0,64.0,11.0,11.0,1.0,11.0,0.0,0.0,0.0,0.0,0.0,0.0,0.0,0.0,0.0,0.0,0.0,0.0,2.0,10.0,Abs:2;Add:1;Const:1;Exp2:1;Ln:1;Neg:4;Var:1,11.0,11.0,219.0,219.0,1.0,50.0,2000.0,Quiesced,2.0,15.0,5.0,14.0,0.1,7.0,207.0,207.0,1.0,207.0,207.0,1.0,0.0,-5.48,retired_axis,nan,nan,nan,nan,nan,nan,nan,nan,nan,nan,nan,nan,nan,nan,nan,nan,involution(Sub):6;even-negation(Abs):6;commutative(Add):3,0,0,0,0,nan,nan,0,0,nan,nan,0.0,1.0,0.0,0.0,1.0,0.0,0.0,nan,1.2727272727272727,1.3636363636363635,0.6363636363636364,1.0,0.0,0.0,0.0,nan
bwd_band04_d3:21,bwd_bands,synthetic,64.0,64.0,20.0,19.0,1.053,20.0,0.0,0.0,0.0,0.0,0.0,0.0,0.0,0.0,0.0,0.0,0.0,0.0,3.0,15.0,Abs:2;Add:2;Const:3;Neg:7;Pow:3;Var:2,20.0,19.0,623.0,623.0,1.0,50.0,2000.0,Quiesced,2.0,30.0,12.0,26.0,0.2,9.0,917952.0,917952.0,1.0,231.0,231.0,1.0,0.0,-62.92,ok,896.0,0.0,1.0,1.0,0.0,50.0,28.0,0.0,0.641,0.359,0.0,0.0,0.0,0.0,0.0,31872.0,involution(Sub):12;commutative(Add):6;even-negation(Abs):6;power-sqrt:2;power-recip:2;recip-sqrt:2,108,2,2,0,0.018518518518518517,0.0,0,2,0.0,1.0,0.0,1.0,0.0,0.0,1.0,1.0,0.0,0.6410256410256411,1.368421052631579,1.5789473684210527,0.47368421052631576,1.0,0.0,0.0,0.0,47.1578947368421
bwd_band04_d3:22,bwd_bands,synthetic,64.0,64.0,14.0,13.0,1.077,14.0,0.0,0.0,0.0,0.0,0.0,0.0,0.0,0.0,0.0,0.0,0.0,0.0,2.0,9.0,Abs:1;Add:1;Atan2:1;Const:3;Min:1;Neg:4;Pow:1;Var:1,14.0,13.0,297.0,297.0,1.0,50.0,2000.0,Quiesced,2.0,16.0,6.0,17.0,0.1,9.0,6912.0,6912.0,1.0,108.0,108.0,1.0,0.0,-63.64,ok,528.0,0.0,3.0,0.0,4.0,37.0,0.0,0.098,0.902,0.0,2.0,3.0,1.0,0.0,1218.0,2372.0,involution(Sub):5;commutative(Add):3;commutative(Min):3;even-negation(Abs):3;power-recip:2,45,5,18,0,0.4,0.0,0,5,0.0,1.0,0.0,1.0,0.0,0.0,1.0,1.0,0.0,1.0,1.3076923076923077,1.2307692307692308,0.6923076923076923,1.0,0.0,0.0,0.0,40.61538461538461
bwd_band04_d3:23,bwd_bands,synthetic,64.0,64.0,18.0,18.0,1.0,18.0,0.0,0.0,0.0,0.0,0.0,0.0,0.0,0.0,0.0,0.0,0.0,0.0,4.0,10.0,Abs:1;Add:1;Const:3;Exp:1;Exp2:1;Min:2;Mul:1;Neg:3;Pow:1;Tan:1;Var:3,18.0,18.0,454.0,454.0,1.0,50.0,2000.0,Quiesced,2.0,22.0,8.0,24.0,0.2,14.0,6565.0,6565.0,1.0,265.0,265.0,1.0,0.0,-41.63,retired_axis,nan,nan,nan,nan,nan,nan,nan,nan,nan,nan,nan,nan,nan,nan,nan,nan,commutative(Min):6;involution(Sub):5;commutative(Add):3;commutative(Mul):3;even-negation(Abs):3;power-recip:2,0,0,0,0,nan,nan,0,0,nan,nan,0.0,1.0,0.0,0.0,1.0,0.0,0.0,nan,1.3333333333333333,1.2222222222222223,0.7777777777777778,1.0,0.0,0.0,0.0,nan
bwd_band05_d4:0,bwd_bands,synthetic,64.0,64.0,17.0,17.0,1.0,17.0,0.0,0.0,0.0,0.0,0.0,0.0,0.0,0.0,0.0,0.0,0.0,0.0,2.0,10.0,Abs:2;Add:2;Const:2;Cos:1;Log2:1;Neg:8;Var:1,17.0,17.0,235.0,235.0,1.0,50.0,2000.0,Quiesced,3.0,78.0,19.0,37.0,0.4,6.0,335994.0,335994.0,1.0,204.0,204.0,1.0,0.0,-13.19,ok,1072.0,0.0,1.0,1.0,47.0,0.0,41.0,0.534,0.0,0.466,0.0,0.0,0.0,0.0,0.0,42031.0,involution(Sub):21;constant-fold:14;commutative(Add):13;even-negation(Abs):10;commutative(Mul):6;even-negation(Cos):5;fma-fusion:4;cos-angle-addition:3;canonicalize(Sub):2,131,4,70,66,0.5343511450381679,0.5038167938931297,2,4,0.5,0.05714285714285716,0.0,1.0,0.0,0.0,1.0,0.0,0.0,0.5340909090909091,2.176470588235294,4.588235294117647,0.35294117647058826,1.0,0.0,0.0,0.0,63.05882352941177
bwd_band05_d4:1,bwd_bands,synthetic,64.0,64.0,25.0,24.0,1.042,25.0,0.0,0.0,0.0,0.0,0.0,0.0,0.0,0.0,0.0,0.0,0.0,0.0,4.0,21.0,Abs:3;Add:1;Const:3;Cos:1;Neg:12;Pow:3;Var:1,25.0,24.0,712.0,712.0,1.0,50.0,2000.0,Quiesced,2.0,43.0,17.0,33.0,0.3,9.0,507904.0,507904.0,1.0,124.0,124.0,1.0,0.0,-82.58,ok,656.0,0.0,0.0,0.0,0.0,0.0,46.0,0.0,0.0,1.0,0.0,0.0,0.0,0.0,0.0,47104.0,involution(Sub):20;even-negation(Abs):9;power-sqrt:4;commutative(Add):3;even-negation(Cos):3;power-recip:2;recip-sqrt:2,92,2,68,66,0.7391304347826086,0.717391304347826,2,2,1.0,0.02941176470588236,0.0,1.0,0.0,0.0,1.0,1.0,0.0,0.0,1.375,1.7916666666666667,0.375,1.0,0.0,0.0,0.0,27.333333333333332
bwd_band05_d4:2,bwd_bands,synthetic,64.0,64.0,11.0,10.0,1.1,11.0,0.0,0.0,0.0,0.0,0.0,0.0,0.0,0.0,0.0,0.0,0.0,0.0,2.0,6.0,Add:1;Const:1;Cos:1;Max:2;Neg:2;Sin:1;Var:2,11.0,10.0,161.0,161.0,1.0,50.0,2000.0,Quiesced,3.0,52.0,11.0,22.0,0.3,8.0,320384.0,320384.0,1.0,155.0,155.0,1.0,0.0,-3.73,ok,800.0,0.0,1.0,1.0,0.0,41.0,38.0,0.0,0.519,0.481,0.0,0.0,0.0,0.0,0.0,41536.0,commutative(Max):22;reverse-associative(Max):8;associative(Max):7;involution(Sub):5;commutative(Add):5;even-negation(Cos):5,119,3,94,58,0.7899159663865546,0.48739495798319327,2,3,0.6666666666666666,0.3829787234042553,0.0,1.0,0.0,0.0,1.0,1.0,0.0,0.5189873417721519,2.2,5.2,0.8,1.0,0.0,0.0,0.0,80.0
bwd_band05_d4:3,bwd_bands,synthetic,64.0,64.0,12.0,12.0,1.0,12.0,0.0,0.0,0.0,0.0,0.0,0.0,0.0,0.0,0.0,0.0,0.0,0.0,2.0,10.0,Abs:1;Add:1;Const:2;Cos:1;Neg:5;Pow:1;Var:1,12.0,12.0,293.0,293.0,1.0,50.0,2000.0,Quiesced,2.0,19.0,7.0,16.0,0.3,6.0,401408.0,401408.0,1.0,98.0,98.0,1.0,0.0,-66.55,ok,640.0,0.0,0.0,0.0,0.0,0.0,43.0,0.0,0.0,1.0,0.0,0.0,0.0,0.0,0.0,44032.0,involution(Sub):8;commutative(Add):3;even-negation(Cos):3;even-negation(Abs):3;power-recip:2,86,2,68,66,0.7906976744186046,0.7674418604651163,2,2,1.0,0.02941176470588236,0.0,1.0,0.0,0.0,1.0,0.0,0.0,0.0,1.3333333333333333,1.5833333333333333,0.5,1.0,0.0,0.0,0.0,53.333333333333336
bwd_band05_d4:4,bwd_bands,synthetic,64.0,64.0,17.0,16.0,1.062,17.0,0.0,0.0,0.0,0.0,0.0,0.0,0.0,0.0,0.0,0.0,0.0,0.0,4.0,14.0,Abs:2;Add:2;Const:2;Exp:1;Log10:1;Neg:5;Pow:1;Tan:1;Var:1,17.0,16.0,521.0,521.0,1.0,50.0,2000.0,Quiesced,2.0,22.0,8.0,21.0,0.2,10.0,21184.0,21184.0,1.0,331.0,331.0,1.0,0.0,-36.47,ok,1488.0,0.0,1.0,0.0,0.0,152.0,0.0,0.0,1.0,0.0,0.0,1.0,1.0,0.0,1088.0,9728.0,involution(Sub):8;commutative(Add):6;even-negation(Abs):6;power-rsqrt:2,154,4,66,0,0.42857142857142855,0.0,0,4,0.0,1.0,0.0,1.0,0.0,0.0,1.0,1.0,0.0,1.0,1.3125,1.375,0.625,1.0,0.0,0.0,0.0,93.0
bwd_band05_d4:5,bwd_bands,synthetic,64.0,64.0,32.0,28.0,1.143,32.0,0.0,0.0,0.0,0.0,0.0,0.0,0.0,0.0,0.0,0.0,0.0,0.0,4.0,13.0,Abs:4;Add:5;Const:4;Ln:2;Min:1;Neg:9;Pow:2;Var:1,32.0,28.0,710.0,710.0,1.0,50.0,2000.0,Quiesced,2.0,44.0,16.0,40.0,0.3,18.0,1355776.0,1355776.0,1.0,331.0,331.0,1.0,0.0,-53.38,ok,976.0,0.0,0.0,0.0,0.0,0.0,114.0,0.0,0.0,1.0,0.0,0.0,0.0,0.0,0.0,116736.0,commutative(Add):15;involution(Sub):11;even-negation(Abs):11;commutative(Min):3;power-recip:2;power-rsqrt:2,228,8,8,0,0.03508771929824561,0.0,0,8,0.0,1.0,0.0,1.0,0.0,0.0,1.0,1.0,0.0,0.0,1.4285714285714286,1.5714285714285714,0.6428571428571429,1.0,0.0,0.0,0.0,34.857142857142854
bwd_band05_d4:6,bwd_bands,synthetic,64.0,64.0,15.0,14.0,1.071,15.0,0.0,0.0,0.0,0.0,0.0,0.0,0.0,0.0,0.0,0.0,0.0,0.0,1.0,10.0,Abs:1;Add:2;Const:3;Mul:1;Neg:5;Pow:1;Var:1,15.0,14.0,227.0,227.0,1.0,50.0,2000.0,Quiesced,2.0,25.0,9.0,20.0,0.2,8.0,2304.0,2304.0,1.0,36.0,36.0,1.0,0.0,-84.14,ok,256.0,0.0,1.0,0.0,0.0,8.0,0.0,0.0,1.0,0.0,0.0,1.0,1.0,0.0,1088.0,512.0,involution(Sub):7;commutative(Add):6;fma-fusion:4;commutative(Mul):3;even-negation(Abs):3;power-rsqrt:2,10,0,0,0,0.0,0.0,0,0,nan,nan,0.0,1.0,0.0,0.0,1.0,1.0,0.0,1.0,1.4285714285714286,1.7857142857142858,0.5714285714285714,1.0,0.0,0.0,0.0,18.285714285714285
bwd_band05_d4:7,bwd_bands,synthetic,64.0,64.0,16.0,13.0,1.231,18.0,0.0,0.0,0.0,0.0,0.0,0.0,0.0,0.0,0.0,0.0,0.0,0.0,2.0,7.0,Abs:1;Add:2;Atan2:1;Const:3;Mul:2;Neg:2;Pow:1;Var:1,16.0,13.0,302.0,307.0,1.017,50.0,2000.0,Quiesced,3.0,77.0,14.0,28.0,0.5,10.0,471040.0,471040.0,1.0,115.0,115.0,1.0,0.0,-61.92,ok,592.0,0.0,5.0,5.0,9.0,0.0,35.0,0.205,0.0,0.795,0.0,0.0,0.0,0.0,0.0,35849.0,commutative(Mul):19;halving:10;reverse-associative(Mul):8;doubling:6;associative(Mul):6;involution(Sub):5;commutative(Add):5;even-negation(Abs):5;distribute:4;factor:3;power-sqrt:3;fma-fusion:3,89,10,38,6,0.42696629213483145,0.06741573033707865,2,10,0.2,0.8421052631578947,0.0,1.0,0.0,0.0,1.0,1.0,0.0,0.20454545454545456,2.1538461538461537,5.923076923076923,0.7692307692307693,1.0,0.0,0.0,0.0,45.53846153846154
bwd_band05_d4:8,bwd_bands,synthetic,64.0,64.0,14.0,13.0,1.077,17.0,0.0,0.0,0.0,0.0,0.0,0.0,0.0,0.0,0.0,0.0,0.0,0.0,4.0,10.0,Abs:1;Add:1;Const:2;Exp:1;Exp2:1;Mul:2;Neg:2;Pow:2;Var:1,14.0,13.0,559.0,628.0,1.123,50.0,2000.0,Quiesced,2.0,17.0,7.0,19.0,0.2,9.0,462991.0,462922.0,1.0,256.0,187.0,1.369,0.0,-66.55,ok,576.0,0.0,1.0,1.0,24.0,0.0,29.0,0.453,0.0,0.547,0.0,0.0,0.0,0.0,0.0,29720.0,power-sqrt:4;fma-fusion:4;involution(Sub):3;commutative(Add):3;even-negation(Abs):3,84,0,0,0,0.0,0.0,0,0,nan,nan,0.0,1.0,0.0,0.0,1.0,1.0,1.0,0.4528301886792453,1.4615384615384615,1.3076923076923077,0.6923076923076923,1.0,0.0,0.0,0.0,44.30769230769231
bwd_band05_d4:9,bwd_bands,synthetic,64.0,64.0,12.0,11.0,1.091,12.0,0.0,0.0,0.0,0.0,0.0,0.0,0.0,0.0,0.0,0.0,0.0,0.0,3.0,10.0,Abs:1;Add:2;Const:1;Exp2:1;Ln:1;Neg:3;Sin:1;Var:1,12.0,11.0,287.0,287.0,1.0,50.0,2000.0,Quiesced,2.0,12.0,4.0,14.0,0.1,9.0,17984.0,17984.0,1.0,281.0,281.0,1.0,0.0,-2.09,ok,1232.0,0.0,1.0,0.0,0.0,110.0,0.0,0.0,1.0,0.0,0.0,1.0,1.0,0.0,1088.0,7040.0,commutative(Add):6;involution(Sub):3;even-negation(Abs):3,112,3,32,0,0.2857142857142857,0.0,0,3,0.0,1.0,0.0,1.0,0.0,0.0,1.0,1.0,0.0,1.0,1.2727272727272727,1.0909090909090908,0.8181818181818182,1.0,0.0,0.0,0.0,112.0
bwd_band05_d4:10,bwd_bands,synthetic,64.0,64.0,40.0,33.0,1.212,40.0,0.0,0.0,0.0,0.0,0.0,0.0,0.0,0.0,0.0,0.0,0.0,0.0,6.0,10.0,Abs:3;Add:6;Atan2:2;Const:6;Exp:1;Max:1;Mul:2;Neg:7;Pow:3;Var:2,40.0,33.0,888.0,888.0,1.0,50.0,2000.0,Quiesced,4.0,182.0,30.0,61.0,1.4,21.0,1857237.0,1857237.0,1.0,501.0,501.0,1.0,0.0,-43.58,ok,1760.0,0.0,10.0,9.0,10.0,10.0,159.0,0.056,0.056,0.888,1.0,1.0,0.0,0.0,65.0,163466.0,commutative(Add):66;constant-fold:22;involution(Sub):18;even-negation(Abs):18;commutative(Mul):14;reverse-associative(Add):11;associative(Add):10;fma-fusion:8;commutative(Max):7;power-recip:4;power-rsqrt:4,357,24,76,12,0.21288515406162464,0.03361344537815126,4,24,0.16666666666666666,0.8421052631578947,0.0,1.0,0.0,0.0,1.0,1.0,0.0,0.11173184357541899,1.8484848484848484,5.515151515151516,0.6363636363636364,1.0,0.0,0.0,0.0,53.333333333333336
bwd_band05_d4:11,bwd_bands,synthetic,64.0,64.0,12.0,10.0,1.2,12.0,0.0,0.0,0.0,0.0,0.0,0.0,0.0,0.0,0.0,0.0,0.0,0.0,3.0,8.0,Add:1;Cos:1;Mul:1;Neg:4;Sin:1;Tan:1;Var:1,12.0,10.0,253.0,253.0,1.0,50.0,2000.0,Quiesced,3.0,39.0,9.0,17.0,0.4,5.0,15168.0,15168.0,1.0,237.0,237.0,1.0,0.0,-6.32,ok,1072.0,0.0,1.0,0.0,0.0,147.0,0.0,0.0,1.0,0.0,0.0,1.0,1.0,0.0,1088.0,9408.0,involution(Sub):13;fma-fusion:6;commutative(Add):5;commutative(Mul):5;odd-negation(Tan):5;even-negation(Cos):5,149,4,128,0,0.8590604026845637,0.0,0,4,0.0,1.0,0.0,1.0,0.0,0.0,1.0,1.0,0.0,1.0,1.7,3.9,0.5,1.0,0.0,0.0,0.0,107.2
bwd_band05_d4:12,bwd_bands,synthetic,64.0,64.0,17.0,15.0,1.133,19.0,0.0,0.0,0.0,0.0,0.0,0.0,0.0,0.0,0.0,0.0,0.0,0.0,4.0,7.0,Abs:1;Add:2;Atan2:1;Const:4;Mul:2;Neg:1;Pow:3;Var:1,17.0,15.0,691.0,691.0,1.0,50.0,2000.0,Quiesced,2.0,22.0,10.0,25.0,0.2,9.0,8128.0,8128.0,1.0,127.0,127.0,1.0,0.0,-81.62,ok,544.0,0.0,3.0,0.0,4.0,37.0,0.0,0.098,0.902,0.0,2.0,3.0,1.0,0.0,1218.0,2372.0,commutative(Add):6;power-sqrt:4;fma-fusion:4;constant-fold:2;even-negation(Abs):2;power-recip:2;recip-sqrt:2,45,5,18,0,0.4,0.0,0,5,0.0,1.0,0.0,1.0,0.0,0.0,1.0,1.0,0.0,1.0,1.6666666666666667,1.4666666666666666,0.6,1.0,0.0,0.0,0.0,36.266666666666666
bwd_band05_d4:13,bwd_bands,synthetic,64.0,64.0,26.0,21.0,1.238,26.0,0.0,0.0,0.0,0.0,0.0,0.0,0.0,0.0,0.0,0.0,0.0,0.0,4.0,12.0,Abs:2;Add:3;Atan2:1;Const:3;Cos:1;Mul:1;Neg:7;Pow:2;Var:1,26.0,21.0,590.0,593.0,1.005,50.0,2000.0,Quiesced,3.0,55.0,15.0,30.0,0.4,11.0,1593344.0,1564672.0,1.018,389.0,382.0,1.018,0.0,-35.25,ok,1680.0,0.0,2.0,2.0,4.0,0.0,144.0,0.027,0.0,0.973,0.0,0.0,0.0,0.0,0.0,147460.0,involution(Sub):16;commutative(Add):15;even-negation(Abs):8;commutative(Mul):5;even-negation(Cos):5;constant-fold:3;power-recip:3,296,16,108,74,0.36486486486486486,0.25,4,16,0.25,0.31481481481481477,0.0,1.0,0.0,0.0,1.0,1.0,1.0,0.02702702702702703,1.4285714285714286,2.619047619047619,0.5238095238095238,1.0,0.0,0.0,0.0,80.0
bwd_band05_d4:14,bwd_bands,synthetic,64.0,64.0,34.0,31.0,1.097,34.0,0.0,0.0,0.0,0.0,0.0,0.0,0.0,0.0,0.0,0.0,0.0,0.0,4.0,19.0,Abs:4;Add:4;Const:5;Log10:1;Mul:2;Neg:10;Pow:3;Var:2,34.0,31.0,790.0,790.0,1.0,50.0,2000.0,Quiesced,2.0,50.0,18.0,43.0,0.3,19.0,977088.0,977088.0,1.0,399.0,399.0,1.0,0.0,-49.49,ok,1216.0,0.0,2.0,2.0,0.0,56.0,79.0,0.0,0.415,0.585,0.0,0.0,0.0,0.0,0.0,84480.0,involution(Sub):16;commutative(Add):12;even-negation(Abs):12;commutative(Mul):6;power-sqrt:2;power-recip:2,218,6,6,0,0.027522935779816515,0.0,0,6,0.0,1.0,0.0,1.0,0.0,0.0,1.0,1.0,0.0,0.4148148148148148,1.3870967741935485,1.6129032258064515,0.6129032258064516,1.0,0.0,0.0,0.0,39.225806451612904
bwd_band05_d4:15,bwd_bands,synthetic,64.0,64.0,30.0,26.0,1.154,48.0,0.0,0.0,0.0,0.0,0.0,0.0,0.0,0.0,0.0,0.0,0.0,0.0,4.0,21.0,Abs:3;Add:4;Const:4;Log2:1;Mul:3;Neg:7;Pow:3;Var:1,30.0,26.0,771.0,1123.0,1.457,50.0,2000.0,Quiesced,5.0,249.0,32.0,60.0,2.9,16.0,22848.0,13120.0,1.741,357.0,205.0,1.741,0.0,-73.41,ok,720.0,0.0,1.0,0.0,0.0,61.0,0.0,0.0,1.0,0.0,0.0,1.0,1.0,0.0,1088.0,3904.0,commutative(Mul):51;commutative(Add):36;involution(Sub):32;reverse-associative(Mul):30;associative(Mul):27;even-negation(Abs):27;power-recip:10;fma-fusion:10;constant-fold:9;halving:5;power-sqrt:5;power-combine:4;doubling:3,63,2,2,0,0.031746031746031744,0.0,0,2,0.0,1.0,0.0,1.0,0.0,0.0,1.0,1.0,1.0,1.0,2.3076923076923075,9.576923076923077,0.6153846153846154,1.0,0.0,0.0,0.0,27.692307692307693
bwd_band05_d4:16,bwd_bands,synthetic,64.0,64.0,21.0,20.0,1.05,23.0,0.0,0.0,0.0,0.0,0.0,0.0,0.0,0.0,0.0,0.0,0.0,0.0,2.0,15.0,Abs:2;Add:2;Const:3;Mul:3;Neg:6;Pow:2;Var:2,21.0,20.0,439.0,439.0,1.0,50.0,2000.0,Quiesced,2.0,33.0,13.0,29.0,1.5,11.0,209216.0,209216.0,1.0,56.0,56.0,1.0,0.0,-87.24,ok,240.0,0.0,1.0,1.0,0.0,2.0,9.0,0.0,0.182,0.818,0.0,0.0,0.0,0.0,0.0,9344.0,involution(Sub):10;commutative(Add):6;even-negation(Abs):6;fma-fusion:4;commutative(Mul):3;power-sqrt:2;power-recip:2,22,0,0,0,0.0,0.0,0,0,nan,nan,0.0,1.0,0.0,0.0,1.0,1.0,0.0,0.18181818181818182,1.45,1.65,0.55,1.0,0.0,0.0,0.0,12.0
bwd_band05_d4:17,bwd_bands,synthetic,64.0,64.0,13.0,13.0,1.0,13.0,0.0,0.0,0.0,0.0,0.0,0.0,0.0,0.0,0.0,0.0,0.0,0.0,2.0,9.0,Abs:1;Add:1;Const:3;Exp:1;Log2:1;Mul:2;Neg:3;Var:1,13.0,13.0,223.0,223.0,1.0,50.0,2000.0,Quiesced,4.0,109.0,17.0,29.0,1.0,7.0,20682.0,20682.0,1.0,207.0,207.0,1.0,0.0,-7.17,ok,912.0,0.0,1.0,1.0,73.0,0.0,2.0,0.973,0.0,0.027,0.0,0.0,0.0,0.0,0.0,2121.0,commutative(Mul):34;constant-fold:25;involution(Sub):11;commutative(Add):11;reverse-associative(Mul):11;associative(Mul):10;even-negation(Abs):7,79,2,2,0,0.02531645569620253,0.0,0,2,0.0,1.0,0.0,1.0,0.0,0.0,1.0,0.0,0.0,0.9733333333333334,2.230769230769231,8.384615384615385,0.5384615384615384,1.0,0.0,0.0,0.0,70.15384615384616
bwd_band05_d4:18,bwd_bands,synthetic,64.0,64.0,27.0,23.0,1.174,27.0,0.0,0.0,0.0,0.0,0.0,0.0,0.0,0.0,0.0,0.0,0.0,0.0,4.0,14.0,Abs:3;Add:3;Atan2:1;Const:2;Log10:2;Mul:2;Neg:7;Pow:1;Var:2,27.0,23.0,595.0,595.0,1.0,50.0,2000.0,Quiesced,3.0,88.0,19.0,40.0,0.6,15.0,138112.0,138112.0,1.0,394.0,394.0,1.0,0.0,-33.78,ok,1216.0,0.0,3.0,1.0,4.0,132.0,6.0,0.028,0.93,0.042,2.0,2.0,0.0,0.0,130.0,14596.0,commutative(Mul):22;involution(Sub):18;commutative(Add):15;even-negation(Abs):15;reverse-associative(Mul):8;associative(Mul):7;power-recip:3,152,9,22,0,0.14473684210526316,0.0,0,9,0.0,1.0,0.0,1.0,0.0,0.0,1.0,1.0,0.0,0.9577464788732394,1.7391304347826086,3.8260869565217392,0.6521739130434783,1.0,0.0,0.0,0.0,52.869565217391305
bwd_band05_d4:19,bwd_bands,synthetic,64.0,64.0,18.0,17.0,1.059,20.0,0.0,0.0,0.0,0.0,0.0,0.0,0.0,0.0,0.0,0.0,0.0,0.0,3.0,9.0,Abs:1;Add:2;Const:3;Exp2:1;Mul:3;Neg:3;Pow:2;Var:2,18.0,17.0,496.0,496.0,1.0,50.0,2000.0,Quiesced,2.0,25.0,10.0,25.0,0.2,11.0,108608.0,108608.0,1.0,122.0,122.0,1.0,0.0,-75.4,ok,464.0,0.0,2.0,2.0,0.0,28.0,4.0,0.0,0.875,0.125,0.0,0.0,0.0,0.0,0.0,5888.0,commutative(Add):6;involution(Sub):5;fma-fusion:4;commutative(Mul):3;even-negation(Abs):3;power-sqrt:2;power-recip:2,40,0,0,0,0.0,0.0,0,0,nan,nan,0.0,1.0,0.0,0.0,1.0,1.0,0.0,0.875,1.4705882352941178,1.4705882352941178,0.6470588235294118,1.0,0.0,0.0,0.0,27.294117647058822
bwd_band05_d4:20,bwd_bands,synthetic,64.0,64.0,23.0,22.0,1.045,23.0,0.0,0.0,0.0,0.0,0.0,0.0,0.0,0.0,0.0,0.0,0.0,0.0,3.0,12.0,Abs:2;Add:3;Const:4;Exp:1;Log2:1;Mul:1;Neg:8;Pow:1;Var:1,23.0,22.0,440.0,440.0,1.0,50.0,2000.0,Quiesced,2.0,32.0,12.0,29.0,0.3,14.0,110804.0,110804.0,1.0,239.0,239.0,1.0,0.0,-45.68,ok,960.0,0.0,1.0,1.0,77.0,0.0,6.0,0.928,0.0,0.072,0.0,0.0,0.0,0.0,0.0,6221.0,involution(Sub):12;commutative(Add):9;even-negation(Abs):6;commutative(Mul):3;power-recip:2,91,2,2,0,0.02197802197802198,0.0,0,2,0.0,1.0,0.0,1.0,0.0,0.0,1.0,1.0,0.0,0.927710843373494,1.3181818181818181,1.4545454545454546,0.6363636363636364,1.0,0.0,0.0,0.0,43.63636363636363
bwd_band05_d4:21,bwd_bands,synthetic,64.0,64.0,21.0,20.0,1.05,21.0,0.0,0.0,0.0,0.0,0.0,0.0,0.0,0.0,0.0,0.0,0.0,0.0,3.0,17.0,Abs:3;Add:1;Const:3;Neg:9;Pow:3;Var:1,21.0,20.0,628.0,628.0,1.0,50.0,2000.0,Quiesced,2.0,35.0,14.0,28.0,0.2,8.0,200704.0,200704.0,1.0,49.0,49.0,1.0,0.0,-92.2,ok,224.0,0.0,0.0,0.0,0.0,0.0,8.0,0.0,0.0,1.0,0.0,0.0,0.0,0.0,0.0,8192.0,involution(Sub):15;even-negation(Abs):9;power-sqrt:4;commutative(Add):3;power-recip:2;recip-sqrt:2,16,0,0,0,0.0,0.0,0,0,nan,nan,0.0,1.0,0.0,0.0,1.0,1.0,0.0,0.0,1.4,1.75,0.4,1.0,0.0,0.0,0.0,11.2
bwd_band05_d4:22,bwd_bands,synthetic,64.0,64.0,37.0,30.0,1.233,52.0,0.0,0.0,0.0,0.0,0.0,0.0,0.0,0.0,0.0,0.0,0.0,0.0,5.0,11.0,Abs:3;Add:6;Atan2:1;Const:6;Ln:1;Mul:3;Neg:6;Pow:3;Var:1,37.0,30.0,861.0,1217.0,1.413,50.0,2000.0,Quiesced,4.0,186.0,32.0,61.0,0.9,17.0,1671364.0,1089732.0,1.534,604.0,462.0,1.307,0.0,-46.34,ok,1552.0,0.0,3.0,3.0,75.0,0.0,89.0,0.457,0.0,0.543,0.0,0.0,0.0,0.0,0.0,91211.0,commutative(Add):62;constant-fold:26;even-negation(Abs):21;involution(Sub):18;reverse-associative(Add):11;commutative(Mul):10;associative(Add):10;fma-fusion:8;halving:5;power-combine:4;power-sqrt:4;power-recip:4;doubling:3,259,16,42,8,0.16216216216216217,0.03088803088803089,2,16,0.125,0.8095238095238095,0.0,1.0,0.0,0.0,1.0,1.0,1.0,0.4573170731707317,2.033333333333333,6.2,0.5666666666666667,1.0,0.0,0.0,0.0,51.733333333333334
bwd_band05_d4:23,bwd_bands,synthetic,64.0,64.0,8.0,8.0,1.0,8.0,0.0,0.0,0.0,0.0,0.0,0.0,0.0,0.0,0.0,0.0,0.0,0.0,2.0,7.0,Abs:1;Const:1;Neg:3;Pow:1;Tan:1;Var:1,8.0,8.0,295.0,295.0,1.0,20.0,500.0,Quiesced,2.0,10.0,4.0,10.0,0.1,4.0,6720.0,6720.0,1.0,105.0,105.0,1.0,0.0,-64.41,ok,736.0,0.0,1.0,0.0,0.0,76.0,0.0,0.0,1.0,0.0,0.0,1.0,1.0,0.0,1088.0,4864.0,involution(Sub):5;even-negation(Abs):3;power-sqrt:2,78,2,64,0,0.8205128205128205,0.0,0,2,0.0,1.0,0.0,1.0,0.0,0.0,1.0,0.0,0.0,1.0,1.25,1.25,0.5,1.0,0.0,0.0,0.0,92.0
bwd_band06_d4:0,bwd_bands,synthetic,64.0,64.0,15.0,15.0,1.0,15.0,0.0,0.0,0.0,0.0,0.0,0.0,0.0,0.0,0.0,0.0,0.0,0.0,1.0,9.0,Abs:2;Add:1;Const:3;Mul:1;Neg:6;Pow:1;Var:1,15.0,15.0,229.0,229.0,1.0,50.0,2000.0,Quiesced,2.0,28.0,10.0,21.0,0.2,8.0,1984.0,1984.0,1.0,31.0,31.0,1.0,0.0,-86.46,ok,240.0,0.0,1.0,0.0,0.0,8.0,0.0,0.0,1.0,0.0,0.0,1.0,1.0,0.0,1088.0,512.0,involution(Sub):8;constant-fold:6;even-negation(Abs):6;commutative(Add):3;commutative(Mul):3;power-recip:2,10,0,0,0,0.0,0.0,0,0,nan,nan,0.0,1.0,0.0,0.0,1.0,0.0,0.0,1.0,1.4,1.8666666666666667,0.5333333333333333,1.0,0.0,0.0,0.0,16.0
bwd_band06_d4:1,bwd_bands,synthetic,64.0,64.0,22.0,21.0,1.048,22.0,0.0,0.0,0.0,0.0,0.0,0.0,0.0,0.0,0.0,0.0,0.0,0.0,3.0,17.0,Abs:3;Add:2;Const:3;Log2:1;Min:1;Neg:7;Pow:2;Var:2,22.0,21.0,555.0,555.0,1.0,50.0,2000.0,Quiesced,2.0,33.0,12.0,29.0,0.2,12.0,708608.0,708608.0,1.0,173.0,173.0,1.0,0.0,-68.83,retired_axis,nan,nan,nan,nan,nan,nan,nan,nan,nan,nan,nan,nan,nan,nan,nan,nan,involution(Sub):11;even-negation(Abs):9;commutative(Add):6;commutative(Min):3;power-sqrt:2;power-recip:2,0,0,0,0,nan,nan,0,0,nan,nan,0.0,1.0,0.0,0.0,1.0,1.0,0.0,nan,1.380952380952381,1.5714285714285714,0.5714285714285714,1.0,0.0,0.0,0.0,nan
bwd_band06_d4:2,bwd_bands,synthetic,64.0,64.0,21.0,20.0,1.05,21.0,0.0,0.0,0.0,0.0,0.0,0.0,0.0,0.0,0.0,0.0,0.0,0.0,4.0,10.0,Abs:2;Add:2;Const:4;Cos:1;Exp:1;Mul:1;Neg:6;Pow:2;Var:1,21.0,20.0,579.0,579.0,1.0,50.0,2000.0,Quiesced,5.0,233.0,35.0,63.0,1.4,9.0,11344.0,11344.0,1.0,193.0,193.0,1.0,0.0,-66.67,ok,880.0,0.0,2.0,0.0,2.0,67.0,0.0,0.029,0.971,0.0,1.0,2.0,1.0,0.0,1153.0,4290.0,commutative(Mul):50;commutative(Add):30;involution(Sub):27;constant-fold:26;even-negation(Abs):18;fma-fusion:15;even-negation(Cos):12;reverse-associative(Mul):10;associative(Mul):8;factor:7;odd-negation(Sin):7;cos-angle-addition:5;power-sqrt:5;power-recip:5;canonicalize(Sub):4;distribute:4,72,1,34,0,0.4722222222222222,0.0,0,1,0.0,1.0,0.0,1.0,0.0,0.0,1.0,1.0,0.0,1.0,3.15,11.65,0.45,1.0,0.0,0.0,0.0,44.0
bwd_band06_d4:3,bwd_bands,synthetic,64.0,64.0,41.0,35.0,1.171,55.0,0.0,0.0,0.0,0.0,0.0,0.0,0.0,0.0,0.0,0.0,0.0,0.0,7.0,11.0,Abs:3;Add:4;Const:5;Exp2:1;Log10:1;Log2:1;Max:3;Min:1;Mul:5;Neg:4;Pow:3;Sin:1;Var:3,41.0,35.0,1057.0,1150.0,1.088,50.0,2000.0,Quiesced,3.0,117.0,27.0,63.0,0.8,28.0,1336335.0,1323978.0,1.009,735.0,663.0,1.109,0.0,-37.28,retired_axis,nan,nan,nan,nan,nan,nan,nan,nan,nan,nan,nan,nan,nan,nan,nan,nan,commutative(Mul):27;commutative(Add):24;commutative(Max):15;involution(Sub):8;reverse-associative(Mul):8;even-negation(Abs):8;associative(Mul):7;power-combine:6;fma-fusion:6;commutative(Min):5;power-sqrt:3,0,0,0,0,nan,nan,0,0,nan,nan,0.0,1.0,0.0,0.0,1.0,1.0,1.0,nan,1.8,3.342857142857143,0.8,1.0,0.0,0.0,0.0,nan
bwd_band06_d4:4,bwd_bands,synthetic,64.0,64.0,27.0,23.0,1.174,27.0,0.0,0.0,0.0,0.0,0.0,0.0,0.0,0.0,0.0,0.0,0.0,0.0,3.0,19.0,Abs:3;Add:3;Const:3;Max:1;Mul:1;Neg:7;Pow:3;Var:2,27.0,23.0,638.0,638.0,1.0,50.0,2000.0,Quiesced,2.0,41.0,15.0,34.0,0.3,15.0,77.0,77.0,1.0,77.0,77.0,1.0,0.0,-87.93,retired_axis,nan,nan,nan,nan,nan,nan,nan,nan,nan,nan,nan,nan,nan,nan,nan,nan,involution(Sub):11;commutative(Add):9;even-negation(Abs):9;power-recip:6;commutative(Mul):3;commutative(Max):3,0,0,0,0,nan,nan,0,0,nan,nan,0.0,1.0,0.0,0.0,1.0,1.0,0.0,nan,1.4782608695652173,1.7826086956521738,0.6521739130434783,1.0,0.0,0.0,0.0,nan
bwd_band06_d4:5,bwd_bands,synthetic,64.0,64.0,42.0,40.0,1.05,130.0,0.0,0.0,0.0,0.0,0.0,0.0,0.0,0.0,0.0,0.0,0.0,0.0,10.0,12.0,Abs:3;Add:7;Atan2:1;Const:5;Cos:2;Exp2:1;Log2:1;Mul:6;Neg:6;Pow:3;Sin:2;Var:3,42.0,40.0,1233.0,3838.0,3.113,50.0,2000.0,ClassCap,4.0,4332.0,1189.0,1395.0,16.6,26.0,3501572.0,1263581.0,2.771,1985.0,809.0,2.454,0.0,-34.39,retired_axis,nan,nan,nan,nan,nan,nan,nan,nan,nan,nan,nan,nan,nan,nan,nan,nan,fma-fusion:1310;commutative(Add):702;reverse-associative(Add):584;associative(Add):490;commutative(Mul):373;reverse-associative(Mul):237;associative(Mul):195;factor:136;distribute:97;halving:65;doubling:45;constant-fold:31;even-negation(Abs):18;involution(Sub):14;power-combine:8;power-sqrt:8;half-angle-product:6;even-negation(Cos):4;power-identity:3;canonicalize(Div):2;sin-angle-addition:2;reverse-angle-addition:2,0,0,0,0,nan,nan,0,0,nan,nan,1.0,0.0,0.0,0.0,1.0,1.0,1.0,nan,34.875,108.3,0.65,1.0,0.0,0.0,0.0,nan
bwd_band06_d4:6,bwd_bands,synthetic,64.0,64.0,20.0,20.0,1.0,20.0,0.0,0.0,0.0,0.0,0.0,0.0,0.0,0.0,0.0,0.0,0.0,0.0,5.0,10.0,Abs:1;Add:2;Const:4;Exp:2;Exp2:2;Max:1;Mul:2;Neg:2;Pow:1;Var:3,20.0,20.0,514.0,514.0,1.0,50.0,2000.0,Quiesced,2.0,19.0,7.0,27.0,0.6,18.0,7450.0,7450.0,1.0,331.0,331.0,1.0,0.0,-35.6,retired_axis,nan,nan,nan,nan,nan,nan,nan,nan,nan,nan,nan,nan,nan,nan,nan,nan,commutative(Add):6;commutative(Mul):6;commutative(Max):3;even-negation(Abs):2;power-recip:2,0,0,0,0,nan,nan,0,0,nan,nan,0.0,1.0,0.0,0.0,1.0,0.0,0.0,nan,1.35,0.95,0.9,1.0,0.0,0.0,0.0,nan
bwd_band06_d4:7,bwd_bands,synthetic,64.0,64.0,25.0,24.0,1.042,25.0,0.0,0.0,0.0,0.0,0.0,0.0,0.0,0.0,0.0,0.0,0.0,0.0,4.0,10.0,Abs:2;Add:2;Const:2;Exp:1;Exp2:1;Log2:1;Max:1;Mul:2;Neg:7;Recip:1;Sin:1;Var:3,25.0,24.0,400.0,400.0,1.0,50.0,2000.0,Quiesced,2.0,33.0,12.0,31.0,0.3,17.0,883.0,883.0,1.0,379.0,379.0,1.0,0.0,-5.25,retired_axis,nan,nan,nan,nan,nan,nan,nan,nan,nan,nan,nan,nan,nan,nan,nan,nan,involution(Sub):12;commutative(Add):6;commutative(Mul):6;even-negation(Abs):6;commutative(Max):3,0,0,0,0,nan,nan,0,0,nan,nan,0.0,1.0,0.0,0.0,1.0,1.0,0.0,nan,1.2916666666666667,1.375,0.7083333333333334,1.0,0.0,0.0,0.0,nan
bwd_band06_d4:8,bwd_bands,synthetic,64.0,64.0,11.0,9.0,1.222,11.0,0.0,0.0,0.0,0.0,0.0,0.0,0.0,0.0,0.0,0.0,0.0,0.0,0.0,7.0,Abs:1;Add:1;Mul:1;Neg:4;Var:2,11.0,9.0,24.0,27.0,1.125,50.0,2000.0,Quiesced,3.0,48.0,12.0,20.0,0.5,6.0,61440.0,61440.0,1.0,15.0,15.0,1.0,0.0,-37.5,ok,176.0,0.0,0.0,0.0,0.0,0.0,6.0,0.0,0.0,1.0,0.0,0.0,0.0,0.0,0.0,6144.0,involution(Sub):11;commutative(Mul):11;commutative(Add):8;factor:5;even-negation(Abs):5;fma-fusion:5;distribute:3,12,0,0,0,0.0,0.0,0,0,nan,nan,0.0,1.0,0.0,0.0,0.0,1.0,0.0,0.0,2.2222222222222223,5.333333333333333,0.6666666666666666,1.0,0.0,0.0,0.0,19.555555555555557
bwd_band06_d4:9,bwd_bands,synthetic,64.0,64.0,11.0,11.0,1.0,13.0,0.0,0.0,0.0,0.0,0.0,0.0,0.0,0.0,0.0,0.0,0.0,0.0,2.0,5.0,Add:1;Atan2:1;Const:2;Max:1;Mul:2;Pow:1;Var:3,11.0,11.0,292.0,292.0,1.0,50.0,2000.0,Quiesced,2.0,12.0,5.0,16.0,0.4,9.0,94292.0,94292.0,1.0,107.0,107.0,1.0,0.0,-63.36,retired_axis,nan,nan,nan,nan,nan,nan,nan,nan,nan,nan,nan,nan,nan,nan,nan,nan,fma-fusion:4;commutative(Add):3;commutative(Max):3;power-sqrt:2,0,0,0,0,nan,nan,0,0,nan,nan,0.0,1.0,0.0,0.0,1.0,0.0,0.0,nan,1.4545454545454546,1.0909090909090908,0.8181818181818182,1.0,0.0,0.0,0.0,nan
bwd_band06_d4:10,bwd_bands,synthetic,64.0,64.0,19.0,17.0,1.118,33.0,0.0,0.0,0.0,0.0,0.0,0.0,0.0,0.0,0.0,0.0,0.0,0.0,4.0,12.0,Abs:2;Add:3;Const:3;Exp:1;Log10:1;Mul:2;Neg:2;Pow:2;Var:1,19.0,17.0,635.0,1060.0,1.669,50.0,2000.0,Quiesced,4.0,72.0,13.0,31.0,0.9,12.0,32192.0,16896.0,1.905,503.0,264.0,1.905,0.0,-58.43,ok,960.0,0.0,1.0,0.0,0.0,82.0,0.0,0.0,1.0,0.0,0.0,1.0,1.0,0.0,1088.0,5248.0,commutative(Add):21;fma-fusion:8;involution(Sub):7;even-negation(Abs):7;constant-fold:6;halving:5;power-combine:4;power-sqrt:4;power-recip:4;commutative(Mul):3;doubling:3,84,2,2,0,0.023809523809523808,0.0,0,2,0.0,1.0,0.0,1.0,0.0,0.0,1.0,1.0,1.0,1.0,1.8235294117647058,4.235294117647059,0.7058823529411765,1.0,0.0,0.0,0.0,56.470588235294116
bwd_band06_d4:11,bwd_bands,synthetic,64.0,64.0,6.0,6.0,1.0,6.0,0.0,0.0,0.0,0.0,0.0,0.0,0.0,0.0,0.0,0.0,0.0,0.0,2.0,6.0,Cos:1;Exp:1;Neg:3;Var:1,6.0,6.0,159.0,159.0,1.0,20.0,500.0,Quiesced,2.0,8.0,3.0,7.0,0.1,3.0,9600.0,9600.0,1.0,150.0,150.0,1.0,0.0,-5.66,ok,816.0,0.0,1.0,0.0,0.0,63.0,0.0,0.0,1.0,0.0,0.0,1.0,1.0,0.0,1088.0,4032.0,involution(Sub):5;even-negation(Cos):3,65,1,34,0,0.5230769230769231,0.0,0,1,0.0,1.0,0.0,1.0,0.0,0.0,1.0,0.0,0.0,1.0,1.1666666666666667,1.3333333333333333,0.5,1.0,0.0,0.0,0.0,136.0
bwd_band06_d4:12,bwd_bands,synthetic,64.0,64.0,23.0,19.0,1.211,23.0,0.0,0.0,0.0,0.0,0.0,0.0,0.0,0.0,0.0,0.0,0.0,0.0,3.0,16.0,Abs:3;Add:3;Const:1;Ln:1;Log10:1;Neg:8;Tan:1;Var:1,23.0,19.0,394.0,484.0,1.228,50.0,2000.0,Quiesced,2.0,29.0,11.0,24.0,0.5,11.0,460.0,370.0,1.243,460.0,370.0,1.243,0.0,-6.09,retired_axis,nan,nan,nan,nan,nan,nan,nan,nan,nan,nan,nan,nan,nan,nan,nan,nan,involution(Sub):12;commutative(Add):9;even-negation(Abs):8,0,0,0,0,nan,nan,0,0,nan,nan,0.0,1.0,0.0,0.0,1.0,1.0,1.0,nan,1.263157894736842,1.5263157894736843,0.5789473684210527,1.0,0.0,0.0,0.0,nan
bwd_band06_d4:13,bwd_bands,synthetic,64.0,64.0,15.0,14.0,1.071,15.0,0.0,0.0,0.0,0.0,0.0,0.0,0.0,0.0,0.0,0.0,0.0,0.0,2.0,13.0,Abs:2;Add:2;Const:1;Ln:2;Neg:6;Var:1,15.0,14.0,288.0,288.0,1.0,50.0,2000.0,Quiesced,2.0,22.0,8.0,18.0,0.3,8.0,270.0,270.0,1.0,270.0,270.0,1.0,0.0,-6.25,retired_axis,nan,nan,nan,nan,nan,nan,nan,nan,nan,nan,nan,nan,nan,nan,nan,nan,involution(Sub):10;commutative(Add):6;even-negation(Abs):6,0,0,0,0,nan,nan,0,0,nan,nan,0.0,1.0,0.0,0.0,1.0,1.0,0.0,nan,1.2857142857142858,1.5714285714285714,0.5714285714285714,1.0,0.0,0.0,0.0,nan
bwd_band06_d4:14,bwd_bands,synthetic,64.0,64.0,16.0,15.0,1.067,16.0,0.0,0.0,0.0,0.0,0.0,0.0,0.0,0.0,0.0,0.0,0.0,0.0,3.0,13.0,Abs:1;Add:1;Const:2;Cos:1;Exp:1;Mul:1;Neg:6;Pow:1;Var:1,16.0,15.0,376.0,376.0,1.0,50.0,2000.0,Quiesced,2.0,21.0,8.0,19.0,0.2,8.0,729088.0,729088.0,1.0,178.0,178.0,1.0,0.0,-52.66,ok,912.0,0.0,0.0,0.0,0.0,0.0,69.0,0.0,0.0,1.0,0.0,0.0,0.0,0.0,0.0,70656.0,involution(Sub):10;commutative(Add):3;even-negation(Cos):3;even-negation(Abs):3;power-recip:2,138,2,68,66,0.4927536231884058,0.4782608695652174,2,2,1.0,0.02941176470588236,0.0,1.0,0.0,0.0,1.0,1.0,0.0,0.0,1.2666666666666666,1.4,0.5333333333333333,1.0,0.0,0.0,0.0,60.8
bwd_band06_d4:15,bwd_bands,synthetic,64.0,64.0,27.0,25.0,1.08,27.0,0.0,0.0,0.0,0.0,0.0,0.0,0.0,0.0,0.0,0.0,0.0,0.0,4.0,15.0,Abs:4;Add:3;Const:5;Log2:1;Mul:1;Neg:7;Pow:3;Var:1,27.0,25.0,760.0,760.0,1.0,50.0,2000.0,Quiesced,4.0,109.0,19.0,39.0,0.6,13.0,196.0,196.0,1.0,196.0,196.0,1.0,0.0,-74.21,retired_axis,nan,nan,nan,nan,nan,nan,nan,nan,nan,nan,nan,nan,nan,nan,nan,nan,constant-fold:25;commutative(Add):25;involution(Sub):22;even-negation(Abs):18;commutative(Mul):7;power-sqrt:4;power-recip:4;power-rsqrt:4,0,0,0,0,nan,nan,0,0,nan,nan,0.0,1.0,0.0,0.0,1.0,1.0,0.0,nan,1.56,4.36,0.52,1.0,0.0,0.0,0.0,nan
bwd_band06_d4:16,bwd_bands,synthetic,64.0,64.0,12.0,12.0,1.0,12.0,0.0,0.0,0.0,0.0,0.0,0.0,0.0,0.0,0.0,0.0,0.0,0.0,3.0,8.0,Abs:1;Add:1;Atan2:1;Const:3;Neg:2;Pow:2;Var:2,12.0,12.0,484.0,484.0,1.0,50.0,2000.0,Quiesced,2.0,15.0,6.0,17.0,0.1,7.0,438272.0,438272.0,1.0,107.0,107.0,1.0,0.0,-77.89,retired_axis,nan,nan,nan,nan,nan,nan,nan,nan,nan,nan,nan,nan,nan,nan,nan,nan,involution(Sub):3;commutative(Add):3;even-negation(Abs):3;power-sqrt:2;power-recip:2;recip-sqrt:2,0,0,0,0,nan,nan,0,0,nan,nan,0.0,1.0,0.0,0.0,1.0,0.0,0.0,nan,1.4166666666666667,1.25,0.5833333333333334,1.0,0.0,0.0,0.0,nan
bwd_band06_d4:17,bwd_bands,synthetic,64.0,64.0,9.0,9.0,1.0,9.0,0.0,0.0,0.0,0.0,0.0,0.0,0.0,0.0,0.0,0.0,0.0,0.0,1.0,8.0,Abs:1;Add:1;Const:1;Ln:1;Neg:4;Var:1,9.0,9.0,147.0,147.0,1.0,20.0,500.0,Quiesced,2.0,11.0,4.0,11.0,0.1,6.0,565248.0,565248.0,1.0,138.0,138.0,1.0,0.0,-6.12,ok,656.0,0.0,0.0,0.0,0.0,0.0,54.0,0.0,0.0,1.0,0.0,0.0,0.0,0.0,0.0,55296.0,involution(Sub):5;commutative(Add):3;even-negation(Abs):3,108,4,4,0,0.037037037037037035,0.0,0,4,0.0,1.0,0.0,1.0,0.0,0.0,1.0,0.0,0.0,0.0,1.2222222222222223,1.2222222222222223,0.6666666666666666,1.0,0.0,0.0,0.0,72.88888888888889
bwd_band06_d4:18,bwd_bands,synthetic,64.0,64.0,14.0,14.0,1.0,14.0,0.0,0.0,0.0,0.0,0.0,0.0,0.0,0.0,0.0,0.0,0.0,0.0,4.0,12.0,Abs:2;Add:1;Const:2;Exp:1;Log10:1;Neg:4;Pow:1;Tan:1;Var:1,14.0,14.0,514.0,514.0,1.0,50.0,2000.0,Quiesced,2.0,17.0,6.0,18.0,0.2,9.0,20544.0,20544.0,1.0,321.0,321.0,1.0,0.0,-37.55,ok,1472.0,0.0,1.0,0.0,0.0,151.0,0.0,0.0,1.0,0.0,0.0,1.0,1.0,0.0,1088.0,9664.0,involution(Sub):6;even-negation(Abs):6;commutative(Add):3;power-sqrt:2,153,4,66,0,0.43137254901960786,0.0,0,4,0.0,1.0,0.0,1.0,0.0,0.0,1.0,0.0,0.0,1.0,1.2857142857142858,1.2142857142857142,0.6428571428571429,1.0,0.0,0.0,0.0,105.14285714285714
bwd_band06_d4:19,bwd_bands,synthetic,64.0,64.0,17.0,16.0,1.062,17.0,0.0,0.0,0.0,0.0,0.0,0.0,0.0,0.0,0.0,0.0,0.0,0.0,2.0,14.0,Abs:2;Add:2;Const:1;Ln:1;Neg:7;Pow:1;Var:2,17.0,16.0,359.0,359.0,1.0,50.0,2000.0,Quiesced,2.0,24.0,9.0,20.0,0.2,9.0,1384448.0,1384448.0,1.0,338.0,338.0,1.0,0.0,-5.85,retired_axis,nan,nan,nan,nan,nan,nan,nan,nan,nan,nan,nan,nan,nan,nan,nan,nan,involution(Sub):12;commutative(Add):6;even-negation(Abs):6,0,0,0,0,nan,nan,0,0,nan,nan,0.0,1.0,0.0,0.0,1.0,1.0,0.0,nan,1.25,1.5,0.5625,1.0,0.0,0.0,0.0,nan
bwd_band06_d4:20,bwd_bands,synthetic,64.0,64.0,15.0,13.0,1.154,15.0,0.0,0.0,0.0,0.0,0.0,0.0,0.0,0.0,0.0,0.0,0.0,0.0,1.0,11.0,Abs:1;Add:2;Const:1;Neg:6;Pow:1;Var:2,15.0,13.0,225.0,228.0,1.013,50.0,2000.0,Quiesced,2.0,16.0,6.0,16.0,0.1,10.0,13194.0,13194.0,1.0,216.0,216.0,1.0,0.0,-4.0,retired_axis,nan,nan,nan,nan,nan,nan,nan,nan,nan,nan,nan,nan,nan,nan,nan,nan,involution(Sub):7;commutative(Add):6;even-negation(Abs):3,0,0,0,0,nan,nan,0,0,nan,nan,0.0,1.0,0.0,0.0,1.0,1.0,0.0,nan,1.2307692307692308,1.2307692307692308,0.7692307692307693,1.0,0.0,0.0,0.0,nan
bwd_band06_d4:21,bwd_bands,synthetic,64.0,64.0,29.0,26.0,1.115,29.0,0.0,0.0,0.0,0.0,0.0,0.0,0.0,0.0,0.0,0.0,0.0,0.0,5.0,16.0,Abs:3;Add:3;Atan2:1;Const:3;Ln:2;Mul:2;Neg:8;Pow:1;Sin:1;Var:2,29.0,26.0,656.0,656.0,1.0,50.0,2000.0,Quiesced,4.0,142.0,24.0,47.0,0.7,16.0,459088.0,459088.0,1.0,448.0,448.0,1.0,0.0,-31.71,retired_axis,nan,nan,nan,nan,nan,nan,nan,nan,nan,nan,nan,nan,nan,nan,nan,nan,commutative(Mul):34;commutative(Add):25;involution(Sub):22;constant-fold:18;even-negation(Abs):18;reverse-associative(Mul):11;associative(Mul):10;power-recip:4,0,0,0,0,nan,nan,0,0,nan,nan,0.0,1.0,0.0,0.0,1.0,1.0,0.0,nan,1.8076923076923077,5.461538461538462,0.6153846153846154,1.0,0.0,0.0,0.0,nan
bwd_band06_d4:22,bwd_bands,synthetic,64.0,64.0,17.0,17.0,1.0,27.0,0.0,0.0,0.0,0.0,0.0,0.0,0.0,0.0,0.0,0.0,0.0,0.0,3.0,12.0,Abs:2;Add:2;Const:4;Exp:1;Mul:2;Neg:3;Pow:2;Var:1,17.0,17.0,500.0,784.0,1.568,50.0,2000.0,Quiesced,4.0,73.0,14.0,32.0,0.5,10.0,219.0,121.0,1.81,219.0,121.0,1.81,0.0,-75.8,retired_axis,nan,nan,nan,nan,nan,nan,nan,nan,nan,nan,nan,nan,nan,nan,nan,nan,commutative(Add):14;even-negation(Abs):11;constant-fold:10;fma-fusion:8;involution(Sub):7;halving:5;power-combine:4;power-sqrt:4;power-recip:4;commutative(Mul):3;doubling:3,0,0,0,0,nan,nan,0,0,nan,nan,0.0,1.0,0.0,0.0,1.0,0.0,1.0,nan,1.8823529411764706,4.294117647058823,0.5882352941176471,1.0,0.0,0.0,0.0,nan
bwd_band06_d4:23,bwd_bands,synthetic,64.0,64.0,35.0,32.0,1.094,35.0,0.0,0.0,0.0,0.0,0.0,0.0,0.0,0.0,0.0,0.0,0.0,0.0,5.0,16.0,Abs:3;Add:5;Const:4;Cos:1;Log2:1;Mul:1;Neg:12;Pow:2;Tan:1;Var:2,35.0,32.0,746.0,746.0,1.0,50.0,2000.0,Quiesced,3.0,123.0,27.0,53.0,0.6,18.0,1257691.0,1257691.0,1.0,526.0,526.0,1.0,0.0,-29.49,retired_axis,nan,nan,nan,nan,nan,nan,nan,nan,nan,nan,nan,nan,nan,nan,nan,nan,commutative(Add):37;involution(Sub):29;even-negation(Abs):15;constant-fold:14;reverse-associative(Add):8;associative(Add):7;commutative(Mul):5;even-negation(Cos):5;power-recip:3,0,0,0,0,nan,nan,0,0,nan,nan,0.0,1.0,0.0,0.0,1.0,1.0,0.0,nan,1.65625,3.84375,0.5625,1.0,0.0,0.0,0.0,nan
bwd_band07_d4:0,bwd_bands,synthetic,64.0,64.0,9.0,9.0,1.0,9.0,0.0,0.0,0.0,0.0,0.0,0.0,0.0,0.0,0.0,0.0,0.0,0.0,1.0,7.0,Abs:1;Add:2;Const:1;Log10:1;Neg:2;Var:2,9.0,9.0,151.0,151.0,1.0,20.0,500.0,Quiesced,2.0,12.0,4.0,12.0,0.1,7.0,9280.0,9280.0,1.0,145.0,145.0,1.0,0.0,-3.97,retired_axis,nan,nan,nan,nan,nan,nan,nan,nan,nan,nan,nan,nan,nan,nan,nan,nan,commutative(Add):6;involution(Sub):3;even-negation(Abs):3,0,0,0,0,nan,nan,0,0,nan,nan,0.0,1.0,0.0,0.0,1.0,0.0,0.0,nan,1.3333333333333333,1.3333333333333333,0.7777777777777778,1.0,0.0,0.0,0.0,nan
bwd_band07_d4:1,bwd_bands,synthetic,64.0,64.0,21.0,18.0,1.167,24.0,0.0,0.0,0.0,0.0,0.0,0.0,0.0,0.0,0.0,0.0,0.0,0.0,3.0,6.0,Add:2;Const:4;Exp:2;Max:1;Min:1;Mul:5;Sin:1;Var:2,21.0,18.0,259.0,264.0,1.019,50.0,2000.0,Quiesced,3.0,105.0,22.0,44.0,0.5,18.0,1024640.0,1024640.0,1.0,260.0,260.0,1.0,0.0,0.39,ok,1072.0,0.0,2.0,2.0,0.0,5.0,93.0,0.0,0.051,0.949,0.0,0.0,0.0,0.0,0.0,95552.0,commutative(Mul):49;reverse-associative(Mul):16;associative(Mul):14;commutative(Add):10;fma-fusion:6;commutative(Min):5;commutative(Max):5,195,2,60,58,0.3076923076923077,0.29743589743589743,2,2,1.0,0.033333333333333326,0.0,1.0,0.0,0.0,1.0,1.0,0.0,0.05102040816326531,2.4444444444444446,5.833333333333333,1.0,1.0,0.0,0.0,0.0,59.55555555555556
bwd_band07_d4:2,bwd_bands,synthetic,64.0,64.0,38.0,35.0,1.086,44.0,0.0,0.0,0.0,0.0,0.0,0.0,0.0,0.0,0.0,0.0,0.0,0.0,6.0,13.0,Abs:4;Add:4;Const:4;Cos:1;Exp:1;Ln:1;Max:2;Mul:3;Neg:7;Pow:3;Recip:1;Var:4,38.0,35.0,952.0,1108.0,1.164,50.0,2000.0,Quiesced,2.0,53.0,20.0,53.0,0.4,25.0,692144.0,687269.0,1.007,530.0,380.0,1.395,0.0,-60.08,retired_axis,nan,nan,nan,nan,nan,nan,nan,nan,nan,nan,nan,nan,nan,nan,nan,nan,commutative(Add):12;even-negation(Abs):9;fma-fusion:8;involution(Sub):6;commutative(Max):6;power-sqrt:6;commutative(Mul):3;even-negation(Cos):3,0,0,0,0,nan,nan,0,0,nan,nan,0.0,1.0,0.0,0.0,1.0,1.0,1.0,nan,1.5142857142857142,1.5142857142857142,0.7142857142857143,1.0,0.0,0.0,0.0,nan
bwd_band07_d4:3,bwd_bands,synthetic,64.0,64.0,25.0,23.0,1.087,25.0,0.0,0.0,0.0,0.0,0.0,0.0,0.0,0.0,0.0,0.0,0.0,0.0,4.0,20.0,Abs:3;Add:3;Const:3;Exp2:1;Ln:1;Log10:1;Mul:1;Neg:8;Pow:1;Var:1,25.0,23.0,577.0,577.0,1.0,50.0,2000.0,Quiesced,2.0,36.0,13.0,31.0,0.3,14.0,373.0,373.0,1.0,373.0,373.0,1.0,0.0,-35.36,retired_axis,nan,nan,nan,nan,nan,nan,nan,nan,nan,nan,nan,nan,nan,nan,nan,nan,involution(Sub):13;commutative(Add):9;even-negation(Abs):9;commutative(Mul):3;power-recip:2,0,0,0,0,nan,nan,0,0,nan,nan,0.0,1.0,0.0,0.0,1.0,1.0,0.0,nan,1.3478260869565217,1.565217391304348,0.6086956521739131,1.0,0.0,0.0,0.0,nan
bwd_band07_d4:4,bwd_bands,synthetic,64.0,64.0,38.0,36.0,1.056,62.0,0.0,0.0,0.0,0.0,0.0,0.0,0.0,0.0,0.0,0.0,0.0,0.0,10.0,16.0,Abs:2;Add:3;Atan2:1;Const:4;Cos:2;Log10:1;Mul:6;Neg:8;Pow:3;Sin:2;Tan:1;Var:3,38.0,36.0,1250.0,1620.0,1.296,50.0,2000.0,Quiesced,4.0,197.0,34.0,71.0,1.7,19.0,367521.0,367521.0,1.0,609.0,609.0,1.0,0.0,-51.28,retired_axis,nan,nan,nan,nan,nan,nan,nan,nan,nan,nan,nan,nan,nan,nan,nan,nan,involution(Sub):40;commutative(Add):31;commutative(Mul):28;fma-fusion:16;odd-negation(Sin):14;even-negation(Cos):14;even-negation(Abs):14;constant-fold:11;power-combine:8;odd-negation(Tan):7;reverse-angle-addition:6;sin-angle-addition:4;power-sqrt:4,0,0,0,0,nan,nan,0,0,nan,nan,0.0,1.0,0.0,0.0,1.0,1.0,0.0,nan,1.9722222222222223,5.472222222222222,0.5277777777777778,1.0,0.0,0.0,0.0,nan
bwd_band07_d4:5,bwd_bands,synthetic,64.0,64.0,23.0,19.0,1.211,23.0,0.0,0.0,0.0,0.0,0.0,0.0,0.0,0.0,0.0,0.0,0.0,0.0,3.0,17.0,Abs:3;Add:3;Const:2;Log2:1;Mul:1;Neg:6;Pow:2;Var:1,23.0,19.0,558.0,558.0,1.0,50.0,2000.0,Quiesced,2.0,30.0,11.0,28.0,0.6,13.0,11712.0,11712.0,1.0,183.0,183.0,1.0,0.0,-67.2,ok,688.0,0.0,1.0,0.0,0.0,58.0,0.0,0.0,1.0,0.0,0.0,1.0,1.0,0.0,1088.0,3712.0,commutative(Add):9;even-negation(Abs):8;involution(Sub):6;power-recip:4;commutative(Mul):3,60,2,2,0,0.03333333333333333,0.0,0,2,0.0,1.0,0.0,1.0,0.0,0.0,1.0,1.0,0.0,1.0,1.4736842105263157,1.5789473684210527,0.6842105263157895,1.0,0.0,0.0,0.0,36.21052631578947
bwd_band07_d4:6,bwd_bands,synthetic,64.0,64.0,39.0,34.0,1.147,64.0,0.0,0.0,0.0,0.0,0.0,0.0,0.0,0.0,0.0,0.0,0.0,0.0,7.0,17.0,Abs:2;Add:4;Atan2:1;Const:4;Cos:1;Exp:1;Mul:6;Neg:8;Pow:4;Var:3,39.0,34.0,1089.0,1670.0,1.534,50.0,2000.0,Quiesced,8.0,909.0,92.0,137.0,3.1,24.0,4252.0,3925.0,1.083,661.0,334.0,1.979,0.0,-69.33,retired_axis,nan,nan,nan,nan,nan,nan,nan,nan,nan,nan,nan,nan,nan,nan,nan,nan,commutative(Mul):221;reverse-associative(Mul):114;associative(Mul):103;commutative(Add):92;fma-fusion:76;involution(Sub):61;constant-fold:56;even-negation(Abs):30;halving:24;factor:16;power-sqrt:16;power-recip:16;even-negation(Cos):15;power-combine:15;distribute:14;doubling:13;reverse-associative(Add):11;associative(Add):10;power-identity:6,0,0,0,0,nan,nan,0,0,nan,nan,0.0,1.0,0.0,0.0,1.0,1.0,1.0,nan,4.029411764705882,26.735294117647058,0.7058823529411765,1.0,0.0,0.0,0.0,nan
bwd_band07_d4:7,bwd_bands,synthetic,64.0,64.0,18.0,18.0,1.0,18.0,0.0,0.0,0.0,0.0,0.0,0.0,0.0,0.0,0.0,0.0,0.0,0.0,3.0,14.0,Abs:2;Add:1;Atan2:1;Const:1;Exp:1;Ln:1;Mul:1;Neg:7;Var:3,18.0,18.0,318.0,318.0,1.0,50.0,2000.0,Quiesced,2.0,24.0,9.0,22.0,0.2,11.0,327897.0,327897.0,1.0,297.0,297.0,1.0,0.0,-6.6,retired_axis,nan,nan,nan,nan,nan,nan,nan,nan,nan,nan,nan,nan,nan,nan,nan,nan,involution(Sub):12;even-negation(Abs):6;commutative(Add):3;commutative(Mul):3,0,0,0,0,nan,nan,0,0,nan,nan,0.0,1.0,0.0,0.0,1.0,0.0,0.0,nan,1.2222222222222223,1.3333333333333333,0.6111111111111112,1.0,0.0,0.0,0.0,nan
bwd_band07_d4:8,bwd_bands,synthetic,64.0,64.0,19.0,19.0,1.0,19.0,0.0,0.0,0.0,0.0,0.0,0.0,0.0,0.0,0.0,0.0,0.0,0.0,2.0,17.0,Abs:3;Add:1;Const:2;Log2:1;Neg:10;Pow:1;Var:1,19.0,19.0,361.0,361.0,1.0,50.0,2000.0,Quiesced,2.0,29.0,11.0,24.0,0.2,9.0,626688.0,626688.0,1.0,153.0,153.0,1.0,0.0,-57.62,ok,640.0,0.0,0.0,0.0,0.0,0.0,55.0,0.0,0.0,1.0,0.0,0.0,0.0,0.0,0.0,56320.0,involution(Sub):15;even-negation(Abs):9;commutative(Add):3;power-sqrt:2,110,4,4,0,0.03636363636363636,0.0,0,4,0.0,1.0,0.0,1.0,0.0,0.0,1.0,0.0,0.0,0.0,1.263157894736842,1.5263157894736843,0.47368421052631576,1.0,0.0,0.0,0.0,33.68421052631579
bwd_band07_d4:9,bwd_bands,synthetic,64.0,64.0,19.0,19.0,1.0,19.0,0.0,0.0,0.0,0.0,0.0,0.0,0.0,0.0,0.0,0.0,0.0,0.0,4.0,9.0,Abs:1;Add:3;Const:2;Exp:1;Exp2:1;Ln:1;Mul:1;Neg:5;Sin:1;Var:3,19.0,19.0,377.0,377.0,1.0,50.0,2000.0,Quiesced,3.0,55.0,11.0,26.0,0.5,12.0,9808.0,9808.0,1.0,358.0,358.0,1.0,0.0,-5.04,retired_axis,nan,nan,nan,nan,nan,nan,nan,nan,nan,nan,nan,nan,nan,nan,nan,nan,constant-fold:19;commutative(Add):15;involution(Sub):11;commutative(Mul):5;even-negation(Abs):5,0,0,0,0,nan,nan,0,0,nan,nan,0.0,1.0,0.0,0.0,1.0,0.0,0.0,nan,1.368421052631579,2.8947368421052633,0.631578947368421,1.0,0.0,0.0,0.0,nan
bwd_band07_d4:10,bwd_bands,synthetic,64.0,64.0,19.0,18.0,1.056,22.0,0.0,0.0,0.0,0.0,0.0,0.0,0.0,0.0,0.0,0.0,0.0,0.0,4.0,9.0,Abs:1;Add:3;Const:4;Exp2:1;Ln:1;Min:1;Mul:2;Neg:2;Pow:1;Sin:1;Var:1,19.0,18.0,497.0,567.0,1.141,50.0,2000.0,Quiesced,2.0,24.0,9.0,26.0,0.2,14.0,14929.0,14859.0,1.005,376.0,306.0,1.229,0.0,-38.43,ok,1296.0,0.0,2.0,0.0,36.0,79.0,0.0,0.313,0.687,0.0,1.0,2.0,1.0,0.0,1153.0,5092.0,commutative(Add):9;fma-fusion:4;involution(Sub):3;commutative(Min):3;even-negation(Abs):3;power-sqrt:2,118,3,32,0,0.2711864406779661,0.0,0,3,0.0,1.0,0.0,1.0,0.0,0.0,1.0,1.0,1.0,1.0,1.4444444444444444,1.3333333333333333,0.7777777777777778,1.0,0.0,0.0,0.0,72.0
bwd_band07_d4:11,bwd_bands,synthetic,64.0,64.0,19.0,19.0,1.0,19.0,0.0,0.0,0.0,0.0,0.0,0.0,0.0,0.0,0.0,0.0,0.0,0.0,4.0,14.0,Abs:1;Add:2;Const:2;Cos:1;Exp2:2;Log10:1;Mul:1;Neg:7;Var:2,19.0,19.0,384.0,384.0,1.0,50.0,2000.0,Quiesced,2.0,25.0,9.0,24.0,0.2,13.0,1196106.0,1196106.0,1.0,366.0,366.0,1.0,0.0,-4.69,retired_axis,nan,nan,nan,nan,nan,nan,nan,nan,nan,nan,nan,nan,nan,nan,nan,nan,involution(Sub):10;commutative(Add):6;commutative(Mul):3;even-negation(Cos):3;even-negation(Abs):3,0,0,0,0,nan,nan,0,0,nan,nan,0.0,1.0,0.0,0.0,1.0,0.0,0.0,nan,1.263157894736842,1.3157894736842106,0.6842105263157895,1.0,0.0,0.0,0.0,nan
bwd_band07_d4:12,bwd_bands,synthetic,64.0,64.0,14.0,14.0,1.0,14.0,0.0,0.0,0.0,0.0,0.0,0.0,0.0,0.0,0.0,0.0,0.0,0.0,4.0,12.0,Abs:2;Add:1;Const:2;Exp:1;Log10:1;Neg:4;Pow:1;Sin:1;Var:1,14.0,14.0,497.0,497.0,1.0,50.0,2000.0,Quiesced,2.0,15.0,6.0,18.0,0.2,9.0,304.0,304.0,1.0,304.0,304.0,1.0,0.0,-38.83,retired_axis,nan,nan,nan,nan,nan,nan,nan,nan,nan,nan,nan,nan,nan,nan,nan,nan,involution(Sub):5;even-negation(Abs):5;commutative(Add):3;power-sqrt:2,0,0,0,0,nan,nan,0,0,nan,nan,0.0,1.0,0.0,0.0,1.0,0.0,0.0,nan,1.2857142857142858,1.0714285714285714,0.6428571428571429,1.0,0.0,0.0,0.0,nan
bwd_band07_d4:13,bwd_bands,synthetic,64.0,64.0,30.0,28.0,1.071,30.0,0.0,0.0,0.0,0.0,0.0,0.0,0.0,0.0,0.0,0.0,0.0,0.0,3.0,10.0,Abs:3;Add:4;Const:2;Log10:3;Max:1;Mul:2;Neg:9;Var:4,30.0,28.0,467.0,467.0,1.0,50.0,2000.0,Quiesced,4.0,132.0,21.0,42.0,0.6,17.0,614872.0,614872.0,1.0,433.0,433.0,1.0,0.0,-7.28,retired_axis,nan,nan,nan,nan,nan,nan,nan,nan,nan,nan,nan,nan,nan,nan,nan,nan,involution(Sub):33;commutative(Add):32;constant-fold:25;even-negation(Abs):21;commutative(Mul):14;commutative(Max):7,0,0,0,0,nan,nan,0,0,nan,nan,0.0,1.0,0.0,0.0,1.0,1.0,0.0,nan,1.5,4.714285714285714,0.6071428571428571,1.0,0.0,0.0,0.0,nan
bwd_band07_d4:14,bwd_bands,synthetic,64.0,64.0,14.0,13.0,1.077,14.0,0.0,0.0,0.0,0.0,0.0,0.0,0.0,0.0,0.0,0.0,0.0,0.0,2.0,6.0,Abs:1;Add:3;Const:2;Exp2:1;Mul:1;Neg:1;Pow:1;Var:3,14.0,13.0,288.0,288.0,1.0,50.0,2000.0,Quiesced,3.0,53.0,12.0,27.0,0.3,11.0,319767.0,319767.0,1.0,105.0,105.0,1.0,0.0,-63.54,retired_axis,nan,nan,nan,nan,nan,nan,nan,nan,nan,nan,nan,nan,nan,nan,nan,nan,commutative(Add):27;reverse-associative(Add):8;associative(Add):7;commutative(Mul):5;even-negation(Abs):3;power-recip:3,0,0,0,0,nan,nan,0,0,nan,nan,0.0,1.0,0.0,0.0,1.0,1.0,0.0,nan,2.076923076923077,4.076923076923077,0.8461538461538461,1.0,0.0,0.0,0.0,nan
bwd_band07_d4:15,bwd_bands,synthetic,64.0,64.0,19.0,18.0,1.056,19.0,0.0,0.0,0.0,0.0,0.0,0.0,0.0,0.0,0.0,0.0,0.0,0.0,2.0,16.0,Abs:2;Add:2;Const:2;Ln:1;Min:1;Neg:7;Recip:1;Tan:1;Var:1,19.0,18.0,269.0,269.0,1.0,50.0,2000.0,Quiesced,2.0,27.0,10.0,23.0,0.2,11.0,248.0,248.0,1.0,248.0,248.0,1.0,0.0,-7.81,retired_axis,nan,nan,nan,nan,nan,nan,nan,nan,nan,nan,nan,nan,nan,nan,nan,nan,involution(Sub):12;commutative(Add):6;even-negation(Abs):6;commutative(Min):3,0,0,0,0,nan,nan,0,0,nan,nan,0.0,1.0,0.0,0.0,1.0,1.0,0.0,nan,1.2777777777777777,1.5,0.6111111111111112,1.0,0.0,0.0,0.0,nan
bwd_band07_d4:16,bwd_bands,synthetic,64.0,64.0,13.0,13.0,1.0,13.0,0.0,0.0,0.0,0.0,0.0,0.0,0.0,0.0,0.0,0.0,0.0,0.0,3.0,10.0,Abs:1;Add:1;Const:3;Exp2:1;Neg:4;Pow:2;Var:1,13.0,13.0,480.0,480.0,1.0,50.0,2000.0,Quiesced,2.0,19.0,8.0,18.0,0.1,6.0,97.0,97.0,1.0,97.0,97.0,1.0,0.0,-79.79,retired_axis,nan,nan,nan,nan,nan,nan,nan,nan,nan,nan,nan,nan,nan,nan,nan,nan,involution(Sub):7;commutative(Add):3;even-negation(Abs):3;power-sqrt:2;power-recip:2;recip-sqrt:2,0,0,0,0,nan,nan,0,0,nan,nan,0.0,1.0,0.0,0.0,1.0,0.0,0.0,nan,1.3846153846153846,1.4615384615384615,0.46153846153846156,1.0,0.0,0.0,0.0,nan
bwd_band07_d4:17,bwd_bands,synthetic,64.0,64.0,29.0,24.0,1.208,33.0,0.0,0.0,0.0,0.0,0.0,0.0,0.0,0.0,0.0,0.0,0.0,0.0,7.0,9.0,Abs:1;Add:5;Atan2:1;Const:3;Exp:1;Mul:2;Neg:2;Pow:3;Tan:2;Var:4,29.0,24.0,955.0,965.0,1.01,50.0,2000.0,Quiesced,3.0,99.0,20.0,45.0,0.5,19.0,445508.0,445498.0,1.0,413.0,403.0,1.025,0.0,-57.8,retired_axis,nan,nan,nan,nan,nan,nan,nan,nan,nan,nan,nan,nan,nan,nan,nan,nan,commutative(Add):20;commutative(Mul):14;halving:10;fma-fusion:9;reverse-associative(Mul):8;doubling:6;associative(Mul):6;power-sqrt:6;involution(Sub):5;even-negation(Abs):5;distribute:4;factor:3;power-recip:3,0,0,0,0,nan,nan,0,0,nan,nan,0.0,1.0,0.0,0.0,1.0,1.0,1.0,nan,1.875,4.125,0.7916666666666666,1.0,0.0,0.0,0.0,nan
bwd_band07_d4:18,bwd_bands,synthetic,64.0,64.0,10.0,10.0,1.0,10.0,0.0,0.0,0.0,0.0,0.0,0.0,0.0,0.0,0.0,0.0,0.0,0.0,2.0,7.0,Abs:1;Add:1;Const:2;Mul:1;Neg:1;Pow:1;Sin:1;Var:2,10.0,10.0,281.0,281.0,1.0,20.0,500.0,Quiesced,2.0,10.0,4.0,14.0,0.5,8.0,6272.0,6272.0,1.0,98.0,98.0,1.0,0.0,-65.12,retired_axis,nan,nan,nan,nan,nan,nan,nan,nan,nan,nan,nan,nan,nan,nan,nan,nan,commutative(Add):3;commutative(Mul):3;even-negation(Abs):2;power-recip:2,0,0,0,0,nan,nan,0,0,nan,nan,0.0,1.0,0.0,0.0,1.0,0.0,0.0,nan,1.4,1.0,0.8,1.0,0.0,0.0,0.0,nan
bwd_band07_d4:19,bwd_bands,synthetic,64.0,64.0,37.0,34.0,1.088,37.0,0.0,0.0,0.0,0.0,0.0,0.0,0.0,0.0,0.0,0.0,0.0,0.0,7.0,13.0,Abs:4;Add:3;Const:4;Cos:1;Ln:1;Min:1;Mul:1;Neg:11;Pow:4;Sin:1;Var:3,37.0,34.0,1122.0,1122.0,1.0,50.0,2000.0,Quiesced,3.0,100.0,23.0,50.0,1.5,18.0,22328.0,22328.0,1.0,530.0,530.0,1.0,0.0,-52.76,retired_axis,nan,nan,nan,nan,nan,nan,nan,nan,nan,nan,nan,nan,nan,nan,nan,nan,involution(Sub):26;even-negation(Abs):18;commutative(Add):15;constant-fold:14;power-sqrt:6;commutative(Mul):5;commutative(Min):5;even-negation(Cos):5;power-recip:3;recip-sqrt:3,0,0,0,0,nan,nan,0,0,nan,nan,0.0,1.0,0.0,0.0,1.0,1.0,0.0,nan,1.4705882352941178,2.9411764705882355,0.5294117647058824,1.0,0.0,0.0,0.0,nan
bwd_band07_d4:20,bwd_bands,synthetic,64.0,64.0,22.0,21.0,1.048,35.0,0.0,0.0,0.0,0.0,0.0,0.0,0.0,0.0,0.0,0.0,0.0,0.0,7.0,11.0,Abs:1;Add:2;Const:3;Cos:2;Exp2:1;Mul:3;Neg:4;Pow:1;Sin:2;Tan:1;Var:1,22.0,21.0,680.0,1050.0,1.544,50.0,2000.0,Quiesced,2.0,31.0,12.0,32.0,0.6,15.0,668.0,484.0,1.38,668.0,484.0,1.38,0.0,-28.82,retired_axis,nan,nan,nan,nan,nan,nan,nan,nan,nan,nan,nan,nan,nan,nan,nan,nan,commutative(Mul):9;commutative(Add):6;even-negation(Cos):4;fma-fusion:4;involution(Sub):3;even-negation(Abs):3;power-recip:2,0,0,0,0,nan,nan,0,0,nan,nan,0.0,1.0,0.0,0.0,1.0,1.0,1.0,nan,1.5238095238095237,1.4761904761904763,0.7142857142857143,1.0,0.0,0.0,0.0,nan
bwd_band07_d4:21,bwd_bands,synthetic,64.0,64.0,16.0,16.0,1.0,16.0,0.0,0.0,0.0,0.0,0.0,0.0,0.0,0.0,0.0,0.0,0.0,0.0,2.0,12.0,Abs:2;Add:3;Const:1;Exp:1;Ln:1;Neg:5;Var:3,16.0,16.0,236.0,236.0,1.0,50.0,2000.0,Quiesced,3.0,58.0,13.0,29.0,0.8,12.0,16604.0,16604.0,1.0,224.0,224.0,1.0,0.0,-5.08,retired_axis,nan,nan,nan,nan,nan,nan,nan,nan,nan,nan,nan,nan,nan,nan,nan,nan,commutative(Add):27;involution(Sub):8;reverse-associative(Add):8;even-negation(Abs):8;associative(Add):7,0,0,0,0,nan,nan,0,0,nan,nan,0.0,1.0,0.0,0.0,1.0,0.0,0.0,nan,1.8125,3.625,0.75,1.0,0.0,0.0,0.0,nan
bwd_band07_d4:22,bwd_bands,synthetic,64.0,64.0,12.0,11.0,1.091,12.0,0.0,0.0,0.0,0.0,0.0,0.0,0.0,0.0,0.0,0.0,0.0,0.0,2.0,9.0,Abs:1;Add:1;Const:2;Exp:1;Mul:1;Neg:3;Pow:1;Var:1,12.0,11.0,292.0,292.0,1.0,50.0,2000.0,Quiesced,2.0,16.0,6.0,15.0,0.3,7.0,6592.0,6592.0,1.0,103.0,103.0,1.0,0.0,-64.73,ok,480.0,0.0,1.0,0.0,0.0,30.0,0.0,0.0,1.0,0.0,0.0,1.0,1.0,0.0,1088.0,1920.0,involution(Sub):5;commutative(Add):3;commutative(Mul):3;even-negation(Abs):3;power-recip:2,32,0,0,0,0.0,0.0,0,0,nan,nan,0.0,1.0,0.0,0.0,1.0,1.0,0.0,1.0,1.3636363636363635,1.4545454545454546,0.6363636363636364,1.0,0.0,0.0,0.0,43.63636363636363
bwd_band07_d4:23,bwd_bands,synthetic,64.0,64.0,16.0,16.0,1.0,16.0,0.0,0.0,0.0,0.0,0.0,0.0,0.0,0.0,0.0,0.0,0.0,0.0,2.0,10.0,Abs:2;Add:1;Const:1;Exp2:1;Max:1;Neg:6;Pow:1;Var:3,16.0,16.0,296.0,296.0,1.0,50.0,2000.0,Quiesced,2.0,22.0,8.0,21.0,0.4,10.0,397315.0,397315.0,1.0,100.0,100.0,1.0,0.0,-66.22,retired_axis,nan,nan,nan,nan,nan,nan,nan,nan,nan,nan,nan,nan,nan,nan,nan,nan,involution(Sub):8;even-negation(Abs):6;commutative(Add):3;commutative(Max):3;power-sqrt:2,0,0,0,0,nan,nan,0,0,nan,nan,0.0,1.0,0.0,0.0,1.0,0.0,0.0,nan,1.3125,1.375,0.625,1.0,0.0,0.0,0.0,nan
bwd_band08_d5:0,bwd_bands,synthetic,64.0,64.0,29.0,26.0,1.115,29.0,0.0,0.0,0.0,0.0,0.0,0.0,0.0,0.0,0.0,0.0,0.0,0.0,5.0,16.0,Abs:2;Add:3;Atan2:1;Const:4;Cos:2;Mul:1;Neg:9;Pow:2;Var:2,29.0,26.0,671.0,674.0,1.004,50.0,2000.0,Quiesced,4.0,161.0,31.0,58.0,2.3,14.0,345383.0,345383.0,1.0,269.0,269.0,1.0,0.0,-59.91,ok,1168.0,0.0,6.0,6.0,52.0,42.0,26.0,0.433,0.35,0.217,0.0,0.0,0.0,0.0,0.0,29364.0,involution(Sub):29;commutative(Add):29;fma-fusion:18;even-negation(Cos):17;commutative(Mul):15;constant-fold:11;even-negation(Abs):11;inverse-annihilation(Sub):7;canonicalize(Sub):5;cos-angle-addition:4;power-sqrt:4;power-recip:4;recip-sqrt:4;odd-negation(Sin):3,158,11,97,6,0.6139240506329114,0.0379746835443038,2,11,0.18181818181818182,0.9381443298969072,0.0,1.0,0.0,0.0,1.0,1.0,0.0,0.7833333333333333,2.230769230769231,6.1923076923076925,0.5384615384615384,1.0,0.0,0.0,0.0,44.92307692307692
bwd_band08_d5:1,bwd_bands,synthetic,64.0,64.0,52.0,44.0,1.182,52.0,0.0,0.0,0.0,0.0,0.0,0.0,0.0,0.0,0.0,0.0,0.0,0.0,6.0,14.0,Abs:5;Add:5;Const:7;Cos:1;Ln:1;Max:1;Min:1;Mul:4;Neg:13;Pow:3;Sin:1;Var:2,52.0,44.0,961.0,967.0,1.006,100.0,5000.0,Quiesced,5.0,515.0,65.0,108.0,1.9,23.0,517958.0,517766.0,1.0,350.0,347.0,1.009,0.0,-63.89,ok,1408.0,0.0,3.0,3.0,84.0,4.0,53.0,0.596,0.028,0.376,0.0,0.0,0.0,0.0,0.0,54612.0,commutative(Add):91;commutative(Mul):89;fma-fusion:74;involution(Sub):55;even-negation(Abs):45;constant-fold:40;factor:18;reverse-associative(Add):14;associative(Add):13;reverse-associative(Mul):13;associative(Mul):11;distribute:10;power-sqrt:10;commutative(Min):9;commutative(Max):9;even-negation(Cos):9;power-recip:5,200,5,100,66,0.5,0.33,2,5,0.4,0.33999999999999997,0.0,1.0,0.0,0.0,1.0,1.0,1.0,0.624113475177305,2.4545454545454546,11.704545454545455,0.5227272727272727,1.0,0.0,0.0,0.0,32.0
bwd_band08_d5:2,bwd_bands,synthetic,64.0,64.0,35.0,31.0,1.129,35.0,0.0,0.0,0.0,0.0,0.0,0.0,0.0,0.0,0.0,0.0,0.0,0.0,6.0,18.0,Abs:5;Add:3;Const:3;Neg:12;Pow:5;Tan:1;Var:2,35.0,31.0,1130.0,1130.0,1.0,50.0,2000.0,Quiesced,2.0,53.0,20.0,44.0,0.3,16.0,1381952.0,1381952.0,1.0,362.0,362.0,1.0,0.0,-67.96,ok,1584.0,0.0,1.0,1.0,0.0,52.0,105.0,0.0,0.331,0.669,0.0,0.0,0.0,0.0,0.0,110848.0,involution(Sub):19;even-negation(Abs):15;commutative(Add):9;power-sqrt:4;power-recip:4;recip-sqrt:2,264,6,130,124,0.49242424242424243,0.4696969696969697,4,6,0.6666666666666666,0.0461538461538461,0.0,1.0,0.0,0.0,1.0,1.0,0.0,0.33121019108280253,1.4193548387096775,1.7096774193548387,0.5161290322580645,1.0,0.0,0.0,0.0,51.096774193548384
bwd_band08_d5:3,bwd_bands,synthetic,64.0,64.0,13.0,13.0,1.0,13.0,0.0,0.0,0.0,0.0,0.0,0.0,0.0,0.0,0.0,0.0,0.0,0.0,3.0,10.0,Abs:1;Add:1;Const:3;Exp:1;Mul:1;Neg:3;Pow:1;Sin:1;Var:1,13.0,13.0,362.0,362.0,1.0,50.0,2000.0,Quiesced,2.0,16.0,6.0,17.0,0.2,9.0,708608.0,708608.0,1.0,173.0,173.0,1.0,0.0,-52.21,ok,896.0,0.0,0.0,0.0,0.0,0.0,66.0,0.0,0.0,1.0,0.0,0.0,0.0,0.0,0.0,67584.0,involution(Sub):5;commutative(Add):3;commutative(Mul):3;even-negation(Abs):3;power-recip:2,132,2,60,58,0.45454545454545453,0.4393939393939394,2,2,1.0,0.033333333333333326,0.0,1.0,0.0,0.0,1.0,0.0,0.0,0.0,1.3076923076923077,1.2307692307692308,0.6923076923076923,1.0,0.0,0.0,0.0,68.92307692307692
bwd_band08_d5:4,bwd_bands,synthetic,64.0,64.0,24.0,21.0,1.143,32.0,0.0,0.0,0.0,0.0,0.0,0.0,0.0,0.0,0.0,0.0,0.0,0.0,4.0,9.0,Abs:1;Add:5;Atan2:1;Const:3;Cos:1;Log10:1;Mul:2;Neg:4;Pow:1;Var:2,24.0,21.0,529.0,690.0,1.304,50.0,2000.0,Quiesced,3.0,83.0,19.0,42.0,1.0,15.0,1394048.0,1049280.0,1.329,488.0,330.0,1.479,0.0,-37.62,ok,1440.0,0.0,6.0,5.0,4.0,45.0,83.0,0.03,0.341,0.629,1.0,1.0,0.0,0.0,65.0,87876.0,commutative(Add):32;reverse-associative(Add):8;associative(Add):7;fma-fusion:6;involution(Sub):5;halving:5;even-negation(Abs):5;constant-fold:3;commutative(Mul):3;doubling:3;even-negation(Cos):3;power-sqrt:3,226,14,68,6,0.3008849557522124,0.02654867256637168,2,14,0.14285714285714285,0.9117647058823529,0.0,1.0,0.0,0.0,1.0,1.0,1.0,0.3712121212121212,2.0,3.9523809523809526,0.7142857142857143,1.0,0.0,0.0,0.0,68.57142857142857
bwd_band08_d5:5,bwd_bands,synthetic,64.0,64.0,45.0,38.0,1.184,101.0,0.0,0.0,0.0,0.0,0.0,0.0,0.0,0.0,0.0,0.0,0.0,0.0,6.0,12.0,Abs:2;Add:8;Const:4;Exp:2;Ln:1;Log10:1;Max:1;Mul:9;Neg:5;Pow:2;Sqrt:1;Var:2,45.0,38.0,920.0,2061.0,2.24,50.0,2000.0,Quiesced,6.0,2054.0,238.0,297.0,10.7,24.0,1811854.0,1139790.0,1.59,667.0,498.0,1.339,0.0,-45.87,ok,1392.0,0.0,4.0,4.0,74.0,5.0,86.0,0.448,0.03,0.521,0.0,0.0,0.0,0.0,0.0,88458.0,fma-fusion:569;commutative(Add):491;reverse-associative(Add):265;associative(Add):236;commutative(Mul):135;factor:85;constant-fold:50;distribute:49;halving:35;doubling:24;involution(Sub):22;even-negation(Abs):22;associative(Mul):19;reverse-associative(Mul):18;power-sqrt:12;commutative(Max):11;power-combine:6;power-identity:5,259,6,6,0,0.023166023166023165,0.0,0,6,0.0,1.0,0.0,1.0,0.0,0.0,1.0,1.0,1.0,0.47878787878787876,7.815789473684211,54.05263157894737,0.631578947368421,1.0,0.0,0.0,0.0,36.63157894736842
bwd_band08_d5:6,bwd_bands,synthetic,64.0,64.0,33.0,29.0,1.138,49.0,0.0,0.0,0.0,0.0,0.0,0.0,0.0,0.0,0.0,0.0,0.0,0.0,5.0,20.0,Abs:4;Add:3;Const:3;Ln:1;Max:1;Mul:2;Neg:9;Pow:3;Tan:1;Var:2,33.0,29.0,867.0,1181.0,1.362,50.0,2000.0,Quiesced,3.0,96.0,21.0,45.0,1.3,17.0,1392256.0,1392256.0,1.0,460.0,460.0,1.0,0.0,-46.94,ok,1712.0,0.0,1.0,1.0,0.0,127.0,79.0,0.0,0.617,0.383,0.0,0.0,0.0,0.0,0.0,89024.0,involution(Sub):23;even-negation(Abs):20;commutative(Add):19;constant-fold:10;commutative(Mul):10;power-combine:6;commutative(Max):5;power-recip:3,287,8,70,0,0.24390243902439024,0.0,0,8,0.0,1.0,0.0,1.0,0.0,0.0,1.0,1.0,0.0,0.616504854368932,1.5517241379310345,3.310344827586207,0.5862068965517241,1.0,0.0,0.0,0.0,59.03448275862069
bwd_band08_d5:7,bwd_bands,synthetic,64.0,64.0,26.0,24.0,1.083,26.0,0.0,0.0,0.0,0.0,0.0,0.0,0.0,0.0,0.0,0.0,0.0,0.0,3.0,18.0,Abs:2;Add:3;Const:5;Ln:1;Max:1;Mul:2;Neg:7;Pow:1;Sin:1;Var:1,26.0,24.0,446.0,446.0,1.0,50.0,2000.0,Quiesced,4.0,113.0,19.0,37.0,0.6,12.0,738.0,738.0,1.0,234.0,234.0,1.0,0.0,-47.53,ok,1088.0,0.0,2.0,0.0,89.0,3.0,0.0,0.967,0.033,0.0,1.0,2.0,1.0,0.0,1153.0,281.0,constant-fold:30;involution(Sub):26;commutative(Add):25;even-negation(Abs):14;commutative(Mul):7;commutative(Max):7;power-recip:4,95,3,32,0,0.3368421052631579,0.0,0,3,0.0,1.0,0.0,1.0,0.0,0.0,1.0,1.0,0.0,1.0,1.5416666666666667,4.708333333333333,0.5,1.0,0.0,0.0,0.0,45.333333333333336
bwd_band08_d5:8,bwd_bands,synthetic,64.0,64.0,19.0,18.0,1.056,19.0,0.0,0.0,0.0,0.0,0.0,0.0,0.0,0.0,0.0,0.0,0.0,0.0,3.0,9.0,Abs:2;Add:2;Atan2:1;Const:2;Ln:1;Neg:7;Pow:1;Var:2,19.0,18.0,438.0,438.0,1.0,50.0,2000.0,Quiesced,2.0,24.0,9.0,23.0,0.2,11.0,434624.0,434624.0,1.0,239.0,239.0,1.0,0.0,-45.43,ok,1024.0,0.0,3.0,3.0,4.0,52.0,34.0,0.044,0.578,0.378,0.0,0.0,0.0,0.0,0.0,38148.0,involution(Sub):10;commutative(Add):6;even-negation(Abs):6;power-sqrt:2,130,12,38,8,0.2923076923076923,0.06153846153846154,2,12,0.16666666666666666,0.7894736842105263,0.0,1.0,0.0,0.0,1.0,1.0,0.0,0.6222222222222222,1.2777777777777777,1.3333333333333333,0.6111111111111112,1.0,0.0,0.0,0.0,56.888888888888886
bwd_band08_d5:9,bwd_bands,synthetic,64.0,64.0,32.0,29.0,1.103,32.0,0.0,0.0,0.0,0.0,0.0,0.0,0.0,0.0,0.0,0.0,0.0,0.0,4.0,22.0,Abs:5;Add:4;Const:4;Ln:1;Log2:2;Min:1;Mul:1;Neg:9;Pow:1;Var:1,32.0,29.0,634.0,634.0,1.0,50.0,2000.0,Quiesced,3.0,83.0,18.0,42.0,1.3,17.0,38336.0,38336.0,1.0,599.0,599.0,1.0,0.0,-5.52,ok,1616.0,0.0,1.0,0.0,0.0,222.0,0.0,0.0,1.0,0.0,0.0,1.0,1.0,0.0,1088.0,14208.0,even-negation(Abs):23;involution(Sub):20;commutative(Add):20;constant-fold:10;commutative(Mul):5;commutative(Min):5,224,8,8,0,0.03571428571428571,0.0,0,8,0.0,1.0,0.0,1.0,0.0,0.0,1.0,1.0,0.0,1.0,1.4482758620689655,2.8620689655172415,0.5862068965517241,1.0,0.0,0.0,0.0,55.724137931034484
bwd_band08_d5:10,bwd_bands,synthetic,64.0,64.0,27.0,23.0,1.174,27.0,0.0,0.0,0.0,0.0,0.0,0.0,0.0,0.0,0.0,0.0,0.0,0.0,4.0,10.0,Abs:2;Add:5;Const:4;Exp:1;Log2:1;Max:1;Mul:1;Neg:5;Pow:1;Tan:1;Var:1,27.0,23.0,529.0,529.0,1.0,50.0,2000.0,Quiesced,3.0,89.0,20.0,43.0,0.9,17.0,15895.0,15895.0,1.0,334.0,334.0,1.0,0.0,-36.86,ok,1536.0,0.0,2.0,0.0,74.0,83.0,0.0,0.471,0.529,0.0,1.0,2.0,1.0,0.0,1153.0,5386.0,commutative(Add):23;commutative(Mul):14;involution(Sub):13;even-negation(Abs):10;commutative(Max):5;factor:5;halving:5;fma-fusion:5;distribute:3;doubling:3;power-recip:3,160,4,66,0,0.4125,0.0,0,4,0.0,1.0,0.0,1.0,0.0,0.0,1.0,1.0,0.0,1.0,1.8695652173913044,3.869565217391304,0.7391304347826086,1.0,0.0,0.0,0.0,66.78260869565217
bwd_band08_d5:11,bwd_bands,synthetic,64.0,64.0,36.0,29.0,1.241,43.0,0.0,0.0,0.0,0.0,0.0,0.0,0.0,0.0,0.0,0.0,0.0,0.0,5.0,10.0,Abs:4;Add:6;Const:4;Log2:1;Max:1;Mul:3;Neg:4;Pow:3;Tan:1;Var:2,36.0,29.0,863.0,998.0,1.156,50.0,2000.0,Quiesced,3.0,107.0,26.0,53.0,0.6,19.0,2072855.0,1515799.0,1.367,596.0,460.0,1.296,0.0,-46.7,ok,1728.0,0.0,2.0,2.0,74.0,2.0,129.0,0.361,0.01,0.629,0.0,0.0,0.0,0.0,0.0,132298.0,commutative(Add):42;even-negation(Abs):13;involution(Sub):10;reverse-associative(Add):8;associative(Add):7;power-sqrt:6;fma-fusion:6;constant-fold:5;commutative(Mul):5;commutative(Max):5,338,10,72,0,0.21301775147928995,0.0,0,10,0.0,1.0,0.0,1.0,0.0,0.0,1.0,1.0,1.0,0.37073170731707317,1.8275862068965518,3.689655172413793,0.6551724137931034,1.0,0.0,0.0,0.0,59.58620689655172
bwd_band08_d5:12,bwd_bands,synthetic,64.0,64.0,23.0,22.0,1.045,31.0,0.0,0.0,0.0,0.0,0.0,0.0,0.0,0.0,0.0,0.0,0.0,0.0,5.0,16.0,Abs:2;Add:3;Const:4;Mul:2;Neg:4;Pow:3;Sin:1;Tan:1;Var:2,23.0,22.0,785.0,991.0,1.262,50.0,2000.0,Quiesced,4.0,80.0,15.0,37.0,1.4,14.0,832192.0,832192.0,1.0,403.0,403.0,1.0,0.0,-48.66,ok,1808.0,0.0,1.0,1.0,0.0,74.0,114.0,0.0,0.394,0.606,0.0,0.0,0.0,0.0,0.0,121472.0,commutative(Add):21;involution(Sub):11;even-negation(Abs):11;fma-fusion:8;constant-fold:6;halving:5;power-combine:4;power-sqrt:4;power-recip:4;commutative(Mul):3;doubling:3,304,8,190,182,0.625,0.5986842105263158,6,8,0.75,0.04210526315789476,0.0,1.0,0.0,0.0,1.0,1.0,0.0,0.39361702127659576,1.6818181818181819,3.6363636363636362,0.6363636363636364,1.0,0.0,0.0,0.0,82.18181818181819
bwd_band08_d5:13,bwd_bands,synthetic,64.0,64.0,38.0,31.0,1.226,71.0,0.0,0.0,0.0,0.0,0.0,0.0,0.0,0.0,0.0,0.0,0.0,0.0,7.0,12.0,Abs:3;Add:5;Const:6;Exp2:1;Ln:1;Min:1;Mul:2;Neg:6;Pow:4;Sin:1;Var:1,38.0,31.0,1111.0,2030.0,1.827,50.0,2000.0,Quiesced,4.0,121.0,22.0,50.0,1.7,19.0,47364.0,24290.0,1.95,1059.0,539.0,1.965,0.0,-51.49,ok,1680.0,0.0,3.0,0.0,108.0,81.0,0.0,0.571,0.429,0.0,2.0,3.0,1.0,0.0,1218.0,5292.0,commutative(Add):39;constant-fold:23;even-negation(Abs):18;involution(Sub):14;power-sqrt:8;fma-fusion:8;commutative(Min):7;power-recip:4,193,5,34,0,0.17616580310880828,0.0,0,5,0.0,1.0,0.0,1.0,0.0,0.0,1.0,1.0,1.0,1.0,1.6129032258064515,3.903225806451613,0.6129032258064516,1.0,0.0,0.0,0.0,54.193548387096776
bwd_band08_d5:14,bwd_bands,synthetic,64.0,64.0,24.0,21.0,1.143,24.0,0.0,0.0,0.0,0.0,0.0,0.0,0.0,0.0,0.0,0.0,0.0,0.0,4.0,17.0,Abs:2;Add:3;Atan2:1;Const:4;Neg:7;Pow:3;Var:1,24.0,21.0,706.0,706.0,1.0,50.0,2000.0,Quiesced,2.0,35.0,14.0,30.0,0.5,11.0,8576.0,8576.0,1.0,134.0,134.0,1.0,0.0,-81.02,ok,560.0,0.0,3.0,0.0,4.0,39.0,0.0,0.093,0.907,0.0,2.0,3.0,1.0,0.0,1218.0,2500.0,involution(Sub):12;commutative(Add):9;even-negation(Abs):6;power-recip:4;power-sqrt:2;recip-sqrt:2,47,5,18,0,0.3829787234042553,0.0,0,5,0.0,1.0,0.0,1.0,0.0,0.0,1.0,1.0,0.0,1.0,1.4285714285714286,1.6666666666666667,0.5238095238095238,1.0,0.0,0.0,0.0,26.666666666666668
bwd_band08_d5:15,bwd_bands,synthetic,64.0,64.0,24.0,21.0,1.143,24.0,0.0,0.0,0.0,0.0,0.0,0.0,0.0,0.0,0.0,0.0,0.0,0.0,2.0,17.0,Abs:2;Add:3;Const:2;Min:1;Mul:1;Neg:7;Pow:1;Recip:1;Sin:1;Var:2,24.0,21.0,329.0,329.0,1.0,50.0,2000.0,Quiesced,2.0,33.0,12.0,29.0,0.6,14.0,254336.0,254336.0,1.0,131.0,131.0,1.0,0.0,-60.18,ok,592.0,0.0,1.0,1.0,0.0,35.0,12.0,0.0,0.745,0.255,0.0,0.0,0.0,0.0,0.0,14528.0,involution(Sub):10;commutative(Add):9;even-negation(Abs):6;commutative(Mul):3;commutative(Min):3;power-recip:2,61,1,30,0,0.4918032786885246,0.0,0,1,0.0,1.0,0.0,1.0,0.0,0.0,1.0,1.0,0.0,0.7446808510638298,1.380952380952381,1.5714285714285714,0.6666666666666666,1.0,0.0,0.0,0.0,28.19047619047619
bwd_band08_d5:16,bwd_bands,synthetic,64.0,64.0,27.0,25.0,1.08,29.0,0.0,0.0,0.0,0.0,0.0,0.0,0.0,0.0,0.0,0.0,0.0,0.0,7.0,9.0,Abs:2;Add:3;Atan2:2;Const:5;Exp2:2;Log2:1;Mul:3;Neg:3;Pow:2;Var:2,27.0,25.0,852.0,852.0,1.0,50.0,2000.0,Quiesced,2.0,28.0,11.0,35.0,0.3,20.0,1081872.0,1081872.0,1.0,477.0,477.0,1.0,0.0,-44.01,ok,1600.0,0.0,4.0,4.0,86.0,2.0,81.0,0.509,0.012,0.479,0.0,0.0,0.0,0.0,0.0,83158.0,commutative(Add):9;even-negation(Abs):5;power-sqrt:4;fma-fusion:4;involution(Sub):3;commutative(Mul):3,258,17,54,8,0.20930232558139536,0.031007751937984496,2,17,0.11764705882352941,0.8518518518518519,0.0,1.0,0.0,0.0,1.0,1.0,0.0,0.5207100591715976,1.4,1.12,0.8,1.0,0.0,0.0,0.0,64.0
bwd_band08_d5:17,bwd_bands,synthetic,64.0,64.0,36.0,28.0,1.286,36.0,0.0,0.0,0.0,0.0,0.0,0.0,0.0,0.0,0.0,0.0,0.0,0.0,4.0,21.0,Abs:4;Add:4;Const:3;Ln:1;Log2:1;Min:1;Mul:1;Neg:10;Pow:2;Var:1,36.0,28.0,708.0,717.0,1.013,50.0,2000.0,Quiesced,3.0,83.0,21.0,41.0,1.6,15.0,1302528.0,1273856.0,1.023,318.0,311.0,1.023,0.0,-56.07,ok,944.0,0.0,0.0,0.0,0.0,0.0,109.0,0.0,0.0,1.0,0.0,0.0,0.0,0.0,0.0,111616.0,involution(Sub):27;commutative(Add):20;even-negation(Abs):20;power-recip:6;commutative(Mul):5;commutative(Min):5,218,8,8,0,0.03669724770642202,0.0,0,8,0.0,1.0,0.0,1.0,0.0,0.0,1.0,1.0,1.0,0.0,1.4642857142857142,2.9642857142857144,0.5357142857142857,1.0,0.0,0.0,0.0,33.714285714285715
bwd_band08_d5:18,bwd_bands,synthetic,64.0,64.0,33.0,23.0,1.435,33.0,0.0,0.0,0.0,0.0,0.0,0.0,0.0,0.0,0.0,0.0,0.0,0.0,5.0,15.0,Abs:3;Add:3;Const:2;Log2:2;Min:1;Mul:1;Neg:6;Pow:2;Sin:1;Sqrt:1;Var:1,33.0,23.0,768.0,781.0,1.017,50.0,2000.0,Quiesced,2.0,39.0,14.0,34.0,0.3,15.0,1585152.0,1556480.0,1.018,387.0,380.0,1.018,0.0,-50.52,ok,1312.0,0.0,0.0,0.0,0.0,0.0,140.0,0.0,0.0,1.0,0.0,0.0,0.0,0.0,0.0,143360.0,involution(Sub):9;commutative(Add):9;even-negation(Abs):9;power-recip:4;commutative(Mul):3;commutative(Min):3;recip-sqrt:2,280,10,68,58,0.24285714285714285,0.20714285714285716,2,10,0.2,0.1470588235294118,0.0,1.0,0.0,0.0,1.0,1.0,1.0,0.0,1.4782608695652173,1.6956521739130435,0.6521739130434783,1.0,0.0,0.0,0.0,57.04347826086956
bwd_band08_d5:19,bwd_bands,synthetic,64.0,64.0,34.0,30.0,1.133,58.0,0.0,0.0,0.0,0.0,0.0,0.0,0.0,0.0,0.0,0.0,0.0,0.0,4.0,22.0,Abs:3;Add:6;Const:4;Mul:3;Neg:8;Pow:4;Var:2,34.0,30.0,856.0,1290.0,1.507,50.0,2000.0,Quiesced,6.0,1885.0,214.0,264.0,7.0,19.0,2011520.0,1151168.0,1.747,497.0,284.0,1.75,0.0,-66.82,ok,960.0,0.0,1.0,1.0,0.0,2.0,85.0,0.0,0.023,0.977,0.0,0.0,0.0,0.0,0.0,87168.0,fma-fusion:505;commutative(Add):449;reverse-associative(Add):254;associative(Add):226;commutative(Mul):113;factor:85;distribute:49;involution(Sub):39;halving:35;even-negation(Abs):33;doubling:24;associative(Mul):19;reverse-associative(Mul):18;constant-fold:12;power-recip:12;power-combine:6;power-sqrt:6,174,4,4,0,0.022988505747126436,0.0,0,4,0.0,1.0,0.0,1.0,0.0,0.0,1.0,1.0,1.0,0.022988505747126436,8.8,62.833333333333336,0.6333333333333333,1.0,0.0,0.0,0.0,32.0
bwd_band08_d5:20,bwd_bands,synthetic,64.0,64.0,35.0,31.0,1.129,35.0,0.0,0.0,0.0,0.0,0.0,0.0,0.0,0.0,0.0,0.0,0.0,0.0,5.0,18.0,Abs:4;Add:5;Const:4;Exp2:1;Log2:1;Min:1;Neg:10;Pow:3;Var:2,35.0,31.0,844.0,844.0,1.0,50.0,2000.0,Quiesced,2.0,46.0,17.0,43.0,0.4,20.0,2334789.0,2334789.0,1.0,639.0,639.0,1.0,0.0,-24.29,ok,1632.0,0.0,1.0,1.0,23.0,0.0,199.0,0.104,0.0,0.896,0.0,0.0,0.0,0.0,0.0,203799.0,commutative(Add):15;involution(Sub):13;even-negation(Abs):11;commutative(Min):3;constant-fold:2;power-rsqrt:2,423,12,12,0,0.028368794326241134,0.0,0,12,0.0,1.0,0.0,1.0,0.0,0.0,1.0,1.0,0.0,0.1036036036036036,1.3870967741935485,1.4838709677419355,0.6451612903225806,1.0,0.0,0.0,0.0,52.645161290322584
bwd_band08_d5:21,bwd_bands,synthetic,64.0,64.0,15.0,14.0,1.071,15.0,0.0,0.0,0.0,0.0,0.0,0.0,0.0,0.0,0.0,0.0,0.0,0.0,2.0,13.0,Abs:2;Add:2;Const:1;Ln:1;Log10:1;Neg:6;Var:1,15.0,14.0,294.0,294.0,1.0,50.0,2000.0,Quiesced,2.0,22.0,8.0,18.0,0.2,8.0,17664.0,17664.0,1.0,276.0,276.0,1.0,0.0,-6.12,ok,912.0,0.0,1.0,0.0,0.0,102.0,0.0,0.0,1.0,0.0,0.0,1.0,1.0,0.0,1088.0,6528.0,involution(Sub):10;commutative(Add):6;even-negation(Abs):6,104,4,4,0,0.038461538461538464,0.0,0,4,0.0,1.0,0.0,1.0,0.0,0.0,1.0,1.0,0.0,1.0,1.2857142857142858,1.5714285714285714,0.5714285714285714,1.0,0.0,0.0,0.0,65.14285714285714
bwd_band08_d5:22,bwd_bands,synthetic,64.0,64.0,13.0,13.0,1.0,13.0,0.0,0.0,0.0,0.0,0.0,0.0,0.0,0.0,0.0,0.0,0.0,0.0,4.0,12.0,Abs:1;Const:1;Cos:1;Exp2:1;Neg:6;Pow:1;Sin:1;Var:1,13.0,13.0,431.0,431.0,1.0,50.0,2000.0,Quiesced,2.0,18.0,7.0,16.0,0.1,6.0,950272.0,950272.0,1.0,232.0,232.0,1.0,0.0,-46.17,ok,1072.0,0.0,0.0,0.0,0.0,0.0,98.0,0.0,0.0,1.0,0.0,0.0,0.0,0.0,0.0,100352.0,involution(Sub):10;even-negation(Cos):3;even-negation(Abs):3;power-sqrt:2,196,4,128,124,0.6530612244897959,0.6326530612244898,4,4,1.0,0.03125,0.0,1.0,0.0,0.0,1.0,0.0,0.0,0.0,1.2307692307692308,1.3846153846153846,0.46153846153846156,1.0,0.0,0.0,0.0,82.46153846153847
bwd_band08_d5:23,bwd_bands,synthetic,64.0,64.0,36.0,31.0,1.161,36.0,0.0,0.0,0.0,0.0,0.0,0.0,0.0,0.0,0.0,0.0,0.0,0.0,5.0,15.0,Abs:3;Add:5;Const:4;Log10:1;Max:1;Mul:1;Neg:9;Pow:2;Sin:1;Sub:1;Tan:1;Var:2,36.0,31.0,751.0,751.0,1.0,50.0,2000.0,Quiesced,3.0,96.0,24.0,61.0,1.2,24.0,386496.0,386496.0,1.0,558.0,558.0,1.0,0.0,-25.7,ok,1984.0,0.0,1.0,1.0,0.0,203.0,42.0,0.0,0.829,0.171,0.0,0.0,0.0,0.0,0.0,56000.0,commutative(Add):33;involution(Sub):13;even-negation(Abs):13;commutative(Mul):6;commutative(Max):5;odd-negation(Sin):5;reverse-angle-addition:5;fma-fusion:5;canonicalize(Sub):3;sin-angle-addition:3;power-rsqrt:3;even-negation(Cos):2,289,8,128,58,0.4429065743944637,0.20069204152249134,2,8,0.25,0.546875,0.0,1.0,0.0,0.0,1.0,1.0,0.0,0.8285714285714286,1.967741935483871,3.096774193548387,0.7741935483870968,1.0,0.0,0.0,0.0,64.0
bwd_band09_d5:0,bwd_bands,synthetic,64.0,64.0,37.0,32.0,1.156,37.0,0.0,0.0,0.0,0.0,0.0,0.0,0.0,0.0,0.0,0.0,0.0,0.0,5.0,14.0,Abs:3;Add:4;Atan2:1;Const:4;Exp:1;Max:1;Min:1;Mul:2;Neg:9;Pow:2;Sin:1;Var:3,37.0,32.0,684.0,684.0,1.0,50.0,2000.0,Quiesced,3.0,102.0,23.0,53.0,1.3,24.0,165930.0,165930.0,1.0,303.0,303.0,1.0,0.0,-55.7,retired_axis,nan,nan,nan,nan,nan,nan,nan,nan,nan,nan,nan,nan,nan,nan,nan,nan,commutative(Mul):22;commutative(Add):20;involution(Sub):16;even-negation(Abs):13;reverse-associative(Mul):8;associative(Mul):7;power-recip:6;commutative(Min):5;commutative(Max):5,0,0,0,0,nan,nan,0,0,nan,nan,0.0,1.0,0.0,0.0,1.0,1.0,0.0,nan,1.65625,3.1875,0.75,1.0,0.0,0.0,0.0,nan
bwd_band09_d5:1,bwd_bands,synthetic,64.0,64.0,15.0,14.0,1.071,19.0,0.0,0.0,0.0,0.0,0.0,0.0,0.0,0.0,0.0,0.0,0.0,0.0,3.0,10.0,Abs:1;Add:1;Atan2:2;Const:2;Mul:2;Neg:3;Pow:1;Var:2,15.0,14.0,380.0,459.0,1.208,50.0,2000.0,Quiesced,2.0,15.0,6.0,19.0,0.4,10.0,6883.0,6804.0,1.012,268.0,189.0,1.418,0.0,-50.26,retired_axis,nan,nan,nan,nan,nan,nan,nan,nan,nan,nan,nan,nan,nan,nan,nan,nan,fma-fusion:4;involution(Sub):3;commutative(Add):3;even-negation(Abs):3;power-sqrt:2,0,0,0,0,nan,nan,0,0,nan,nan,0.0,1.0,0.0,0.0,1.0,1.0,1.0,nan,1.3571428571428572,1.0714285714285714,0.7142857142857143,1.0,0.0,0.0,0.0,nan
bwd_band09_d5:2,bwd_bands,synthetic,64.0,64.0,39.0,34.0,1.147,43.0,0.0,0.0,0.0,0.0,0.0,0.0,0.0,0.0,0.0,0.0,0.0,0.0,5.0,11.0,Abs:2;Add:5;Const:6;Max:1;Min:1;Mul:5;Neg:5;Pow:4;Tan:1;Var:4,39.0,34.0,943.0,948.0,1.005,50.0,2000.0,Quiesced,2.0,57.0,22.0,55.0,1.9,25.0,42165.0,42165.0,1.0,207.0,207.0,1.0,0.0,-78.05,retired_axis,nan,nan,nan,nan,nan,nan,nan,nan,nan,nan,nan,nan,nan,nan,nan,nan,commutative(Add):15;fma-fusion:12;commutative(Mul):6;even-negation(Abs):5;power-sqrt:4;involution(Sub):3;commutative(Min):3;commutative(Max):3;constant-fold:2;power-recip:2;power-rsqrt:2,0,0,0,0,nan,nan,0,0,nan,nan,0.0,1.0,0.0,0.0,1.0,1.0,0.0,nan,1.6176470588235294,1.6764705882352942,0.7352941176470589,1.0,0.0,0.0,0.0,nan
bwd_band09_d5:3,bwd_bands,synthetic,64.0,64.0,50.0,44.0,1.136,141.0,0.0,0.0,0.0,0.0,0.0,0.0,0.0,0.0,0.0,0.0,0.0,0.0,10.0,13.0,Abs:5;Add:8;Const:5;Cos:1;Exp:2;Log2:1;Min:1;Mul:6;Neg:4;Pow:5;Sin:1;Sqrt:1;Var:4,50.0,44.0,1504.0,4091.0,2.72,50.0,2000.0,Quiesced,6.0,2697.0,306.0,388.0,12.0,33.0,4122441.0,2089820.0,1.973,1989.0,929.0,2.141,0.0,-38.23,retired_axis,nan,nan,nan,nan,nan,nan,nan,nan,nan,nan,nan,nan,nan,nan,nan,nan,fma-fusion:593;commutative(Add):501;commutative(Mul):355;reverse-associative(Add):266;associative(Add):238;reverse-associative(Mul):159;associative(Mul):149;factor:136;distribute:111;halving:66;doubling:41;even-negation(Abs):12;power-sqrt:12;involution(Sub):11;commutative(Min):11;even-negation(Cos):11;power-combine:10;constant-fold:9;power-recip:6,0,0,0,0,nan,nan,0,0,nan,nan,0.0,1.0,0.0,0.0,1.0,1.0,1.0,nan,8.818181818181818,61.29545454545455,0.75,1.0,0.0,0.0,0.0,nan
bwd_band09_d5:4,bwd_bands,synthetic,64.0,64.0,31.0,30.0,1.033,31.0,0.0,0.0,0.0,0.0,0.0,0.0,0.0,0.0,0.0,0.0,0.0,0.0,4.0,21.0,Abs:4;Add:2;Const:2;Cos:1;Log10:2;Min:1;Neg:15;Pow:1;Var:2,31.0,30.0,607.0,607.0,1.0,50.0,2000.0,Quiesced,2.0,51.0,19.0,39.0,0.7,14.0,15501.0,15501.0,1.0,381.0,381.0,1.0,0.0,-37.23,retired_axis,nan,nan,nan,nan,nan,nan,nan,nan,nan,nan,nan,nan,nan,nan,nan,nan,involution(Sub):25;even-negation(Abs):12;commutative(Add):6;commutative(Min):3;even-negation(Cos):3;power-sqrt:2,0,0,0,0,nan,nan,0,0,nan,nan,0.0,1.0,0.0,0.0,1.0,1.0,0.0,nan,1.3,1.7,0.4666666666666667,1.0,0.0,0.0,0.0,nan
bwd_band09_d5:5,bwd_bands,synthetic,64.0,64.0,32.0,30.0,1.067,32.0,0.0,0.0,0.0,0.0,0.0,0.0,0.0,0.0,0.0,0.0,0.0,0.0,3.0,11.0,Abs:3;Add:6;Atan2:1;Const:5;Ln:1;Log10:1;Min:1;Mul:1;Neg:7;Recip:1;Var:3,32.0,30.0,419.0,419.0,1.0,50.0,2000.0,Quiesced,3.0,99.0,22.0,51.0,1.4,23.0,61846.0,61823.0,1.0,421.0,398.0,1.058,0.0,-5.01,retired_axis,nan,nan,nan,nan,nan,nan,nan,nan,nan,nan,nan,nan,nan,nan,nan,nan,commutative(Add):33;constant-fold:14;even-negation(Abs):13;commutative(Mul):11;involution(Sub):10;commutative(Min):5;factor:5;fma-fusion:5;distribute:3,0,0,0,0,nan,nan,0,0,nan,nan,0.0,1.0,0.0,0.0,1.0,1.0,1.0,nan,1.7,3.3,0.7666666666666667,1.0,0.0,0.0,0.0,nan
bwd_band09_d5:6,bwd_bands,synthetic,64.0,64.0,56.0,47.0,1.191,68.0,0.0,0.0,0.0,0.0,0.0,0.0,0.0,0.0,0.0,0.0,0.0,0.0,9.0,16.0,Abs:4;Add:8;Atan2:1;Const:4;Exp2:1;Ln:1;Log2:1;Max:1;Mul:5;Neg:12;Pow:5;Var:4,56.0,47.0,1486.0,1503.0,1.011,100.0,5000.0,Quiesced,2.0,80.0,31.0,72.0,1.3,31.0,1491820.0,1490921.0,1.001,547.0,530.0,1.032,0.0,-64.33,retired_axis,nan,nan,nan,nan,nan,nan,nan,nan,nan,nan,nan,nan,nan,nan,nan,nan,commutative(Add):24;involution(Sub):16;even-negation(Abs):12;fma-fusion:8;power-sqrt:6;power-recip:4;commutative(Mul):3;commutative(Max):3;constant-fold:2;recip-sqrt:2,0,0,0,0,nan,nan,0,0,nan,nan,0.0,1.0,0.0,0.0,1.0,1.0,1.0,nan,1.5319148936170213,1.702127659574468,0.6595744680851063,1.0,0.0,0.0,0.0,nan
bwd_band09_d5:7,bwd_bands,synthetic,64.0,64.0,22.0,18.0,1.222,39.0,0.0,0.0,0.0,0.0,0.0,0.0,0.0,0.0,0.0,0.0,0.0,0.0,3.0,12.0,Abs:1;Add:2;Const:3;Max:1;Min:1;Mul:4;Neg:1;Pow:2;Sin:1;Var:2,22.0,18.0,502.0,794.0,1.582,50.0,2000.0,Quiesced,2.0,31.0,11.0,28.0,0.5,13.0,120000.0,101120.0,1.187,237.0,131.0,1.809,0.0,-73.9,ok,592.0,0.0,2.0,2.0,0.0,42.0,4.0,0.0,0.913,0.087,0.0,0.0,0.0,0.0,0.0,6784.0,commutative(Add):6;commutative(Mul):6;fma-fusion:4;commutative(Min):3;idempotent(Max):2;associative(Max):2;reverse-associative(Max):2;even-negation(Abs):2;power-sqrt:2;power-recip:2,54,1,30,0,0.5555555555555556,0.0,0,1,0.0,1.0,0.0,1.0,0.0,0.0,1.0,1.0,1.0,0.9130434782608695,1.5555555555555556,1.7222222222222223,0.7222222222222222,1.0,0.0,0.0,0.0,32.888888888888886
bwd_band09_d5:8,bwd_bands,synthetic,64.0,64.0,6.0,6.0,1.0,6.0,0.0,0.0,0.0,0.0,0.0,0.0,0.0,0.0,0.0,0.0,0.0,0.0,1.0,6.0,Abs:1;Neg:3;Tan:1;Var:1,6.0,6.0,99.0,99.0,1.0,20.0,500.0,Quiesced,2.0,8.0,3.0,7.0,0.1,3.0,90.0,90.0,1.0,90.0,90.0,1.0,0.0,-9.09,retired_axis,nan,nan,nan,nan,nan,nan,nan,nan,nan,nan,nan,nan,nan,nan,nan,nan,involution(Sub):5;even-negation(Abs):3,0,0,0,0,nan,nan,0,0,nan,nan,0.0,1.0,0.0,0.0,1.0,0.0,0.0,nan,1.1666666666666667,1.3333333333333333,0.5,1.0,0.0,0.0,0.0,nan
bwd_band09_d5:9,bwd_bands,synthetic,64.0,64.0,34.0,32.0,1.062,34.0,0.0,0.0,0.0,0.0,0.0,0.0,0.0,0.0,0.0,0.0,0.0,0.0,6.0,16.0,Abs:3;Add:4;Const:6;Max:1;Mul:1;Neg:9;Pow:3;Sin:2;Tan:1;Var:2,34.0,32.0,875.0,875.0,1.0,50.0,2000.0,Quiesced,5.0,171.0,24.0,50.0,0.9,17.0,7352.0,7352.0,1.0,296.0,296.0,1.0,0.0,-66.17,retired_axis,nan,nan,nan,nan,nan,nan,nan,nan,nan,nan,nan,nan,nan,nan,nan,nan,commutative(Add):40;involution(Sub):37;constant-fold:34;even-negation(Abs):27;power-recip:10;commutative(Mul):9;commutative(Max):9;power-sqrt:5,0,0,0,0,nan,nan,0,0,nan,nan,0.0,1.0,0.0,0.0,1.0,1.0,0.0,nan,1.5625,5.34375,0.53125,1.0,0.0,0.0,0.0,nan
bwd_band09_d5:10,bwd_bands,synthetic,64.0,64.0,22.0,20.0,1.1,22.0,0.0,0.0,0.0,0.0,0.0,0.0,0.0,0.0,0.0,0.0,0.0,0.0,4.0,17.0,Abs:2;Add:3;Const:2;Exp2:1;Neg:7;Pow:2;Tan:1;Var:2,22.0,20.0,587.0,587.0,1.0,50.0,2000.0,Quiesced,2.0,29.0,11.0,26.0,0.2,12.0,373036.0,373036.0,1.0,391.0,391.0,1.0,0.0,-33.39,retired_axis,nan,nan,nan,nan,nan,nan,nan,nan,nan,nan,nan,nan,nan,nan,nan,nan,involution(Sub):12;commutative(Add):9;even-negation(Abs):6;power-rsqrt:2,0,0,0,0,nan,nan,0,0,nan,nan,0.0,1.0,0.0,0.0,1.0,1.0,0.0,nan,1.3,1.45,0.6,1.0,0.0,0.0,0.0,nan
bwd_band09_d5:11,bwd_bands,synthetic,64.0,64.0,26.0,24.0,1.083,55.0,0.0,0.0,0.0,0.0,0.0,0.0,0.0,0.0,0.0,0.0,0.0,0.0,5.0,12.0,Abs:1;Add:4;Const:5;Exp:1;Log2:1;Max:1;Mul:4;Neg:3;Pow:2;Sin:1;Var:1,26.0,24.0,710.0,1278.0,1.8,50.0,2000.0,Quiesced,5.0,174.0,31.0,57.0,0.9,17.0,520.0,314.0,1.656,520.0,314.0,1.656,0.0,-55.77,retired_axis,nan,nan,nan,nan,nan,nan,nan,nan,nan,nan,nan,nan,nan,nan,nan,nan,commutative(Add):48;fma-fusion:40;power-sqrt:10;involution(Sub):9;constant-fold:9;commutative(Max):9;even-negation(Abs):9;reverse-associative(Add):8;halving:7;associative(Add):7;commutative(Mul):5;power-combine:5;doubling:4;power-identity:4,0,0,0,0,nan,nan,0,0,nan,nan,0.0,1.0,0.0,0.0,1.0,1.0,1.0,nan,2.375,7.25,0.7083333333333334,1.0,0.0,0.0,0.0,nan
bwd_band09_d5:12,bwd_bands,synthetic,64.0,64.0,9.0,9.0,1.0,9.0,0.0,0.0,0.0,0.0,0.0,0.0,0.0,0.0,0.0,0.0,0.0,0.0,0.0,8.0,Abs:1;Mul:1;Neg:5;Var:2,9.0,9.0,23.0,23.0,1.0,20.0,500.0,Quiesced,2.0,13.0,5.0,11.0,0.1,5.0,11.0,11.0,1.0,11.0,11.0,1.0,0.0,-52.17,retired_axis,nan,nan,nan,nan,nan,nan,nan,nan,nan,nan,nan,nan,nan,nan,nan,nan,involution(Sub):7;commutative(Mul):3;even-negation(Abs):3,0,0,0,0,nan,nan,0,0,nan,nan,0.0,1.0,0.0,0.0,0.0,0.0,0.0,nan,1.2222222222222223,1.4444444444444444,0.5555555555555556,1.0,0.0,0.0,0.0,nan
bwd_band09_d5:13,bwd_bands,synthetic,64.0,64.0,29.0,26.0,1.115,29.0,0.0,0.0,0.0,0.0,0.0,0.0,0.0,0.0,0.0,0.0,0.0,0.0,3.0,15.0,Abs:3;Add:4;Const:3;Log10:1;Mul:1;Neg:10;Pow:2;Var:2,29.0,26.0,586.0,586.0,1.0,50.0,2000.0,Quiesced,3.0,89.0,19.0,38.0,0.7,14.0,123042.0,123042.0,1.0,192.0,192.0,1.0,0.0,-67.24,retired_axis,nan,nan,nan,nan,nan,nan,nan,nan,nan,nan,nan,nan,nan,nan,nan,nan,involution(Sub):24;commutative(Add):20;constant-fold:19;even-negation(Abs):15;power-recip:6;commutative(Mul):5,0,0,0,0,nan,nan,0,0,nan,nan,0.0,1.0,0.0,0.0,1.0,1.0,0.0,nan,1.4615384615384615,3.423076923076923,0.5384615384615384,1.0,0.0,0.0,0.0,nan
bwd_band09_d5:14,bwd_bands,synthetic,64.0,64.0,63.0,55.0,1.145,65.0,0.0,0.0,0.0,0.0,0.0,0.0,0.0,0.0,0.0,0.0,0.0,0.0,10.0,16.0,Abs:6;Add:7;Atan2:1;Const:7;Exp:1;Ln:1;Log10:1;Max:2;Min:1;Mul:2;Neg:17;Pow:6;Var:3,63.0,55.0,1708.0,1708.0,1.0,100.0,5000.0,Quiesced,5.0,371.0,49.0,91.0,1.6,28.0,739790.0,739790.0,1.0,548.0,548.0,1.0,0.0,-67.92,retired_axis,nan,nan,nan,nan,nan,nan,nan,nan,nan,nan,nan,nan,nan,nan,nan,nan,constant-fold:96;commutative(Add):75;involution(Sub):74;even-negation(Abs):54;commutative(Max):18;power-sqrt:10;power-recip:10;power-rsqrt:10;fma-fusion:10;commutative(Min):9;recip-sqrt:5,0,0,0,0,nan,nan,0,0,nan,nan,0.0,1.0,0.0,0.0,1.0,1.0,0.0,nan,1.6545454545454545,6.745454545454545,0.509090909090909,1.0,0.0,0.0,0.0,nan
bwd_band09_d5:15,bwd_bands,synthetic,64.0,64.0,11.0,11.0,1.0,11.0,0.0,0.0,0.0,0.0,0.0,0.0,0.0,0.0,0.0,0.0,0.0,0.0,2.0,8.0,Abs:1;Add:2;Const:3;Exp:1;Neg:2;Pow:1;Var:1,11.0,11.0,288.0,288.0,1.0,50.0,2000.0,Quiesced,2.0,14.0,5.0,15.0,0.1,8.0,107.0,107.0,1.0,107.0,107.0,1.0,0.0,-62.85,retired_axis,nan,nan,nan,nan,nan,nan,nan,nan,nan,nan,nan,nan,nan,nan,nan,nan,commutative(Add):6;involution(Sub):3;even-negation(Abs):3;power-rsqrt:2,0,0,0,0,nan,nan,0,0,nan,nan,0.0,1.0,0.0,0.0,1.0,0.0,0.0,nan,1.3636363636363635,1.2727272727272727,0.7272727272727273,1.0,0.0,0.0,0.0,nan
bwd_band09_d5:16,bwd_bands,synthetic,64.0,64.0,31.0,30.0,1.033,31.0,0.0,0.0,0.0,0.0,0.0,0.0,0.0,0.0,0.0,0.0,0.0,0.0,5.0,18.0,Abs:3;Add:3;Atan2:2;Const:6;Neg:11;Pow:3;Var:2,31.0,30.0,800.0,800.0,1.0,50.0,2000.0,Quiesced,4.0,119.0,20.0,43.0,0.6,15.0,226.0,226.0,1.0,226.0,226.0,1.0,0.0,-71.75,retired_axis,nan,nan,nan,nan,nan,nan,nan,nan,nan,nan,nan,nan,nan,nan,nan,nan,involution(Sub):36;constant-fold:25;commutative(Add):25;even-negation(Abs):21;power-sqrt:8;power-rsqrt:4,0,0,0,0,nan,nan,0,0,nan,nan,0.0,1.0,0.0,0.0,1.0,1.0,0.0,nan,1.4333333333333333,3.966666666666667,0.5,1.0,0.0,0.0,0.0,nan
bwd_band09_d5:17,bwd_bands,synthetic,64.0,64.0,57.0,50.0,1.14,57.0,0.0,0.0,0.0,0.0,0.0,0.0,0.0,0.0,0.0,0.0,0.0,0.0,8.0,16.0,Abs:6;Add:8;Const:6;Exp:1;Exp2:1;Ln:1;Log2:1;Max:1;Mul:2;Neg:16;Pow:4;Var:3,57.0,50.0,1289.0,1289.0,1.0,100.0,5000.0,Quiesced,4.0,411.0,71.0,117.0,1.6,28.0,943520.0,943293.0,1.0,914.0,687.0,1.33,0.0,-46.7,retired_axis,nan,nan,nan,nan,nan,nan,nan,nan,nan,nan,nan,nan,nan,nan,nan,nan,commutative(Add):73;commutative(Mul):68;involution(Sub):58;constant-fold:45;even-negation(Abs):42;reverse-associative(Mul):27;associative(Mul):24;factor:20;fma-fusion:20;distribute:15;power-recip:8;commutative(Max):7;power-sqrt:4,0,0,0,0,nan,nan,0,0,nan,nan,0.0,1.0,0.0,0.0,1.0,1.0,1.0,nan,2.34,8.22,0.56,1.0,0.0,0.0,0.0,nan
bwd_band09_d5:18,bwd_bands,synthetic,64.0,64.0,48.0,43.0,1.116,50.0,0.0,0.0,0.0,0.0,0.0,0.0,0.0,0.0,0.0,0.0,0.0,0.0,6.0,25.0,Abs:5;Add:7;Const:6;Log10:1;Log2:1;Mul:4;Neg:13;Pow:3;Tan:1;Var:2,48.0,43.0,1033.0,1033.0,1.0,50.0,2000.0,Quiesced,4.0,221.0,38.0,75.0,1.1,25.0,440.0,440.0,1.0,440.0,440.0,1.0,0.0,-57.41,retired_axis,nan,nan,nan,nan,nan,nan,nan,nan,nan,nan,nan,nan,nan,nan,nan,nan,commutative(Add):58;involution(Sub):40;even-negation(Abs):32;constant-fold:29;commutative(Mul):24;fma-fusion:15;power-recip:8;factor:7;distribute:4;power-sqrt:4,0,0,0,0,nan,nan,0,0,nan,nan,0.0,1.0,0.0,0.0,1.0,1.0,0.0,nan,1.744186046511628,5.1395348837209305,0.5813953488372093,1.0,0.0,0.0,0.0,nan
bwd_band09_d5:19,bwd_bands,synthetic,64.0,64.0,32.0,31.0,1.032,32.0,0.0,0.0,0.0,0.0,0.0,0.0,0.0,0.0,0.0,0.0,0.0,0.0,5.0,14.0,Abs:2;Add:4;Atan2:1;Const:6;Cos:1;Log2:1;Max:2;Mul:2;Neg:6;Pow:1;Sin:1;Var:4,32.0,31.0,598.0,598.0,1.0,50.0,2000.0,Quiesced,2.0,51.0,17.0,45.0,0.4,22.0,729494.0,729494.0,1.0,395.0,395.0,1.0,0.0,-33.95,retired_axis,nan,nan,nan,nan,nan,nan,nan,nan,nan,nan,nan,nan,nan,nan,nan,nan,commutative(Add):12;involution(Sub):9;commutative(Mul):6;commutative(Max):6;even-negation(Abs):6;fma-fusion:4;constant-fold:3;even-negation(Cos):3;power-recip:2,0,0,0,0,nan,nan,0,0,nan,nan,0.0,1.0,0.0,0.0,1.0,1.0,0.0,nan,1.4516129032258065,1.6451612903225807,0.7096774193548387,1.0,0.0,0.0,0.0,nan
bwd_band09_d5:20,bwd_bands,synthetic,64.0,64.0,55.0,50.0,1.1,83.0,0.0,0.0,0.0,0.0,0.0,0.0,0.0,0.0,0.0,0.0,0.0,0.0,8.0,15.0,Abs:5;Add:6;Const:6;Cos:2;Log10:1;Mul:8;Neg:13;Pow:3;Recip:1;Sin:2;Var:3,55.0,50.0,1146.0,1724.0,1.504,100.0,5000.0,Quiesced,5.0,1160.0,153.0,219.0,3.3,23.0,1755603.0,940499.0,1.867,675.0,476.0,1.418,0.0,-58.46,retired_axis,nan,nan,nan,nan,nan,nan,nan,nan,nan,nan,nan,nan,nan,nan,nan,nan,commutative(Mul):333;reverse-associative(Mul):160;associative(Mul):133;commutative(Add):113;fma-fusion:102;constant-fold:75;involution(Sub):65;even-negation(Abs):45;factor:26;distribute:19;reverse-associative(Add):14;associative(Add):13;reverse-angle-addition:10;power-sqrt:10;odd-negation(Sin):9;even-negation(Cos):9;sin-angle-addition:8;halving:7;power-combine:5;doubling:4,0,0,0,0,nan,nan,0,0,nan,nan,0.0,1.0,0.0,0.0,1.0,1.0,1.0,nan,4.38,23.2,0.46,1.0,0.0,0.0,0.0,nan
bwd_band09_d5:21,bwd_bands,synthetic,64.0,64.0,37.0,33.0,1.121,37.0,0.0,0.0,0.0,0.0,0.0,0.0,0.0,0.0,0.0,0.0,0.0,0.0,6.0,22.0,Abs:5;Add:5;Const:3;Log2:1;Mul:1;Neg:10;Pow:3;Sin:1;Tan:1;Var:3,37.0,33.0,937.0,937.0,1.0,50.0,2000.0,Quiesced,2.0,50.0,19.0,47.0,0.4,21.0,356952.0,356952.0,1.0,372.0,372.0,1.0,0.0,-60.3,retired_axis,nan,nan,nan,nan,nan,nan,nan,nan,nan,nan,nan,nan,nan,nan,nan,nan,commutative(Add):15;involution(Sub):13;even-negation(Abs):13;power-recip:4;commutative(Mul):3;power-rsqrt:2,0,0,0,0,nan,nan,0,0,nan,nan,0.0,1.0,0.0,0.0,1.0,1.0,0.0,nan,1.4242424242424243,1.5151515151515151,0.6363636363636364,1.0,0.0,0.0,0.0,nan
bwd_band09_d5:22,bwd_bands,synthetic,64.0,64.0,74.0,65.0,1.138,76.0,0.0,0.0,0.0,0.0,0.0,0.0,0.0,0.0,0.0,0.0,0.0,0.0,14.0,18.0,Abs:8;Add:8;Const:6;Cos:2;Exp2:1;Log2:2;Mul:3;Neg:23;Pow:6;Recip:1;Sin:2;Tan:1;Var:2,74.0,65.0,2022.0,2025.0,1.001,100.0,5000.0,Quiesced,4.0,294.0,49.0,103.0,1.5,38.0,1204.0,1204.0,1.0,1204.0,1204.0,1.0,0.0,-40.45,retired_axis,nan,nan,nan,nan,nan,nan,nan,nan,nan,nan,nan,nan,nan,nan,nan,nan,involution(Sub):80;commutative(Add):56;even-negation(Abs):53;constant-fold:28;commutative(Mul):21;odd-negation(Sin):14;even-negation(Cos):14;power-sqrt:12;fma-fusion:8;power-recip:4;recip-sqrt:4,0,0,0,0,nan,nan,0,0,nan,nan,0.0,1.0,0.0,0.0,1.0,1.0,0.0,nan,1.5846153846153845,4.523076923076923,0.5846153846153846,1.0,0.0,0.0,0.0,nan
bwd_band09_d5:23,bwd_bands,synthetic,64.0,64.0,34.0,31.0,1.097,34.0,0.0,0.0,0.0,0.0,0.0,0.0,0.0,0.0,0.0,0.0,0.0,0.0,4.0,21.0,Abs:5;Add:4;Const:4;Ln:1;Log2:1;Mul:1;Neg:11;Pow:2;Recip:1;Var:1,34.0,31.0,727.0,727.0,1.0,50.0,2000.0,Quiesced,3.0,94.0,21.0,45.0,0.5,16.0,11666.0,11666.0,1.0,326.0,326.0,1.0,0.0,-55.16,ok,960.0,0.0,2.0,0.0,51.0,57.0,0.0,0.472,0.528,0.0,1.0,2.0,1.0,0.0,1153.0,3699.0,involution(Sub):26;even-negation(Abs):23;commutative(Add):20;constant-fold:14;commutative(Mul):5;power-sqrt:3;power-recip:3,111,4,4,0,0.036036036036036036,0.0,0,4,0.0,1.0,0.0,1.0,0.0,0.0,1.0,1.0,0.0,1.0,1.4516129032258065,3.032258064516129,0.5161290322580645,1.0,0.0,0.0,0.0,30.967741935483872
bwd_band10_d5:0,bwd_bands,synthetic,64.0,64.0,32.0,29.0,1.103,32.0,0.0,0.0,0.0,0.0,0.0,0.0,0.0,0.0,0.0,0.0,0.0,0.0,6.0,20.0,Abs:4;Add:4;Const:1;Exp2:1;Ln:1;Log10:1;Log2:1;Min:1;Neg:10;Pow:1;Tan:1;Var:3,32.0,29.0,797.0,797.0,1.0,50.0,2000.0,Quiesced,2.0,41.0,15.0,38.0,0.3,19.0,2306252.0,2306252.0,1.0,767.0,767.0,1.0,0.0,-3.76,retired_axis,nan,nan,nan,nan,nan,nan,nan,nan,nan,nan,nan,nan,nan,nan,nan,nan,involution(Sub):15;commutative(Add):12;even-negation(Abs):11;commutative(Min):3,0,0,0,0,nan,nan,0,0,nan,nan,0.0,1.0,0.0,0.0,1.0,1.0,0.0,nan,1.3103448275862069,1.4137931034482758,0.6551724137931034,1.0,0.0,0.0,0.0,nan
bwd_band10_d5:1,bwd_bands,synthetic,64.0,64.0,22.0,20.0,1.1,22.0,0.0,0.0,0.0,0.0,0.0,0.0,0.0,0.0,0.0,0.0,0.0,0.0,3.0,18.0,Abs:2;Add:2;Const:2;Cos:1;Neg:10;Pow:2;Var:1,22.0,20.0,511.0,511.0,1.0,50.0,2000.0,Quiesced,2.0,36.0,14.0,27.0,0.2,9.0,7744.0,7744.0,1.0,121.0,121.0,1.0,0.0,-76.32,ok,624.0,0.0,1.0,0.0,0.0,46.0,0.0,0.0,1.0,0.0,0.0,1.0,1.0,0.0,1088.0,2944.0,involution(Sub):17;commutative(Add):6;even-negation(Abs):6;power-recip:4;even-negation(Cos):3,48,1,34,0,0.7083333333333334,0.0,0,1,0.0,1.0,0.0,1.0,0.0,0.0,1.0,1.0,0.0,1.0,1.35,1.8,0.45,1.0,0.0,0.0,0.0,31.2
bwd_band10_d5:2,bwd_bands,synthetic,64.0,64.0,64.0,51.0,1.255,64.0,0.0,0.0,0.0,0.0,0.0,0.0,0.0,0.0,0.0,0.0,0.0,0.0,9.0,13.0,Abs:6;Add:10;Atan2:2;Const:5;Exp2:1;Ln:1;Log10:1;Max:1;Min:1;Mul:4;Neg:10;Pow:3;Recip:1;Sin:1;Var:4,64.0,51.0,1277.0,1277.0,1.0,100.0,5000.0,ClassCap,6.0,10672.0,1886.0,2171.0,57.1,35.0,914061.0,914061.0,1.0,876.0,876.0,1.0,0.0,-31.4,retired_axis,nan,nan,nan,nan,nan,nan,nan,nan,nan,nan,nan,nan,nan,nan,nan,nan,reverse-associative(Add):2602;associative(Add):2283;commutative(Add):2030;fma-fusion:1576;identity(Add):494;commutative(Mul):311;factor:292;reverse-associative(Mul):246;distribute:244;associative(Mul):221;annihilator:104;constant-fold:57;even-negation(Abs):51;doubling:50;involution(Sub):33;halving:29;inverse-annihilation(Sub):15;commutative(Min):11;commutative(Max):11;power-sqrt:6;power-rsqrt:6,0,0,0,0,nan,nan,0,0,nan,nan,1.0,0.0,0.0,0.0,1.0,1.0,0.0,nan,42.568627450980394,209.2549019607843,0.6862745098039216,1.0,0.0,0.0,0.0,nan
bwd_band10_d5:3,bwd_bands,synthetic,64.0,64.0,55.0,40.0,1.375,129.0,0.0,0.0,0.0,0.0,0.0,0.0,0.0,0.0,0.0,0.0,0.0,0.0,8.0,14.0,Abs:3;Add:6;Const:3;Cos:1;Exp:1;Min:2;Mul:7;Neg:6;Pow:5;Recip:1;Tan:1;Var:4,55.0,40.0,1325.0,2952.0,2.228,100.0,5000.0,Quiesced,7.0,1246.0,150.0,212.0,6.5,30.0,457833.0,269258.0,1.7,579.0,374.0,1.548,0.0,-71.77,retired_axis,nan,nan,nan,nan,nan,nan,nan,nan,nan,nan,nan,nan,nan,nan,nan,nan,fma-fusion:201;commutative(Add):193;commutative(Mul):182;reverse-associative(Mul):102;associative(Mul):91;commutative(Min):70;reverse-associative(Add):65;associative(Add):58;involution(Sub):36;even-negation(Abs):33;constant-fold:30;halving:22;power-sqrt:21;reverse-associative(Min):20;power-combine:20;associative(Min):19;factor:16;power-recip:14;odd-negation(Tan):13;doubling:12;power-identity:12;distribute:9;even-negation(Cos):7,0,0,0,0,nan,nan,0,0,nan,nan,0.0,1.0,0.0,0.0,1.0,1.0,1.0,nan,5.3,31.15,0.75,1.0,0.0,0.0,0.0,nan
bwd_band10_d5:4,bwd_bands,synthetic,64.0,64.0,39.0,35.0,1.114,46.0,0.0,0.0,0.0,0.0,0.0,0.0,0.0,0.0,0.0,0.0,0.0,0.0,5.0,15.0,Abs:4;Add:5;Const:4;Exp2:1;Mul:2;Neg:12;Pow:4;Var:3,39.0,35.0,931.0,1139.0,1.223,50.0,2000.0,Quiesced,4.0,184.0,31.0,60.0,2.3,19.0,131194.0,131194.0,1.0,154.0,154.0,1.0,0.0,-83.46,retired_axis,nan,nan,nan,nan,nan,nan,nan,nan,nan,nan,nan,nan,nan,nan,nan,nan,commutative(Add):41;involution(Sub):36;even-negation(Abs):28;commutative(Mul):22;constant-fold:19;factor:8;power-sqrt:8;power-recip:8;fma-fusion:8;distribute:6,0,0,0,0,nan,nan,0,0,nan,nan,0.0,1.0,0.0,0.0,1.0,1.0,0.0,nan,1.7142857142857142,5.257142857142857,0.5428571428571428,1.0,0.0,0.0,0.0,nan
bwd_band10_d5:5,bwd_bands,synthetic,64.0,64.0,28.0,27.0,1.037,28.0,0.0,0.0,0.0,0.0,0.0,0.0,0.0,0.0,0.0,0.0,0.0,0.0,5.0,15.0,Abs:3;Add:3;Const:2;Cos:2;Log10:1;Neg:12;Pow:1;Tan:1;Var:2,28.0,27.0,624.0,624.0,1.0,50.0,2000.0,Quiesced,3.0,92.0,22.0,49.0,1.3,14.0,408.0,408.0,1.0,408.0,408.0,1.0,0.0,-34.62,retired_axis,nan,nan,nan,nan,nan,nan,nan,nan,nan,nan,nan,nan,nan,nan,nan,nan,involution(Sub):31;commutative(Add):18;even-negation(Abs):15;even-negation(Cos):10;commutative(Mul):6;fma-fusion:4;cos-angle-addition:3;power-recip:3;canonicalize(Sub):2,0,0,0,0,nan,nan,0,0,nan,nan,0.0,1.0,0.0,0.0,1.0,1.0,0.0,nan,1.8148148148148149,3.4074074074074074,0.5185185185185185,1.0,0.0,0.0,0.0,nan
bwd_band10_d5:6,bwd_bands,synthetic,64.0,64.0,38.0,34.0,1.118,38.0,0.0,0.0,0.0,0.0,0.0,0.0,0.0,0.0,0.0,0.0,0.0,0.0,6.0,17.0,Abs:5;Add:5;Const:3;Exp:1;Log10:3;Mul:1;Neg:12;Pow:1;Recip:1;Tan:1;Var:1,38.0,34.0,852.0,852.0,1.0,50.0,2000.0,Quiesced,2.0,50.0,18.0,46.0,0.9,22.0,19160.0,19160.0,1.0,638.0,638.0,1.0,0.0,-25.12,ok,2016.0,0.0,2.0,0.0,154.0,105.0,0.0,0.595,0.405,0.0,1.0,2.0,1.0,0.0,1153.0,6874.0,involution(Sub):16;commutative(Add):15;even-negation(Abs):14;commutative(Mul):3;power-sqrt:2,262,8,70,0,0.26717557251908397,0.0,0,8,0.0,1.0,0.0,1.0,0.0,0.0,1.0,1.0,0.0,1.0,1.3529411764705883,1.4705882352941178,0.6470588235294118,1.0,0.0,0.0,0.0,59.294117647058826
bwd_band10_d5:7,bwd_bands,synthetic,64.0,64.0,54.0,48.0,1.125,158.0,0.0,0.0,0.0,0.0,0.0,0.0,0.0,0.0,0.0,0.0,0.0,0.0,11.0,19.0,Abs:4;Add:9;Atan2:1;Const:7;Cos:1;Exp2:1;Log10:2;Log2:1;Max:2;Mul:5;Neg:7;Pow:4;Sin:1;Var:3,54.0,48.0,1567.0,4649.0,2.967,100.0,5000.0,Quiesced,9.0,6569.0,524.0,615.0,23.0,32.0,1094812.0,741971.0,1.476,1447.0,776.0,1.865,0.0,-50.48,retired_axis,nan,nan,nan,nan,nan,nan,nan,nan,nan,nan,nan,nan,nan,nan,nan,nan,fma-fusion:1891;commutative(Add):1731;reverse-associative(Add):1075;associative(Add):995;commutative(Mul):213;factor:136;distribute:85;halving:74;involution(Sub):51;doubling:47;even-negation(Abs):43;constant-fold:42;commutative(Max):34;associative(Mul):34;reverse-associative(Mul):30;power-sqrt:27;power-combine:18;even-negation(Cos):17;power-recip:9;recip-sqrt:9;power-identity:8,0,0,0,0,nan,nan,0,0,nan,nan,0.0,1.0,0.0,0.0,1.0,1.0,1.0,nan,12.8125,136.85416666666666,0.6666666666666666,1.0,0.0,0.0,0.0,nan
bwd_band10_d5:8,bwd_bands,synthetic,64.0,64.0,33.0,27.0,1.222,33.0,0.0,0.0,0.0,0.0,0.0,0.0,0.0,0.0,0.0,0.0,0.0,0.0,3.0,10.0,Abs:1;Add:7;Atan2:2;Const:5;Mul:4;Neg:3;Pow:1;Var:4,33.0,27.0,414.0,414.0,1.0,50.0,2000.0,Quiesced,7.0,1995.0,177.0,230.0,7.5,24.0,451874.0,451874.0,1.0,227.0,227.0,1.0,0.0,-45.17,retired_axis,nan,nan,nan,nan,nan,nan,nan,nan,nan,nan,nan,nan,nan,nan,nan,nan,commutative(Add):744;reverse-associative(Add):406;associative(Add):373;fma-fusion:323;commutative(Mul):96;reverse-associative(Mul):20;associative(Mul):19;even-negation(Abs):7;power-recip:7,0,0,0,0,nan,nan,0,0,nan,nan,0.0,1.0,0.0,0.0,1.0,1.0,0.0,nan,8.518518518518519,73.88888888888889,0.8888888888888888,1.0,0.0,0.0,0.0,nan
bwd_band10_d5:9,bwd_bands,synthetic,64.0,64.0,20.0,20.0,1.0,20.0,0.0,0.0,0.0,0.0,0.0,0.0,0.0,0.0,0.0,0.0,0.0,0.0,3.0,14.0,Abs:1;Add:1;Const:4;Cos:1;Min:2;Neg:7;Pow:2;Var:2,20.0,20.0,501.0,501.0,1.0,50.0,2000.0,Quiesced,2.0,29.0,11.0,28.0,0.4,12.0,115.0,115.0,1.0,115.0,115.0,1.0,0.0,-77.05,retired_axis,nan,nan,nan,nan,nan,nan,nan,nan,nan,nan,nan,nan,nan,nan,nan,nan,involution(Sub):8;commutative(Min):6;commutative(Add):3;even-negation(Cos):3;even-negation(Abs):3;power-sqrt:2;power-recip:2;recip-sqrt:2,0,0,0,0,nan,nan,0,0,nan,nan,0.0,1.0,0.0,0.0,1.0,0.0,0.0,nan,1.4,1.45,0.6,1.0,0.0,0.0,0.0,nan
bwd_band10_d5:10,bwd_bands,synthetic,64.0,64.0,35.0,32.0,1.094,35.0,0.0,0.0,0.0,0.0,0.0,0.0,0.0,0.0,0.0,0.0,0.0,0.0,4.0,12.0,Abs:3;Add:4;Const:6;Max:1;Min:1;Mul:2;Neg:7;Pow:3;Sin:1;Sqrt:1;Var:3,35.0,32.0,735.0,735.0,1.0,50.0,2000.0,Quiesced,4.0,196.0,35.0,64.0,2.5,19.0,574920.0,460232.0,1.249,171.0,143.0,1.196,0.0,-80.54,retired_axis,nan,nan,nan,nan,nan,nan,nan,nan,nan,nan,nan,nan,nan,nan,nan,nan,commutative(Add):48;commutative(Mul):34;involution(Sub):22;even-negation(Abs):18;reverse-associative(Add):11;reverse-associative(Mul):11;associative(Add):10;associative(Mul):10;commutative(Min):9;commutative(Max):7;power-sqrt:4;power-recip:4;power-rsqrt:4;recip-sqrt:4,0,0,0,0,nan,nan,0,0,nan,nan,0.0,1.0,0.0,0.0,1.0,1.0,1.0,nan,2.0,6.125,0.59375,1.0,0.0,0.0,0.0,nan
bwd_band10_d5:11,bwd_bands,synthetic,64.0,64.0,27.0,25.0,1.08,27.0,0.0,0.0,0.0,0.0,0.0,0.0,0.0,0.0,0.0,0.0,0.0,0.0,4.0,22.0,Abs:3;Add:4;Const:3;Exp2:1;Ln:1;Log2:1;Neg:10;Pow:1;Var:1,27.0,25.0,570.0,570.0,1.0,50.0,2000.0,Quiesced,3.0,72.0,17.0,34.0,0.4,12.0,169.0,169.0,1.0,169.0,169.0,1.0,0.0,-70.35,retired_axis,nan,nan,nan,nan,nan,nan,nan,nan,nan,nan,nan,nan,nan,nan,nan,nan,involution(Sub):27;commutative(Add):20;even-negation(Abs):16;exp2-log2-cancel:3;log2-exp2-cancel:3;power-recip:3,0,0,0,0,nan,nan,0,0,nan,nan,0.0,1.0,0.0,0.0,1.0,1.0,0.0,nan,1.36,2.88,0.48,1.0,0.0,0.0,0.0,nan
bwd_band10_d5:12,bwd_bands,synthetic,64.0,64.0,24.0,24.0,1.0,24.0,0.0,0.0,0.0,0.0,0.0,0.0,0.0,0.0,0.0,0.0,0.0,0.0,5.0,13.0,Abs:2;Add:1;Atan2:1;Const:3;Cos:1;Exp2:1;Min:1;Neg:10;Pow:1;Sin:1;Var:2,24.0,24.0,532.0,532.0,1.0,50.0,2000.0,Quiesced,2.0,30.0,12.0,30.0,0.5,14.0,1212450.0,1212450.0,1.0,330.0,330.0,1.0,0.0,-37.97,retired_axis,nan,nan,nan,nan,nan,nan,nan,nan,nan,nan,nan,nan,nan,nan,nan,nan,involution(Sub):14;even-negation(Abs):5;commutative(Add):3;commutative(Min):3;even-negation(Cos):3;power-rsqrt:2,0,0,0,0,nan,nan,0,0,nan,nan,0.0,1.0,0.0,0.0,1.0,0.0,0.0,nan,1.25,1.25,0.5833333333333334,1.0,0.0,0.0,0.0,nan
bwd_band10_d5:13,bwd_bands,synthetic,64.0,64.0,20.0,19.0,1.053,20.0,0.0,0.0,0.0,0.0,0.0,0.0,0.0,0.0,0.0,0.0,0.0,0.0,5.0,18.0,Abs:2;Add:2;Const:1;Exp:2;Ln:1;Log10:1;Neg:8;Tan:1;Var:1,20.0,19.0,537.0,537.0,1.0,50.0,2000.0,Quiesced,2.0,26.0,10.0,23.0,0.4,11.0,2101248.0,2101248.0,1.0,513.0,513.0,1.0,0.0,-4.47,ok,1936.0,0.0,0.0,0.0,0.0,0.0,227.0,0.0,0.0,1.0,0.0,0.0,0.0,0.0,0.0,232448.0,involution(Sub):14;commutative(Add):6;even-negation(Abs):6,454,12,136,124,0.29955947136563876,0.27312775330396477,4,12,0.3333333333333333,0.08823529411764708,0.0,1.0,0.0,0.0,1.0,1.0,0.0,0.0,1.2105263157894737,1.368421052631579,0.5789473684210527,1.0,0.0,0.0,0.0,101.89473684210526
bwd_band10_d5:14,bwd_bands,synthetic,64.0,64.0,40.0,37.0,1.081,42.0,0.0,0.0,0.0,0.0,0.0,0.0,0.0,0.0,0.0,0.0,0.0,0.0,5.0,21.0,Abs:4;Add:6;Const:5;Log10:2;Log2:1;Mul:4;Neg:10;Pow:2;Var:3,40.0,37.0,868.0,868.0,1.0,50.0,2000.0,Quiesced,4.0,206.0,33.0,65.0,1.0,22.0,99061.0,99061.0,1.0,466.0,466.0,1.0,0.0,-46.31,retired_axis,nan,nan,nan,nan,nan,nan,nan,nan,nan,nan,nan,nan,nan,nan,nan,nan,commutative(Add):46;involution(Sub):36;commutative(Mul):34;even-negation(Abs):28;constant-fold:25;reverse-associative(Mul):11;associative(Mul):10;fma-fusion:8;power-sqrt:4;power-recip:4,0,0,0,0,nan,nan,0,0,nan,nan,0.0,1.0,0.0,0.0,1.0,1.0,0.0,nan,1.7567567567567568,5.5675675675675675,0.5945945945945946,1.0,0.0,0.0,0.0,nan
bwd_band10_d5:15,bwd_bands,synthetic,64.0,64.0,41.0,38.0,1.079,44.0,0.0,0.0,0.0,0.0,0.0,0.0,0.0,0.0,0.0,0.0,0.0,0.0,9.0,17.0,Abs:4;Add:4;Const:6;Exp:1;Log2:1;Mul:3;Neg:10;Pow:4;Sin:2;Tan:1;Var:2,41.0,38.0,1281.0,1443.0,1.126,50.0,2000.0,Quiesced,4.0,349.0,61.0,100.0,1.3,22.0,515.0,515.0,1.0,515.0,515.0,1.0,0.0,-59.8,retired_axis,nan,nan,nan,nan,nan,nan,nan,nan,nan,nan,nan,nan,nan,nan,nan,nan,commutative(Mul):87;commutative(Add):47;reverse-associative(Mul):35;involution(Sub):29;associative(Mul):26;even-negation(Abs):25;factor:22;fma-fusion:22;constant-fold:18;distribute:18;power-sqrt:8;power-recip:4;power-rsqrt:4;recip-sqrt:4,0,0,0,0,nan,nan,0,0,nan,nan,0.0,1.0,0.0,0.0,1.0,1.0,0.0,nan,2.6315789473684212,9.18421052631579,0.5789473684210527,1.0,0.0,0.0,0.0,nan
bwd_band10_d5:16,bwd_bands,synthetic,64.0,64.0,33.0,31.0,1.065,86.0,0.0,0.0,0.0,0.0,0.0,0.0,0.0,0.0,0.0,0.0,0.0,0.0,7.0,16.0,Abs:1;Add:7;Const:3;Cos:1;Exp:1;Exp2:2;Log2:1;Mul:6;Neg:4;Pow:2;Var:3,33.0,31.0,875.0,1884.0,2.153,50.0,2000.0,Quiesced,6.0,3481.0,397.0,471.0,7.1,20.0,1228110.0,779974.0,1.575,1122.0,475.0,2.362,0.0,-45.71,retired_axis,nan,nan,nan,nan,nan,nan,nan,nan,nan,nan,nan,nan,nan,nan,nan,nan,fma-fusion:1002;commutative(Add):837;reverse-associative(Add):504;associative(Add):448;commutative(Mul):200;factor:170;distribute:90;halving:52;doubling:38;associative(Mul):35;reverse-associative(Mul):32;involution(Sub):22;constant-fold:17;power-sqrt:12;even-negation(Cos):11;even-negation(Abs):11,0,0,0,0,nan,nan,0,0,nan,nan,0.0,1.0,0.0,0.0,1.0,1.0,1.0,nan,15.193548387096774,112.29032258064517,0.6451612903225806,1.0,0.0,0.0,0.0,nan
bwd_band10_d5:17,bwd_bands,synthetic,64.0,64.0,50.0,45.0,1.111,73.0,0.0,0.0,0.0,0.0,0.0,0.0,0.0,0.0,0.0,0.0,0.0,0.0,7.0,16.0,Abs:5;Add:4;Const:7;Max:2;Min:1;Mul:3;Neg:14;Pow:5;Sin:1;Tan:1;Var:2,50.0,45.0,1234.0,1671.0,1.354,50.0,2000.0,Quiesced,3.0,131.0,30.0,66.0,0.8,26.0,15374.0,14453.0,1.064,695.0,467.0,1.488,0.0,-62.16,retired_axis,nan,nan,nan,nan,nan,nan,nan,nan,nan,nan,nan,nan,nan,nan,nan,nan,involution(Sub):34;even-negation(Abs):25;commutative(Add):20;constant-fold:14;commutative(Max):10;power-sqrt:6;fma-fusion:6;commutative(Mul):5;commutative(Min):5;power-recip:3;power-rsqrt:3,0,0,0,0,nan,nan,0,0,nan,nan,0.0,1.0,0.0,0.0,1.0,1.0,1.0,nan,1.4666666666666666,2.911111111111111,0.5777777777777777,1.0,0.0,0.0,0.0,nan
bwd_band10_d5:18,bwd_bands,synthetic,64.0,64.0,44.0,37.0,1.189,44.0,0.0,0.0,0.0,0.0,0.0,0.0,0.0,0.0,0.0,0.0,0.0,0.0,6.0,19.0,Abs:6;Add:7;Const:3;Cos:1;Ln:2;Log2:2;Mul:1;Neg:13;Pow:1;Var:1,44.0,37.0,861.0,864.0,1.003,50.0,2000.0,Quiesced,3.0,112.0,25.0,53.0,0.7,21.0,2629632.0,2600960.0,1.011,642.0,635.0,1.011,0.0,-26.25,ok,1856.0,0.0,0.0,0.0,0.0,0.0,246.0,0.0,0.0,1.0,0.0,0.0,0.0,0.0,0.0,251904.0,commutative(Add):35;involution(Sub):28;even-negation(Abs):26;constant-fold:10;commutative(Mul):5;even-negation(Cos):5;power-recip:3,492,18,84,66,0.17073170731707318,0.13414634146341464,2,18,0.1111111111111111,0.2142857142857143,0.0,1.0,0.0,0.0,1.0,1.0,1.0,0.0,1.4324324324324325,3.027027027027027,0.5675675675675675,1.0,0.0,0.0,0.0,50.16216216216216
bwd_band10_d5:19,bwd_bands,synthetic,64.0,64.0,26.0,23.0,1.13,32.0,0.0,0.0,0.0,0.0,0.0,0.0,0.0,0.0,0.0,0.0,0.0,0.0,4.0,11.0,Abs:3;Add:2;Const:2;Max:1;Mul:1;Neg:8;Pow:3;Sin:1;Var:2,26.0,23.0,707.0,720.0,1.018,50.0,2000.0,Quiesced,3.0,71.0,17.0,33.0,0.4,11.0,18951.0,18759.0,1.01,303.0,300.0,1.01,0.0,-57.57,retired_axis,nan,nan,nan,nan,nan,nan,nan,nan,nan,nan,nan,nan,nan,nan,nan,nan,involution(Sub):21;commutative(Add):14;even-negation(Abs):13;power-combine:6;commutative(Mul):5;idempotent(Max):3;associative(Max):3;reverse-associative(Max):3;power-recip:3,0,0,0,0,nan,nan,0,0,nan,nan,0.0,1.0,0.0,0.0,1.0,1.0,1.0,nan,1.434782608695652,3.0869565217391304,0.4782608695652174,1.0,0.0,0.0,0.0,nan
bwd_band10_d5:20,bwd_bands,synthetic,64.0,64.0,34.0,28.0,1.214,34.0,0.0,0.0,0.0,0.0,0.0,0.0,0.0,0.0,0.0,0.0,0.0,0.0,6.0,17.0,Abs:5;Add:5;Const:4;Exp:1;Log2:1;Max:1;Neg:5;Pow:4;Var:2,34.0,28.0,1034.0,1037.0,1.003,50.0,2000.0,Quiesced,2.0,42.0,17.0,43.0,0.4,18.0,123143.0,123140.0,1.0,293.0,290.0,1.01,0.0,-71.95,retired_axis,nan,nan,nan,nan,nan,nan,nan,nan,nan,nan,nan,nan,nan,nan,nan,nan,commutative(Add):15;even-negation(Abs):11;power-recip:4;involution(Sub):3;commutative(Max):3;power-sqrt:2;power-rsqrt:2;recip-sqrt:2,0,0,0,0,nan,nan,0,0,nan,nan,0.0,1.0,0.0,0.0,1.0,1.0,1.0,nan,1.5357142857142858,1.5,0.6428571428571429,1.0,0.0,0.0,0.0,nan
bwd_band10_d5:21,bwd_bands,synthetic,64.0,64.0,21.0,20.0,1.05,21.0,0.0,0.0,0.0,0.0,0.0,0.0,0.0,0.0,0.0,0.0,0.0,0.0,4.0,16.0,Abs:2;Add:3;Const:2;Exp:1;Neg:6;Pow:2;Tan:1;Var:3,21.0,20.0,590.0,590.0,1.0,50.0,2000.0,Quiesced,3.0,55.0,12.0,27.0,0.3,12.0,2314240.0,2314240.0,1.0,565.0,565.0,1.0,0.0,-4.24,retired_axis,nan,nan,nan,nan,nan,nan,nan,nan,nan,nan,nan,nan,nan,nan,nan,nan,involution(Sub):16;commutative(Add):15;constant-fold:14;even-negation(Abs):10,0,0,0,0,nan,nan,0,0,nan,nan,0.0,1.0,0.0,0.0,1.0,1.0,0.0,nan,1.35,2.75,0.6,1.0,0.0,0.0,0.0,nan
bwd_band10_d5:22,bwd_bands,synthetic,64.0,64.0,41.0,35.0,1.171,41.0,0.0,0.0,0.0,0.0,0.0,0.0,0.0,0.0,0.0,0.0,0.0,0.0,5.0,14.0,Abs:4;Add:2;Atan2:1;Const:6;Exp:1;Max:2;Min:1;Mul:5;Neg:7;Pow:3;Var:3,41.0,35.0,817.0,817.0,1.0,50.0,2000.0,Quiesced,5.0,211.0,27.0,55.0,1.0,20.0,779472.0,779472.0,1.0,225.0,225.0,1.0,0.0,-72.46,retired_axis,nan,nan,nan,nan,nan,nan,nan,nan,nan,nan,nan,nan,nan,nan,nan,nan,constant-fold:51;commutative(Mul):36;involution(Sub):32;even-negation(Abs):27;commutative(Add):18;commutative(Max):18;power-recip:10;commutative(Min):9;power-sqrt:5;recip-sqrt:5,0,0,0,0,nan,nan,0,0,nan,nan,0.0,1.0,0.0,0.0,1.0,1.0,0.0,nan,1.5714285714285714,6.0285714285714285,0.5714285714285714,1.0,0.0,0.0,0.0,nan
bwd_band10_d5:23,bwd_bands,synthetic,64.0,64.0,51.0,41.0,1.244,57.0,0.0,0.0,0.0,0.0,0.0,0.0,0.0,0.0,0.0,0.0,0.0,0.0,8.0,17.0,Abs:4;Add:6;Atan2:1;Const:3;Cos:2;Ln:1;Min:1;Mul:2;Neg:14;Pow:3;Tan:1;Var:3,51.0,41.0,1123.0,1145.0,1.02,100.0,5000.0,ClassCap,11.0,18330.0,1866.0,2094.0,39.8,20.0,29156.0,29153.0,1.0,869.0,866.0,1.003,0.0,-22.89,retired_axis,nan,nan,nan,nan,nan,nan,nan,nan,nan,nan,nan,nan,nan,nan,nan,nan,reverse-associative(Add):4081;associative(Add):3794;commutative(Add):3407;fma-fusion:2311;constant-fold:825;identity(Add):778;commutative(Mul):576;distribute:513;reverse-associative(Mul):492;associative(Mul):444;factor:278;halving:265;involution(Sub):137;doubling:133;annihilator:102;even-negation(Abs):74;even-negation(Cos):42;inverse-annihilation(Sub):35;power-combine:22;commutative(Min):21,0,0,0,0,nan,nan,0,0,nan,nan,1.0,0.0,0.0,0.0,1.0,1.0,1.0,nan,51.073170731707314,447.0731707317073,0.4878048780487805,1.0,0.0,0.0,0.0,nan
bwd_band11_d6:0,bwd_bands,synthetic,64.0,64.0,70.0,57.0,1.228,70.0,0.0,0.0,0.0,0.0,0.0,0.0,0.0,0.0,0.0,0.0,0.0,0.0,11.0,22.0,Abs:9;Add:11;Const:6;Exp2:1;Log10:1;Log2:2;Min:1;Mul:3;Neg:13;Pow:6;Sin:1;Var:3,70.0,57.0,1821.0,1821.0,1.0,100.0,5000.0,Quiesced,4.0,311.0,52.0,103.0,1.5,37.0,1396436.0,1396436.0,1.0,860.0,860.0,1.0,0.0,-52.77,retired_axis,nan,nan,nan,nan,nan,nan,nan,nan,nan,nan,nan,nan,nan,nan,nan,nan,commutative(Add):101;even-negation(Abs):40;constant-fold:38;involution(Sub):34;fma-fusion:22;commutative(Mul):21;power-recip:20;reverse-associative(Add):11;associative(Add):10;commutative(Min):7;odd-negation(Sin):7,0,0,0,0,nan,nan,0,0,nan,nan,0.0,1.0,0.0,0.0,1.0,1.0,0.0,nan,1.8070175438596492,5.456140350877193,0.6491228070175439,1.0,0.0,0.0,0.0,nan
bwd_band11_d6:1,bwd_bands,synthetic,64.0,64.0,53.0,45.0,1.178,78.0,0.0,0.0,0.0,0.0,0.0,0.0,0.0,0.0,0.0,0.0,0.0,0.0,12.0,14.0,Abs:3;Add:6;Const:2;Cos:4;Log10:1;Log2:1;Max:1;Min:1;Mul:6;Neg:11;Pow:3;Sin:3;Var:3,53.0,45.0,1456.0,1747.0,1.2,100.0,5000.0,Quiesced,5.0,651.0,87.0,146.0,3.8,36.0,2184343.0,1580023.0,1.382,1834.0,991.0,1.851,0.0,-31.94,retired_axis,nan,nan,nan,nan,nan,nan,nan,nan,nan,nan,nan,nan,nan,nan,nan,nan,commutative(Mul):180;commutative(Add):92;fma-fusion:77;reverse-associative(Mul):50;associative(Mul):42;involution(Sub):29;even-negation(Cos):24;factor:21;even-negation(Abs):19;halving:18;distribute:17;reverse-associative(Add):11;doubling:10;associative(Add):10;power-combine:10;commutative(Min):9;commutative(Max):9;odd-negation(Sin):9;cos-angle-addition:5;power-sqrt:5;canonicalize(Sub):4,0,0,0,0,nan,nan,0,0,nan,nan,0.0,1.0,0.0,0.0,1.0,1.0,1.0,nan,3.2444444444444445,14.466666666666667,0.8,1.0,0.0,0.0,0.0,nan
bwd_band11_d6:2,bwd_bands,synthetic,64.0,64.0,57.0,51.0,1.118,80.0,0.0,0.0,0.0,0.0,0.0,0.0,0.0,0.0,0.0,0.0,0.0,0.0,12.0,15.0,Abs:6;Add:8;Atan2:1;Const:7;Cos:1;Exp:2;Log10:2;Log2:1;Mul:6;Neg:9;Pow:3;Sin:1;Tan:1;Var:3,57.0,51.0,1546.0,1946.0,1.259,100.0,5000.0,Quiesced,9.0,11428.0,663.0,802.0,30.2,32.0,4443179.0,3528363.0,1.259,1679.0,1308.0,1.284,0.0,-15.39,retired_axis,nan,nan,nan,nan,nan,nan,nan,nan,nan,nan,nan,nan,nan,nan,nan,nan,constant-fold:2829;fma-fusion:1475;commutative(Mul):1472;commutative(Add):1366;reverse-associative(Mul):857;associative(Mul):806;reverse-associative(Add):646;associative(Add):606;distribute:514;factor:488;halving:132;doubling:77;even-negation(Abs):61;involution(Sub):56;odd-negation(Sin):17;even-negation(Cos):17;power-sqrt:9,0,0,0,0,nan,nan,0,0,nan,nan,0.0,1.0,0.0,0.0,1.0,1.0,1.0,nan,15.72549019607843,224.07843137254903,0.6274509803921569,1.0,0.0,0.0,0.0,nan
bwd_band11_d6:3,bwd_bands,synthetic,64.0,64.0,36.0,32.0,1.125,36.0,0.0,0.0,0.0,0.0,0.0,0.0,0.0,0.0,0.0,0.0,0.0,0.0,6.0,29.0,Abs:5;Add:4;Const:3;Exp2:1;Log10:1;Log2:1;Neg:12;Pow:3;Sqrt:1;Var:1,36.0,32.0,995.0,995.0,1.0,50.0,2000.0,Quiesced,2.0,54.0,20.0,45.0,0.4,17.0,408.0,408.0,1.0,408.0,408.0,1.0,0.0,-58.99,retired_axis,nan,nan,nan,nan,nan,nan,nan,nan,nan,nan,nan,nan,nan,nan,nan,nan,involution(Sub):19;even-negation(Abs):15;commutative(Add):12;power-recip:4;power-sqrt:2;recip-sqrt:2,0,0,0,0,nan,nan,0,0,nan,nan,0.0,1.0,0.0,0.0,1.0,1.0,0.0,nan,1.40625,1.6875,0.53125,1.0,0.0,0.0,0.0,nan
bwd_band11_d6:4,bwd_bands,synthetic,64.0,64.0,15.0,15.0,1.0,15.0,0.0,0.0,0.0,0.0,0.0,0.0,0.0,0.0,0.0,0.0,0.0,0.0,2.0,12.0,Abs:2;Add:1;Const:3;Neg:6;Pow:2;Var:1,15.0,15.0,420.0,420.0,1.0,50.0,2000.0,Quiesced,2.0,23.0,9.0,20.0,0.2,7.0,41.0,41.0,1.0,41.0,41.0,1.0,0.0,-90.24,retired_axis,nan,nan,nan,nan,nan,nan,nan,nan,nan,nan,nan,nan,nan,nan,nan,nan,involution(Sub):10;even-negation(Abs):6;commutative(Add):3;power-sqrt:2;power-recip:2,0,0,0,0,nan,nan,0,0,nan,nan,0.0,1.0,0.0,0.0,1.0,0.0,0.0,nan,1.3333333333333333,1.5333333333333334,0.4666666666666667,1.0,0.0,0.0,0.0,nan
bwd_band11_d6:5,bwd_bands,synthetic,64.0,64.0,29.0,28.0,1.036,29.0,0.0,0.0,0.0,0.0,0.0,0.0,0.0,0.0,0.0,0.0,0.0,0.0,5.0,13.0,Abs:4;Add:2;Atan2:1;Const:4;Mul:2;Neg:8;Pow:2;Sin:2;Var:3,29.0,28.0,665.0,665.0,1.0,50.0,2000.0,Quiesced,3.0,91.0,19.0,41.0,0.5,15.0,1753536.0,1753536.0,1.0,435.0,435.0,1.0,0.0,-34.59,retired_axis,nan,nan,nan,nan,nan,nan,nan,nan,nan,nan,nan,nan,nan,nan,nan,nan,constant-fold:22;involution(Sub):20;even-negation(Abs):20;commutative(Add):10;commutative(Mul):10;fma-fusion:6;power-sqrt:3,0,0,0,0,nan,nan,0,0,nan,nan,0.0,1.0,0.0,0.0,1.0,1.0,0.0,nan,1.4642857142857142,3.25,0.5357142857142857,1.0,0.0,0.0,0.0,nan
bwd_band11_d6:6,bwd_bands,synthetic,64.0,64.0,19.0,18.0,1.056,19.0,0.0,0.0,0.0,0.0,0.0,0.0,0.0,0.0,0.0,0.0,0.0,0.0,3.0,14.0,Abs:2;Add:2;Const:2;Neg:7;Pow:2;Tan:1;Var:2,19.0,18.0,514.0,514.0,1.0,50.0,2000.0,Quiesced,2.0,26.0,10.0,23.0,0.2,10.0,18147.0,18147.0,1.0,318.0,318.0,1.0,0.0,-38.13,retired_axis,nan,nan,nan,nan,nan,nan,nan,nan,nan,nan,nan,nan,nan,nan,nan,nan,involution(Sub):12;commutative(Add):6;even-negation(Abs):6;power-rsqrt:2,0,0,0,0,nan,nan,0,0,nan,nan,0.0,1.0,0.0,0.0,1.0,1.0,0.0,nan,1.2777777777777777,1.4444444444444444,0.5555555555555556,1.0,0.0,0.0,0.0,nan
bwd_band11_d6:7,bwd_bands,synthetic,64.0,64.0,19.0,19.0,1.0,19.0,0.0,0.0,0.0,0.0,0.0,0.0,0.0,0.0,0.0,0.0,0.0,0.0,5.0,17.0,Abs:1;Add:1;Const:2;Cos:2;Neg:9;Pow:1;Sin:2;Var:1,19.0,19.0,520.0,520.0,1.0,50.0,2000.0,Quiesced,2.0,27.0,10.0,24.0,0.2,10.0,20544.0,20544.0,1.0,321.0,321.0,1.0,0.0,-38.27,ok,1104.0,0.0,1.0,0.0,0.0,150.0,0.0,0.0,1.0,0.0,0.0,1.0,1.0,0.0,1088.0,9600.0,involution(Sub):13;even-negation(Cos):6;commutative(Add):3;even-negation(Abs):3;power-rsqrt:2,152,4,128,0,0.8421052631578947,0.0,0,4,0.0,1.0,0.0,1.0,0.0,0.0,1.0,0.0,0.0,1.0,1.263157894736842,1.4210526315789473,0.5263157894736842,1.0,0.0,0.0,0.0,58.10526315789474
bwd_band11_d6:8,bwd_bands,synthetic,64.0,64.0,65.0,56.0,1.161,65.0,0.0,0.0,0.0,0.0,0.0,0.0,0.0,0.0,0.0,0.0,0.0,0.0,13.0,19.0,Abs:7;Add:7;Const:4;Cos:1;Exp:4;Exp2:1;Log10:1;Log2:1;Max:1;Mul:3;Neg:18;Pow:4;Sin:1;Var:3,65.0,56.0,1675.0,1675.0,1.0,100.0,5000.0,Quiesced,4.0,272.0,46.0,98.0,2.5,36.0,1683569.0,1683569.0,1.0,1091.0,1091.0,1.0,0.0,-34.87,retired_axis,nan,nan,nan,nan,nan,nan,nan,nan,nan,nan,nan,nan,nan,nan,nan,nan,involution(Sub):61;commutative(Add):54;commutative(Mul):48;even-negation(Abs):46;reverse-associative(Mul):8;power-rsqrt:8;commutative(Max):7;factor:7;associative(Mul):7;even-negation(Cos):7;fma-fusion:7;distribute:4;exp-homomorphism:4;power-recip:4,0,0,0,0,nan,nan,0,0,nan,nan,0.0,1.0,0.0,0.0,1.0,1.0,0.0,nan,1.75,4.857142857142857,0.6428571428571429,1.0,0.0,0.0,0.0,nan
bwd_band11_d6:9,bwd_bands,synthetic,64.0,64.0,22.0,22.0,1.0,24.0,0.0,0.0,0.0,0.0,0.0,0.0,0.0,0.0,0.0,0.0,0.0,0.0,3.0,15.0,Abs:2;Add:2;Const:4;Exp2:1;Mul:3;Neg:6;Pow:2;Var:2,22.0,22.0,508.0,508.0,1.0,50.0,2000.0,Quiesced,2.0,35.0,14.0,32.0,0.3,12.0,4971.0,4971.0,1.0,120.0,120.0,1.0,0.0,-76.38,retired_axis,nan,nan,nan,nan,nan,nan,nan,nan,nan,nan,nan,nan,nan,nan,nan,nan,involution(Sub):10;commutative(Add):6;even-negation(Abs):6;fma-fusion:4;commutative(Mul):3;constant-fold:2;power-sqrt:2;power-recip:2,0,0,0,0,nan,nan,0,0,nan,nan,0.0,1.0,0.0,0.0,1.0,0.0,0.0,nan,1.4545454545454546,1.5909090909090908,0.5454545454545454,1.0,0.0,0.0,0.0,nan
bwd_band11_d6:10,bwd_bands,synthetic,64.0,64.0,14.0,14.0,1.0,14.0,0.0,0.0,0.0,0.0,0.0,0.0,0.0,0.0,0.0,0.0,0.0,0.0,2.0,11.0,Abs:2;Add:2;Const:2;Exp:1;Neg:4;Pow:1;Var:2,14.0,14.0,297.0,297.0,1.0,50.0,2000.0,Quiesced,2.0,18.0,7.0,19.0,0.2,9.0,430080.0,430080.0,1.0,105.0,105.0,1.0,0.0,-64.65,ok,480.0,0.0,0.0,0.0,0.0,0.0,33.0,0.0,0.0,1.0,0.0,0.0,0.0,0.0,0.0,33792.0,commutative(Add):6;involution(Sub):5;even-negation(Abs):5;power-recip:2,66,0,0,0,0.0,0.0,0,0,nan,nan,0.0,1.0,0.0,0.0,1.0,0.0,0.0,0.0,1.3571428571428572,1.2857142857142858,0.6428571428571429,1.0,0.0,0.0,0.0,34.285714285714285
bwd_band11_d6:11,bwd_bands,synthetic,64.0,64.0,48.0,40.0,1.2,48.0,0.0,0.0,0.0,0.0,0.0,0.0,0.0,0.0,0.0,0.0,0.0,0.0,8.0,16.0,Abs:5;Add:4;Const:4;Cos:1;Exp:2;Ln:1;Max:1;Mul:5;Neg:10;Pow:3;Sin:1;Var:3,48.0,40.0,1100.0,1103.0,1.003,50.0,2000.0,Quiesced,8.0,1944.0,148.0,205.0,5.6,27.0,2754309.0,2754309.0,1.0,705.0,705.0,1.0,0.0,-35.91,retired_axis,nan,nan,nan,nan,nan,nan,nan,nan,nan,nan,nan,nan,nan,nan,nan,nan,commutative(Mul):804;reverse-associative(Mul):455;associative(Mul):414;involution(Sub):75;even-negation(Abs):75;commutative(Add):60;power-recip:16;constant-fold:15;commutative(Max):15;even-negation(Cos):15,0,0,0,0,nan,nan,0,0,nan,nan,0.0,1.0,0.0,0.0,1.0,1.0,0.0,nan,5.125,48.6,0.675,1.0,0.0,0.0,0.0,nan
bwd_band11_d6:12,bwd_bands,synthetic,64.0,64.0,42.0,38.0,1.105,79.0,0.0,0.0,0.0,0.0,0.0,0.0,0.0,0.0,0.0,0.0,0.0,0.0,6.0,16.0,Abs:4;Add:4;Const:4;Cos:1;Exp:1;Ln:1;Min:2;Mul:3;Neg:12;Pow:3;Var:3,42.0,38.0,951.0,1692.0,1.779,50.0,2000.0,Quiesced,4.0,201.0,33.0,69.0,2.3,24.0,1466731.0,774328.0,1.894,721.0,373.0,1.933,0.0,-60.78,retired_axis,nan,nan,nan,nan,nan,nan,nan,nan,nan,nan,nan,nan,nan,nan,nan,nan,commutative(Mul):34;involution(Sub):33;commutative(Add):28;reverse-associative(Mul):23;even-negation(Abs):22;associative(Mul):20;commutative(Min):14;power-recip:8;fma-fusion:8;even-negation(Cos):7;power-sqrt:4,0,0,0,0,nan,nan,0,0,nan,nan,0.0,1.0,0.0,0.0,1.0,1.0,1.0,nan,1.8157894736842106,5.2894736842105265,0.631578947368421,1.0,0.0,0.0,0.0,nan
bwd_band11_d6:13,bwd_bands,synthetic,64.0,64.0,39.0,32.0,1.219,39.0,0.0,0.0,0.0,0.0,0.0,0.0,0.0,0.0,0.0,0.0,0.0,0.0,5.0,19.0,Abs:5;Add:7;Const:3;Ln:1;Log2:1;Neg:10;Pow:3;Var:2,39.0,32.0,911.0,914.0,1.003,50.0,2000.0,Quiesced,4.0,174.0,29.0,58.0,0.9,21.0,1500182.0,1500182.0,1.0,530.0,530.0,1.0,0.0,-41.82,ok,1440.0,0.0,3.0,2.0,51.0,52.0,80.0,0.279,0.284,0.437,1.0,1.0,0.0,0.0,65.0,85299.0,commutative(Add):73;even-negation(Abs):29;involution(Sub):25;constant-fold:18;reverse-associative(Add):11;associative(Add):10;power-rsqrt:8,268,8,8,0,0.029850746268656716,0.0,0,8,0.0,1.0,0.0,1.0,0.0,0.0,1.0,1.0,0.0,0.5628415300546448,1.8125,5.4375,0.65625,1.0,0.0,0.0,0.0,45.0
bwd_band11_d6:14,bwd_bands,synthetic,64.0,64.0,22.0,20.0,1.1,22.0,0.0,0.0,0.0,0.0,0.0,0.0,0.0,0.0,0.0,0.0,0.0,0.0,2.0,16.0,Abs:2;Add:3;Const:3;Log2:1;Mul:3;Neg:4;Recip:1;Sin:1;Var:2,22.0,20.0,253.0,253.0,1.0,50.0,2000.0,Quiesced,5.0,372.0,46.0,76.0,1.4,15.0,872474.0,872474.0,1.0,239.0,239.0,1.0,0.0,-5.53,retired_axis,nan,nan,nan,nan,nan,nan,nan,nan,nan,nan,nan,nan,nan,nan,nan,nan,commutative(Mul):120;reverse-associative(Mul):49;associative(Mul):44;commutative(Add):41;fma-fusion:28;constant-fold:26;involution(Sub):18;even-negation(Abs):18;factor:9;reverse-angle-addition:9;distribute:5;sin-angle-addition:5,0,0,0,0,nan,nan,0,0,nan,nan,0.0,1.0,0.0,0.0,1.0,1.0,0.0,nan,3.8,18.6,0.75,1.0,0.0,0.0,0.0,nan
bwd_band11_d6:15,bwd_bands,synthetic,64.0,64.0,33.0,32.0,1.031,44.0,0.0,0.0,0.0,0.0,0.0,0.0,0.0,0.0,0.0,0.0,0.0,0.0,6.0,12.0,Abs:3;Add:2;Const:6;Max:1;Mul:2;Neg:10;Pow:4;Sin:2;Var:2,33.0,32.0,984.0,1007.0,1.023,50.0,2000.0,Quiesced,5.0,249.0,33.0,61.0,1.1,15.0,1151053.0,1151053.0,1.0,358.0,358.0,1.0,0.0,-63.62,retired_axis,nan,nan,nan,nan,nan,nan,nan,nan,nan,nan,nan,nan,nan,nan,nan,nan,constant-fold:57;commutative(Mul):46;involution(Sub):37;even-negation(Abs):27;commutative(Add):26;reverse-associative(Mul):14;associative(Mul):13;power-combine:10;power-sqrt:10;commutative(Max):9,0,0,0,0,nan,nan,0,0,nan,nan,0.0,1.0,0.0,0.0,1.0,1.0,0.0,nan,1.90625,7.78125,0.46875,1.0,0.0,0.0,0.0,nan
bwd_band11_d6:16,bwd_bands,synthetic,64.0,64.0,32.0,29.0,1.103,32.0,0.0,0.0,0.0,0.0,0.0,0.0,0.0,0.0,0.0,0.0,0.0,0.0,6.0,23.0,Abs:4;Add:4;Const:4;Exp2:1;Ln:2;Log2:1;Max:1;Mul:1;Neg:7;Pow:2;Var:2,32.0,29.0,896.0,896.0,1.0,50.0,2000.0,Quiesced,2.0,44.0,16.0,42.0,0.3,19.0,177408.0,177408.0,1.0,504.0,504.0,1.0,0.0,-43.75,ok,1408.0,0.0,1.0,1.0,0.0,172.0,8.0,0.0,0.956,0.044,0.0,0.0,0.0,0.0,0.0,19200.0,commutative(Add):12;even-negation(Abs):11;involution(Sub):9;commutative(Mul):3;commutative(Max):3;power-sqrt:2;power-recip:2;recip-sqrt:2,190,6,6,0,0.031578947368421054,0.0,0,6,0.0,1.0,0.0,1.0,0.0,0.0,1.0,1.0,0.0,0.9555555555555556,1.4482758620689655,1.5172413793103448,0.6551724137931034,1.0,0.0,0.0,0.0,48.55172413793103
bwd_band11_d6:17,bwd_bands,synthetic,64.0,64.0,51.0,45.0,1.133,51.0,0.0,0.0,0.0,0.0,0.0,0.0,0.0,0.0,0.0,0.0,0.0,0.0,8.0,21.0,Abs:6;Add:6;Atan2:1;Const:4;Ln:2;Log2:2;Max:1;Min:1;Mul:1;Neg:15;Pow:2;Tan:1;Var:3,51.0,45.0,1156.0,1156.0,1.0,100.0,5000.0,Quiesced,2.0,71.0,25.0,61.0,0.5,29.0,2188102.0,2188102.0,1.0,931.0,931.0,1.0,0.0,-19.46,retired_axis,nan,nan,nan,nan,nan,nan,nan,nan,nan,nan,nan,nan,nan,nan,nan,nan,involution(Sub):24;commutative(Add):18;even-negation(Abs):18;commutative(Mul):3;commutative(Min):3;commutative(Max):3;power-recip:2,0,0,0,0,nan,nan,0,0,nan,nan,0.0,1.0,0.0,0.0,1.0,1.0,0.0,nan,1.3555555555555556,1.5777777777777777,0.6444444444444445,1.0,0.0,0.0,0.0,nan
bwd_band11_d6:18,bwd_bands,synthetic,64.0,64.0,22.0,21.0,1.048,24.0,0.0,0.0,0.0,0.0,0.0,0.0,0.0,0.0,0.0,0.0,0.0,0.0,4.0,11.0,Abs:3;Add:2;Const:5;Exp2:1;Mul:2;Neg:4;Pow:3;Var:1,22.0,21.0,696.0,765.0,1.099,50.0,2000.0,Quiesced,4.0,112.0,21.0,41.0,0.6,12.0,119.0,119.0,1.0,119.0,119.0,1.0,0.0,-82.9,retired_axis,nan,nan,nan,nan,nan,nan,nan,nan,nan,nan,nan,nan,nan,nan,nan,nan,commutative(Mul):22;commutative(Add):20;even-negation(Abs):15;constant-fold:14;factor:8;power-sqrt:8;fma-fusion:8;involution(Sub):7;distribute:6;power-recip:4,0,0,0,0,nan,nan,0,0,nan,nan,0.0,1.0,0.0,0.0,1.0,1.0,0.0,nan,1.9523809523809523,5.333333333333333,0.5714285714285714,1.0,0.0,0.0,0.0,nan
bwd_band11_d6:19,bwd_bands,synthetic,64.0,64.0,15.0,14.0,1.071,15.0,0.0,0.0,0.0,0.0,0.0,0.0,0.0,0.0,0.0,0.0,0.0,0.0,2.0,12.0,Abs:2;Add:1;Atan2:1;Const:2;Neg:6;Pow:1;Var:1,15.0,14.0,303.0,303.0,1.0,50.0,2000.0,Quiesced,2.0,21.0,8.0,18.0,0.1,7.0,7040.0,7040.0,1.0,110.0,110.0,1.0,0.0,-63.7,ok,512.0,0.0,3.0,0.0,4.0,35.0,0.0,0.103,0.897,0.0,2.0,3.0,1.0,0.0,1218.0,2244.0,involution(Sub):10;even-negation(Abs):6;commutative(Add):3;power-rsqrt:2,43,5,18,0,0.4186046511627907,0.0,0,5,0.0,1.0,0.0,1.0,0.0,0.0,1.0,1.0,0.0,1.0,1.2857142857142858,1.5,0.5,1.0,0.0,0.0,0.0,36.57142857142857
bwd_band11_d6:20,bwd_bands,synthetic,64.0,64.0,74.0,64.0,1.156,102.0,0.0,0.0,0.0,0.0,0.0,0.0,0.0,0.0,0.0,0.0,0.0,0.0,9.0,24.0,Abs:7;Add:13;Const:7;Cos:2;Div:1;Ln:3;Log2:1;Max:1;Min:1;Mul:5;Neg:15;Pow:1;Recip:1;Rsqrt:1;Sin:2;Var:3,74.0,64.0,1189.0,1630.0,1.371,100.0,5000.0,Quiesced,4.0,440.0,69.0,131.0,1.8,40.0,1354091.0,1333011.0,1.016,1355.0,939.0,1.443,0.0,-21.03,retired_axis,nan,nan,nan,nan,nan,nan,nan,nan,nan,nan,nan,nan,nan,nan,nan,nan,commutative(Add):115;constant-fold:78;commutative(Mul):55;even-negation(Abs):43;involution(Sub):35;fma-fusion:24;reverse-associative(Mul):23;associative(Mul):20;reverse-associative(Add):11;associative(Add):10;commutative(Min):7;commutative(Max):7;canonicalize(Div):4;even-negation(Cos):4;power-sqrt:4,0,0,0,0,nan,nan,0,0,nan,nan,0.0,1.0,0.0,0.0,1.0,1.0,1.0,nan,2.046875,6.875,0.625,1.0,0.0,0.0,0.0,nan
bwd_band11_d6:21,bwd_bands,synthetic,64.0,64.0,9.0,9.0,1.0,9.0,0.0,0.0,0.0,0.0,0.0,0.0,0.0,0.0,0.0,0.0,0.0,0.0,2.0,8.0,Add:1;Const:1;Cos:1;Neg:4;Tan:1;Var:1,9.0,9.0,178.0,178.0,1.0,20.0,500.0,Quiesced,2.0,16.0,5.0,12.0,0.1,6.0,372814.0,372814.0,1.0,169.0,169.0,1.0,0.0,-5.06,ok,1040.0,0.0,1.0,1.0,40.0,0.0,75.0,0.348,0.0,0.652,0.0,0.0,0.0,0.0,0.0,76840.0,involution(Sub):5;constant-fold:5;commutative(Add):3;even-negation(Cos):3,192,5,162,124,0.84375,0.6458333333333334,4,5,0.8,0.23456790123456794,0.0,1.0,0.0,0.0,1.0,0.0,0.0,0.34782608695652173,1.3333333333333333,1.7777777777777777,0.6666666666666666,1.0,0.0,0.0,0.0,115.55555555555556
bwd_band11_d6:22,bwd_bands,synthetic,64.0,64.0,24.0,23.0,1.043,24.0,0.0,0.0,0.0,0.0,0.0,0.0,0.0,0.0,0.0,0.0,0.0,0.0,6.0,16.0,Abs:2;Add:2;Atan2:2;Const:4;Cos:1;Exp2:1;Log10:2;Mul:1;Neg:7;Var:1,24.0,23.0,610.0,610.0,1.0,50.0,2000.0,Quiesced,4.0,96.0,15.0,33.0,1.6,14.0,14631.0,14631.0,1.0,582.0,582.0,1.0,0.0,-4.59,ok,2048.0,0.0,6.0,0.0,143.0,85.0,0.0,0.627,0.373,0.0,5.0,6.0,1.0,0.0,1413.0,5583.0,involution(Sub):25;constant-fold:25;commutative(Add):18;even-negation(Abs):14;commutative(Mul):7;even-negation(Cos):7,235,15,69,0,0.2936170212765957,0.0,0,15,0.0,1.0,0.0,1.0,0.0,0.0,1.0,1.0,0.0,1.0,1.434782608695652,4.173913043478261,0.6086956521739131,1.0,0.0,0.0,0.0,89.04347826086956
bwd_band11_d6:23,bwd_bands,synthetic,64.0,64.0,24.0,21.0,1.143,24.0,0.0,0.0,0.0,0.0,0.0,0.0,0.0,0.0,0.0,0.0,0.0,0.0,4.0,13.0,Abs:1;Atan2:1;Cos:2;Exp:1;Max:2;Min:1;Mul:1;Neg:9;Var:3,24.0,21.0,348.0,348.0,1.0,50.0,2000.0,Quiesced,3.0,86.0,19.0,36.0,0.4,12.0,330315.0,330315.0,1.0,321.0,321.0,1.0,0.0,-7.76,retired_axis,nan,nan,nan,nan,nan,nan,nan,nan,nan,nan,nan,nan,nan,nan,nan,nan,involution(Sub):24;commutative(Max):22;even-negation(Cos):10;reverse-associative(Max):8;associative(Max):7;commutative(Mul):5;commutative(Min):5;even-negation(Abs):5,0,0,0,0,nan,nan,0,0,nan,nan,0.0,1.0,0.0,0.0,1.0,1.0,0.0,nan,1.7142857142857142,4.095238095238095,0.5714285714285714,1.0,0.0,0.0,0.0,nan
bwd_band12_d6:0,bwd_bands,synthetic,64.0,64.0,41.0,38.0,1.079,41.0,0.0,0.0,0.0,0.0,0.0,0.0,0.0,0.0,0.0,0.0,0.0,0.0,8.0,16.0,Abs:4;Add:5;Const:5;Cos:1;Exp:2;Log10:1;Min:1;Mul:2;Neg:10;Pow:2;Tan:2;Var:3,41.0,38.0,1000.0,1000.0,1.0,50.0,2000.0,Quiesced,4.0,202.0,38.0,82.0,1.5,26.0,2232561.0,2232561.0,1.0,786.0,786.0,1.0,0.0,-21.4,retired_axis,nan,nan,nan,nan,nan,nan,nan,nan,nan,nan,nan,nan,nan,nan,nan,nan,commutative(Add):52;fma-fusion:29;involution(Sub):25;even-negation(Abs):25;commutative(Mul):24;reverse-associative(Add):8;commutative(Min):7;associative(Add):7;even-negation(Cos):7;constant-fold:4;cos-angle-addition:4;power-recip:4;canonicalize(Sub):3;odd-negation(Sin):3,0,0,0,0,nan,nan,0,0,nan,nan,0.0,1.0,0.0,0.0,1.0,1.0,0.0,nan,2.1578947368421053,5.315789473684211,0.6842105263157895,1.0,0.0,0.0,0.0,nan
bwd_band12_d6:1,bwd_bands,synthetic,64.0,64.0,16.0,15.0,1.067,16.0,0.0,0.0,0.0,0.0,0.0,0.0,0.0,0.0,0.0,0.0,0.0,0.0,3.0,11.0,Abs:1;Add:2;Const:3;Exp2:1;Neg:5;Pow:2;Var:1,16.0,15.0,487.0,487.0,1.0,50.0,2000.0,Quiesced,2.0,22.0,9.0,21.0,0.4,8.0,104.0,104.0,1.0,104.0,104.0,1.0,0.0,-78.64,retired_axis,nan,nan,nan,nan,nan,nan,nan,nan,nan,nan,nan,nan,nan,nan,nan,nan,involution(Sub):7;commutative(Add):6;even-negation(Abs):3;power-sqrt:2;power-recip:2;recip-sqrt:2,0,0,0,0,nan,nan,0,0,nan,nan,0.0,1.0,0.0,0.0,1.0,1.0,0.0,nan,1.4,1.4666666666666666,0.5333333333333333,1.0,0.0,0.0,0.0,nan
bwd_band12_d6:2,bwd_bands,synthetic,64.0,64.0,70.0,58.0,1.207,72.0,0.0,0.0,0.0,0.0,0.0,0.0,0.0,0.0,0.0,0.0,0.0,0.0,10.0,19.0,Abs:7;Add:11;Atan2:1;Const:6;Exp:1;Exp2:1;Ln:1;Mul:5;Neg:14;Pow:5;Recip:1;Sin:1;Var:4,70.0,58.0,1549.0,1552.0,1.002,100.0,5000.0,Quiesced,6.0,1460.0,190.0,266.0,7.4,40.0,1115052.0,1115049.0,1.0,960.0,957.0,1.003,0.0,-38.22,retired_axis,nan,nan,nan,nan,nan,nan,nan,nan,nan,nan,nan,nan,nan,nan,nan,nan,commutative(Add):405;fma-fusion:264;reverse-associative(Add):151;commutative(Mul):146;factor:142;associative(Add):137;involution(Sub):67;even-negation(Abs):67;distribute:39;reverse-associative(Mul):13;power-sqrt:12;associative(Mul):11;power-recip:6,0,0,0,0,nan,nan,0,0,nan,nan,0.0,1.0,0.0,0.0,1.0,1.0,1.0,nan,4.586206896551724,25.17241379310345,0.6896551724137931,1.0,0.0,0.0,0.0,nan
bwd_band12_d6:3,bwd_bands,synthetic,64.0,64.0,60.0,52.0,1.154,60.0,0.0,0.0,0.0,0.0,0.0,0.0,0.0,0.0,0.0,0.0,0.0,0.0,10.0,16.0,Abs:5;Add:8;Atan2:2;Const:6;Cos:2;Exp:1;Ln:1;Max:1;Mul:2;Neg:15;Pow:3;Recip:1;Sin:1;Var:4,60.0,52.0,1290.0,1293.0,1.002,100.0,5000.0,Quiesced,3.0,134.0,30.0,71.0,1.1,35.0,722292.0,721844.0,1.001,1068.0,1061.0,1.007,0.0,-17.75,retired_axis,nan,nan,nan,nan,nan,nan,nan,nan,nan,nan,nan,nan,nan,nan,nan,nan,commutative(Add):40;involution(Sub):37;even-negation(Abs):21;commutative(Mul):10;even-negation(Cos):10;constant-fold:8;commutative(Max):5;power-recip:3,0,0,0,0,nan,nan,0,0,nan,nan,0.0,1.0,0.0,0.0,1.0,1.0,1.0,nan,1.3653846153846154,2.576923076923077,0.6730769230769231,1.0,0.0,0.0,0.0,nan
bwd_band12_d6:4,bwd_bands,synthetic,64.0,64.0,43.0,36.0,1.194,55.0,0.0,0.0,0.0,0.0,0.0,0.0,0.0,0.0,0.0,0.0,0.0,0.0,6.0,18.0,Abs:4;Add:4;Atan2:1;Const:4;Exp2:1;Log10:2;Max:2;Min:2;Mul:3;Neg:8;Pow:2;Var:3,43.0,36.0,887.0,1046.0,1.179,50.0,2000.0,Quiesced,3.0,161.0,31.0,65.0,1.3,26.0,2404431.0,2404431.0,1.0,666.0,666.0,1.0,0.0,-24.92,retired_axis,nan,nan,nan,nan,nan,nan,nan,nan,nan,nan,nan,nan,nan,nan,nan,nan,commutative(Add):24;commutative(Max):22;involution(Sub):18;commutative(Mul):15;even-negation(Abs):15;commutative(Min):12;associative(Min):9;reverse-associative(Min):9;constant-fold:8;reverse-associative(Max):8;associative(Max):7;power-combine:6;fma-fusion:6;idempotent(Min):2,0,0,0,0,nan,nan,0,0,nan,nan,0.0,1.0,0.0,0.0,1.0,1.0,0.0,nan,1.8055555555555556,4.472222222222222,0.7222222222222222,1.0,0.0,0.0,0.0,nan
bwd_band12_d6:5,bwd_bands,synthetic,64.0,64.0,42.0,36.0,1.167,42.0,0.0,0.0,0.0,0.0,0.0,0.0,0.0,0.0,0.0,0.0,0.0,0.0,4.0,25.0,Abs:5;Add:6;Const:4;Log10:1;Log2:1;Mul:2;Neg:12;Pow:2;Var:3,42.0,36.0,733.0,739.0,1.008,50.0,2000.0,Quiesced,3.0,131.0,31.0,61.0,0.7,22.0,1257679.0,1257679.0,1.0,514.0,514.0,1.0,0.0,-29.88,retired_axis,nan,nan,nan,nan,nan,nan,nan,nan,nan,nan,nan,nan,nan,nan,nan,nan,commutative(Add):35;involution(Sub):29;even-negation(Abs):23;commutative(Mul):16;constant-fold:12;factor:5;fma-fusion:5;distribute:3;power-recip:3,0,0,0,0,nan,nan,0,0,nan,nan,0.0,1.0,0.0,0.0,1.0,1.0,0.0,nan,1.6944444444444444,3.638888888888889,0.6111111111111112,1.0,0.0,0.0,0.0,nan
bwd_band12_d6:6,bwd_bands,synthetic,64.0,64.0,45.0,39.0,1.154,60.0,0.0,0.0,0.0,0.0,0.0,0.0,0.0,0.0,0.0,0.0,0.0,0.0,8.0,24.0,Abs:6;Add:7;Const:5;Log10:1;Log2:2;Mul:2;Neg:10;Pow:4;Tan:1;Var:1,45.0,39.0,1335.0,1750.0,1.311,50.0,2000.0,Quiesced,4.0,176.0,31.0,67.0,1.0,24.0,611.0,572.0,1.068,611.0,572.0,1.068,0.0,-57.15,retired_axis,nan,nan,nan,nan,nan,nan,nan,nan,nan,nan,nan,nan,nan,nan,nan,nan,commutative(Add):49;even-negation(Abs):33;constant-fold:26;involution(Sub):25;power-combine:8;power-sqrt:8;power-recip:8;fma-fusion:8;halving:5;commutative(Mul):3;doubling:3,0,0,0,0,nan,nan,0,0,nan,nan,0.0,1.0,0.0,0.0,1.0,1.0,1.0,nan,1.7179487179487178,4.512820512820513,0.6153846153846154,1.0,0.0,0.0,0.0,nan
bwd_band12_d6:7,bwd_bands,synthetic,64.0,64.0,11.0,11.0,1.0,11.0,0.0,0.0,0.0,0.0,0.0,0.0,0.0,0.0,0.0,0.0,0.0,0.0,1.0,8.0,Abs:1;Add:1;Const:2;Log2:1;Mul:1;Neg:4;Var:1,11.0,11.0,146.0,146.0,1.0,50.0,2000.0,Quiesced,4.0,61.0,10.0,18.0,0.3,5.0,130.0,130.0,1.0,130.0,130.0,1.0,0.0,-10.96,retired_axis,nan,nan,nan,nan,nan,nan,nan,nan,nan,nan,nan,nan,nan,nan,nan,nan,constant-fold:25;involution(Sub):11;commutative(Add):11;commutative(Mul):7;even-negation(Abs):7,0,0,0,0,nan,nan,0,0,nan,nan,0.0,1.0,0.0,0.0,1.0,0.0,0.0,nan,1.6363636363636365,5.545454545454546,0.45454545454545453,1.0,0.0,0.0,0.0,nan
bwd_band12_d6:8,bwd_bands,synthetic,64.0,64.0,47.0,40.0,1.175,51.0,0.0,0.0,0.0,0.0,0.0,0.0,0.0,0.0,0.0,0.0,0.0,0.0,8.0,22.0,Abs:4;Add:5;Const:3;Cos:2;Div:1;Exp2:1;Log2:1;Mul:4;Neg:12;Pow:2;Recip:1;Sin:2;Var:2,47.0,40.0,988.0,1203.0,1.218,50.0,2000.0,ClassCap,4.0,3730.0,1402.0,1718.0,14.5,19.0,591.0,591.0,1.0,591.0,591.0,1.0,0.0,-40.18,retired_axis,nan,nan,nan,nan,nan,nan,nan,nan,nan,nan,nan,nan,nan,nan,nan,nan,fma-fusion:749;associative(Mul):417;reverse-associative(Add):390;reverse-associative(Mul):378;associative(Add):325;commutative(Mul):279;factor:257;distribute:246;commutative(Add):191;halving:151;doubling:128;identity(Mul):59;involution(Sub):44;half-angle-product:30;even-negation(Abs):25;reverse-angle-addition:21;even-negation(Cos):11;odd-negation(Sin):7;inverse-annihilation(Div):5;canonicalize(Div):4;power-sqrt:4;cancellation(Div):3;constant-fold:3;sin-angle-addition:3,0,0,0,0,nan,nan,0,0,nan,nan,1.0,0.0,0.0,0.0,1.0,1.0,0.0,nan,42.95,93.25,0.475,1.0,0.0,0.0,0.0,nan
bwd_band12_d6:9,bwd_bands,synthetic,64.0,64.0,35.0,33.0,1.061,35.0,0.0,0.0,0.0,0.0,0.0,0.0,0.0,0.0,0.0,0.0,0.0,0.0,4.0,24.0,Abs:4;Add:5;Const:5;Log10:1;Mul:1;Neg:11;Pow:3;Var:3,35.0,33.0,792.0,792.0,1.0,50.0,2000.0,Quiesced,4.0,167.0,29.0,57.0,1.7,18.0,835840.0,835840.0,1.0,208.0,208.0,1.0,0.0,-73.74,retired_axis,nan,nan,nan,nan,nan,nan,nan,nan,nan,nan,nan,nan,nan,nan,nan,nan,commutative(Add):55;involution(Sub):33;even-negation(Abs):25;constant-fold:14;reverse-associative(Add):11;associative(Add):10;commutative(Mul):7;power-sqrt:4;power-recip:4;power-rsqrt:4,0,0,0,0,nan,nan,0,0,nan,nan,0.0,1.0,0.0,0.0,1.0,1.0,0.0,nan,1.7272727272727273,5.0606060606060606,0.5454545454545454,1.0,0.0,0.0,0.0,nan
bwd_band12_d6:10,bwd_bands,synthetic,64.0,64.0,17.0,16.0,1.062,17.0,0.0,0.0,0.0,0.0,0.0,0.0,0.0,0.0,0.0,0.0,0.0,0.0,3.0,14.0,Abs:2;Add:2;Const:1;Ln:1;Log2:1;Min:1;Neg:5;Tan:1;Var:2,17.0,16.0,369.0,369.0,1.0,50.0,2000.0,Quiesced,2.0,23.0,8.0,21.0,0.2,11.0,1449984.0,1449984.0,1.0,354.0,354.0,1.0,0.0,-4.07,ok,1552.0,0.0,0.0,0.0,0.0,0.0,177.0,0.0,0.0,1.0,0.0,0.0,0.0,0.0,0.0,181248.0,involution(Sub):8;commutative(Add):6;even-negation(Abs):6;commutative(Min):3,354,12,136,124,0.384180790960452,0.3502824858757062,4,12,0.3333333333333333,0.08823529411764708,0.0,1.0,0.0,0.0,1.0,1.0,0.0,0.0,1.3125,1.4375,0.6875,1.0,0.0,0.0,0.0,97.0
bwd_band12_d6:11,bwd_bands,synthetic,64.0,64.0,20.0,18.0,1.111,20.0,0.0,0.0,0.0,0.0,0.0,0.0,0.0,0.0,0.0,0.0,0.0,0.0,3.0,14.0,Abs:2;Add:2;Const:3;Max:1;Neg:5;Pow:3;Var:2,20.0,18.0,620.0,620.0,1.0,50.0,2000.0,Quiesced,2.0,31.0,12.0,27.0,0.2,10.0,2007.0,2007.0,1.0,54.0,54.0,1.0,0.0,-91.29,retired_axis,nan,nan,nan,nan,nan,nan,nan,nan,nan,nan,nan,nan,nan,nan,nan,nan,involution(Sub):8;commutative(Add):6;even-negation(Abs):6;power-recip:4;commutative(Max):3;power-sqrt:2;recip-sqrt:2,0,0,0,0,nan,nan,0,0,nan,nan,0.0,1.0,0.0,0.0,1.0,1.0,0.0,nan,1.5,1.7222222222222223,0.5555555555555556,1.0,0.0,0.0,0.0,nan
bwd_band12_d6:12,bwd_bands,synthetic,64.0,64.0,51.0,49.0,1.041,115.0,0.0,0.0,0.0,0.0,0.0,0.0,0.0,0.0,0.0,0.0,0.0,0.0,12.0,15.0,Abs:2;Add:5;Const:3;Cos:5;Exp2:2;Log10:1;Mul:5;Neg:18;Pow:2;Sin:2;Var:4,51.0,49.0,1284.0,2776.0,2.162,100.0,5000.0,ClassCap,5.0,7657.0,3436.0,4108.0,23.9,28.0,754421.0,436562.0,1.728,2453.0,1043.0,2.352,0.0,-18.77,retired_axis,nan,nan,nan,nan,nan,nan,nan,nan,nan,nan,nan,nan,nan,nan,nan,nan,fma-fusion:2272;reverse-associative(Add):1049;reverse-associative(Mul):821;associative(Add):707;commutative(Add):676;commutative(Mul):602;associative(Mul):538;factor:528;distribute:268;involution(Sub):85;even-negation(Cos):41;constant-fold:34;even-negation(Abs):18;odd-negation(Sin):9;power-sqrt:5;doubling:2;halving:2,0,0,0,0,nan,nan,0,0,nan,nan,1.0,0.0,0.0,0.0,1.0,1.0,1.0,nan,83.83673469387755,156.26530612244898,0.5714285714285714,1.0,0.0,0.0,0.0,nan
bwd_band12_d6:13,bwd_bands,synthetic,64.0,64.0,11.0,11.0,1.0,11.0,0.0,0.0,0.0,0.0,0.0,0.0,0.0,0.0,0.0,0.0,0.0,0.0,1.0,7.0,Abs:2;Add:1;Const:2;Log2:1;Mul:1;Neg:3;Var:1,11.0,11.0,146.0,146.0,1.0,50.0,2000.0,Quiesced,3.0,32.0,9.0,18.0,0.5,7.0,8576.0,8576.0,1.0,134.0,134.0,1.0,0.0,-8.22,ok,656.0,0.0,1.0,0.0,0.0,52.0,0.0,0.0,1.0,0.0,0.0,1.0,1.0,0.0,1088.0,3328.0,even-negation(Abs):8;constant-fold:7;commutative(Mul):7;involution(Sub):5;commutative(Add):5,54,2,2,0,0.037037037037037035,0.0,0,2,0.0,1.0,0.0,1.0,0.0,0.0,1.0,0.0,0.0,1.0,1.6363636363636365,2.909090909090909,0.6363636363636364,1.0,0.0,0.0,0.0,59.63636363636363
bwd_band12_d6:14,bwd_bands,synthetic,64.0,64.0,33.0,32.0,1.031,33.0,0.0,0.0,0.0,0.0,0.0,0.0,0.0,0.0,0.0,0.0,0.0,0.0,3.0,28.0,Abs:5;Add:3;Const:4;Ln:1;Neg:16;Pow:2;Var:1,33.0,32.0,595.0,595.0,1.0,50.0,2000.0,Quiesced,3.0,97.0,26.0,46.0,1.1,12.0,708608.0,708608.0,1.0,173.0,173.0,1.0,0.0,-70.92,ok,704.0,0.0,0.0,0.0,0.0,0.0,60.0,0.0,0.0,1.0,0.0,0.0,0.0,0.0,0.0,61440.0,involution(Sub):41;even-negation(Abs):23;commutative(Add):17;constant-fold:7;power-sqrt:3;power-recip:3;recip-sqrt:3,120,4,4,0,0.03333333333333333,0.0,0,4,0.0,1.0,0.0,1.0,0.0,0.0,1.0,1.0,0.0,0.0,1.4375,3.03125,0.375,1.0,0.0,0.0,0.0,22.0
bwd_band12_d6:15,bwd_bands,synthetic,64.0,64.0,52.0,46.0,1.13,61.0,0.0,0.0,0.0,0.0,0.0,0.0,0.0,0.0,0.0,0.0,0.0,0.0,7.0,18.0,Abs:6;Add:7;Const:4;Ln:3;Mul:5;Neg:14;Pow:2;Sin:1;Tan:1;Var:3,52.0,46.0,1046.0,1255.0,1.2,100.0,5000.0,Quiesced,5.0,1214.0,162.0,227.0,3.8,28.0,1176981.0,1176708.0,1.0,1086.0,813.0,1.336,0.0,-22.28,retired_axis,nan,nan,nan,nan,nan,nan,nan,nan,nan,nan,nan,nan,nan,nan,nan,nan,commutative(Mul):353;reverse-associative(Mul):185;associative(Mul):158;commutative(Add):131;fma-fusion:88;involution(Sub):64;distribute:58;even-negation(Abs):54;factor:49;constant-fold:34;reverse-associative(Add):11;associative(Add):10;reverse-angle-addition:9;sin-angle-addition:5;power-recip:5,0,0,0,0,nan,nan,0,0,nan,nan,0.0,1.0,0.0,0.0,1.0,1.0,1.0,nan,4.934782608695652,26.391304347826086,0.6086956521739131,1.0,0.0,0.0,0.0,nan
bwd_band12_d6:16,bwd_bands,synthetic,64.0,64.0,32.0,29.0,1.103,32.0,0.0,0.0,0.0,0.0,0.0,0.0,0.0,0.0,0.0,0.0,0.0,0.0,2.0,17.0,Abs:4;Add:4;Const:3;Log10:1;Max:2;Mul:1;Neg:9;Pow:1;Recip:1;Var:3,32.0,29.0,412.0,412.0,1.0,50.0,2000.0,Quiesced,2.0,51.0,18.0,42.0,0.3,19.0,9528.0,9528.0,1.0,204.0,204.0,1.0,0.0,-50.49,retired_axis,nan,nan,nan,nan,nan,nan,nan,nan,nan,nan,nan,nan,nan,nan,nan,nan,involution(Sub):13;commutative(Add):12;even-negation(Abs):11;commutative(Max):6;fma-fusion:4;commutative(Mul):3;power-sqrt:2,0,0,0,0,nan,nan,0,0,nan,nan,0.0,1.0,0.0,0.0,1.0,1.0,0.0,nan,1.4482758620689655,1.7586206896551724,0.6551724137931034,1.0,0.0,0.0,0.0,nan
bwd_band12_d6:17,bwd_bands,synthetic,64.0,64.0,41.0,32.0,1.281,47.0,0.0,0.0,0.0,0.0,0.0,0.0,0.0,0.0,0.0,0.0,0.0,0.0,7.0,15.0,Abs:3;Add:3;Const:3;Cos:2;Min:1;Mul:2;Neg:10;Pow:5;Var:3,41.0,32.0,1194.0,1219.0,1.021,50.0,2000.0,Quiesced,3.0,102.0,25.0,51.0,0.6,15.0,339346.0,339147.0,1.001,595.0,585.0,1.017,0.0,-51.01,retired_axis,nan,nan,nan,nan,nan,nan,nan,nan,nan,nan,nan,nan,nan,nan,nan,nan,involution(Sub):24;commutative(Add):19;even-negation(Abs):13;commutative(Mul):10;even-negation(Cos):10;power-combine:6;fma-fusion:6;commutative(Min):5;power-sqrt:3;power-recip:3;recip-sqrt:3,0,0,0,0,nan,nan,0,0,nan,nan,0.0,1.0,0.0,0.0,1.0,1.0,1.0,nan,1.59375,3.1875,0.46875,1.0,0.0,0.0,0.0,nan
bwd_band12_d6:18,bwd_bands,synthetic,64.0,64.0,27.0,26.0,1.038,27.0,0.0,0.0,0.0,0.0,0.0,0.0,0.0,0.0,0.0,0.0,0.0,0.0,4.0,10.0,Abs:2;Add:4;Const:5;Cos:1;Exp2:2;Min:1;Mul:1;Neg:7;Pow:1;Var:2,27.0,26.0,460.0,460.0,1.0,50.0,2000.0,Quiesced,5.0,364.0,47.0,78.0,2.3,18.0,454804.0,454804.0,1.0,259.0,259.0,1.0,0.0,-43.7,retired_axis,nan,nan,nan,nan,nan,nan,nan,nan,nan,nan,nan,nan,nan,nan,nan,nan,commutative(Add):147;reverse-associative(Add):68;associative(Add):61;involution(Sub):23;constant-fold:19;even-negation(Abs):14;commutative(Mul):9;commutative(Min):9;even-negation(Cos):9;power-recip:5,0,0,0,0,nan,nan,0,0,nan,nan,0.0,1.0,0.0,0.0,1.0,1.0,0.0,nan,3.0,14.0,0.6923076923076923,1.0,0.0,0.0,0.0,nan
bwd_band12_d6:19,bwd_bands,synthetic,64.0,64.0,56.0,49.0,1.143,103.0,0.0,0.0,0.0,0.0,0.0,0.0,0.0,0.0,0.0,0.0,0.0,0.0,11.0,18.0,Abs:6;Add:6;Atan2:3;Const:4;Cos:2;Log10:2;Max:2;Mul:2;Neg:15;Pow:2;Sin:2;Var:3,56.0,49.0,1290.0,2270.0,1.76,100.0,5000.0,Quiesced,2.0,76.0,28.0,71.0,1.1,32.0,5392640.0,3310720.0,1.629,1478.0,889.0,1.663,0.0,-31.09,retired_axis,nan,nan,nan,nan,nan,nan,nan,nan,nan,nan,nan,nan,nan,nan,nan,nan,commutative(Add):18;involution(Sub):17;even-negation(Abs):17;commutative(Mul):6;commutative(Max):6;even-negation(Cos):4;fma-fusion:4;power-recip:2;power-rsqrt:2,0,0,0,0,nan,nan,0,0,nan,nan,0.0,1.0,0.0,0.0,1.0,1.0,1.0,nan,1.4489795918367347,1.5510204081632653,0.6530612244897959,1.0,0.0,0.0,0.0,nan
bwd_band12_d6:20,bwd_bands,synthetic,64.0,64.0,10.0,10.0,1.0,10.0,0.0,0.0,0.0,0.0,0.0,0.0,0.0,0.0,0.0,0.0,0.0,0.0,1.0,9.0,Abs:2;Const:1;Neg:5;Pow:1;Var:1,10.0,10.0,217.0,217.0,1.0,20.0,500.0,Quiesced,2.0,16.0,6.0,13.0,0.4,4.0,86016.0,86016.0,1.0,21.0,21.0,1.0,0.0,-90.32,ok,172.0,0.0,0.0,0.0,0.0,0.0,4.0,0.0,0.0,1.0,0.0,0.0,0.0,0.0,0.0,4096.0,involution(Sub):8;even-negation(Abs):6;power-sqrt:2,8,0,0,0,0.0,0.0,0,0,nan,nan,0.0,1.0,0.0,0.0,1.0,0.0,0.0,0.0,1.3,1.6,0.4,1.0,0.0,0.0,0.0,17.2
bwd_band12_d6:21,bwd_bands,synthetic,64.0,64.0,45.0,41.0,1.098,47.0,0.0,0.0,0.0,0.0,0.0,0.0,0.0,0.0,0.0,0.0,0.0,0.0,7.0,15.0,Abs:5;Add:5;Atan2:2;Const:5;Exp2:1;Ln:2;Max:1;Min:1;Mul:2;Neg:12;Pow:2;Var:3,45.0,41.0,962.0,962.0,1.0,50.0,2000.0,Quiesced,3.0,114.0,25.0,60.0,1.6,25.0,1122592.0,1122592.0,1.0,562.0,562.0,1.0,0.0,-41.58,retired_axis,nan,nan,nan,nan,nan,nan,nan,nan,nan,nan,nan,nan,nan,nan,nan,nan,involution(Sub):25;commutative(Add):25;even-negation(Abs):25;constant-fold:17;fma-fusion:6;commutative(Min):5;commutative(Max):5;power-sqrt:3;power-rsqrt:3,0,0,0,0,nan,nan,0,0,nan,nan,0.0,1.0,0.0,0.0,1.0,1.0,0.0,nan,1.4634146341463414,2.7804878048780486,0.6097560975609756,1.0,0.0,0.0,0.0,nan
bwd_band12_d6:22,bwd_bands,synthetic,64.0,64.0,17.0,15.0,1.133,17.0,0.0,0.0,0.0,0.0,0.0,0.0,0.0,0.0,0.0,0.0,0.0,0.0,2.0,13.0,Abs:2;Add:2;Const:2;Neg:6;Pow:2;Var:1,17.0,15.0,424.0,424.0,1.0,50.0,2000.0,Quiesced,2.0,26.0,10.0,21.0,0.4,8.0,46.0,46.0,1.0,46.0,46.0,1.0,0.0,-89.15,retired_axis,nan,nan,nan,nan,nan,nan,nan,nan,nan,nan,nan,nan,nan,nan,nan,nan,involution(Sub):10;commutative(Add):6;even-negation(Abs):6;power-recip:4,0,0,0,0,nan,nan,0,0,nan,nan,0.0,1.0,0.0,0.0,1.0,1.0,0.0,nan,1.4,1.7333333333333334,0.5333333333333333,1.0,0.0,0.0,0.0,nan
bwd_band12_d6:23,bwd_bands,synthetic,64.0,64.0,21.0,20.0,1.05,32.0,0.0,0.0,0.0,0.0,0.0,0.0,0.0,0.0,0.0,0.0,0.0,0.0,4.0,10.0,Abs:1;Add:2;Const:1;Cos:1;Mul:3;Neg:6;Pow:1;Sin:1;Tan:1;Var:3,21.0,20.0,472.0,638.0,1.352,50.0,2000.0,Quiesced,3.0,72.0,18.0,36.0,0.9,12.0,1662987.0,1069064.0,1.556,417.0,269.0,1.55,0.0,-43.01,retired_axis,nan,nan,nan,nan,nan,nan,nan,nan,nan,nan,nan,nan,nan,nan,nan,nan,involution(Sub):16;commutative(Add):13;commutative(Mul):11;fma-fusion:11;factor:5;even-negation(Cos):5;even-negation(Abs):5;distribute:3;power-sqrt:3,0,0,0,0,nan,nan,0,0,nan,nan,0.0,1.0,0.0,0.0,1.0,1.0,1.0,nan,1.8,3.6,0.6,1.0,0.0,0.0,0.0,nan
bwd_band13_d6:0,bwd_bands,synthetic,64.0,64.0,86.0,70.0,1.229,108.0,0.0,0.0,0.0,0.0,0.0,0.0,0.0,0.0,0.0,0.0,0.0,0.0,12.0,25.0,Abs:11;Add:13;Atan2:1;Const:5;Exp:1;Ln:1;Log10:1;Log2:2;Max:1;Mul:5;Neg:16;Pow:6;Recip:1;Sqrt:2;Var:4,86.0,70.0,2043.0,2538.0,1.242,100.0,5000.0,Quiesced,5.0,584.0,77.0,148.0,3.7,47.0,853242.0,848047.0,1.006,1356.0,886.0,1.53,0.0,-56.63,retired_axis,nan,nan,nan,nan,nan,nan,nan,nan,nan,nan,nan,nan,nan,nan,nan,nan,commutative(Add):228;even-negation(Abs):74;reverse-associative(Add):68;associative(Add):61;involution(Sub):54;constant-fold:26;power-sqrt:20;fma-fusion:20;power-recip:10;commutative(Mul):9;commutative(Max):9;recip-sqrt:5,0,0,0,0,nan,nan,0,0,nan,nan,0.0,1.0,0.0,0.0,1.0,1.0,1.0,nan,2.1142857142857143,8.342857142857143,0.6714285714285714,1.0,0.0,0.0,0.0,nan
bwd_band13_d6:1,bwd_bands,synthetic,64.0,64.0,44.0,38.0,1.158,83.0,0.0,0.0,0.0,0.0,0.0,0.0,0.0,0.0,0.0,0.0,0.0,0.0,11.0,14.0,Abs:3;Add:8;Const:4;Exp:3;Exp2:2;Ln:1;Log10:2;Mul:5;Neg:4;Pow:1;Sin:2;Var:3,44.0,38.0,1173.0,2136.0,1.821,50.0,2000.0,ClassCap,8.0,5686.0,1376.0,1764.0,17.4,33.0,2452433.0,1266965.0,1.936,2363.0,980.0,2.411,0.0,-16.45,retired_axis,nan,nan,nan,nan,nan,nan,nan,nan,nan,nan,nan,nan,nan,nan,nan,nan,fma-fusion:1072;commutative(Mul):947;commutative(Add):647;reverse-associative(Mul):558;associative(Mul):539;reverse-associative(Add):461;associative(Add):393;factor:312;distribute:299;halving:195;doubling:130;half-angle-product:25;even-negation(Abs):23;reverse-angle-addition:21;involution(Sub):15;identity(Mul):14;sin-angle-addition:14;power-sqrt:8;canonicalize(Div):7;cancellation(Div):3;inverse-annihilation(Div):3,0,0,0,0,nan,nan,0,0,nan,nan,1.0,0.0,0.0,0.0,1.0,1.0,1.0,nan,46.421052631578945,149.6315789473684,0.868421052631579,1.0,0.0,0.0,0.0,nan
bwd_band13_d6:2,bwd_bands,synthetic,64.0,64.0,26.0,25.0,1.04,26.0,0.0,0.0,0.0,0.0,0.0,0.0,0.0,0.0,0.0,0.0,0.0,0.0,3.0,21.0,Abs:3;Add:3;Const:1;Cos:1;Log10:1;Log2:1;Max:1;Neg:11;Var:3,26.0,25.0,388.0,388.0,1.0,50.0,2000.0,Quiesced,2.0,42.0,15.0,33.0,0.5,14.0,22531.0,22531.0,1.0,355.0,355.0,1.0,0.0,-8.51,retired_axis,nan,nan,nan,nan,nan,nan,nan,nan,nan,nan,nan,nan,nan,nan,nan,nan,involution(Sub):18;commutative(Add):9;even-negation(Abs):9;commutative(Max):3;even-negation(Cos):3,0,0,0,0,nan,nan,0,0,nan,nan,0.0,1.0,0.0,0.0,1.0,1.0,0.0,nan,1.32,1.68,0.56,1.0,0.0,0.0,0.0,nan
bwd_band13_d6:3,bwd_bands,synthetic,64.0,64.0,48.0,42.0,1.143,48.0,0.0,0.0,0.0,0.0,0.0,0.0,0.0,0.0,0.0,0.0,0.0,0.0,6.0,24.0,Abs:6;Add:5;Const:8;Min:1;Mul:2;Neg:13;Pow:6;Var:1,48.0,42.0,1266.0,1266.0,1.0,50.0,2000.0,Quiesced,4.0,284.0,45.0,79.0,1.1,20.0,313.0,313.0,1.0,313.0,313.0,1.0,0.0,-75.28,retired_axis,nan,nan,nan,nan,nan,nan,nan,nan,nan,nan,nan,nan,nan,nan,nan,nan,constant-fold:47;involution(Sub):40;commutative(Add):39;commutative(Mul):38;even-negation(Abs):36;associative(Min):13;reverse-associative(Min):13;reverse-associative(Mul):11;commutative(Min):10;associative(Mul):10;power-recip:8;power-rsqrt:8;power-sqrt:4;recip-sqrt:4;idempotent(Min):3,0,0,0,0,nan,nan,0,0,nan,nan,0.0,1.0,0.0,0.0,1.0,1.0,0.0,nan,1.880952380952381,6.761904761904762,0.47619047619047616,1.0,0.0,0.0,0.0,nan
bwd_band13_d6:4,bwd_bands,synthetic,64.0,64.0,42.0,36.0,1.167,54.0,0.0,0.0,0.0,0.0,0.0,0.0,0.0,0.0,0.0,0.0,0.0,0.0,13.0,15.0,Abs:3;Add:4;Atan2:4;Const:5;Exp2:2;Min:1;Mul:2;Neg:4;Pow:5;Tan:2;Var:4,42.0,36.0,1658.0,2150.0,1.297,50.0,2000.0,Quiesced,4.0,116.0,21.0,57.0,1.7,28.0,1028185.0,913410.0,1.126,844.0,729.0,1.158,0.0,-56.03,retired_axis,nan,nan,nan,nan,nan,nan,nan,nan,nan,nan,nan,nan,nan,nan,nan,nan,commutative(Add):28;involution(Sub):14;even-negation(Abs):14;power-sqrt:12;power-recip:8;fma-fusion:8;commutative(Min):7;constant-fold:6;halving:5;power-combine:4;recip-sqrt:4;commutative(Mul):3;doubling:3,0,0,0,0,nan,nan,0,0,nan,nan,0.0,1.0,0.0,0.0,1.0,1.0,1.0,nan,1.5833333333333333,3.2222222222222223,0.7777777777777778,1.0,0.0,0.0,0.0,nan
bwd_band13_d6:5,bwd_bands,synthetic,64.0,64.0,34.0,31.0,1.097,44.0,0.0,0.0,0.0,0.0,0.0,0.0,0.0,0.0,0.0,0.0,0.0,0.0,6.0,10.0,Abs:1;Add:7;Const:4;Cos:1;Exp:1;Mul:5;Neg:4;Pow:2;Tan:2;Var:4,34.0,31.0,784.0,883.0,1.126,50.0,2000.0,Quiesced,7.0,3680.0,355.0,438.0,12.2,25.0,387573.0,387162.0,1.001,501.0,405.0,1.237,0.0,-48.34,retired_axis,nan,nan,nan,nan,nan,nan,nan,nan,nan,nan,nan,nan,nan,nan,nan,nan,commutative(Add):1193;reverse-associative(Add):699;fma-fusion:627;associative(Add):622;commutative(Mul):179;factor:82;reverse-associative(Mul):62;associative(Mul):60;distribute:48;constant-fold:35;halving:26;doubling:19;power-sqrt:14;even-negation(Cos):7;even-negation(Abs):7,0,0,0,0,nan,nan,0,0,nan,nan,0.0,1.0,0.0,0.0,1.0,1.0,1.0,nan,14.129032258064516,118.70967741935483,0.8064516129032258,1.0,0.0,0.0,0.0,nan
bwd_band13_d6:6,bwd_bands,synthetic,64.0,64.0,64.0,58.0,1.103,135.0,0.0,0.0,0.0,0.0,0.0,0.0,0.0,0.0,0.0,0.0,0.0,0.0,6.0,16.0,Abs:7;Add:9;Const:9;Exp:1;Exp2:1;Min:1;Mul:7;Neg:14;Pow:4;Recip:1;Var:4,64.0,58.0,1081.0,2215.0,2.049,100.0,5000.0,Quiesced,6.0,2203.0,261.0,339.0,5.4,35.0,1509212.0,1430620.0,1.055,929.0,646.0,1.438,0.0,-40.24,retired_axis,nan,nan,nan,nan,nan,nan,nan,nan,nan,nan,nan,nan,nan,nan,nan,nan,fma-fusion:550;commutative(Add):517;reverse-associative(Add):265;associative(Add):227;commutative(Mul):176;constant-fold:97;factor:81;even-negation(Abs):67;involution(Sub):65;distribute:44;associative(Mul):28;reverse-associative(Mul):28;halving:20;doubling:15;power-sqrt:12;commutative(Min):11,0,0,0,0,nan,nan,0,0,nan,nan,0.0,1.0,0.0,0.0,1.0,1.0,1.0,nan,5.844827586206897,37.98275862068966,0.603448275862069,1.0,0.0,0.0,0.0,nan
bwd_band13_d6:7,bwd_bands,synthetic,64.0,64.0,49.0,44.0,1.114,49.0,0.0,0.0,0.0,0.0,0.0,0.0,0.0,0.0,0.0,0.0,0.0,0.0,5.0,24.0,Abs:5;Add:5;Const:4;Cos:1;Log10:1;Min:1;Mul:2;Neg:17;Pow:3;Recip:1;Sqrt:1;Var:3,49.0,44.0,927.0,927.0,1.0,50.0,2000.0,Quiesced,3.0,154.0,35.0,70.0,0.8,24.0,1108060.0,1108060.0,1.0,331.0,331.0,1.0,0.0,-64.29,retired_axis,nan,nan,nan,nan,nan,nan,nan,nan,nan,nan,nan,nan,nan,nan,nan,nan,involution(Sub):45;commutative(Add):25;even-negation(Abs):25;commutative(Mul):22;reverse-associative(Mul):8;associative(Mul):7;power-recip:6;commutative(Min):5;even-negation(Cos):5;power-rsqrt:3;recip-sqrt:3,0,0,0,0,nan,nan,0,0,nan,nan,0.0,1.0,0.0,0.0,1.0,1.0,0.0,nan,1.5909090909090908,3.5,0.5454545454545454,1.0,0.0,0.0,0.0,nan
bwd_band13_d6:8,bwd_bands,synthetic,64.0,64.0,79.0,66.0,1.197,161.0,0.0,0.0,0.0,0.0,0.0,0.0,0.0,0.0,0.0,0.0,0.0,0.0,14.0,21.0,Abs:6;Add:12;Const:4;Cos:3;Exp2:1;Log2:1;Mul:12;Neg:14;Pow:6;Recip:1;Sin:2;Tan:1;Var:3,79.0,66.0,2003.0,3684.0,1.839,100.0,5000.0,ClassCap,7.0,14585.0,3727.0,4441.0,54.6,56.0,678272.0,447416.0,1.516,2597.0,1061.0,2.448,0.0,-47.03,retired_axis,nan,nan,nan,nan,nan,nan,nan,nan,nan,nan,nan,nan,nan,nan,nan,nan,fma-fusion:2648;commutative(Mul):1992;commutative(Add):1718;reverse-associative(Mul):1328;reverse-associative(Add):1242;associative(Mul):1135;associative(Add):1099;distribute:991;factor:840;halving:614;doubling:388;identity(Mul):240;involution(Sub):88;even-negation(Abs):72;constant-fold:34;even-negation(Cos):33;half-angle-product:32;power-sqrt:28;odd-negation(Sin):13;reverse-angle-addition:8;power-combine:7;power-recip:7;inverse-annihilation(Div):6;sin-angle-addition:6;power-identity:6;canonicalize(Div):5;cancellation(Div):3;cos-angle-addition:1;diff-of-squares:1,0,0,0,0,nan,nan,0,0,nan,nan,1.0,0.0,0.0,0.0,1.0,1.0,1.0,nan,67.28787878787878,220.9848484848485,0.8484848484848485,1.0,0.0,0.0,0.0,nan
bwd_band13_d6:9,bwd_bands,synthetic,64.0,64.0,72.0,57.0,1.263,174.0,0.0,0.0,0.0,0.0,0.0,0.0,0.0,0.0,0.0,0.0,0.0,0.0,9.0,19.0,Abs:6;Add:12;Const:7;Ln:1;Min:2;Mul:9;Neg:9;Pow:6;Tan:2;Var:3,72.0,57.0,1622.0,3418.0,2.107,100.0,5000.0,Quiesced,7.0,3681.0,344.0,439.0,12.6,42.0,43516.0,43507.0,1.0,865.0,856.0,1.011,0.0,-47.23,retired_axis,nan,nan,nan,nan,nan,nan,nan,nan,nan,nan,nan,nan,nan,nan,nan,nan,commutative(Add):845;fma-fusion:782;commutative(Mul):419;reverse-associative(Add):395;associative(Add):359;factor:262;distribute:131;reverse-associative(Mul):86;associative(Mul):84;commutative(Min):70;even-negation(Abs):54;constant-fold:46;halving:32;involution(Sub):26;doubling:23;power-recip:21;reverse-associative(Min):20;associative(Min):19;power-sqrt:7,0,0,0,0,nan,nan,0,0,nan,nan,0.0,1.0,0.0,0.0,1.0,1.0,1.0,nan,7.701754385964913,64.57894736842105,0.7368421052631579,1.0,0.0,0.0,0.0,nan
bwd_band13_d6:10,bwd_bands,synthetic,64.0,64.0,65.0,47.0,1.383,67.0,0.0,0.0,0.0,0.0,0.0,0.0,0.0,0.0,0.0,0.0,0.0,0.0,11.0,12.0,Abs:5;Add:11;Const:6;Exp:2;Ln:2;Log10:3;Max:2;Min:2;Mul:4;Neg:3;Pow:2;Sin:2;Var:3,65.0,47.0,1440.0,1459.0,1.013,100.0,5000.0,ClassCap,9.0,16916.0,1953.0,2213.0,65.1,34.0,340943.0,340929.0,1.0,1058.0,1044.0,1.013,0.0,-27.5,retired_axis,nan,nan,nan,nan,nan,nan,nan,nan,nan,nan,nan,nan,nan,nan,nan,nan,reverse-associative(Add):4224;associative(Add):3924;commutative(Add):3751;fma-fusion:1758;identity(Add):772;commutative(Mul):424;reverse-associative(Mul):419;distribute:368;associative(Mul):340;factor:207;constant-fold:195;halving:148;annihilator:123;doubling:90;inverse-annihilation(Sub):35;even-negation(Abs):35;commutative(Min):34;commutative(Max):34;involution(Sub):17;power-sqrt:9;power-rsqrt:9,0,0,0,0,nan,nan,0,0,nan,nan,1.0,0.0,0.0,0.0,1.0,1.0,1.0,nan,47.08510638297872,359.9148936170213,0.723404255319149,1.0,0.0,0.0,0.0,nan
bwd_band13_d6:11,bwd_bands,synthetic,64.0,64.0,61.0,56.0,1.089,61.0,0.0,0.0,0.0,0.0,0.0,0.0,0.0,0.0,0.0,0.0,0.0,0.0,10.0,18.0,Abs:8;Add:7;Const:6;Cos:1;Ln:1;Log10:1;Log2:1;Mul:2;Neg:20;Pow:4;Sin:2;Var:3,61.0,56.0,1505.0,1505.0,1.0,100.0,5000.0,Quiesced,3.0,180.0,40.0,88.0,1.3,34.0,2535889.0,2535889.0,1.0,1084.0,1084.0,1.0,0.0,-27.97,retired_axis,nan,nan,nan,nan,nan,nan,nan,nan,nan,nan,nan,nan,nan,nan,nan,nan,involution(Sub):42;commutative(Add):35;even-negation(Abs):34;commutative(Mul):22;constant-fold:18;reverse-associative(Mul):8;associative(Mul):7;even-negation(Cos):5;odd-negation(Sin):3;power-sqrt:3;power-recip:3,0,0,0,0,nan,nan,0,0,nan,nan,0.0,1.0,0.0,0.0,1.0,1.0,0.0,nan,1.5714285714285714,3.2142857142857144,0.6071428571428571,1.0,0.0,0.0,0.0,nan
bwd_band13_d6:12,bwd_bands,synthetic,64.0,64.0,25.0,23.0,1.087,25.0,0.0,0.0,0.0,0.0,0.0,0.0,0.0,0.0,0.0,0.0,0.0,0.0,4.0,19.0,Abs:3;Add:2;Atan2:1;Const:3;Neg:9;Pow:3;Var:2,25.0,23.0,711.0,711.0,1.0,50.0,2000.0,Quiesced,2.0,34.0,13.0,30.0,0.3,12.0,20672.0,20672.0,1.0,323.0,323.0,1.0,0.0,-54.57,retired_axis,nan,nan,nan,nan,nan,nan,nan,nan,nan,nan,nan,nan,nan,nan,nan,nan,involution(Sub):15;even-negation(Abs):9;commutative(Add):6;power-sqrt:2;power-recip:2,0,0,0,0,nan,nan,0,0,nan,nan,0.0,1.0,0.0,0.0,1.0,1.0,0.0,nan,1.3043478260869565,1.4782608695652173,0.5217391304347826,1.0,0.0,0.0,0.0,nan
bwd_band13_d6:13,bwd_bands,synthetic,64.0,64.0,57.0,47.0,1.213,57.0,0.0,0.0,0.0,0.0,0.0,0.0,0.0,0.0,0.0,0.0,0.0,0.0,9.0,20.0,Abs:6;Add:8;Atan2:2;Const:5;Ln:2;Log10:1;Min:1;Mul:1;Neg:14;Pow:4;Var:3,57.0,47.0,1432.0,1435.0,1.002,100.0,5000.0,Quiesced,5.0,262.0,35.0,74.0,2.1,28.0,461622.0,461622.0,1.0,651.0,651.0,1.0,0.0,-54.54,retired_axis,nan,nan,nan,nan,nan,nan,nan,nan,nan,nan,nan,nan,nan,nan,nan,nan,commutative(Add):78;involution(Sub):55;even-negation(Abs):50;constant-fold:27;power-recip:10;inverse-annihilation(Sub):9;commutative(Mul):9;commutative(Min):9;power-sqrt:5;power-rsqrt:5;recip-sqrt:5,0,0,0,0,nan,nan,0,0,nan,nan,0.0,1.0,0.0,0.0,1.0,1.0,0.0,nan,1.574468085106383,5.574468085106383,0.5957446808510638,1.0,0.0,0.0,0.0,nan
bwd_band13_d6:14,bwd_bands,synthetic,64.0,64.0,48.0,42.0,1.143,62.0,0.0,0.0,0.0,0.0,0.0,0.0,0.0,0.0,0.0,0.0,0.0,0.0,7.0,25.0,Abs:4;Add:6;Atan2:1;Const:4;Exp2:1;Ln:1;Mul:4;Neg:13;Pow:4;Var:4,48.0,42.0,1155.0,1377.0,1.192,50.0,2000.0,Quiesced,5.0,412.0,50.0,94.0,2.1,29.0,2008470.0,2006998.0,1.001,786.0,763.0,1.03,0.0,-33.94,retired_axis,nan,nan,nan,nan,nan,nan,nan,nan,nan,nan,nan,nan,nan,nan,nan,nan,commutative(Mul):106;reverse-associative(Mul):60;involution(Sub):56;associative(Mul):54;commutative(Add):45;even-negation(Abs):36;halving:14;fma-fusion:10;constant-fold:9;doubling:8;power-sqrt:5;power-recip:5;power-combine:4,0,0,0,0,nan,nan,0,0,nan,nan,0.0,1.0,0.0,0.0,1.0,1.0,1.0,nan,2.238095238095238,9.80952380952381,0.6904761904761905,1.0,0.0,0.0,0.0,nan
bwd_band13_d6:15,bwd_bands,synthetic,64.0,64.0,44.0,40.0,1.1,73.0,0.0,0.0,0.0,0.0,0.0,0.0,0.0,0.0,0.0,0.0,0.0,0.0,8.0,19.0,Abs:5;Add:7;Const:5;Ln:1;Log10:1;Log2:1;Mul:4;Neg:9;Pow:3;Sin:1;Tan:1;Var:2,44.0,40.0,1219.0,1929.0,1.582,50.0,2000.0,Quiesced,6.0,1963.0,222.0,279.0,6.3,22.0,8927.0,8309.0,1.074,989.0,623.0,1.587,0.0,-48.89,retired_axis,nan,nan,nan,nan,nan,nan,nan,nan,nan,nan,nan,nan,nan,nan,nan,nan,fma-fusion:505;commutative(Add):468;reverse-associative(Add):254;associative(Add):226;commutative(Mul):117;factor:85;constant-fold:75;distribute:49;even-negation(Abs):45;involution(Sub):39;halving:26;doubling:19;associative(Mul):19;reverse-associative(Mul):18;power-sqrt:12;power-recip:6,0,0,0,0,nan,nan,0,0,nan,nan,0.0,1.0,0.0,0.0,1.0,1.0,1.0,nan,6.975,49.075,0.55,1.0,0.0,0.0,0.0,nan
bwd_band13_d6:16,bwd_bands,synthetic,64.0,64.0,13.0,11.0,1.182,13.0,0.0,0.0,0.0,0.0,0.0,0.0,0.0,0.0,0.0,0.0,0.0,0.0,5.0,7.0,Cos:1;Exp2:2;Max:1;Mul:1;Neg:3;Sin:1;Tan:1;Var:1,13.0,11.0,387.0,387.0,1.0,50.0,2000.0,Quiesced,3.0,30.0,7.0,17.0,0.2,8.0,24192.0,24192.0,1.0,378.0,378.0,1.0,0.0,-2.33,ok,1408.0,0.0,1.0,0.0,0.0,192.0,0.0,0.0,1.0,0.0,0.0,1.0,1.0,0.0,1088.0,12288.0,involution(Sub):10;commutative(Mul):5;commutative(Max):5;odd-negation(Tan):5;even-negation(Cos):5,194,4,128,0,0.6597938144329897,0.0,0,4,0.0,1.0,0.0,1.0,0.0,0.0,1.0,1.0,0.0,1.0,1.5454545454545454,2.727272727272727,0.7272727272727273,1.0,0.0,0.0,0.0,128.0
bwd_band13_d6:17,bwd_bands,synthetic,64.0,64.0,34.0,32.0,1.062,34.0,0.0,0.0,0.0,0.0,0.0,0.0,0.0,0.0,0.0,0.0,0.0,0.0,6.0,21.0,Abs:3;Add:5;Const:4;Log10:1;Log2:1;Max:1;Mul:1;Neg:9;Pow:1;Sin:2;Tan:1;Var:3,34.0,32.0,743.0,743.0,1.0,50.0,2000.0,Quiesced,3.0,115.0,25.0,53.0,1.1,21.0,913969.0,913969.0,1.0,532.0,532.0,1.0,0.0,-28.4,retired_axis,nan,nan,nan,nan,nan,nan,nan,nan,nan,nan,nan,nan,nan,nan,nan,nan,commutative(Add):37;involution(Sub):21;even-negation(Abs):15;constant-fold:14;reverse-associative(Add):8;associative(Add):7;commutative(Mul):5;commutative(Max):5;power-recip:3,0,0,0,0,nan,nan,0,0,nan,nan,0.0,1.0,0.0,0.0,1.0,1.0,0.0,nan,1.65625,3.59375,0.65625,1.0,0.0,0.0,0.0,nan
bwd_band13_d6:18,bwd_bands,synthetic,64.0,64.0,12.0,12.0,1.0,12.0,0.0,0.0,0.0,0.0,0.0,0.0,0.0,0.0,0.0,0.0,0.0,0.0,2.0,10.0,Abs:2;Add:1;Const:2;Log2:1;Neg:4;Pow:1;Var:1,12.0,12.0,340.0,340.0,1.0,50.0,2000.0,Quiesced,2.0,17.0,6.0,16.0,0.4,7.0,602112.0,602112.0,1.0,147.0,147.0,1.0,0.0,-56.76,ok,640.0,0.0,0.0,0.0,0.0,0.0,53.0,0.0,0.0,1.0,0.0,0.0,0.0,0.0,0.0,54272.0,involution(Sub):6;even-negation(Abs):6;commutative(Add):3;power-sqrt:2,106,4,4,0,0.03773584905660377,0.0,0,4,0.0,1.0,0.0,1.0,0.0,0.0,1.0,0.0,0.0,0.0,1.3333333333333333,1.4166666666666667,0.5833333333333334,1.0,0.0,0.0,0.0,53.333333333333336
bwd_band13_d6:19,bwd_bands,synthetic,64.0,64.0,58.0,51.0,1.137,89.0,0.0,0.0,0.0,0.0,0.0,0.0,0.0,0.0,0.0,0.0,0.0,0.0,10.0,25.0,Abs:6;Add:6;Atan2:2;Const:4;Exp:2;Exp2:1;Ln:1;Log10:1;Mul:3;Neg:16;Pow:3;Recip:1;Sqrt:1;Sub:1;Var:3,58.0,51.0,1367.0,1929.0,1.411,100.0,5000.0,Quiesced,3.0,188.0,41.0,84.0,1.0,31.0,27362.0,27022.0,1.013,1280.0,940.0,1.362,0.0,-31.24,retired_axis,nan,nan,nan,nan,nan,nan,nan,nan,nan,nan,nan,nan,nan,nan,nan,nan,involution(Sub):42;commutative(Add):32;even-negation(Abs):30;commutative(Mul):14;constant-fold:12;halving:10;fma-fusion:9;reverse-associative(Mul):8;doubling:6;associative(Mul):6;power-sqrt:6;distribute:4;canonicalize(Sub):3;factor:3;recip-sqrt:3,0,0,0,0,nan,nan,0,0,nan,nan,0.0,1.0,0.0,0.0,1.0,1.0,1.0,nan,1.6470588235294117,3.6862745098039214,0.6078431372549019,1.0,0.0,0.0,0.0,nan
bwd_band13_d6:20,bwd_bands,synthetic,64.0,64.0,26.0,24.0,1.083,45.0,0.0,0.0,0.0,0.0,0.0,0.0,0.0,0.0,0.0,0.0,0.0,0.0,4.0,15.0,Abs:1;Add:3;Const:4;Min:1;Mul:4;Neg:4;Pow:2;Sin:2;Var:3,26.0,24.0,582.0,814.0,1.399,50.0,2000.0,Quiesced,10.0,9489.0,630.0,719.0,21.6,19.0,950291.0,823308.0,1.154,251.0,213.0,1.178,0.0,-63.4,retired_axis,nan,nan,nan,nan,nan,nan,nan,nan,nan,nan,nan,nan,nan,nan,nan,nan,commutative(Mul):1627;fma-fusion:1555;commutative(Add):1344;reverse-associative(Mul):996;associative(Mul):881;factor:780;reverse-associative(Add):699;distribute:651;associative(Add):618;halving:136;doubling:85;involution(Sub):29;constant-fold:21;commutative(Min):19;even-negation(Abs):19;power-sqrt:10;power-recip:10;power-combine:9,0,0,0,0,nan,nan,0,0,nan,nan,0.0,1.0,0.0,0.0,1.0,1.0,1.0,nan,29.958333333333332,395.375,0.7916666666666666,1.0,0.0,0.0,0.0,nan
bwd_band13_d6:21,bwd_bands,synthetic,64.0,64.0,47.0,39.0,1.205,47.0,0.0,0.0,0.0,0.0,0.0,0.0,0.0,0.0,0.0,0.0,0.0,0.0,6.0,31.0,Abs:5;Add:6;Const:4;Exp2:1;Ln:1;Mul:3;Neg:13;Pow:4;Var:2,47.0,39.0,1074.0,1074.0,1.0,50.0,2000.0,Quiesced,4.0,190.0,30.0,61.0,1.3,23.0,487.0,487.0,1.0,487.0,487.0,1.0,0.0,-54.66,retired_axis,nan,nan,nan,nan,nan,nan,nan,nan,nan,nan,nan,nan,nan,nan,nan,nan,commutative(Add):46;involution(Sub):43;even-negation(Abs):35;constant-fold:25;commutative(Mul):21;power-recip:12;fma-fusion:8,0,0,0,0,nan,nan,0,0,nan,nan,0.0,1.0,0.0,0.0,1.0,1.0,0.0,nan,1.564102564102564,4.871794871794871,0.5897435897435898,1.0,0.0,0.0,0.0,nan
bwd_band13_d6:22,bwd_bands,synthetic,64.0,64.0,7.0,7.0,1.0,7.0,0.0,0.0,0.0,0.0,0.0,0.0,0.0,0.0,0.0,0.0,0.0,0.0,2.0,7.0,Cos:1;Neg:4;Sin:1;Var:1,7.0,7.0,157.0,157.0,1.0,20.0,500.0,Quiesced,2.0,10.0,4.0,8.0,0.1,3.0,145.0,145.0,1.0,145.0,145.0,1.0,0.0,-7.64,retired_axis,nan,nan,nan,nan,nan,nan,nan,nan,nan,nan,nan,nan,nan,nan,nan,nan,involution(Sub):7;even-negation(Cos):3,0,0,0,0,nan,nan,0,0,nan,nan,0.0,1.0,0.0,0.0,1.0,0.0,0.0,nan,1.1428571428571428,1.4285714285714286,0.42857142857142855,1.0,0.0,0.0,0.0,nan
bwd_band13_d6:23,bwd_bands,synthetic,64.0,64.0,36.0,32.0,1.125,36.0,0.0,0.0,0.0,0.0,0.0,0.0,0.0,0.0,0.0,0.0,0.0,0.0,7.0,22.0,Abs:3;Add:4;Const:4;Exp:2;Log10:1;Min:1;Mul:2;Neg:9;Pow:2;Sin:1;Tan:1;Var:2,36.0,32.0,898.0,898.0,1.0,50.0,2000.0,Quiesced,4.0,182.0,31.0,60.0,0.9,20.0,504.0,504.0,1.0,504.0,504.0,1.0,0.0,-43.88,retired_axis,nan,nan,nan,nan,nan,nan,nan,nan,nan,nan,nan,nan,nan,nan,nan,nan,commutative(Add):37;involution(Sub):33;commutative(Mul):29;constant-fold:25;even-negation(Abs):21;power-recip:8;commutative(Min):7;factor:7;fma-fusion:7;distribute:4;exp-homomorphism:4,0,0,0,0,nan,nan,0,0,nan,nan,0.0,1.0,0.0,0.0,1.0,1.0,0.0,nan,1.875,5.6875,0.625,1.0,0.0,0.0,0.0,nan
bwd_band14_d7:0,bwd_bands,synthetic,64.0,64.0,59.0,53.0,1.113,80.0,0.0,0.0,0.0,0.0,0.0,0.0,0.0,0.0,0.0,0.0,0.0,0.0,12.0,22.0,Abs:6;Add:8;Atan2:2;Const:7;Exp:2;Ln:1;Log10:1;Log2:2;Max:2;Mul:3;Neg:11;Pow:3;Sin:1;Var:4,59.0,53.0,1576.0,2173.0,1.379,100.0,5000.0,Quiesced,6.0,1871.0,234.0,306.0,4.8,37.0,2050352.0,1072560.0,1.912,1403.0,993.0,1.413,0.0,-36.99,retired_axis,nan,nan,nan,nan,nan,nan,nan,nan,nan,nan,nan,nan,nan,nan,nan,nan,fma-fusion:492;commutative(Add):468;reverse-associative(Add):248;associative(Add):211;commutative(Mul):82;factor:69;constant-fold:63;involution(Sub):56;even-negation(Abs):50;distribute:34;commutative(Max):22;halving:20;doubling:15;associative(Mul):12;power-sqrt:12;reverse-associative(Mul):11;power-rsqrt:6,0,0,0,0,nan,nan,0,0,nan,nan,0.0,1.0,0.0,0.0,1.0,1.0,1.0,nan,5.773584905660377,35.301886792452834,0.6981132075471698,1.0,0.0,0.0,0.0,nan
bwd_band14_d7:1,bwd_bands,synthetic,64.0,64.0,28.0,25.0,1.12,28.0,0.0,0.0,0.0,0.0,0.0,0.0,0.0,0.0,0.0,0.0,0.0,0.0,4.0,13.0,Abs:2;Add:2;Const:3;Cos:1;Max:1;Min:1;Neg:9;Pow:2;Tan:1;Var:3,28.0,25.0,601.0,607.0,1.01,50.0,2000.0,Quiesced,2.0,37.0,14.0,34.0,0.3,16.0,411357.0,411357.0,1.0,219.0,219.0,1.0,0.0,-63.56,retired_axis,nan,nan,nan,nan,nan,nan,nan,nan,nan,nan,nan,nan,nan,nan,nan,nan,involution(Sub):12;commutative(Add):6;even-negation(Abs):6;commutative(Min):3;commutative(Max):3;even-negation(Cos):3;power-sqrt:2;power-recip:2,0,0,0,0,nan,nan,0,0,nan,nan,0.0,1.0,0.0,0.0,1.0,1.0,0.0,nan,1.36,1.48,0.64,1.0,0.0,0.0,0.0,nan
bwd_band14_d7:2,bwd_bands,synthetic,64.0,64.0,32.0,30.0,1.067,32.0,0.0,0.0,0.0,0.0,0.0,0.0,0.0,0.0,0.0,0.0,0.0,0.0,5.0,17.0,Abs:3;Add:2;Const:5;Exp2:1;Ln:1;Log10:1;Max:2;Min:1;Mul:2;Neg:8;Pow:1;Sin:1;Var:2,32.0,30.0,657.0,657.0,1.0,50.0,2000.0,Quiesced,3.0,101.0,22.0,49.0,1.1,21.0,1204382.0,1204382.0,1.0,452.0,452.0,1.0,0.0,-31.2,retired_axis,nan,nan,nan,nan,nan,nan,nan,nan,nan,nan,nan,nan,nan,nan,nan,nan,commutative(Mul):22;involution(Sub):21;even-negation(Abs):15;commutative(Add):10;commutative(Max):10;reverse-associative(Mul):8;associative(Mul):7;commutative(Min):5;power-sqrt:3,0,0,0,0,nan,nan,0,0,nan,nan,0.0,1.0,0.0,0.0,1.0,1.0,0.0,nan,1.6333333333333333,3.3666666666666667,0.7,1.0,0.0,0.0,0.0,nan
bwd_band14_d7:3,bwd_bands,synthetic,64.0,64.0,48.0,43.0,1.116,48.0,0.0,0.0,0.0,0.0,0.0,0.0,0.0,0.0,0.0,0.0,0.0,0.0,9.0,24.0,Abs:5;Add:5;Const:4;Cos:2;Log2:1;Min:1;Neg:17;Pow:4;Tan:2;Var:2,48.0,43.0,1319.0,1319.0,1.0,50.0,2000.0,Quiesced,2.0,75.0,27.0,61.0,0.5,24.0,720.0,720.0,1.0,720.0,720.0,1.0,0.0,-45.41,retired_axis,nan,nan,nan,nan,nan,nan,nan,nan,nan,nan,nan,nan,nan,nan,nan,nan,involution(Sub):25;commutative(Add):15;even-negation(Abs):15;even-negation(Cos):6;power-recip:4;constant-fold:3;commutative(Min):3;power-sqrt:2;recip-sqrt:2,0,0,0,0,nan,nan,0,0,nan,nan,0.0,1.0,0.0,0.0,1.0,1.0,0.0,nan,1.4186046511627908,1.744186046511628,0.5581395348837209,1.0,0.0,0.0,0.0,nan
bwd_band14_d7:4,bwd_bands,synthetic,64.0,64.0,20.0,18.0,1.111,35.0,0.0,0.0,0.0,0.0,0.0,0.0,0.0,0.0,0.0,0.0,0.0,0.0,1.0,9.0,Abs:1;Add:2;Const:3;Min:1;Mul:4;Neg:3;Pow:1;Var:3,20.0,18.0,239.0,464.0,1.941,50.0,2000.0,Quiesced,5.0,412.0,49.0,72.0,1.2,12.0,751.0,538.0,1.396,436.0,223.0,1.955,0.0,-6.69,retired_axis,nan,nan,nan,nan,nan,nan,nan,nan,nan,nan,nan,nan,nan,nan,nan,nan,commutative(Mul):136;associative(Mul):47;reverse-associative(Mul):46;commutative(Add):34;distribute:27;factor:22;fma-fusion:22;constant-fold:18;reverse-associative(Min):14;associative(Min):13;commutative(Min):12;involution(Sub):9;even-negation(Abs):9;idempotent(Min):3,0,0,0,0,nan,nan,0,0,nan,nan,0.0,1.0,0.0,0.0,1.0,1.0,1.0,nan,4.0,22.88888888888889,0.6666666666666666,1.0,0.0,0.0,0.0,nan
bwd_band14_d7:5,bwd_bands,synthetic,64.0,64.0,34.0,33.0,1.03,36.0,0.0,0.0,0.0,0.0,0.0,0.0,0.0,0.0,0.0,0.0,0.0,0.0,4.0,22.0,Abs:4;Add:3;Const:5;Cos:1;Max:1;Mul:3;Neg:9;Pow:3;Sqrt:1;Var:3,34.0,33.0,747.0,747.0,1.0,50.0,2000.0,Quiesced,2.0,54.0,20.0,48.0,0.4,20.0,211923.0,211923.0,1.0,180.0,180.0,1.0,0.0,-75.9,retired_axis,nan,nan,nan,nan,nan,nan,nan,nan,nan,nan,nan,nan,nan,nan,nan,nan,involution(Sub):13;commutative(Add):9;even-negation(Abs):8;constant-fold:5;fma-fusion:4;commutative(Mul):3;commutative(Max):3;even-negation(Cos):3;power-sqrt:2;power-recip:2;power-rsqrt:2,0,0,0,0,nan,nan,0,0,nan,nan,0.0,1.0,0.0,0.0,1.0,1.0,0.0,nan,1.4545454545454546,1.6363636363636365,0.6060606060606061,1.0,0.0,0.0,0.0,nan
bwd_band14_d7:6,bwd_bands,synthetic,64.0,64.0,75.0,63.0,1.19,75.0,0.0,0.0,0.0,0.0,0.0,0.0,0.0,0.0,0.0,0.0,0.0,0.0,14.0,22.0,Abs:7;Add:8;Const:7;Cos:2;Exp:2;Log10:1;Mul:3;Neg:21;Pow:8;Tan:1;Var:3,75.0,63.0,2220.0,2226.0,1.003,100.0,5000.0,Quiesced,3.0,260.0,59.0,112.0,3.0,35.0,1077405.0,1076957.0,1.0,1050.0,1043.0,1.007,0.0,-53.02,retired_axis,nan,nan,nan,nan,nan,nan,nan,nan,nan,nan,nan,nan,nan,nan,nan,nan,involution(Sub):52;commutative(Add):52;even-negation(Abs):35;commutative(Mul):27;fma-fusion:16;constant-fold:14;even-negation(Cos):10;power-sqrt:9;power-recip:9;reverse-associative(Add):8;reverse-associative(Mul):8;associative(Add):7;associative(Mul):7;recip-sqrt:6,0,0,0,0,nan,nan,0,0,nan,nan,0.0,1.0,0.0,0.0,1.0,1.0,1.0,nan,1.7777777777777777,4.126984126984127,0.5555555555555556,1.0,0.0,0.0,0.0,nan
bwd_band14_d7:7,bwd_bands,synthetic,64.0,64.0,36.0,33.0,1.091,36.0,0.0,0.0,0.0,0.0,0.0,0.0,0.0,0.0,0.0,0.0,0.0,0.0,7.0,18.0,Abs:5;Add:3;Const:5;Log10:1;Log2:1;Max:3;Mul:1;Neg:6;Pow:3;Sin:1;Tan:1;Var:3,36.0,33.0,1060.0,1060.0,1.0,50.0,2000.0,Quiesced,3.0,153.0,28.0,58.0,1.8,22.0,1392787.0,1392787.0,1.0,487.0,487.0,1.0,0.0,-54.06,retired_axis,nan,nan,nan,nan,nan,nan,nan,nan,nan,nan,nan,nan,nan,nan,nan,nan,commutative(Max):29;reverse-associative(Max):27;associative(Max):25;involution(Sub):15;commutative(Add):15;even-negation(Abs):15;constant-fold:8;power-sqrt:6;commutative(Mul):5;power-recip:3;recip-sqrt:3;idempotent(Max):2,0,0,0,0,nan,nan,0,0,nan,nan,0.0,1.0,0.0,0.0,1.0,1.0,0.0,nan,1.7575757575757576,4.636363636363637,0.6666666666666666,1.0,0.0,0.0,0.0,nan
bwd_band14_d7:8,bwd_bands,synthetic,64.0,64.0,15.0,15.0,1.0,15.0,0.0,0.0,0.0,0.0,0.0,0.0,0.0,0.0,0.0,0.0,0.0,0.0,2.0,13.0,Abs:2;Add:1;Const:2;Neg:7;Pow:1;Sin:1;Var:1,15.0,15.0,297.0,297.0,1.0,50.0,2000.0,Quiesced,2.0,23.0,9.0,19.0,0.4,7.0,393216.0,393216.0,1.0,96.0,96.0,1.0,0.0,-67.68,ok,624.0,0.0,0.0,0.0,0.0,0.0,40.0,0.0,0.0,1.0,0.0,0.0,0.0,0.0,0.0,40960.0,involution(Sub):12;even-negation(Abs):6;commutative(Add):3;power-recip:2,80,2,60,58,0.75,0.725,2,2,1.0,0.033333333333333326,0.0,1.0,0.0,0.0,1.0,0.0,0.0,0.0,1.2666666666666666,1.5333333333333334,0.4666666666666667,1.0,0.0,0.0,0.0,41.6
bwd_band14_d7:9,bwd_bands,synthetic,64.0,64.0,30.0,28.0,1.071,30.0,0.0,0.0,0.0,0.0,0.0,0.0,0.0,0.0,0.0,0.0,0.0,0.0,6.0,24.0,Abs:3;Add:2;Const:3;Cos:1;Exp2:1;Mul:1;Neg:11;Pow:3;Sin:1;Var:2,30.0,28.0,857.0,857.0,1.0,50.0,2000.0,Quiesced,2.0,45.0,17.0,38.0,0.6,15.0,708718.0,708718.0,1.0,283.0,283.0,1.0,0.0,-66.98,retired_axis,nan,nan,nan,nan,nan,nan,nan,nan,nan,nan,nan,nan,nan,nan,nan,nan,involution(Sub):18;even-negation(Abs):9;commutative(Add):6;power-recip:4;commutative(Mul):3;even-negation(Cos):3;power-sqrt:2,0,0,0,0,nan,nan,0,0,nan,nan,0.0,1.0,0.0,0.0,1.0,1.0,0.0,nan,1.3571428571428572,1.6071428571428572,0.5357142857142857,1.0,0.0,0.0,0.0,nan
bwd_band14_d7:10,bwd_bands,synthetic,64.0,64.0,47.0,40.0,1.175,73.0,0.0,0.0,0.0,0.0,0.0,0.0,0.0,0.0,0.0,0.0,0.0,0.0,9.0,23.0,Abs:6;Add:6;Atan2:1;Const:4;Ln:1;Log10:1;Log2:1;Max:1;Mul:2;Neg:10;Pow:4;Tan:1;Var:2,47.0,40.0,1419.0,2073.0,1.461,50.0,2000.0,Quiesced,3.0,117.0,26.0,60.0,1.8,25.0,51001.0,31967.0,1.595,1105.0,656.0,1.684,0.0,-53.77,retired_axis,nan,nan,nan,nan,nan,nan,nan,nan,nan,nan,nan,nan,nan,nan,nan,nan,commutative(Add):30;involution(Sub):25;even-negation(Abs):25;constant-fold:14;power-sqrt:6;power-recip:6;fma-fusion:6;commutative(Max):5,0,0,0,0,nan,nan,0,0,nan,nan,0.0,1.0,0.0,0.0,1.0,1.0,1.0,nan,1.5,2.925,0.625,1.0,0.0,0.0,0.0,nan
bwd_band14_d7:11,bwd_bands,synthetic,64.0,64.0,34.0,32.0,1.062,35.0,0.0,0.0,0.0,0.0,0.0,0.0,0.0,0.0,0.0,0.0,0.0,0.0,5.0,24.0,Abs:3;Add:3;Const:6;Exp:2;Log2:1;Mul:4;Neg:8;Pow:2;Recip:1;Sqrt:1;Var:1,34.0,32.0,760.0,760.0,1.0,50.0,2000.0,Quiesced,5.0,244.0,31.0,59.0,1.3,18.0,343.0,343.0,1.0,343.0,343.0,1.0,0.0,-54.87,retired_axis,nan,nan,nan,nan,nan,nan,nan,nan,nan,nan,nan,nan,nan,nan,nan,nan,commutative(Mul):64;involution(Sub):37;constant-fold:36;commutative(Add):33;even-negation(Abs):27;reverse-associative(Mul):14;associative(Mul):13;recip-sqrt:10;power-sqrt:5;power-recip:5,0,0,0,0,nan,nan,0,0,nan,nan,0.0,1.0,0.0,0.0,1.0,1.0,0.0,nan,1.84375,7.625,0.5625,1.0,0.0,0.0,0.0,nan
bwd_band14_d7:12,bwd_bands,synthetic,64.0,64.0,13.0,10.0,1.3,13.0,0.0,0.0,0.0,0.0,0.0,0.0,0.0,0.0,0.0,0.0,0.0,0.0,1.0,7.0,Abs:2;Add:2;Const:1;Log10:1;Neg:3;Var:1,13.0,10.0,157.0,163.0,1.038,50.0,2000.0,Quiesced,3.0,30.0,8.0,16.0,0.4,6.0,148.0,145.0,1.021,148.0,145.0,1.021,0.0,-7.64,retired_axis,nan,nan,nan,nan,nan,nan,nan,nan,nan,nan,nan,nan,nan,nan,nan,nan,commutative(Add):12;even-negation(Abs):10;involution(Sub):8,0,0,0,0,nan,nan,0,0,nan,nan,0.0,1.0,0.0,0.0,1.0,1.0,1.0,nan,1.6,3.0,0.6,1.0,0.0,0.0,0.0,nan
bwd_band14_d7:13,bwd_bands,synthetic,64.0,64.0,63.0,53.0,1.189,63.0,0.0,0.0,0.0,0.0,0.0,0.0,0.0,0.0,0.0,0.0,0.0,0.0,11.0,20.0,Abs:7;Add:7;Atan2:2;Const:7;Log10:1;Log2:1;Min:3;Neg:14;Pow:5;Sin:1;Tan:1;Var:4,63.0,53.0,1651.0,1660.0,1.005,100.0,5000.0,Quiesced,3.0,154.0,31.0,77.0,1.4,34.0,1157447.0,1157255.0,1.0,893.0,890.0,1.003,0.0,-46.09,retired_axis,nan,nan,nan,nan,nan,nan,nan,nan,nan,nan,nan,nan,nan,nan,nan,nan,commutative(Add):35;even-negation(Abs):31;involution(Sub):28;commutative(Min):17;constant-fold:11;associative(Min):9;reverse-associative(Min):9;power-recip:6;power-sqrt:3;power-rsqrt:3;idempotent(Min):2,0,0,0,0,nan,nan,0,0,nan,nan,0.0,1.0,0.0,0.0,1.0,1.0,1.0,nan,1.4528301886792452,2.9056603773584904,0.6415094339622641,1.0,0.0,0.0,0.0,nan
bwd_band14_d7:14,bwd_bands,synthetic,64.0,64.0,65.0,55.0,1.182,65.0,0.0,0.0,0.0,0.0,0.0,0.0,0.0,0.0,0.0,0.0,0.0,0.0,9.0,15.0,Abs:7;Add:10;Atan2:1;Const:6;Exp:1;Ln:1;Log10:1;Log2:1;Max:1;Min:1;Mul:1;Neg:16;Pow:4;Var:4,65.0,55.0,1442.0,1445.0,1.002,100.0,5000.0,Quiesced,4.0,276.0,44.0,92.0,1.3,36.0,1198384.0,1198384.0,1.0,1384.0,1384.0,1.0,0.0,-4.02,retired_axis,nan,nan,nan,nan,nan,nan,nan,nan,nan,nan,nan,nan,nan,nan,nan,nan,commutative(Add):98;constant-fold:50;involution(Sub):43;even-negation(Abs):43;reverse-associative(Add):11;associative(Add):10;commutative(Mul):7;commutative(Min):7;commutative(Max):7,0,0,0,0,nan,nan,0,0,nan,nan,0.0,1.0,0.0,0.0,1.0,1.0,0.0,nan,1.6727272727272726,5.0181818181818185,0.6545454545454545,1.0,0.0,0.0,0.0,nan
bwd_band14_d7:15,bwd_bands,synthetic,64.0,64.0,35.0,31.0,1.129,89.0,0.0,0.0,0.0,0.0,0.0,0.0,0.0,0.0,0.0,0.0,0.0,0.0,5.0,22.0,Abs:2;Add:6;Const:4;Log2:1;Min:1;Mul:4;Neg:5;Pow:3;Sqrt:1;Tan:1;Var:3,35.0,31.0,880.0,1798.0,2.043,50.0,2000.0,Quiesced,5.0,280.0,44.0,77.0,1.2,19.0,20987.0,12192.0,1.721,512.0,285.0,1.796,0.0,-67.61,retired_axis,nan,nan,nan,nan,nan,nan,nan,nan,nan,nan,nan,nan,nan,nan,nan,nan,commutative(Add):94;fma-fusion:40;involution(Sub):23;reverse-associative(Add):22;associative(Add):20;even-negation(Abs):18;power-sqrt:10;constant-fold:9;commutative(Min):9;halving:7;commutative(Mul):5;power-combine:5;power-recip:5;recip-sqrt:5;doubling:4;power-identity:4,0,0,0,0,nan,nan,0,0,nan,nan,0.0,1.0,0.0,0.0,1.0,1.0,1.0,nan,2.4838709677419355,9.03225806451613,0.6129032258064516,1.0,0.0,0.0,0.0,nan
bwd_band14_d7:16,bwd_bands,synthetic,64.0,64.0,70.0,61.0,1.148,231.0,0.0,0.0,0.0,0.0,0.0,0.0,0.0,0.0,0.0,0.0,0.0,0.0,12.0,24.0,Abs:6;Add:11;Atan2:2;Const:8;Exp2:1;Log10:1;Log2:1;Max:1;Min:1;Mul:6;Neg:10;Pow:5;Recip:1;Sin:1;Sqrt:1;Tan:1;Var:4,70.0,61.0,1779.0,6320.0,3.553,100.0,5000.0,Quiesced,6.0,2112.0,236.0,319.0,6.1,45.0,6227260.0,1678882.0,3.709,3175.0,1003.0,3.166,0.0,-43.62,retired_axis,nan,nan,nan,nan,nan,nan,nan,nan,nan,nan,nan,nan,nan,nan,nan,nan,fma-fusion:517;commutative(Add):504;reverse-associative(Add):254;associative(Add):226;commutative(Mul):168;factor:85;reverse-associative(Mul):55;associative(Mul):53;involution(Sub):50;even-negation(Abs):50;distribute:49;halving:26;doubling:19;power-sqrt:12;power-recip:12;commutative(Min):11;commutative(Max):11;recip-sqrt:6;constant-fold:4,0,0,0,0,nan,nan,0,0,nan,nan,0.0,1.0,0.0,0.0,1.0,1.0,1.0,nan,5.229508196721311,34.622950819672134,0.7377049180327869,1.0,0.0,0.0,0.0,nan
bwd_band14_d7:17,bwd_bands,synthetic,64.0,64.0,50.0,45.0,1.111,87.0,0.0,0.0,0.0,0.0,0.0,0.0,0.0,0.0,0.0,0.0,0.0,0.0,8.0,15.0,Abs:5;Add:9;Atan2:1;Const:7;Ln:2;Log10:1;Mul:5;Neg:8;Pow:2;Sin:1;Sqrt:1;Tan:1;Var:2,50.0,45.0,1133.0,2180.0,1.924,50.0,2000.0,Quiesced,6.0,1964.0,219.0,285.0,7.2,31.0,42319.0,22014.0,1.922,1621.0,909.0,1.783,0.0,-19.77,retired_axis,nan,nan,nan,nan,nan,nan,nan,nan,nan,nan,nan,nan,nan,nan,nan,nan,fma-fusion:497;commutative(Add):476;reverse-associative(Add):250;associative(Add):222;commutative(Mul):152;factor:85;constant-fold:49;even-negation(Abs):45;distribute:41;involution(Sub):33;associative(Mul):32;reverse-associative(Mul):31;halving:26;doubling:19;power-recip:6,0,0,0,0,nan,nan,0,0,nan,nan,0.0,1.0,0.0,0.0,1.0,1.0,1.0,nan,6.333333333333333,43.644444444444446,0.6888888888888889,1.0,0.0,0.0,0.0,nan
bwd_band14_d7:18,bwd_bands,synthetic,64.0,64.0,29.0,26.0,1.115,29.0,0.0,0.0,0.0,0.0,0.0,0.0,0.0,0.0,0.0,0.0,0.0,0.0,4.0,16.0,Abs:3;Add:2;Atan2:1;Const:2;Exp:1;Max:1;Min:1;Mul:2;Neg:6;Pow:1;Recip:1;Tan:1;Var:4,29.0,26.0,504.0,504.0,1.0,50.0,2000.0,Quiesced,2.0,37.0,12.0,34.0,0.3,19.0,1504419.0,1504419.0,1.0,483.0,483.0,1.0,0.0,-4.17,retired_axis,nan,nan,nan,nan,nan,nan,nan,nan,nan,nan,nan,nan,nan,nan,nan,nan,involution(Sub):8;even-negation(Abs):8;commutative(Add):6;commutative(Mul):6;commutative(Max):3;idempotent(Min):2;associative(Min):2;reverse-associative(Min):2,0,0,0,0,nan,nan,0,0,nan,nan,0.0,1.0,0.0,0.0,1.0,1.0,0.0,nan,1.3076923076923077,1.4230769230769231,0.7307692307692307,1.0,0.0,0.0,0.0,nan
bwd_band14_d7:19,bwd_bands,synthetic,64.0,64.0,24.0,24.0,1.0,37.0,0.0,0.0,0.0,0.0,0.0,0.0,0.0,0.0,0.0,0.0,0.0,0.0,6.0,13.0,Abs:1;Add:2;Const:3;Cos:2;Mul:2;Neg:8;Pow:2;Sin:2;Var:2,24.0,24.0,727.0,1138.0,1.565,50.0,2000.0,Quiesced,3.0,99.0,24.0,46.0,0.5,10.0,430272.0,430272.0,1.0,108.0,108.0,1.0,0.0,-85.14,ok,640.0,0.0,1.0,1.0,0.0,2.0,41.0,0.0,0.047,0.953,0.0,0.0,0.0,0.0,0.0,42112.0,involution(Sub):25;commutative(Add):14;commutative(Mul):10;odd-negation(Sin):10;even-negation(Cos):10;reverse-angle-addition:6;fma-fusion:6;even-negation(Abs):5;sin-angle-addition:4;power-sqrt:3;power-recip:3;recip-sqrt:3,86,2,60,58,0.6976744186046512,0.6744186046511628,2,2,1.0,0.033333333333333326,0.0,1.0,0.0,0.0,1.0,0.0,0.0,0.046511627906976744,1.9166666666666667,4.125,0.4166666666666667,1.0,0.0,0.0,0.0,26.666666666666668
bwd_band14_d7:20,bwd_bands,synthetic,64.0,64.0,43.0,35.0,1.229,45.0,0.0,0.0,0.0,0.0,0.0,0.0,0.0,0.0,0.0,0.0,0.0,0.0,9.0,22.0,Abs:4;Add:6;Atan2:1;Const:5;Log2:1;Min:1;Mul:3;Neg:4;Pow:6;Tan:1;Var:3,43.0,35.0,1530.0,1530.0,1.0,50.0,2000.0,Quiesced,2.0,58.0,23.0,56.0,0.5,24.0,21264.0,21264.0,1.0,411.0,411.0,1.0,0.0,-73.14,retired_axis,nan,nan,nan,nan,nan,nan,nan,nan,nan,nan,nan,nan,nan,nan,nan,nan,commutative(Add):18;involution(Sub):6;even-negation(Abs):6;power-sqrt:6;power-recip:4;fma-fusion:4;recip-sqrt:4;commutative(Mul):3;commutative(Min):3;constant-fold:2;power-rsqrt:2,0,0,0,0,nan,nan,0,0,nan,nan,0.0,1.0,0.0,0.0,1.0,1.0,0.0,nan,1.6,1.6571428571428573,0.6857142857142857,1.0,0.0,0.0,0.0,nan
bwd_band14_d7:21,bwd_bands,synthetic,64.0,64.0,14.0,14.0,1.0,16.0,0.0,0.0,0.0,0.0,0.0,0.0,0.0,0.0,0.0,0.0,0.0,0.0,2.0,9.0,Abs:1;Add:2;Const:3;Mul:2;Neg:2;Pow:2;Var:2,14.0,14.0,419.0,419.0,1.0,50.0,2000.0,Quiesced,2.0,20.0,8.0,21.0,0.2,9.0,176133.0,176133.0,1.0,48.0,48.0,1.0,0.0,-88.54,retired_axis,nan,nan,nan,nan,nan,nan,nan,nan,nan,nan,nan,nan,nan,nan,nan,nan,commutative(Add):6;fma-fusion:4;involution(Sub):3;even-negation(Abs):3;power-sqrt:2;power-recip:2,0,0,0,0,nan,nan,0,0,nan,nan,0.0,1.0,0.0,0.0,1.0,0.0,0.0,nan,1.5,1.4285714285714286,0.6428571428571429,1.0,0.0,0.0,0.0,nan
bwd_band14_d7:22,bwd_bands,synthetic,64.0,64.0,29.0,27.0,1.074,29.0,0.0,0.0,0.0,0.0,0.0,0.0,0.0,0.0,0.0,0.0,0.0,0.0,3.0,11.0,Abs:4;Add:3;Atan2:1;Const:6;Min:2;Neg:8;Pow:2;Var:1,29.0,27.0,525.0,525.0,1.0,50.0,2000.0,Quiesced,4.0,154.0,22.0,45.0,0.7,14.0,313.0,313.0,1.0,313.0,313.0,1.0,0.0,-40.38,retired_axis,nan,nan,nan,nan,nan,nan,nan,nan,nan,nan,nan,nan,nan,nan,nan,nan,constant-fold:30;even-negation(Abs):22;involution(Sub):18;commutative(Add):18;commutative(Min):17;associative(Min):13;reverse-associative(Min):13;halving:7;commutative(Mul):5;doubling:4;power-sqrt:4;idempotent(Min):3,0,0,0,0,nan,nan,0,0,nan,nan,0.0,1.0,0.0,0.0,1.0,1.0,0.0,nan,1.6666666666666667,5.703703703703703,0.5185185185185185,1.0,0.0,0.0,0.0,nan
bwd_band14_d7:23,bwd_bands,synthetic,64.0,64.0,33.0,30.0,1.1,33.0,0.0,0.0,0.0,0.0,0.0,0.0,0.0,0.0,0.0,0.0,0.0,0.0,5.0,25.0,Abs:5;Add:4;Const:3;Log10:1;Log2:1;Mul:1;Neg:9;Pow:3;Var:3,33.0,30.0,907.0,907.0,1.0,50.0,2000.0,Quiesced,2.0,43.0,16.0,42.0,0.3,19.0,2146304.0,2146304.0,1.0,524.0,524.0,1.0,0.0,-42.23,retired_axis,nan,nan,nan,nan,nan,nan,nan,nan,nan,nan,nan,nan,nan,nan,nan,nan,even-negation(Abs):13;commutative(Add):12;involution(Sub):11;commutative(Mul):3;power-sqrt:2;power-rsqrt:2,0,0,0,0,nan,nan,0,0,nan,nan,0.0,1.0,0.0,0.0,1.0,1.0,0.0,nan,1.4,1.4333333333333333,0.6333333333333333,1.0,0.0,0.0,0.0,nan
bwd_default_d4:0,bwd_default,synthetic,64.0,64.0,23.0,21.0,1.095,23.0,0.0,0.0,0.0,0.0,0.0,0.0,0.0,0.0,0.0,0.0,0.0,0.0,5.0,15.0,Abs:2;Add:3;Const:2;Exp:1;Ln:1;Log2:1;Mul:1;Neg:7;Tan:2;Var:1,23.0,21.0,543.0,543.0,1.0,50.0,2000.0,Quiesced,2.0,31.0,11.0,28.0,0.3,13.0,518.0,518.0,1.0,518.0,518.0,1.0,0.0,-4.6,ok,2048.0,0.0,1.0,0.0,272.0,0.0,0.0,1.0,0.0,0.0,1.0,0.0,1.0,0.0,1025.0,272.0,involution(Sub):10;commutative(Add):9;even-negation(Abs):6;inverse-annihilation(Sub):3;commutative(Mul):3,274,8,132,0,0.48175182481751827,0.0,0,8,0.0,1.0,0.0,1.0,0.0,0.0,1.0,1.0,0.0,1.0,1.3333333333333333,1.4761904761904763,0.6190476190476191,1.0,0.0,0.0,0.0,97.52380952380952
bwd_default_d4:1,bwd_default,synthetic,64.0,64.0,29.0,27.0,1.074,29.0,0.0,0.0,0.0,0.0,0.0,0.0,0.0,0.0,0.0,0.0,0.0,0.0,4.0,16.0,Abs:3;Add:3;Const:5;Log10:1;Max:1;Mul:1;Neg:8;Pow:3;Var:2,29.0,27.0,775.0,775.0,1.0,50.0,2000.0,Quiesced,4.0,130.0,21.0,42.0,0.6,13.0,193.0,193.0,1.0,193.0,193.0,1.0,0.0,-75.1,retired_axis,nan,nan,nan,nan,nan,nan,nan,nan,nan,nan,nan,nan,nan,nan,nan,nan,involution(Sub):29;constant-fold:29;commutative(Add):21;even-negation(Abs):21;commutative(Mul):7;commutative(Max):7;power-sqrt:4;power-recip:4;power-rsqrt:4;recip-sqrt:4,0,0,0,0,nan,nan,0,0,nan,nan,0.0,1.0,0.0,0.0,1.0,1.0,0.0,nan,1.5555555555555556,4.814814814814815,0.48148148148148145,1.0,0.0,0.0,0.0,nan
bwd_default_d4:2,bwd_default,synthetic,64.0,64.0,23.0,23.0,1.0,23.0,0.0,0.0,0.0,0.0,0.0,0.0,0.0,0.0,0.0,0.0,0.0,0.0,3.0,19.0,Abs:2;Add:2;Const:4;Cos:1;Log10:1;Mul:1;Neg:10;Pow:1;Var:1,23.0,23.0,454.0,454.0,1.0,50.0,2000.0,Quiesced,2.0,41.0,15.0,31.0,0.5,11.0,239.0,239.0,1.0,239.0,239.0,1.0,0.0,-47.36,retired_axis,nan,nan,nan,nan,nan,nan,nan,nan,nan,nan,nan,nan,nan,nan,nan,nan,involution(Sub):17;commutative(Add):6;even-negation(Abs):6;fma-fusion:4;commutative(Mul):3;even-negation(Cos):3;power-sqrt:2,0,0,0,0,nan,nan,0,0,nan,nan,0.0,1.0,0.0,0.0,1.0,0.0,0.0,nan,1.3478260869565217,1.7826086956521738,0.4782608695652174,1.0,0.0,0.0,0.0,nan
bwd_default_d4:3,bwd_default,synthetic,64.0,64.0,22.0,21.0,1.048,22.0,0.0,0.0,0.0,0.0,0.0,0.0,0.0,0.0,0.0,0.0,0.0,0.0,4.0,16.0,Abs:2;Add:3;Atan2:1;Const:3;Exp2:1;Ln:1;Neg:7;Pow:1;Var:2,22.0,21.0,511.0,511.0,1.0,50.0,2000.0,Quiesced,2.0,29.0,11.0,27.0,0.2,13.0,987205.0,987205.0,1.0,310.0,310.0,1.0,0.0,-39.33,retired_axis,nan,nan,nan,nan,nan,nan,nan,nan,nan,nan,nan,nan,nan,nan,nan,nan,involution(Sub):12;commutative(Add):9;even-negation(Abs):6;power-recip:2,0,0,0,0,nan,nan,0,0,nan,nan,0.0,1.0,0.0,0.0,1.0,1.0,0.0,nan,1.2857142857142858,1.380952380952381,0.6190476190476191,1.0,0.0,0.0,0.0,nan
bwd_default_d4:4,bwd_default,synthetic,64.0,64.0,14.0,14.0,1.0,16.0,0.0,0.0,0.0,0.0,0.0,0.0,0.0,0.0,0.0,0.0,0.0,0.0,2.0,11.0,Abs:1;Add:1;Const:1;Mul:2;Neg:5;Pow:1;Sin:1;Var:2,14.0,14.0,298.0,298.0,1.0,50.0,2000.0,Quiesced,2.0,21.0,9.0,19.0,0.2,7.0,381248.0,381248.0,1.0,98.0,98.0,1.0,0.0,-67.11,ok,592.0,0.0,1.0,1.0,0.0,2.0,38.0,0.0,0.05,0.95,0.0,0.0,0.0,0.0,0.0,39040.0,involution(Sub):9;fma-fusion:4;commutative(Add):3;even-negation(Abs):3;power-sqrt:2,80,2,60,58,0.75,0.725,2,2,1.0,0.033333333333333326,0.0,1.0,0.0,0.0,1.0,0.0,0.0,0.05,1.3571428571428572,1.5,0.5,1.0,0.0,0.0,0.0,42.285714285714285
bwd_default_d4:5,bwd_default,synthetic,64.0,64.0,20.0,20.0,1.0,20.0,0.0,0.0,0.0,0.0,0.0,0.0,0.0,0.0,0.0,0.0,0.0,0.0,2.0,12.0,Abs:2;Add:1;Const:3;Cos:1;Max:1;Mul:1;Neg:8;Pow:1;Var:2,20.0,20.0,313.0,313.0,1.0,50.0,2000.0,Quiesced,2.0,33.0,12.0,27.0,0.2,11.0,352279.0,352279.0,1.0,109.0,109.0,1.0,0.0,-65.18,retired_axis,nan,nan,nan,nan,nan,nan,nan,nan,nan,nan,nan,nan,nan,nan,nan,nan,involution(Sub):13;even-negation(Abs):6;commutative(Add):3;commutative(Mul):3;commutative(Max):3;even-negation(Cos):3;power-recip:2,0,0,0,0,nan,nan,0,0,nan,nan,0.0,1.0,0.0,0.0,1.0,0.0,0.0,nan,1.35,1.65,0.55,1.0,0.0,0.0,0.0,nan
bwd_default_d4:6,bwd_default,synthetic,64.0,64.0,40.0,34.0,1.176,51.0,0.0,0.0,0.0,0.0,0.0,0.0,0.0,0.0,0.0,0.0,0.0,0.0,5.0,12.0,Abs:2;Add:5;Const:7;Exp:1;Exp2:1;Mul:7;Neg:4;Pow:3;Sub:1;Var:3,40.0,34.0,809.0,1025.0,1.267,50.0,2000.0,Quiesced,4.0,477.0,81.0,127.0,1.7,22.0,1084.0,1053.0,1.029,265.0,234.0,1.132,0.0,-71.08,retired_axis,nan,nan,nan,nan,nan,nan,nan,nan,nan,nan,nan,nan,nan,nan,nan,nan,commutative(Mul):121;commutative(Add):85;fma-fusion:78;reverse-associative(Mul):35;factor:34;associative(Mul):28;distribute:24;even-negation(Abs):14;involution(Sub):11;reverse-associative(Add):11;constant-fold:10;associative(Add):10;power-sqrt:8;canonicalize(Sub):4;power-recip:4,0,0,0,0,nan,nan,0,0,nan,nan,0.0,1.0,0.0,0.0,1.0,1.0,1.0,nan,3.735294117647059,14.029411764705882,0.6470588235294118,1.0,0.0,0.0,0.0,nan
bwd_default_d4:7,bwd_default,synthetic,64.0,64.0,14.0,14.0,1.0,14.0,0.0,0.0,0.0,0.0,0.0,0.0,0.0,0.0,0.0,0.0,0.0,0.0,3.0,11.0,Abs:1;Add:1;Const:2;Mul:1;Neg:4;Pow:1;Tan:2;Var:2,14.0,14.0,394.0,394.0,1.0,50.0,2000.0,Quiesced,2.0,18.0,7.0,18.0,0.2,9.0,476608.0,476608.0,1.0,202.0,202.0,1.0,0.0,-48.73,ok,1216.0,0.0,1.0,1.0,0.0,74.0,79.0,0.0,0.484,0.516,0.0,0.0,0.0,0.0,0.0,85632.0,involution(Sub):7;commutative(Add):3;commutative(Mul):3;even-negation(Abs):3;power-recip:2,234,6,192,124,0.8205128205128205,0.5299145299145299,4,6,0.6666666666666666,0.35416666666666663,0.0,1.0,0.0,0.0,1.0,0.0,0.0,0.48366013071895425,1.2857142857142858,1.2857142857142858,0.6428571428571429,1.0,0.0,0.0,0.0,86.85714285714286
bwd_default_d4:8,bwd_default,synthetic,64.0,64.0,29.0,26.0,1.115,29.0,0.0,0.0,0.0,0.0,0.0,0.0,0.0,0.0,0.0,0.0,0.0,0.0,6.0,10.0,Abs:3;Add:4;Const:2;Cos:1;Exp:1;Log10:2;Mul:1;Neg:8;Pow:1;Tan:1;Var:2,29.0,26.0,755.0,755.0,1.0,50.0,2000.0,Quiesced,3.0,91.0,20.0,44.0,0.5,17.0,550.0,550.0,1.0,550.0,550.0,1.0,0.0,-27.15,retired_axis,nan,nan,nan,nan,nan,nan,nan,nan,nan,nan,nan,nan,nan,nan,nan,nan,commutative(Add):32;involution(Sub):18;even-negation(Abs):15;reverse-associative(Add):8;associative(Add):7;commutative(Mul):5;even-negation(Cos):3;power-sqrt:3,0,0,0,0,nan,nan,0,0,nan,nan,0.0,1.0,0.0,0.0,1.0,1.0,0.0,nan,1.6923076923076923,3.5,0.6538461538461539,1.0,0.0,0.0,0.0,nan
bwd_default_d4:9,bwd_default,synthetic,64.0,64.0,16.0,15.0,1.067,16.0,0.0,0.0,0.0,0.0,0.0,0.0,0.0,0.0,0.0,0.0,0.0,0.0,4.0,8.0,Abs:2;Add:3;Atan2:1;Const:3;Exp:1;Log10:1;Log2:1;Neg:2;Var:1,16.0,15.0,434.0,434.0,1.0,50.0,2000.0,Quiesced,4.0,51.0,10.0,24.0,0.4,11.0,1224826.0,1224826.0,1.0,421.0,421.0,1.0,0.0,-3.0,ok,1536.0,0.0,5.0,5.0,56.0,0.0,102.0,0.354,0.0,0.646,0.0,0.0,0.0,0.0,0.0,104504.0,commutative(Add):25;constant-fold:18;even-negation(Abs):8,270,15,35,6,0.12962962962962962,0.022222222222222223,2,15,0.13333333333333333,0.8285714285714285,0.0,1.0,0.0,0.0,1.0,1.0,0.0,0.35443037974683544,1.6,3.4,0.7333333333333333,1.0,0.0,0.0,0.0,102.4
bwd_default_d4:10,bwd_default,synthetic,64.0,64.0,28.0,26.0,1.077,28.0,0.0,0.0,0.0,0.0,0.0,0.0,0.0,0.0,0.0,0.0,0.0,0.0,4.0,12.0,Abs:4;Add:4;Const:4;Ln:1;Log10:1;Mul:2;Neg:5;Pow:2;Var:3,28.0,26.0,707.0,707.0,1.0,50.0,2000.0,Quiesced,4.0,274.0,50.0,81.0,1.5,17.0,2025.0,2025.0,1.0,324.0,324.0,1.0,0.0,-54.17,retired_axis,nan,nan,nan,nan,nan,nan,nan,nan,nan,nan,nan,nan,nan,nan,nan,nan,commutative(Mul):66;commutative(Add):42;reverse-associative(Mul):25;factor:22;associative(Mul):22;fma-fusion:22;constant-fold:20;even-negation(Abs):18;distribute:15;involution(Sub):14;power-sqrt:4;power-recip:4,0,0,0,0,nan,nan,0,0,nan,nan,0.0,1.0,0.0,0.0,1.0,1.0,0.0,nan,3.1153846153846154,10.538461538461538,0.6538461538461539,1.0,0.0,0.0,0.0,nan
bwd_default_d4:11,bwd_default,synthetic,64.0,64.0,21.0,20.0,1.05,21.0,0.0,0.0,0.0,0.0,0.0,0.0,0.0,0.0,0.0,0.0,0.0,0.0,2.0,15.0,Abs:1;Add:3;Const:3;Cos:1;Ln:1;Max:1;Mul:1;Neg:7;Var:2,21.0,20.0,247.0,247.0,1.0,50.0,2000.0,Quiesced,3.0,84.0,21.0,42.0,0.5,11.0,30144.0,30144.0,1.0,219.0,219.0,1.0,0.0,-11.34,ok,1088.0,0.0,1.0,1.0,0.0,93.0,2.0,0.0,0.979,0.021,0.0,0.0,0.0,0.0,0.0,8000.0,commutative(Add):20;involution(Sub):19;commutative(Mul):11;fma-fusion:10;even-negation(Cos):5;even-negation(Abs):5;idempotent(Max):3;associative(Max):3;reverse-associative(Max):3;cos-angle-addition:3;canonicalize(Sub):2,99,3,36,0,0.36363636363636365,0.0,0,3,0.0,1.0,0.0,1.0,0.0,0.0,1.0,1.0,0.0,0.9789473684210527,2.1,4.2,0.55,1.0,0.0,0.0,0.0,54.4
bwd_default_d4:12,bwd_default,synthetic,64.0,64.0,28.0,26.0,1.077,28.0,0.0,0.0,0.0,0.0,0.0,0.0,0.0,0.0,0.0,0.0,0.0,0.0,5.0,12.0,Abs:3;Add:2;Atan2:1;Const:5;Exp:2;Log10:1;Mul:3;Neg:7;Pow:1;Var:1,28.0,26.0,612.0,612.0,1.0,50.0,2000.0,Quiesced,4.0,184.0,30.0,56.0,0.8,15.0,401.0,401.0,1.0,401.0,401.0,1.0,0.0,-34.48,retired_axis,nan,nan,nan,nan,nan,nan,nan,nan,nan,nan,nan,nan,nan,nan,nan,nan,commutative(Mul):48;commutative(Add):23;involution(Sub):21;even-negation(Abs):21;fma-fusion:21;constant-fold:17;reverse-associative(Mul):10;associative(Mul):8;factor:7;distribute:4;power-sqrt:4,0,0,0,0,nan,nan,0,0,nan,nan,0.0,1.0,0.0,0.0,1.0,1.0,0.0,nan,2.1538461538461537,7.076923076923077,0.5769230769230769,1.0,0.0,0.0,0.0,nan
bwd_default_d4:13,bwd_default,synthetic,64.0,64.0,28.0,26.0,1.077,28.0,0.0,0.0,0.0,0.0,0.0,0.0,0.0,0.0,0.0,0.0,0.0,0.0,5.0,14.0,Abs:2;Add:3;Const:4;Cos:1;Exp:1;Mul:3;Neg:7;Pow:1;Sin:1;Tan:1;Var:2,28.0,26.0,557.0,557.0,1.0,50.0,2000.0,Quiesced,3.0,125.0,27.0,51.0,0.6,16.0,475368.0,475368.0,1.0,348.0,348.0,1.0,0.0,-37.52,retired_axis,nan,nan,nan,nan,nan,nan,nan,nan,nan,nan,nan,nan,nan,nan,nan,nan,commutative(Add):27;fma-fusion:27;involution(Sub):18;commutative(Mul):15;even-negation(Abs):10;reverse-associative(Add):8;associative(Add):7;constant-fold:5;even-negation(Cos):5;power-recip:3,0,0,0,0,nan,nan,0,0,nan,nan,0.0,1.0,0.0,0.0,1.0,1.0,0.0,nan,1.9615384615384615,4.8076923076923075,0.6153846153846154,1.0,0.0,0.0,0.0,nan
bwd_default_d4:14,bwd_default,synthetic,64.0,64.0,29.0,28.0,1.036,29.0,0.0,0.0,0.0,0.0,0.0,0.0,0.0,0.0,0.0,0.0,0.0,0.0,7.0,17.0,Abs:2;Add:3;Const:4;Cos:1;Exp:1;Exp2:3;Log2:1;Mul:1;Neg:10;Pow:1;Var:1,29.0,28.0,728.0,728.0,1.0,50.0,2000.0,Quiesced,3.0,98.0,20.0,40.0,0.5,14.0,507.0,507.0,1.0,507.0,507.0,1.0,0.0,-30.36,retired_axis,nan,nan,nan,nan,nan,nan,nan,nan,nan,nan,nan,nan,nan,nan,nan,nan,involution(Sub):27;constant-fold:27;commutative(Add):15;even-negation(Abs):10;fma-fusion:6;commutative(Mul):5;even-negation(Cos):5;power-recip:3,0,0,0,0,nan,nan,0,0,nan,nan,0.0,1.0,0.0,0.0,1.0,1.0,0.0,nan,1.4285714285714286,3.5,0.5,1.0,0.0,0.0,0.0,nan
bwd_default_d4:15,bwd_default,synthetic,64.0,64.0,51.0,39.0,1.308,62.0,0.0,0.0,0.0,0.0,0.0,0.0,0.0,0.0,0.0,0.0,0.0,0.0,4.0,13.0,Abs:2;Add:8;Const:5;Log2:1;Max:2;Mul:8;Neg:6;Pow:3;Var:4,51.0,39.0,812.0,959.0,1.181,100.0,5000.0,Quiesced,5.0,889.0,111.0,162.0,2.5,26.0,144563.0,144438.0,1.001,356.0,231.0,1.541,0.0,-71.55,retired_axis,nan,nan,nan,nan,nan,nan,nan,nan,nan,nan,nan,nan,nan,nan,nan,nan,commutative(Add):195;fma-fusion:146;commutative(Mul):126;reverse-associative(Add):68;associative(Add):61;reverse-associative(Mul):58;associative(Mul):53;commutative(Max):46;constant-fold:39;involution(Sub):23;even-negation(Abs):18;reverse-associative(Max):14;associative(Max):13;power-sqrt:10;factor:8;distribute:6;power-recip:5,0,0,0,0,nan,nan,0,0,nan,nan,0.0,1.0,0.0,0.0,1.0,1.0,1.0,nan,4.153846153846154,22.794871794871796,0.6666666666666666,1.0,0.0,0.0,0.0,nan
bwd_default_d4:16,bwd_default,synthetic,64.0,64.0,34.0,31.0,1.097,34.0,0.0,0.0,0.0,0.0,0.0,0.0,0.0,0.0,0.0,0.0,0.0,0.0,6.0,18.0,Abs:5;Add:4;Const:3;Cos:1;Log10:2;Neg:11;Pow:3;Var:2,34.0,31.0,995.0,995.0,1.0,50.0,2000.0,Quiesced,4.0,129.0,21.0,46.0,0.7,17.0,2293974.0,2293974.0,1.0,774.0,774.0,1.0,0.0,-22.21,retired_axis,nan,nan,nan,nan,nan,nan,nan,nan,nan,nan,nan,nan,nan,nan,nan,nan,involution(Sub):32;commutative(Add):32;even-negation(Abs):32;constant-fold:25;even-negation(Cos):4;power-sqrt:4,0,0,0,0,nan,nan,0,0,nan,nan,0.0,1.0,0.0,0.0,1.0,1.0,0.0,nan,1.4838709677419355,4.161290322580645,0.5483870967741935,1.0,0.0,0.0,0.0,nan
bwd_default_d4:17,bwd_default,synthetic,64.0,64.0,86.0,66.0,1.303,86.0,0.0,0.0,0.0,0.0,0.0,0.0,0.0,0.0,0.0,0.0,0.0,0.0,8.0,13.0,Abs:6;Add:11;Const:10;Exp:2;Exp2:2;Max:3;Min:1;Mul:10;MulAdd:1;Neg:11;Pow:4;Recip:1;Var:4,86.0,66.0,1250.0,1256.0,1.005,100.0,5000.0,Quiesced,5.0,1297.0,163.0,245.0,4.1,49.0,235462.0,223174.0,1.055,661.0,658.0,1.005,0.0,-47.36,retired_axis,nan,nan,nan,nan,nan,nan,nan,nan,nan,nan,nan,nan,nan,nan,nan,nan,commutative(Mul):287;commutative(Add):257;fma-fusion:208;reverse-associative(Mul):106;associative(Mul):92;reverse-associative(Add):82;associative(Add):74;involution(Sub):46;even-negation(Abs):46;constant-fold:34;commutative(Max):27;power-recip:15;commutative(Min):9;factor:9;distribute:5,0,0,0,0,nan,nan,0,0,nan,nan,0.0,1.0,0.0,0.0,1.0,1.0,1.0,nan,3.712121212121212,19.651515151515152,0.7424242424242424,1.0,0.0,0.0,0.0,nan
bwd_default_d4:18,bwd_default,synthetic,64.0,64.0,32.0,31.0,1.032,53.0,0.0,0.0,0.0,0.0,0.0,0.0,0.0,0.0,0.0,0.0,0.0,0.0,8.0,13.0,Abs:2;Add:3;Const:4;Cos:2;Exp2:1;Log2:1;Mul:3;Neg:10;Pow:1;Sin:2;Tan:1;Var:1,32.0,31.0,827.0,1338.0,1.618,50.0,2000.0,Quiesced,6.0,667.0,89.0,135.0,2.2,13.0,22065.0,16161.0,1.365,519.0,411.0,1.263,0.0,-50.3,ok,1488.0,0.0,4.0,0.0,75.0,150.0,0.0,0.333,0.667,0.0,3.0,4.0,1.0,0.0,1283.0,9675.0,commutative(Mul):132;commutative(Add):93;constant-fold:91;fma-fusion:71;involution(Sub):60;reverse-associative(Mul):30;even-negation(Cos):28;associative(Mul):24;odd-negation(Sin):22;even-negation(Abs):22;factor:14;reverse-associative(Add):11;associative(Add):10;sin-angle-addition:10;cos-angle-addition:10;reverse-angle-addition:9;distribute:8;exp2-log2-cancel:6;log2-exp2-cancel:6;power-recip:6;canonicalize(Sub):4,230,6,192,0,0.8347826086956521,0.0,0,6,0.0,1.0,0.0,1.0,0.0,0.0,1.0,1.0,1.0,1.0,4.354838709677419,21.516129032258064,0.41935483870967744,1.0,0.0,0.0,0.0,48.0
bwd_default_d4:19,bwd_default,synthetic,64.0,64.0,35.0,32.0,1.094,38.0,0.0,0.0,0.0,0.0,0.0,0.0,0.0,0.0,0.0,0.0,0.0,0.0,3.0,15.0,Abs:2;Add:4;Const:7;Max:2;Mul:4;Neg:6;Pow:2;Recip:2;Sin:1;Var:2,35.0,32.0,560.0,563.0,1.005,50.0,2000.0,Quiesced,5.0,311.0,39.0,70.0,1.2,20.0,69762.0,69759.0,1.0,147.0,144.0,1.021,0.0,-74.29,retired_axis,nan,nan,nan,nan,nan,nan,nan,nan,nan,nan,nan,nan,nan,nan,nan,nan,commutative(Mul):66;commutative(Add):50;constant-fold:45;fma-fusion:30;involution(Sub):23;commutative(Max):18;reverse-associative(Mul):14;even-negation(Abs):14;associative(Mul):13;factor:10;power-sqrt:10;recip-sqrt:10;distribute:8,0,0,0,0,nan,nan,0,0,nan,nan,0.0,1.0,0.0,0.0,1.0,1.0,1.0,nan,2.1875,9.71875,0.625,1.0,0.0,0.0,0.0,nan
bwd_default_d4:20,bwd_default,synthetic,64.0,64.0,82.0,69.0,1.188,82.0,0.0,0.0,0.0,0.0,0.0,0.0,0.0,0.0,0.0,0.0,0.0,0.0,8.0,20.0,Abs:8;Add:10;Const:10;Max:1;Mul:7;MulAdd:1;Neg:18;Pow:6;Recip:2;Tan:2;Var:4,82.0,69.0,1543.0,1543.0,1.0,100.0,5000.0,Quiesced,4.0,399.0,67.0,125.0,1.7,40.0,1112230.0,1112230.0,1.0,532.0,532.0,1.0,0.0,-65.52,retired_axis,nan,nan,nan,nan,nan,nan,nan,nan,nan,nan,nan,nan,nan,nan,nan,nan,commutative(Add):94;constant-fold:73;involution(Sub):54;even-negation(Abs):50;commutative(Mul):42;fma-fusion:38;power-recip:12;reverse-associative(Add):11;associative(Add):10;power-sqrt:8;commutative(Max):7,0,0,0,0,nan,nan,0,0,nan,nan,0.0,1.0,0.0,0.0,1.0,1.0,0.0,nan,1.8115942028985508,5.782608695652174,0.5797101449275363,1.0,0.0,0.0,0.0,nan
bwd_default_d4:21,bwd_default,synthetic,64.0,64.0,29.0,26.0,1.115,29.0,0.0,0.0,0.0,0.0,0.0,0.0,0.0,0.0,0.0,0.0,0.0,0.0,5.0,13.0,Abs:2;Add:4;Atan2:1;Const:4;Exp:1;Log10:1;Min:1;Mul:3;Neg:3;Pow:1;Sin:1;Var:4,29.0,26.0,603.0,603.0,1.0,50.0,2000.0,Quiesced,4.0,266.0,43.0,75.0,1.0,20.0,1049041.0,1049041.0,1.0,406.0,406.0,1.0,0.0,-32.67,retired_axis,nan,nan,nan,nan,nan,nan,nan,nan,nan,nan,nan,nan,nan,nan,nan,nan,commutative(Mul):65;commutative(Add):53;fma-fusion:51;reverse-associative(Mul):20;associative(Mul):16;involution(Sub):11;reverse-associative(Add):11;associative(Add):10;commutative(Min):7;factor:7;even-negation(Abs):7;distribute:4;power-recip:4,0,0,0,0,nan,nan,0,0,nan,nan,0.0,1.0,0.0,0.0,1.0,1.0,0.0,nan,2.8846153846153846,10.23076923076923,0.7692307692307693,1.0,0.0,0.0,0.0,nan
bwd_default_d4:22,bwd_default,synthetic,64.0,64.0,22.0,22.0,1.0,22.0,0.0,0.0,0.0,0.0,0.0,0.0,0.0,0.0,0.0,0.0,0.0,0.0,5.0,14.0,Abs:2;Add:1;Const:3;Cos:1;Max:1;Neg:8;Pow:2;Sin:1;Tan:1;Var:2,22.0,22.0,661.0,661.0,1.0,50.0,2000.0,Quiesced,2.0,28.0,11.0,28.0,0.2,13.0,1437801.0,1437801.0,1.0,456.0,456.0,1.0,0.0,-31.01,retired_axis,nan,nan,nan,nan,nan,nan,nan,nan,nan,nan,nan,nan,nan,nan,nan,nan,involution(Sub):12;even-negation(Abs):5;commutative(Add):3;commutative(Max):3;even-negation(Cos):3;power-sqrt:2,0,0,0,0,nan,nan,0,0,nan,nan,0.0,1.0,0.0,0.0,1.0,0.0,0.0,nan,1.2727272727272727,1.2727272727272727,0.5909090909090909,1.0,0.0,0.0,0.0,nan
bwd_default_d4:23,bwd_default,synthetic,64.0,64.0,32.0,29.0,1.103,34.0,0.0,0.0,0.0,0.0,0.0,0.0,0.0,0.0,0.0,0.0,0.0,0.0,6.0,15.0,Abs:1;Add:3;Atan2:2;Const:4;Cos:1;Exp2:1;Min:1;Mul:4;Neg:6;Pow:2;Var:4,32.0,29.0,750.0,750.0,1.0,50.0,2000.0,Quiesced,2.0,44.0,16.0,41.0,0.3,20.0,1154388.0,1154388.0,1.0,543.0,543.0,1.0,0.0,-27.6,retired_axis,nan,nan,nan,nan,nan,nan,nan,nan,nan,nan,nan,nan,nan,nan,nan,nan,involution(Sub):10;commutative(Add):9;fma-fusion:8;commutative(Mul):6;commutative(Min):3;even-negation(Cos):3;even-negation(Abs):3;power-sqrt:2,0,0,0,0,nan,nan,0,0,nan,nan,0.0,1.0,0.0,0.0,1.0,1.0,0.0,nan,1.4137931034482758,1.5172413793103448,0.6896551724137931,1.0,0.0,0.0,0.0,nan
bwd_default_d6:0,bwd_default,synthetic,64.0,64.0,52.0,44.0,1.182,63.0,0.0,0.0,0.0,0.0,0.0,0.0,0.0,0.0,0.0,0.0,0.0,0.0,9.0,14.0,Abs:2;Add:8;Atan2:1;Const:5;Cos:4;Mul:8;Neg:8;Pow:2;Sin:2;Var:4,52.0,44.0,1013.0,1225.0,1.209,100.0,5000.0,ClassCap,6.0,11056.0,3714.0,4527.0,35.3,31.0,1102302.0,1102271.0,1.0,432.0,401.0,1.077,0.0,-60.41,retired_axis,nan,nan,nan,nan,nan,nan,nan,nan,nan,nan,nan,nan,nan,nan,nan,nan,fma-fusion:2638;commutative(Add):2394;commutative(Mul):1646;reverse-associative(Add):1173;associative(Add):821;reverse-associative(Mul):735;associative(Mul):507;factor:506;distribute:427;reverse-angle-addition:46;cos-angle-addition:30;even-negation(Cos):28;sin-angle-addition:28;canonicalize(Sub):24;even-negation(Abs):12;power-recip:12;involution(Sub):11;odd-negation(Sin):11;constant-fold:7,0,0,0,0,nan,nan,0,0,nan,nan,1.0,0.0,0.0,0.0,1.0,1.0,1.0,nan,102.88636363636364,251.27272727272728,0.7045454545454546,1.0,0.0,0.0,0.0,nan
bwd_default_d6:1,bwd_default,synthetic,64.0,64.0,18.0,18.0,1.0,18.0,0.0,0.0,0.0,0.0,0.0,0.0,0.0,0.0,0.0,0.0,0.0,0.0,4.0,12.0,Abs:1;Add:2;Const:1;Cos:1;Exp2:1;Neg:7;Pow:1;Tan:1;Var:3,18.0,18.0,459.0,459.0,1.0,50.0,2000.0,Quiesced,2.0,20.0,7.0,22.0,0.2,13.0,1488000.0,1488000.0,1.0,444.0,444.0,1.0,0.0,-3.27,retired_axis,nan,nan,nan,nan,nan,nan,nan,nan,nan,nan,nan,nan,nan,nan,nan,nan,involution(Sub):8;commutative(Add):6;even-negation(Cos):3;even-negation(Abs):3,0,0,0,0,nan,nan,0,0,nan,nan,0.0,1.0,0.0,0.0,1.0,0.0,0.0,nan,1.2222222222222223,1.1111111111111112,0.7222222222222222,1.0,0.0,0.0,0.0,nan
bwd_default_d6:2,bwd_default,synthetic,64.0,64.0,64.0,53.0,1.208,64.0,0.0,0.0,0.0,0.0,0.0,0.0,0.0,0.0,0.0,0.0,0.0,0.0,8.0,20.0,Abs:6;Add:8;Const:7;Cos:1;Exp2:1;Max:1;Mul:3;Neg:16;Pow:6;Var:4,64.0,53.0,1436.0,1445.0,1.006,100.0,5000.0,Quiesced,5.0,540.0,75.0,129.0,2.7,35.0,150476.0,150374.0,1.001,599.0,497.0,1.205,0.0,-65.39,retired_axis,nan,nan,nan,nan,nan,nan,nan,nan,nan,nan,nan,nan,nan,nan,nan,nan,commutative(Add):139;commutative(Mul):71;involution(Sub):69;even-negation(Abs):54;fma-fusion:53;factor:45;reverse-associative(Add):25;associative(Add):23;distribute:18;power-recip:15;commutative(Max):9;even-negation(Cos):9;power-sqrt:5;power-rsqrt:5,0,0,0,0,nan,nan,0,0,nan,nan,0.0,1.0,0.0,0.0,1.0,1.0,1.0,nan,2.4339622641509435,10.18867924528302,0.660377358490566,1.0,0.0,0.0,0.0,nan
bwd_default_d6:3,bwd_default,synthetic,64.0,64.0,43.0,33.0,1.303,50.0,0.0,0.0,0.0,0.0,0.0,0.0,0.0,0.0,0.0,0.0,0.0,0.0,6.0,16.0,Abs:3;Add:5;Atan2:1;Const:4;Cos:1;Ln:1;Log10:1;Mul:4;Neg:8;Pow:1;Tan:1;Var:3,43.0,33.0,772.0,937.0,1.214,50.0,2000.0,Quiesced,10.0,7666.0,603.0,750.0,24.1,22.0,1008580.0,1008433.0,1.0,706.0,559.0,1.263,0.0,-27.59,retired_axis,nan,nan,nan,nan,nan,nan,nan,nan,nan,nan,nan,nan,nan,nan,nan,nan,commutative(Mul):1648;fma-fusion:1426;commutative(Add):1368;reverse-associative(Mul):639;associative(Mul):582;reverse-associative(Add):520;associative(Add):491;factor:474;distribute:223;involution(Sub):76;even-negation(Abs):57;reverse-angle-addition:54;cos-angle-addition:28;sin-angle-addition:26;canonicalize(Sub):25;even-negation(Cos):19;power-sqrt:10,0,0,0,0,nan,nan,0,0,nan,nan,0.0,1.0,0.0,0.0,1.0,1.0,1.0,nan,22.727272727272727,232.3030303030303,0.6666666666666666,1.0,0.0,0.0,0.0,nan
bwd_default_d6:4,bwd_default,synthetic,64.0,64.0,62.0,56.0,1.107,126.0,0.0,0.0,0.0,0.0,0.0,0.0,0.0,0.0,0.0,0.0,0.0,0.0,16.0,14.0,Abs:4;Add:9;Const:6;Cos:2;Exp:2;Exp2:1;Log10:1;Mul:6;MulAdd:1;Neg:8;Pow:3;Sin:6;Sqrt:1;Sub:1;Tan:1;Var:4,62.0,56.0,1724.0,3637.0,2.11,100.0,5000.0,ClassCap,5.0,11629.0,3095.0,3532.0,36.0,45.0,2678358.0,2014057.0,1.33,2055.0,1144.0,1.796,0.0,-33.64,retired_axis,nan,nan,nan,nan,nan,nan,nan,nan,nan,nan,nan,nan,nan,nan,nan,nan,fma-fusion:3862;commutative(Add):2362;reverse-associative(Add):1796;associative(Add):1413;commutative(Mul):618;factor:558;reverse-associative(Mul):353;associative(Mul):287;distribute:229;halving:44;doubling:29;even-negation(Abs):24;power-recip:10;involution(Sub):9;constant-fold:6;canonicalize(Sub):5;odd-negation(Sin):5;even-negation(Cos):5;power-sqrt:5;recip-sqrt:5;power-combine:4,0,0,0,0,nan,nan,0,0,nan,nan,1.0,0.0,0.0,0.0,1.0,1.0,1.0,nan,63.07142857142857,207.66071428571428,0.8035714285714286,1.0,0.0,0.0,0.0,nan
bwd_default_d6:5,bwd_default,synthetic,64.0,64.0,56.0,44.0,1.273,95.0,0.0,0.0,0.0,0.0,0.0,0.0,0.0,0.0,0.0,0.0,0.0,0.0,6.0,18.0,Abs:3;Add:9;Const:7;Exp2:1;Min:1;Mul:10;Neg:3;Pow:4;Recip:1;Sin:1;Var:4,56.0,44.0,1046.0,1458.0,1.394,100.0,5000.0,ClassCap,5.0,8612.0,3687.0,4414.0,36.7,32.0,564277.0,428184.0,1.318,490.0,288.0,1.701,0.0,-72.47,retired_axis,nan,nan,nan,nan,nan,nan,nan,nan,nan,nan,nan,nan,nan,nan,nan,nan,fma-fusion:2467;commutative(Add):1777;reverse-associative(Add):1161;associative(Add):843;commutative(Mul):656;reverse-associative(Mul):516;factor:475;associative(Mul):435;distribute:202;halving:16;power-sqrt:15;constant-fold:14;doubling:11;even-negation(Abs):10;commutative(Min):9;power-recip:5,0,0,0,0,nan,nan,0,0,nan,nan,1.0,0.0,0.0,0.0,1.0,1.0,1.0,nan,100.31818181818181,195.72727272727272,0.7272727272727273,1.0,0.0,0.0,0.0,nan
bwd_default_d6:6,bwd_default,synthetic,64.0,64.0,174.0,137.0,1.27,366.0,0.0,0.0,0.0,0.0,0.0,0.0,0.0,0.0,0.0,0.0,0.0,0.0,24.0,20.0,Abs:15;Add:23;Atan2:1;Const:19;Exp2:2;Ln:2;Log10:3;Log2:2;Min:4;Mul:15;MulAdd:1;Neg:30;Pow:9;Recip:1;Sin:3;Sqrt:1;Tan:2;Var:4,174.0,137.0,3617.0,6749.0,1.866,100.0,5000.0,Quiesced,17.0,29212.0,1075.0,1297.0,66.5,89.0,1949030.0,1949016.0,1.0,2015.0,2001.0,1.007,0.0,-44.68,retired_axis,nan,nan,nan,nan,nan,nan,nan,nan,nan,nan,nan,nan,nan,nan,nan,nan,commutative(Add):8630;reverse-associative(Add):5670;associative(Add):5432;fma-fusion:3503;commutative(Mul):1605;constant-fold:583;halving:456;reverse-associative(Mul):427;involution(Sub):426;even-negation(Abs):414;associative(Mul):400;factor:322;distribute:297;commutative(Min):286;power-combine:266;doubling:227;power-recip:68;power-sqrt:51;reverse-associative(Min):50;associative(Min):49;odd-negation(Sin):33;recip-sqrt:17,0,0,0,0,nan,nan,0,0,nan,nan,0.0,1.0,0.0,0.0,1.0,1.0,1.0,nan,9.467153284671532,213.22627737226279,0.6496350364963503,1.0,0.0,0.0,0.0,nan
bwd_default_d6:7,bwd_default,synthetic,64.0,64.0,169.0,129.0,1.31,176.0,0.0,0.0,0.0,0.0,0.0,0.0,0.0,0.0,0.0,0.0,0.0,0.0,19.0,18.0,Abs:12;Add:28;Atan2:2;Const:18;Div:1;Exp:1;Exp2:2;Ln:1;Log10:2;Log2:2;Max:2;Min:2;Mul:16;MulAdd:1;Neg:22;Pow:4;Recip:3;Sin:4;Sub:1;Tan:1;Var:4,169.0,129.0,2536.0,2629.0,1.037,100.0,5000.0,ClassCap,7.0,16764.0,2327.0,2659.0,42.4,95.0,4529212.0,4213817.0,1.075,2158.0,2078.0,1.038,0.0,-18.06,retired_axis,nan,nan,nan,nan,nan,nan,nan,nan,nan,nan,nan,nan,nan,nan,nan,nan,fma-fusion:4891;commutative(Add):4111;reverse-associative(Add):2813;associative(Add):2436;commutative(Mul):937;factor:434;reverse-associative(Mul):229;associative(Mul):213;distribute:199;even-negation(Abs):120;involution(Sub):88;constant-fold:75;commutative(Min):32;halving:32;commutative(Max):26;reverse-associative(Min):26;associative(Min):25;doubling:23;odd-negation(Sin):20;canonicalize(Sub):7;canonicalize(Div):7;power-sqrt:7;power-rsqrt:7;idempotent(Min):6,0,0,0,0,nan,nan,0,0,nan,nan,1.0,0.0,0.0,0.0,1.0,1.0,1.0,nan,20.612403100775193,129.95348837209303,0.7364341085271318,1.0,0.0,0.0,0.0,nan
bwd_default_d6:8,bwd_default,synthetic,64.0,64.0,67.0,58.0,1.155,80.0,0.0,0.0,0.0,0.0,0.0,0.0,0.0,0.0,0.0,0.0,0.0,0.0,13.0,16.0,Abs:6;Add:10;Atan2:2;Const:9;Ln:1;Log2:1;Min:2;Mul:3;Neg:10;Pow:4;Sin:3;Sub:1;Tan:2;Var:4,67.0,58.0,1689.0,2051.0,1.214,100.0,5000.0,Quiesced,5.0,725.0,95.0,158.0,3.8,37.0,418659.0,418659.0,1.0,1095.0,1095.0,1.0,0.0,-35.17,retired_axis,nan,nan,nan,nan,nan,nan,nan,nan,nan,nan,nan,nan,nan,nan,nan,nan,commutative(Add):230;fma-fusion:140;reverse-associative(Add):68;constant-fold:63;associative(Add):61;even-negation(Abs):42;commutative(Mul):38;involution(Sub):27;commutative(Min):18;factor:10;distribute:8;canonicalize(Sub):5;power-sqrt:5;power-recip:5;power-rsqrt:5,0,0,0,0,nan,nan,0,0,nan,nan,0.0,1.0,0.0,0.0,1.0,1.0,0.0,nan,2.7241379310344827,12.5,0.6379310344827587,1.0,0.0,0.0,0.0,nan
bwd_default_d6:9,bwd_default,synthetic,64.0,64.0,133.0,99.0,1.343,207.0,0.0,0.0,0.0,0.0,0.0,0.0,0.0,0.0,0.0,0.0,0.0,0.0,19.0,19.0,Abs:8;Add:21;Atan2:3;Const:7;Cos:3;Exp:2;Log2:1;Max:1;Mul:17;Neg:19;Pow:6;Recip:2;Sin:1;Sqrt:1;Tan:3;Var:4,133.0,99.0,2541.0,3745.0,1.474,100.0,5000.0,ClassCap,6.0,14820.0,2738.0,3099.0,37.8,62.0,1815017.0,1674281.0,1.084,1625.0,1505.0,1.08,0.0,-40.77,retired_axis,nan,nan,nan,nan,nan,nan,nan,nan,nan,nan,nan,nan,nan,nan,nan,nan,fma-fusion:4152;commutative(Add):3052;reverse-associative(Add):2087;associative(Add):1811;commutative(Mul):1108;factor:1094;reverse-associative(Mul):426;distribute:380;associative(Mul):364;involution(Sub):80;even-negation(Abs):68;halving:39;constant-fold:38;even-negation(Cos):28;doubling:20;power-recip:18;power-sqrt:12;recip-sqrt:12;commutative(Max):11;odd-negation(Tan):11;odd-negation(Sin):9,0,0,0,0,nan,nan,0,0,nan,nan,1.0,0.0,0.0,0.0,1.0,1.0,1.0,nan,31.303030303030305,149.6969696969697,0.6262626262626263,1.0,0.0,0.0,0.0,nan
bwd_default_d6:10,bwd_default,synthetic,64.0,64.0,85.0,63.0,1.349,85.0,0.0,0.0,0.0,0.0,0.0,0.0,0.0,0.0,0.0,0.0,0.0,0.0,10.0,22.0,Abs:9;Add:10;Atan2:2;Const:3;Log2:2;Min:1;Mul:3;Neg:21;Pow:5;Recip:1;Sqrt:1;Tan:1;Var:4,85.0,63.0,1648.0,1857.0,1.127,100.0,5000.0,Quiesced,4.0,327.0,52.0,107.0,2.1,40.0,584306.0,584306.0,1.0,674.0,674.0,1.0,0.0,-59.1,retired_axis,nan,nan,nan,nan,nan,nan,nan,nan,nan,nan,nan,nan,nan,nan,nan,nan,commutative(Add):75;involution(Sub):68;even-negation(Abs):56;commutative(Mul):48;power-recip:20;fma-fusion:15;reverse-associative(Mul):10;associative(Mul):8;factor:7;idempotent(Min):4;distribute:4;associative(Min):4;reverse-associative(Min):4;recip-sqrt:4,0,0,0,0,nan,nan,0,0,nan,nan,0.0,1.0,0.0,0.0,1.0,1.0,0.0,nan,1.6984126984126984,5.190476190476191,0.6349206349206349,1.0,0.0,0.0,0.0,nan
bwd_default_d6:11,bwd_default,synthetic,64.0,64.0,36.0,32.0,1.125,36.0,0.0,0.0,0.0,0.0,0.0,0.0,0.0,0.0,0.0,0.0,0.0,0.0,7.0,15.0,Abs:4;Add:6;Const:2;Exp2:2;Ln:1;Log10:1;Min:1;Mul:1;Neg:7;Pow:1;Sin:2;Var:4,36.0,32.0,801.0,801.0,1.0,50.0,2000.0,Quiesced,3.0,112.0,24.0,55.0,1.0,24.0,2286227.0,2286227.0,1.0,776.0,776.0,1.0,0.0,-3.12,retired_axis,nan,nan,nan,nan,nan,nan,nan,nan,nan,nan,nan,nan,nan,nan,nan,nan,commutative(Add):42;even-negation(Abs):16;fma-fusion:16;involution(Sub):13;reverse-associative(Add):8;associative(Add):7;commutative(Mul):5;commutative(Min):5,0,0,0,0,nan,nan,0,0,nan,nan,0.0,1.0,0.0,0.0,1.0,1.0,0.0,nan,1.71875,3.5,0.75,1.0,0.0,0.0,0.0,nan
bwd_default_d6:12,bwd_default,synthetic,64.0,64.0,39.0,33.0,1.182,73.0,0.0,0.0,0.0,0.0,0.0,0.0,0.0,0.0,0.0,0.0,0.0,0.0,9.0,19.0,Abs:3;Add:5;Const:3;Cos:1;Exp:1;Exp2:1;Log2:2;Mul:4;Neg:7;Pow:3;Tan:1;Var:2,39.0,33.0,1208.0,2087.0,1.728,50.0,2000.0,Quiesced,3.0,123.0,26.0,57.0,1.1,23.0,2060923.0,1335616.0,1.543,1138.0,646.0,1.762,0.0,-46.52,retired_axis,nan,nan,nan,nan,nan,nan,nan,nan,nan,nan,nan,nan,nan,nan,nan,nan,commutative(Add):20;commutative(Mul):19;involution(Sub):16;halving:10;even-negation(Abs):10;fma-fusion:9;reverse-associative(Mul):8;doubling:6;associative(Mul):6;power-sqrt:6;distribute:4;factor:3;even-negation(Cos):3;power-rsqrt:3,0,0,0,0,nan,nan,0,0,nan,nan,0.0,1.0,0.0,0.0,1.0,1.0,1.0,nan,1.7272727272727273,3.727272727272727,0.696969696969697,1.0,0.0,0.0,0.0,nan
bwd_default_d6:13,bwd_default,synthetic,64.0,64.0,20.0,19.0,1.053,20.0,0.0,0.0,0.0,0.0,0.0,0.0,0.0,0.0,0.0,0.0,0.0,0.0,4.0,14.0,Abs:1;Add:2;Const:3;Cos:1;Max:1;Mul:1;Neg:5;Pow:1;Tan:2;Var:2,20.0,19.0,479.0,479.0,1.0,50.0,2000.0,Quiesced,2.0,32.0,11.0,27.0,0.2,12.0,1155075.0,1155075.0,1.0,285.0,285.0,1.0,0.0,-40.5,retired_axis,nan,nan,nan,nan,nan,nan,nan,nan,nan,nan,nan,nan,nan,nan,nan,nan,involution(Sub):8;commutative(Add):6;fma-fusion:4;commutative(Mul):3;commutative(Max):3;even-negation(Cos):3;even-negation(Abs):3;power-rsqrt:2,0,0,0,0,nan,nan,0,0,nan,nan,0.0,1.0,0.0,0.0,1.0,1.0,0.0,nan,1.4210526315789473,1.6842105263157894,0.631578947368421,1.0,0.0,0.0,0.0,nan
bwd_default_d6:14,bwd_default,synthetic,64.0,64.0,116.0,91.0,1.275,134.0,0.0,0.0,0.0,0.0,0.0,0.0,0.0,0.0,0.0,0.0,0.0,0.0,16.0,18.0,Abs:12;Add:16;Atan2:2;Const:10;Exp2:1;Ln:2;Log10:1;Max:4;Mul:7;Neg:18;Pow:6;Recip:1;Rsqrt:2;Sin:2;Sqrt:1;Tan:2;Var:4,116.0,91.0,2381.0,2583.0,1.085,100.0,5000.0,Quiesced,5.0,669.0,81.0,166.0,4.5,60.0,2617345.0,2586415.0,1.012,1585.0,1399.0,1.133,0.0,-41.24,retired_axis,nan,nan,nan,nan,nan,nan,nan,nan,nan,nan,nan,nan,nan,nan,nan,nan,commutative(Add):144;even-negation(Abs):88;commutative(Max):84;involution(Sub):70;reverse-associative(Max):54;associative(Max):52;fma-fusion:50;commutative(Mul):45;constant-fold:37;odd-negation(Sin):18;power-sqrt:15;power-recip:5;power-rsqrt:5;idempotent(Max):2,0,0,0,0,nan,nan,0,0,nan,nan,0.0,1.0,0.0,0.0,1.0,1.0,1.0,nan,1.8241758241758241,7.351648351648351,0.6593406593406593,1.0,0.0,0.0,0.0,nan
bwd_default_d6:15,bwd_default,synthetic,64.0,64.0,66.0,45.0,1.467,117.0,0.0,0.0,0.0,0.0,0.0,0.0,0.0,0.0,0.0,0.0,0.0,0.0,9.0,22.0,Abs:6;Add:8;Atan2:2;Const:5;Mul:4;Neg:10;Pow:7;Recip:1;Var:2,66.0,45.0,1646.0,3219.0,1.956,100.0,5000.0,Quiesced,4.0,306.0,52.0,98.0,2.0,29.0,595.0,340.0,1.75,595.0,340.0,1.75,0.0,-79.34,retired_axis,nan,nan,nan,nan,nan,nan,nan,nan,nan,nan,nan,nan,nan,nan,nan,nan,commutative(Add):81;fma-fusion:51;even-negation(Abs):36;involution(Sub):29;commutative(Mul):27;power-sqrt:12;power-recip:12;reverse-associative(Add):11;associative(Add):10;factor:7;constant-fold:6;halving:5;distribute:4;power-combine:4;power-rsqrt:4;recip-sqrt:4;doubling:3,0,0,0,0,nan,nan,0,0,nan,nan,0.0,1.0,0.0,0.0,1.0,1.0,1.0,nan,2.1777777777777776,6.8,0.6444444444444445,1.0,0.0,0.0,0.0,nan
bwd_default_d6:16,bwd_default,synthetic,64.0,64.0,114.0,89.0,1.281,116.0,0.0,0.0,0.0,0.0,0.0,0.0,0.0,0.0,0.0,0.0,0.0,0.0,17.0,20.0,Abs:11;Add:21;Atan2:2;Const:8;Cos:1;Ln:2;Log10:1;Log2:2;Max:1;Mul:6;Neg:21;Pow:7;Sin:1;Tan:1;Var:4,114.0,89.0,2609.0,2612.0,1.001,100.0,5000.0,Quiesced,4.0,568.0,89.0,179.0,4.7,61.0,3883787.0,3883787.0,1.0,1979.0,1979.0,1.0,0.0,-24.15,retired_axis,nan,nan,nan,nan,nan,nan,nan,nan,nan,nan,nan,nan,nan,nan,nan,nan,commutative(Add):211;even-negation(Abs):59;commutative(Mul):48;involution(Sub):46;constant-fold:42;fma-fusion:38;reverse-associative(Add):33;associative(Add):30;reverse-associative(Mul):11;associative(Mul):10;power-recip:8;inverse-annihilation(Sub):7;commutative(Max):7;odd-negation(Sin):7;even-negation(Cos):7;power-sqrt:4,0,0,0,0,nan,nan,0,0,nan,nan,0.0,1.0,0.0,0.0,1.0,1.0,0.0,nan,2.0112359550561796,6.382022471910112,0.6853932584269663,1.0,0.0,0.0,0.0,nan
bwd_default_d6:17,bwd_default,synthetic,64.0,64.0,90.0,76.0,1.184,110.0,0.0,0.0,0.0,0.0,0.0,0.0,0.0,0.0,0.0,0.0,0.0,0.0,17.0,18.0,Abs:9;Add:10;Atan2:2;Const:9;Exp:3;Exp2:1;Ln:2;Log10:2;Log2:1;Mul:9;Neg:18;Pow:3;Rsqrt:1;Sin:3;Var:3,90.0,76.0,2083.0,2359.0,1.133,100.0,5000.0,Quiesced,4.0,551.0,85.0,158.0,3.5,48.0,4308969.0,3255849.0,1.323,1722.0,1458.0,1.181,0.0,-30.0,retired_axis,nan,nan,nan,nan,nan,nan,nan,nan,nan,nan,nan,nan,nan,nan,nan,nan,commutative(Mul):128;commutative(Add):99;involution(Sub):61;even-negation(Abs):60;fma-fusion:51;constant-fold:45;reverse-associative(Mul):33;associative(Mul):30;reverse-associative(Add):11;associative(Add):10;power-sqrt:8;factor:7;distribute:4;power-recip:4,0,0,0,0,nan,nan,0,0,nan,nan,0.0,1.0,0.0,0.0,1.0,1.0,1.0,nan,2.0789473684210527,7.25,0.631578947368421,1.0,0.0,0.0,0.0,nan
bwd_default_d6:18,bwd_default,synthetic,64.0,64.0,47.0,42.0,1.119,47.0,0.0,0.0,0.0,0.0,0.0,0.0,0.0,0.0,0.0,0.0,0.0,0.0,4.0,17.0,Abs:6;Add:5;Const:6;Ln:1;Max:1;Min:2;Mul:2;Neg:13;Pow:3;Var:3,47.0,42.0,812.0,812.0,1.0,50.0,2000.0,Quiesced,5.0,310.0,36.0,66.0,2.1,19.0,856232.0,856232.0,1.0,377.0,377.0,1.0,0.0,-53.57,retired_axis,nan,nan,nan,nan,nan,nan,nan,nan,nan,nan,nan,nan,nan,nan,nan,nan,constant-fold:70;even-negation(Abs):49;involution(Sub):47;commutative(Add):45;commutative(Min):22;reverse-associative(Min):18;associative(Min):17;fma-fusion:10;commutative(Mul):9;commutative(Max):9;power-sqrt:5;power-recip:5;idempotent(Min):4,0,0,0,0,nan,nan,0,0,nan,nan,0.0,1.0,0.0,0.0,1.0,1.0,0.0,nan,1.5714285714285714,7.380952380952381,0.4523809523809524,1.0,0.0,0.0,0.0,nan
bwd_default_d6:19,bwd_default,synthetic,64.0,64.0,57.0,53.0,1.075,57.0,0.0,0.0,0.0,0.0,0.0,0.0,0.0,0.0,0.0,0.0,0.0,0.0,12.0,11.0,Abs:5;Add:5;Const:9;Exp:5;Exp2:2;Ln:1;Min:1;Mul:7;Neg:11;Pow:2;Tan:2;Var:3,57.0,53.0,1313.0,1313.0,1.0,100.0,5000.0,ClassCap,5.0,6359.0,2204.0,2755.0,23.6,35.0,25525.0,25525.0,1.0,766.0,766.0,1.0,0.0,-41.66,retired_axis,nan,nan,nan,nan,nan,nan,nan,nan,nan,nan,nan,nan,nan,nan,nan,nan,commutative(Mul):1685;reverse-associative(Mul):1672;associative(Mul):1456;fma-fusion:429;factor:373;distribute:365;commutative(Add):186;constant-fold:53;even-negation(Abs):37;involution(Sub):35;reverse-associative(Add):14;exp-homomorphism:14;associative(Add):13;commutative(Min):9;power-sqrt:5;power-recip:5;exp-ln-cancel:4;ln-exp-cancel:4,0,0,0,0,nan,nan,0,0,nan,nan,1.0,0.0,0.0,0.0,1.0,1.0,0.0,nan,51.9811320754717,119.98113207547169,0.660377358490566,1.0,0.0,0.0,0.0,nan
bwd_default_d6:20,bwd_default,synthetic,64.0,64.0,26.0,25.0,1.04,26.0,0.0,0.0,0.0,0.0,0.0,0.0,0.0,0.0,0.0,0.0,0.0,0.0,6.0,19.0,Abs:2;Add:2;Const:4;Cos:1;Exp:1;Max:1;Mul:1;Neg:7;Pow:2;Sin:2;Var:2,26.0,25.0,725.0,725.0,1.0,50.0,2000.0,Quiesced,2.0,36.0,13.0,34.0,0.3,16.0,349.0,349.0,1.0,349.0,349.0,1.0,0.0,-51.86,retired_axis,nan,nan,nan,nan,nan,nan,nan,nan,nan,nan,nan,nan,nan,nan,nan,nan,involution(Sub):11;commutative(Add):6;even-negation(Abs):6;commutative(Mul):3;commutative(Max):3;even-negation(Cos):3;power-recip:2;power-rsqrt:2,0,0,0,0,nan,nan,0,0,nan,nan,0.0,1.0,0.0,0.0,1.0,1.0,0.0,nan,1.36,1.44,0.64,1.0,0.0,0.0,0.0,nan
bwd_default_d6:21,bwd_default,synthetic,64.0,64.0,44.0,39.0,1.128,44.0,0.0,0.0,0.0,0.0,0.0,0.0,0.0,0.0,0.0,0.0,0.0,0.0,6.0,26.0,Abs:4;Add:6;Const:4;Cos:1;Log2:2;Max:1;Mul:2;Neg:12;Pow:2;Recip:1;Sin:1;Var:3,44.0,39.0,882.0,882.0,1.0,50.0,2000.0,Quiesced,2.0,73.0,25.0,57.0,1.0,23.0,2181707.0,2181707.0,1.0,647.0,647.0,1.0,0.0,-26.64,retired_axis,nan,nan,nan,nan,nan,nan,nan,nan,nan,nan,nan,nan,nan,nan,nan,nan,involution(Sub):19;commutative(Add):18;even-negation(Abs):12;fma-fusion:8;commutative(Mul):6;commutative(Max):3;even-negation(Cos):3;power-sqrt:2;recip-sqrt:2,0,0,0,0,nan,nan,0,0,nan,nan,0.0,1.0,0.0,0.0,1.0,1.0,0.0,nan,1.4615384615384615,1.8717948717948718,0.5897435897435898,1.0,0.0,0.0,0.0,nan
bwd_default_d6:22,bwd_default,synthetic,64.0,64.0,74.0,64.0,1.156,76.0,0.0,0.0,0.0,0.0,0.0,0.0,0.0,0.0,0.0,0.0,0.0,0.0,11.0,18.0,Abs:6;Add:10;Const:9;Cos:1;Exp:3;Log10:3;Max:1;Min:2;Mul:5;Neg:17;Pow:4;Sqrt:1;Var:2,74.0,64.0,1644.0,1644.0,1.0,100.0,5000.0,Quiesced,3.0,217.0,49.0,105.0,2.6,41.0,1135174.0,1135174.0,1.0,859.0,859.0,1.0,0.0,-47.75,retired_axis,nan,nan,nan,nan,nan,nan,nan,nan,nan,nan,nan,nan,nan,nan,nan,nan,commutative(Add):62;involution(Sub):42;even-negation(Abs):28;commutative(Mul):15;fma-fusion:12;commutative(Min):10;constant-fold:8;reverse-associative(Add):8;associative(Add):7;power-recip:6;commutative(Max):5;even-negation(Cos):5;power-sqrt:3;power-rsqrt:3;recip-sqrt:3,0,0,0,0,nan,nan,0,0,nan,nan,0.0,1.0,0.0,0.0,1.0,1.0,0.0,nan,1.640625,3.390625,0.640625,1.0,0.0,0.0,0.0,nan
bwd_default_d6:23,bwd_default,synthetic,64.0,64.0,32.0,30.0,1.067,32.0,0.0,0.0,0.0,0.0,0.0,0.0,0.0,0.0,0.0,0.0,0.0,0.0,6.0,19.0,Abs:4;Add:3;Atan2:1;Const:5;Ln:1;Neg:11;Pow:3;Sin:1;Var:1,32.0,30.0,922.0,922.0,1.0,50.0,2000.0,Quiesced,2.0,39.0,15.0,39.0,0.7,18.0,536.0,536.0,1.0,536.0,536.0,1.0,0.0,-41.87,retired_axis,nan,nan,nan,nan,nan,nan,nan,nan,nan,nan,nan,nan,nan,nan,nan,nan,involution(Sub):15;even-negation(Abs):11;commutative(Add):9;power-sqrt:2;power-rsqrt:2,0,0,0,0,nan,nan,0,0,nan,nan,0.0,1.0,0.0,0.0,1.0,1.0,0.0,nan,1.3,1.3,0.6,1.0,0.0,0.0,0.0,nan
bwd_default_d8:0,bwd_default,synthetic,64.0,64.0,117.0,92.0,1.272,189.0,0.0,0.0,0.0,0.0,0.0,0.0,0.0,0.0,0.0,0.0,0.0,0.0,23.0,28.0,Abs:13;Add:15;Const:5;Cos:1;Exp:2;Exp2:3;Ln:1;Log10:1;Log2:5;Max:1;Min:1;Mul:7;Neg:22;Pow:9;Sqrt:1;Tan:1;Var:4,117.0,92.0,3376.0,5132.0,1.52,100.0,5000.0,Quiesced,6.0,1043.0,116.0,205.0,8.6,59.0,2557423.0,2528294.0,1.012,2458.0,1994.0,1.233,0.0,-40.94,retired_axis,nan,nan,nan,nan,nan,nan,nan,nan,nan,nan,nan,nan,nan,nan,nan,nan,commutative(Mul):212;commutative(Add):170;involution(Sub):110;even-negation(Abs):106;reverse-associative(Mul):94;associative(Mul):85;constant-fold:56;fma-fusion:47;power-sqrt:30;halving:28;doubling:16;power-combine:12;power-recip:12;commutative(Min):11;commutative(Max):11;even-negation(Cos):11;associative(Add):7;reverse-associative(Add):7;recip-sqrt:6;power-identity:5;distribute:4;factor:3,0,0,0,0,nan,nan,0,0,nan,nan,0.0,1.0,0.0,0.0,1.0,1.0,1.0,nan,2.2282608695652173,11.33695652173913,0.6413043478260869,1.0,0.0,0.0,0.0,nan
bwd_default_d8:1,bwd_default,synthetic,64.0,64.0,56.0,50.0,1.12,56.0,0.0,0.0,0.0,0.0,0.0,0.0,0.0,0.0,0.0,0.0,0.0,0.0,11.0,21.0,Abs:5;Add:7;Atan2:2;Const:6;Exp2:1;Log10:1;Mul:3;Neg:14;Pow:3;Sin:3;Tan:1;Var:4,56.0,50.0,1346.0,1346.0,1.0,100.0,5000.0,Quiesced,4.0,258.0,41.0,84.0,2.5,30.0,1716561.0,1716561.0,1.0,756.0,756.0,1.0,0.0,-43.83,retired_axis,nan,nan,nan,nan,nan,nan,nan,nan,nan,nan,nan,nan,nan,nan,nan,nan,commutative(Add):73;involution(Sub):44;even-negation(Abs):32;fma-fusion:30;constant-fold:25;commutative(Mul):21;reverse-associative(Add):11;associative(Add):10;power-sqrt:4;power-recip:4;power-rsqrt:4,0,0,0,0,nan,nan,0,0,nan,nan,0.0,1.0,0.0,0.0,1.0,1.0,0.0,nan,1.68,5.16,0.6,1.0,0.0,0.0,0.0,nan
bwd_default_d8:2,bwd_default,synthetic,64.0,64.0,20.0,18.0,1.111,20.0,0.0,0.0,0.0,0.0,0.0,0.0,0.0,0.0,0.0,0.0,0.0,0.0,4.0,15.0,Abs:1;Add:2;Atan2:1;Const:1;Cos:1;Exp2:1;Mul:1;Neg:7;Tan:1;Var:2,20.0,18.0,347.0,347.0,1.0,50.0,2000.0,Quiesced,3.0,65.0,16.0,37.0,1.0,11.0,1331200.0,1331200.0,1.0,325.0,325.0,1.0,0.0,-6.34,ok,1680.0,0.0,5.0,5.0,4.0,5.0,166.0,0.023,0.029,0.949,0.0,0.0,0.0,0.0,0.0,170308.0,involution(Sub):16;commutative(Add):13;commutative(Mul):11;fma-fusion:10;even-negation(Cos):5;even-negation(Abs):5;cos-angle-addition:3;canonicalize(Sub):2,351,16,234,196,0.6666666666666666,0.5584045584045584,8,16,0.5,0.16239316239316237,0.0,1.0,0.0,0.0,1.0,1.0,0.0,0.05142857142857143,2.0555555555555554,3.611111111111111,0.6111111111111112,1.0,0.0,0.0,0.0,93.33333333333333
bwd_default_d8:3,bwd_default,synthetic,64.0,64.0,155.0,115.0,1.348,241.0,0.0,0.0,0.0,0.0,0.0,0.0,0.0,0.0,0.0,0.0,0.0,0.0,28.0,23.0,Abs:13;Add:20;Atan2:3;Const:9;Cos:4;Exp:1;Exp2:2;Ln:3;Log10:2;Log2:2;Max:3;Min:1;Mul:13;Neg:24;Pow:6;Sin:3;Tan:2;Var:4,155.0,115.0,3474.0,5236.0,1.507,100.0,5000.0,Quiesced,7.0,3301.0,333.0,477.0,17.0,87.0,6265783.0,5462983.0,1.147,4843.0,3025.0,1.601,0.0,-12.92,retired_axis,nan,nan,nan,nan,nan,nan,nan,nan,nan,nan,nan,nan,nan,nan,nan,nan,commutative(Add):734;fma-fusion:620;commutative(Mul):474;factor:302;reverse-associative(Add):218;associative(Add):210;even-negation(Abs):126;distribute:119;reverse-associative(Mul):115;involution(Sub):101;associative(Mul):87;constant-fold:45;even-negation(Cos):40;commutative(Max):39;commutative(Min):13;odd-negation(Sin):13;halving:11;odd-negation(Tan):7;power-combine:7;power-sqrt:7;power-recip:7;doubling:6,0,0,0,0,nan,nan,0,0,nan,nan,0.0,1.0,0.0,0.0,1.0,1.0,1.0,nan,4.147826086956521,28.704347826086956,0.7565217391304347,1.0,0.0,0.0,0.0,nan
bwd_default_d8:4,bwd_default,synthetic,64.0,64.0,130.0,90.0,1.444,193.0,0.0,0.0,0.0,0.0,0.0,0.0,0.0,0.0,0.0,0.0,0.0,0.0,20.0,20.0,Abs:8;Add:14;Atan2:2;Const:7;Cos:3;Exp:1;Exp2:4;Ln:1;Log2:2;Max:3;Mul:9;Neg:23;Pow:6;Recip:1;Sin:1;Sub:1;Var:4,130.0,90.0,2575.0,4092.0,1.589,100.0,5000.0,ClassCap,9.0,23397.0,2190.0,2420.0,74.7,65.0,2125069.0,2125029.0,1.0,1465.0,1425.0,1.028,0.0,-44.66,retired_axis,nan,nan,nan,nan,nan,nan,nan,nan,nan,nan,nan,nan,nan,nan,nan,nan,fma-fusion:6532;commutative(Add):5971;reverse-associative(Add):4178;associative(Add):3813;commutative(Mul):927;factor:677;distribute:369;reverse-associative(Mul):252;associative(Mul):186;involution(Sub):119;even-negation(Abs):103;commutative(Max):94;reverse-associative(Max):35;associative(Max):34;power-sqrt:27;even-negation(Cos):26;power-recip:18;canonicalize(Sub):9;constant-fold:9;idempotent(Max):9;power-rsqrt:9,0,0,0,0,nan,nan,0,0,nan,nan,1.0,0.0,0.0,0.0,1.0,1.0,1.0,nan,26.88888888888889,259.96666666666664,0.7222222222222222,1.0,0.0,0.0,0.0,nan
bwd_default_d8:5,bwd_default,synthetic,64.0,64.0,20.0,19.0,1.053,29.0,0.0,0.0,0.0,0.0,0.0,0.0,0.0,0.0,0.0,0.0,0.0,0.0,4.0,15.0,Abs:2;Add:1;Const:1;Cos:1;Mul:2;Neg:7;Pow:2;Sin:1;Var:2,20.0,19.0,578.0,856.0,1.481,50.0,2000.0,Quiesced,4.0,93.0,18.0,34.0,0.6,8.0,15235.0,10755.0,1.417,241.0,171.0,1.409,0.0,-70.42,retired_axis,nan,nan,nan,nan,nan,nan,nan,nan,nan,nan,nan,nan,nan,nan,nan,nan,involution(Sub):25;even-negation(Abs):14;power-sqrt:8;fma-fusion:8;commutative(Add):7;even-negation(Cos):7;constant-fold:6;halving:5;power-combine:4;commutative(Mul):3;doubling:3;power-identity:3,0,0,0,0,nan,nan,0,0,nan,nan,0.0,1.0,0.0,0.0,1.0,1.0,1.0,nan,1.7894736842105263,4.894736842105263,0.42105263157894735,1.0,0.0,0.0,0.0,nan
bwd_default_d8:6,bwd_default,synthetic,64.0,64.0,113.0,91.0,1.242,142.0,0.0,0.0,0.0,0.0,0.0,0.0,0.0,0.0,0.0,0.0,0.0,0.0,17.0,21.0,Abs:12;Add:17;Const:12;Div:2;Exp:3;Exp2:2;Ln:1;Log10:2;Mul:11;Neg:16;Pow:8;Sin:1;Var:4,113.0,91.0,2626.0,3218.0,1.225,100.0,5000.0,Quiesced,12.0,21392.0,1116.0,1338.0,57.5,64.0,2087964.0,2087964.0,1.0,1278.0,1278.0,1.0,0.0,-51.33,retired_axis,nan,nan,nan,nan,nan,nan,nan,nan,nan,nan,nan,nan,nan,nan,nan,nan,commutative(Mul):7807;reverse-associative(Mul):4860;associative(Mul):4612;commutative(Add):1310;fma-fusion:749;distribute:495;factor:477;reverse-associative(Add):246;associative(Add):237;constant-fold:188;even-negation(Abs):164;involution(Sub):92;power-recip:36;canonicalize(Div):24;power-combine:24;power-sqrt:24;exp-homomorphism:23;power-rsqrt:12;recip-sqrt:12,0,0,0,0,nan,nan,0,0,nan,nan,0.0,1.0,0.0,0.0,1.0,1.0,0.0,nan,14.703296703296703,235.07692307692307,0.7032967032967034,1.0,0.0,0.0,0.0,nan
bwd_default_d8:7,bwd_default,synthetic,64.0,64.0,50.0,42.0,1.19,50.0,0.0,0.0,0.0,0.0,0.0,0.0,0.0,0.0,0.0,0.0,0.0,0.0,12.0,14.0,Abs:3;Add:4;Atan2:1;Const:4;Cos:2;Exp2:3;Log10:2;Max:1;Min:1;Mul:4;Neg:10;Pow:1;Sin:3;Var:3,50.0,42.0,1191.0,1197.0,1.005,50.0,2000.0,Quiesced,5.0,637.0,91.0,147.0,2.4,30.0,19624.0,19621.0,1.0,976.0,973.0,1.003,0.0,-18.3,retired_axis,nan,nan,nan,nan,nan,nan,nan,nan,nan,nan,nan,nan,nan,nan,nan,nan,commutative(Mul):198;reverse-associative(Mul):84;associative(Mul):72;commutative(Add):67;involution(Sub):46;fma-fusion:43;factor:27;even-negation(Abs):23;distribute:20;even-negation(Cos):18;inverse-annihilation(Sub):9;commutative(Min):9;commutative(Max):9;power-sqrt:5;cos-angle-addition:4;canonicalize(Sub):3,0,0,0,0,nan,nan,0,0,nan,nan,0.0,1.0,0.0,0.0,1.0,1.0,1.0,nan,3.5,15.166666666666666,0.7142857142857143,1.0,0.0,0.0,0.0,nan
bwd_default_d8:8,bwd_default,synthetic,64.0,64.0,24.0,22.0,1.091,42.0,0.0,0.0,0.0,0.0,0.0,0.0,0.0,0.0,0.0,0.0,0.0,0.0,1.0,13.0,Abs:1;Add:4;Const:3;Mul:5;Neg:6;Pow:1;Var:2,24.0,22.0,258.0,297.0,1.151,50.0,2000.0,Quiesced,6.0,1929.0,217.0,264.0,10.4,14.0,41014.0,41002.0,1.0,64.0,52.0,1.231,0.0,-79.84,retired_axis,nan,nan,nan,nan,nan,nan,nan,nan,nan,nan,nan,nan,nan,nan,nan,nan,fma-fusion:513;commutative(Add):424;reverse-associative(Add):254;associative(Add):222;commutative(Mul):176;factor:81;reverse-associative(Mul):55;associative(Mul):53;distribute:46;constant-fold:26;halving:26;doubling:19;involution(Sub):17;even-negation(Abs):11;power-sqrt:6,0,0,0,0,nan,nan,0,0,nan,nan,0.0,1.0,0.0,0.0,1.0,1.0,1.0,nan,12.0,87.68181818181819,0.6363636363636364,1.0,0.0,0.0,0.0,nan
bwd_default_d8:9,bwd_default,synthetic,64.0,64.0,12.0,12.0,1.0,12.0,0.0,0.0,0.0,0.0,0.0,0.0,0.0,0.0,0.0,0.0,0.0,0.0,2.0,10.0,Abs:1;Add:1;Const:2;Neg:5;Pow:1;Tan:1;Var:1,12.0,12.0,305.0,305.0,1.0,50.0,2000.0,Quiesced,2.0,15.0,6.0,15.0,0.4,7.0,118.0,118.0,1.0,118.0,118.0,1.0,0.0,-61.31,retired_axis,nan,nan,nan,nan,nan,nan,nan,nan,nan,nan,nan,nan,nan,nan,nan,nan,involution(Sub):7;commutative(Add):3;even-negation(Abs):3;power-rsqrt:2,0,0,0,0,nan,nan,0,0,nan,nan,0.0,1.0,0.0,0.0,1.0,0.0,0.0,nan,1.25,1.25,0.5833333333333334,1.0,0.0,0.0,0.0,nan
bwd_default_d8:10,bwd_default,synthetic,64.0,64.0,195.0,145.0,1.345,214.0,0.0,0.0,0.0,0.0,0.0,0.0,0.0,0.0,0.0,0.0,0.0,0.0,23.0,26.0,Abs:15;Add:29;Const:13;Cos:2;Div:1;Exp:3;Exp2:1;Ln:3;Log2:1;Max:4;Min:1;Mul:26;Neg:26;Pow:10;Recip:1;Rsqrt:1;Sin:3;Sqrt:1;Var:4,195.0,145.0,3567.0,3668.0,1.028,100.0,5000.0,ClassCap,5.0,8777.0,2181.0,2634.0,35.5,97.0,3365421.0,3344679.0,1.006,1977.0,1899.0,1.041,0.0,-46.76,retired_axis,nan,nan,nan,nan,nan,nan,nan,nan,nan,nan,nan,nan,nan,nan,nan,nan,commutative(Mul):2068;reverse-associative(Mul):1817;associative(Mul):1396;fma-fusion:917;commutative(Add):739;factor:548;distribute:448;reverse-associative(Add):229;associative(Add):157;constant-fold:120;even-negation(Abs):110;involution(Sub):96;commutative(Max):27;power-sqrt:20;power-recip:20;reverse-angle-addition:10;commutative(Min):9;odd-negation(Sin):9;exp-homomorphism:9;sin-angle-addition:8;canonicalize(Div):5;idempotent(Max):5;associative(Max):5;reverse-associative(Max):5,0,0,0,0,nan,nan,0,0,nan,nan,1.0,0.0,0.0,0.0,1.0,1.0,1.0,nan,18.16551724137931,60.53103448275862,0.6689655172413793,1.0,0.0,0.0,0.0,nan
bwd_default_d8:11,bwd_default,synthetic,64.0,64.0,61.0,57.0,1.07,89.0,0.0,0.0,0.0,0.0,0.0,0.0,0.0,0.0,0.0,0.0,0.0,0.0,11.0,19.0,Abs:6;Add:8;Const:7;Exp:3;Exp2:2;Ln:2;Log10:1;Max:1;Mul:4;Neg:16;Pow:2;Sin:1;Var:4,61.0,57.0,1336.0,1860.0,1.392,100.0,5000.0,Quiesced,4.0,364.0,59.0,110.0,1.8,34.0,927047.0,927047.0,1.0,1073.0,1073.0,1.0,0.0,-19.69,retired_axis,nan,nan,nan,nan,nan,nan,nan,nan,nan,nan,nan,nan,nan,nan,nan,nan,commutative(Add):88;commutative(Mul):56;constant-fold:54;involution(Sub):47;even-negation(Abs):36;fma-fusion:16;reverse-associative(Add):11;reverse-associative(Mul):11;associative(Add):10;associative(Mul):10;factor:8;commutative(Max):7;distribute:6;power-sqrt:4,0,0,0,0,nan,nan,0,0,nan,nan,0.0,1.0,0.0,0.0,1.0,1.0,0.0,nan,1.9298245614035088,6.385964912280702,0.5964912280701754,1.0,0.0,0.0,0.0,nan
bwd_default_d8:12,bwd_default,synthetic,64.0,64.0,279.0,194.0,1.438,291.0,0.0,0.0,0.0,0.0,0.0,0.0,0.0,0.0,0.0,0.0,0.0,0.0,40.0,25.0,Abs:25;Add:38;Atan2:6;Const:20;Div:1;Exp:5;Exp2:3;Ln:3;Log10:1;Log2:3;Max:3;Min:3;Mul:24;MulAdd:2;Neg:29;Pow:14;Recip:2;Rsqrt:1;Sin:2;Sqrt:1;Sub:1;Tan:3;Var:4,279.0,194.0,5630.0,6078.0,1.08,100.0,5000.0,Quiesced,11.0,24999.0,1404.0,1745.0,77.5,150.0,10097054.0,8315091.0,1.214,4139.0,3690.0,1.122,0.0,-34.46,retired_axis,nan,nan,nan,nan,nan,nan,nan,nan,nan,nan,nan,nan,nan,nan,nan,nan,commutative(Add):5171;commutative(Mul):4478;fma-fusion:3773;reverse-associative(Add):2744;associative(Add):2591;reverse-associative(Mul):2361;associative(Mul):2232;even-negation(Abs):322;factor:299;constant-fold:244;involution(Sub):193;distribute:134;power-recip:88;halving:75;commutative(Min):63;commutative(Max):63;doubling:49;odd-negation(Tan):42;exp-homomorphism:22;power-sqrt:22;canonicalize(Sub):11;canonicalize(Div):11;power-combine:11,0,0,0,0,nan,nan,0,0,nan,nan,0.0,1.0,0.0,0.0,1.0,1.0,1.0,nan,8.994845360824742,128.86082474226805,0.7731958762886598,1.0,0.0,0.0,0.0,nan
bwd_default_d8:13,bwd_default,synthetic,64.0,64.0,98.0,83.0,1.181,135.0,0.0,0.0,0.0,0.0,0.0,0.0,0.0,0.0,0.0,0.0,0.0,0.0,19.0,22.0,Abs:9;Add:15;Atan2:1;Const:7;Cos:3;Exp:2;Ln:1;Log10:1;Log2:3;Max:1;Min:1;Mul:8;Neg:17;Pow:4;Recip:1;Sin:2;Sqrt:1;Tan:2;Var:4,98.0,83.0,2395.0,3105.0,1.296,100.0,5000.0,Quiesced,3.0,354.0,81.0,165.0,1.9,58.0,3178430.0,2588437.0,1.228,1907.0,1594.0,1.196,0.0,-33.44,retired_axis,nan,nan,nan,nan,nan,nan,nan,nan,nan,nan,nan,nan,nan,nan,nan,nan,commutative(Add):103;fma-fusion:76;even-negation(Abs):35;commutative(Mul):30;involution(Sub):25;reverse-associative(Add):16;associative(Add):14;even-negation(Cos):11;power-sqrt:9;constant-fold:6;factor:6;commutative(Min):5;commutative(Max):5;distribute:4;odd-negation(Sin):3;power-rsqrt:3;recip-sqrt:3,0,0,0,0,nan,nan,0,0,nan,nan,0.0,1.0,0.0,0.0,1.0,1.0,1.0,nan,1.9879518072289157,4.265060240963855,0.6987951807228916,1.0,0.0,0.0,0.0,nan
bwd_default_d8:14,bwd_default,synthetic,64.0,64.0,169.0,124.0,1.363,171.0,0.0,0.0,0.0,0.0,0.0,0.0,0.0,0.0,0.0,0.0,0.0,0.0,27.0,20.0,Abs:12;Add:20;Atan2:1;Const:14;Cos:3;Div:1;Exp:3;Exp2:3;Ln:2;Log2:2;Max:2;Min:5;Mul:14;Neg:25;Pow:10;Sin:1;Tan:2;Var:4,169.0,124.0,3733.0,3846.0,1.03,100.0,5000.0,Quiesced,4.0,835.0,136.0,266.0,4.1,92.0,4582673.0,4579115.0,1.001,3140.0,2732.0,1.149,0.0,-26.81,retired_axis,nan,nan,nan,nan,nan,nan,nan,nan,nan,nan,nan,nan,nan,nan,nan,nan,commutative(Mul):204;commutative(Add):152;even-negation(Abs):69;involution(Sub):66;fma-fusion:59;reverse-associative(Mul):57;associative(Mul):48;commutative(Min):35;constant-fold:34;factor:19;even-negation(Cos):18;commutative(Max):14;distribute:14;power-recip:12;power-sqrt:8;odd-negation(Sin):7;odd-negation(Tan):7;canonicalize(Div):4;exp-homomorphism:4;recip-sqrt:4,0,0,0,0,nan,nan,0,0,nan,nan,0.0,1.0,0.0,0.0,1.0,1.0,1.0,nan,2.1451612903225805,6.733870967741935,0.7419354838709677,1.0,0.0,0.0,0.0,nan
bwd_default_d8:15,bwd_default,synthetic,64.0,64.0,144.0,99.0,1.455,156.0,0.0,0.0,0.0,0.0,0.0,0.0,0.0,0.0,0.0,0.0,0.0,0.0,23.0,30.0,Abs:11;Add:21;Atan2:2;Const:8;Cos:1;Exp:1;Exp2:2;Log2:1;Max:1;Min:1;Mul:10;MulAdd:1;Neg:16;Pow:12;Recip:2;Sin:2;Sqrt:1;Tan:2;Var:4,144.0,99.0,3507.0,3696.0,1.054,100.0,5000.0,Quiesced,11.0,15409.0,859.0,1037.0,34.9,72.0,2565223.0,2565193.0,1.0,1627.0,1597.0,1.019,0.0,-54.46,retired_axis,nan,nan,nan,nan,nan,nan,nan,nan,nan,nan,nan,nan,nan,nan,nan,nan,commutative(Add):4169;fma-fusion:3477;reverse-associative(Add):2358;associative(Add):2244;commutative(Mul):1113;factor:546;reverse-associative(Mul):332;associative(Mul):314;distribute:236;even-negation(Abs):161;involution(Sub):84;halving:84;power-recip:66;constant-fold:62;doubling:44;power-sqrt:44;recip-sqrt:22;commutative(Min):21;commutative(Max):21;even-negation(Cos):11,0,0,0,0,nan,nan,0,0,nan,nan,0.0,1.0,0.0,0.0,1.0,1.0,1.0,nan,10.474747474747474,155.64646464646464,0.7272727272727273,1.0,0.0,0.0,0.0,nan
bwd_default_d8:16,bwd_default,synthetic,64.0,64.0,85.0,63.0,1.349,93.0,0.0,0.0,0.0,0.0,0.0,0.0,0.0,0.0,0.0,0.0,0.0,0.0,14.0,26.0,Abs:8;Add:9;Atan2:3;Const:4;Exp:2;Exp2:1;Log10:3;Max:1;Mul:7;Neg:13;Pow:3;Recip:2;Sin:2;Sqrt:1;Var:4,85.0,63.0,1770.0,1893.0,1.069,100.0,5000.0,Quiesced,8.0,4816.0,378.0,483.0,15.6,47.0,4307490.0,4254242.0,1.013,1377.0,1364.0,1.01,0.0,-22.94,retired_axis,nan,nan,nan,nan,nan,nan,nan,nan,nan,nan,nan,nan,nan,nan,nan,nan,commutative(Add):1011;fma-fusion:1004;commutative(Mul):768;reverse-associative(Add):497;associative(Add):426;reverse-associative(Mul):316;associative(Mul):295;factor:169;distribute:139;even-negation(Abs):92;involution(Sub):68;commutative(Max):15;power-sqrt:8;power-recip:8,0,0,0,0,nan,nan,0,0,nan,nan,0.0,1.0,0.0,0.0,1.0,1.0,1.0,nan,7.666666666666667,76.44444444444444,0.746031746031746,1.0,0.0,0.0,0.0,nan
bwd_default_d8:17,bwd_default,synthetic,64.0,64.0,187.0,146.0,1.281,295.0,0.0,0.0,0.0,0.0,0.0,0.0,0.0,0.0,0.0,0.0,0.0,0.0,21.0,20.0,Abs:12;Add:30;Atan2:1;Const:21;Cos:1;Exp:2;Exp2:2;Ln:2;Log10:1;Min:4;Mul:29;Neg:22;Pow:10;Recip:2;Rsqrt:1;Sin:2;Var:4,187.0,146.0,3364.0,5459.0,1.623,100.0,5000.0,ClassCap,4.0,10569.0,3439.0,4426.0,44.0,101.0,3289996.0,3268485.0,1.007,1837.0,1746.0,1.052,0.0,-48.1,retired_axis,nan,nan,nan,nan,nan,nan,nan,nan,nan,nan,nan,nan,nan,nan,nan,nan,fma-fusion:2051;commutative(Mul):1934;commutative(Add):1634;reverse-associative(Mul):1212;associative(Mul):863;reverse-associative(Add):840;associative(Add):628;factor:509;distribute:504;constant-fold:142;even-negation(Abs):52;power-combine:40;halving:36;involution(Sub):35;commutative(Min):28;doubling:26;power-sqrt:16;power-recip:8;even-negation(Cos):7;exp-homomorphism:4,0,0,0,0,nan,nan,0,0,nan,nan,1.0,0.0,0.0,0.0,1.0,1.0,1.0,nan,30.315068493150687,72.39041095890411,0.6917808219178082,1.0,0.0,0.0,0.0,nan
bwd_default_d8:18,bwd_default,synthetic,64.0,64.0,107.0,84.0,1.274,225.0,0.0,0.0,0.0,0.0,0.0,0.0,0.0,0.0,0.0,0.0,0.0,0.0,15.0,28.0,Abs:10;Add:15;Atan2:1;Const:9;Cos:1;Exp:1;Log10:1;Log2:2;Min:1;Mul:11;Neg:18;Pow:8;Recip:1;Sin:1;Var:4,107.0,84.0,2463.0,4764.0,1.934,100.0,5000.0,Quiesced,4.0,438.0,76.0,159.0,3.2,55.0,3138101.0,2375071.0,1.321,1583.0,1105.0,1.433,0.0,-55.14,retired_axis,nan,nan,nan,nan,nan,nan,nan,nan,nan,nan,nan,nan,nan,nan,nan,nan,commutative(Add):109;commutative(Mul):72;even-negation(Abs):52;fma-fusion:48;constant-fold:32;involution(Sub):28;reverse-associative(Mul):23;associative(Mul):20;power-sqrt:16;power-recip:8;commutative(Min):7;halving:5;even-negation(Cos):4;power-combine:4;power-rsqrt:4;doubling:3;power-identity:3,0,0,0,0,nan,nan,0,0,nan,nan,0.0,1.0,0.0,0.0,1.0,1.0,1.0,nan,1.8928571428571428,5.214285714285714,0.6547619047619048,1.0,0.0,0.0,0.0,nan
bwd_default_d8:19,bwd_default,synthetic,64.0,64.0,83.0,65.0,1.277,91.0,0.0,0.0,0.0,0.0,0.0,0.0,0.0,0.0,0.0,0.0,0.0,0.0,18.0,23.0,Abs:8;Add:11;Atan2:1;Const:5;Cos:3;Exp:1;Log10:1;Log2:1;Mul:6;Neg:13;Pow:6;Sin:3;Tan:2;Var:4,83.0,65.0,2332.0,2561.0,1.098,100.0,5000.0,ClassCap,6.0,11266.0,3442.0,4102.0,41.9,40.0,1460559.0,1460552.0,1.0,1164.0,1157.0,1.006,0.0,-50.39,retired_axis,nan,nan,nan,nan,nan,nan,nan,nan,nan,nan,nan,nan,nan,nan,nan,nan,fma-fusion:2936;commutative(Add):2031;commutative(Mul):1361;reverse-associative(Add):1212;associative(Add):934;reverse-associative(Mul):818;factor:661;associative(Mul):644;distribute:338;even-negation(Abs):63;involution(Sub):60;reverse-angle-addition:35;constant-fold:32;sin-angle-addition:23;even-negation(Cos):22;cos-angle-addition:21;canonicalize(Sub):17;power-recip:12;power-rsqrt:12;odd-negation(Sin):11;odd-negation(Tan):11;exp-homomorphism:6;power-sqrt:6,0,0,0,0,nan,nan,0,0,nan,nan,1.0,0.0,0.0,0.0,1.0,1.0,1.0,nan,63.10769230769231,173.3230769230769,0.6153846153846154,1.0,0.0,0.0,0.0,nan
bwd_default_d8:20,bwd_default,synthetic,64.0,64.0,159.0,125.0,1.272,212.0,0.0,0.0,0.0,0.0,0.0,0.0,0.0,0.0,0.0,0.0,0.0,0.0,27.0,27.0,Abs:15;Add:22;Atan2:3;Const:9;Cos:2;Div:1;Exp:2;Exp2:2;Ln:1;Log10:3;Log2:2;Mul:16;MulAdd:1;Neg:29;Pow:7;Recip:1;Sin:4;Tan:1;Var:4,159.0,125.0,3520.0,4497.0,1.278,100.0,5000.0,Quiesced,6.0,3796.0,418.0,575.0,17.3,82.0,3379750.0,3356945.0,1.007,2320.0,2069.0,1.121,0.0,-41.22,retired_axis,nan,nan,nan,nan,nan,nan,nan,nan,nan,nan,nan,nan,nan,nan,nan,nan,commutative(Add):734;fma-fusion:728;commutative(Mul):593;reverse-associative(Add):283;associative(Add):254;reverse-associative(Mul):183;factor:177;associative(Mul):168;involution(Sub):151;even-negation(Abs):149;distribute:144;constant-fold:60;halving:52;doubling:32;power-sqrt:24;even-negation(Cos):17;power-combine:12;odd-negation(Sin):11;canonicalize(Div):6;exp-ln-cancel:6;ln-exp-cancel:6;power-recip:6,0,0,0,0,nan,nan,0,0,nan,nan,0.0,1.0,0.0,0.0,1.0,1.0,1.0,nan,4.6,30.368,0.656,1.0,0.0,0.0,0.0,nan
bwd_default_d8:21,bwd_default,synthetic,64.0,64.0,367.0,234.0,1.568,412.0,0.0,0.0,0.0,0.0,0.0,0.0,0.0,0.0,0.0,0.0,0.0,0.0,44.0,19.0,Abs:29;Add:50;Atan2:4;Const:24;Cos:2;Div:2;Exp:2;Exp2:3;Ln:9;Log10:4;Log2:5;Max:5;Min:8;Mul:31;MulAdd:6;Neg:21;Pow:9;Recip:5;Sin:4;Sqrt:4;Sub:1;Tan:2;Var:4,367.0,234.0,6079.0,6652.0,1.094,100.0,5000.0,Quiesced,7.0,7368.0,676.0,996.0,23.9,180.0,6722990.0,6398275.0,1.051,4544.0,4405.0,1.032,0.0,-27.54,retired_axis,nan,nan,nan,nan,nan,nan,nan,nan,nan,nan,nan,nan,nan,nan,nan,nan,commutative(Add):1977;fma-fusion:1349;commutative(Mul):1112;reverse-associative(Add):726;associative(Add):648;reverse-associative(Mul):300;associative(Mul):275;factor:151;commutative(Min):148;even-negation(Abs):119;commutative(Max):109;constant-fold:106;distribute:100;power-sqrt:42;halving:39;doubling:21;reverse-associative(Min):20;reverse-associative(Max):20;associative(Min):19;associative(Max):19;canonicalize(Div):14;reverse-angle-addition:14;sin-angle-addition:12;canonicalize(Sub):7;exp-homomorphism:7;power-rsqrt:7;recip-sqrt:7,0,0,0,0,nan,nan,0,0,nan,nan,0.0,1.0,0.0,0.0,1.0,1.0,1.0,nan,4.256410256410256,31.487179487179485,0.7692307692307693,1.0,0.0,0.0,0.0,nan
bwd_default_d8:22,bwd_default,synthetic,64.0,64.0,186.0,131.0,1.42,187.0,0.0,0.0,0.0,0.0,0.0,0.0,0.0,0.0,0.0,0.0,0.0,0.0,28.0,22.0,Abs:17;Add:27;Atan2:1;Const:11;Cos:3;Exp:3;Exp2:1;Ln:3;Log10:2;Log2:4;Max:2;Min:3;Mul:10;Neg:28;Pow:10;Recip:1;Sin:1;Var:4,186.0,131.0,4092.0,4135.0,1.011,100.0,5000.0,ClassCap,6.0,10952.0,3450.0,4204.0,45.6,90.0,5068853.0,4982544.0,1.017,3023.0,2709.0,1.116,0.0,-33.8,retired_axis,nan,nan,nan,nan,nan,nan,nan,nan,nan,nan,nan,nan,nan,nan,nan,nan,fma-fusion:2652;commutative(Add):1933;commutative(Mul):1473;reverse-associative(Add):1055;reverse-associative(Mul):826;associative(Add):809;associative(Mul):643;factor:642;distribute:361;even-negation(Abs):132;constant-fold:112;involution(Sub):88;power-recip:36;commutative(Min):33;reverse-angle-addition:31;even-negation(Cos):28;commutative(Max):22;cos-angle-addition:21;canonicalize(Sub):17;sin-angle-addition:15;halving:11;doubling:6;power-rsqrt:6,0,0,0,0,nan,nan,0,0,nan,nan,1.0,0.0,0.0,0.0,1.0,1.0,1.0,nan,32.091603053435115,83.6030534351145,0.6870229007633588,1.0,0.0,0.0,0.0,nan
bwd_default_d8:23,bwd_default,synthetic,64.0,64.0,116.0,90.0,1.289,173.0,0.0,0.0,0.0,0.0,0.0,0.0,0.0,0.0,0.0,0.0,0.0,0.0,21.0,21.0,Abs:10;Add:14;Atan2:2;Const:9;Cos:2;Exp2:1;Ln:1;Log10:1;Log2:4;Max:1;Min:1;Mul:12;MulAdd:1;Neg:16;Pow:5;Recip:1;Sin:4;Tan:1;Var:4,116.0,90.0,2695.0,3548.0,1.317,100.0,5000.0,Quiesced,3.0,229.0,53.0,139.0,2.9,68.0,5499583.0,4699332.0,1.17,2203.0,1737.0,1.268,0.0,-35.55,retired_axis,nan,nan,nan,nan,nan,nan,nan,nan,nan,nan,nan,nan,nan,nan,nan,nan,commutative(Add):70;commutative(Mul):52;even-negation(Abs):33;fma-fusion:24;involution(Sub):15;even-negation(Cos):6;power-sqrt:6;power-recip:6;commutative(Max):5;idempotent(Min):3;associative(Min):3;reverse-associative(Min):3;power-rsqrt:3,0,0,0,0,nan,nan,0,0,nan,nan,0.0,1.0,0.0,0.0,1.0,1.0,1.0,nan,1.5444444444444445,2.5444444444444443,0.7555555555555555,1.0,0.0,0.0,0.0,nan
bwd_default_d11:0,bwd_default,synthetic,64.0,64.0,641.0,420.0,1.526,1037.0,0.0,0.0,0.0,0.0,0.0,0.0,0.0,0.0,0.0,0.0,0.0,0.0,91.0,25.0,Abs:47;Add:81;Atan2:8;Const:35;Cos:9;Div:6;Exp:10;Exp2:7;Ln:4;Log10:6;Log2:4;Max:8;Min:12;Mul:66;MulAdd:6;Neg:42;Pow:26;Recip:11;Sin:11;Sqrt:8;Sub:3;Tan:6;Var:4,641.0,420.0,12117.0,17518.0,1.446,100.0,5000.0,ClassCap,3.0,7166.0,3176.0,4185.0,33.9,318.0,18936672.0,15742571.0,1.203,10464.0,8069.0,1.297,0.0,-33.41,retired_axis,nan,nan,nan,nan,nan,nan,nan,nan,nan,nan,nan,nan,nan,nan,nan,nan,fma-fusion:2321;commutative(Add):1062;reverse-associative(Add):919;associative(Add):734;commutative(Mul):573;factor:342;reverse-associative(Mul):317;associative(Mul):219;distribute:174;even-negation(Abs):105;constant-fold:71;commutative(Min):57;halving:38;commutative(Max):35;doubling:32;power-sqrt:27;power-recip:21;canonicalize(Div):18;associative(Min):12;reverse-associative(Min):12;even-negation(Cos):12;reverse-angle-addition:12;canonicalize(Sub):9;sin-angle-addition:8;power-combine:8;power-rsqrt:6;recip-sqrt:6;idempotent(Min):5;idempotent(Max):3;associative(Max):3;reverse-associative(Max):3;power-identity:2,0,0,0,0,nan,nan,0,0,nan,nan,1.0,0.0,0.0,0.0,1.0,1.0,1.0,nan,9.964285714285714,17.061904761904763,0.7571428571428571,1.0,0.0,0.0,0.0,nan
bwd_default_d11:1,bwd_default,synthetic,64.0,64.0,241.0,184.0,1.31,499.0,0.0,0.0,0.0,0.0,0.0,0.0,0.0,0.0,0.0,0.0,0.0,0.0,41.0,35.0,Abs:22;Add:35;Atan2:1;Const:18;Cos:1;Div:1;Exp:6;Exp2:5;Ln:1;Log10:2;Log2:4;Max:2;Min:4;Mul:23;MulAdd:2;Neg:30;Pow:12;Recip:1;Sin:2;Sqrt:1;Tan:7;Var:4,241.0,184.0,5415.0,11766.0,2.173,100.0,5000.0,ClassCap,4.0,8822.0,3401.0,4242.0,45.9,138.0,5558178.0,4050070.0,1.372,5736.0,3643.0,1.575,0.0,-32.72,retired_axis,nan,nan,nan,nan,nan,nan,nan,nan,nan,nan,nan,nan,nan,nan,nan,nan,fma-fusion:2424;commutative(Add):1767;reverse-associative(Add):1136;associative(Add):896;commutative(Mul):735;reverse-associative(Mul):494;factor:472;associative(Mul):370;distribute:196;even-negation(Abs):95;involution(Sub):65;constant-fold:32;commutative(Min):21;power-recip:20;halving:16;power-sqrt:16;commutative(Max):14;doubling:12;odd-negation(Tan):7;even-negation(Cos):7;reverse-angle-addition:7;canonicalize(Div):4;idempotent(Min):4;associative(Min):4;reverse-associative(Min):4;sin-angle-addition:4,0,0,0,0,nan,nan,0,0,nan,nan,1.0,0.0,0.0,0.0,1.0,1.0,1.0,nan,23.054347826086957,47.94565217391305,0.75,1.0,0.0,0.0,0.0,nan
bwd_default_d11:2,bwd_default,synthetic,64.0,64.0,197.0,153.0,1.288,197.0,0.0,0.0,0.0,0.0,0.0,0.0,0.0,0.0,0.0,0.0,0.0,0.0,31.0,32.0,Abs:25;Add:31;Atan2:1;Const:11;Div:1;Exp:3;Exp2:1;Ln:7;Log10:1;Log2:2;Max:2;Mul:8;Neg:38;Pow:12;Recip:1;Sin:3;Sqrt:1;Tan:1;Var:4,197.0,153.0,4697.0,4704.0,1.001,100.0,5000.0,Quiesced,4.0,1008.0,165.0,310.0,9.2,98.0,5828352.0,5827877.0,1.0,2553.0,2519.0,1.013,0.0,-46.37,retired_axis,nan,nan,nan,nan,nan,nan,nan,nan,nan,nan,nan,nan,nan,nan,nan,nan,commutative(Add):263;commutative(Mul):153;even-negation(Abs):130;involution(Sub):98;fma-fusion:87;reverse-associative(Mul):46;constant-fold:44;associative(Mul):38;reverse-associative(Add):22;associative(Add):20;factor:19;commutative(Max):18;power-sqrt:16;power-recip:16;distribute:14;power-rsqrt:8;canonicalize(Div):4;exp-ln-cancel:4;ln-exp-cancel:4;recip-sqrt:4,0,0,0,0,nan,nan,0,0,nan,nan,0.0,1.0,0.0,0.0,1.0,1.0,1.0,nan,2.026143790849673,6.588235294117647,0.6405228758169934,1.0,0.0,0.0,0.0,nan
bwd_default_d11:3,bwd_default,synthetic,64.0,64.0,220.0,165.0,1.333,228.0,0.0,0.0,0.0,0.0,0.0,0.0,0.0,0.0,0.0,0.0,0.0,0.0,29.0,33.0,Abs:21;Add:29;Atan2:2;Const:16;Cos:1;Exp:2;Exp2:2;Ln:2;Log10:3;Log2:2;Max:2;Min:3;Mul:21;MulAdd:1;Neg:36;Pow:12;Recip:3;Sin:2;Tan:1;Var:4,220.0,165.0,4462.0,4492.0,1.007,100.0,5000.0,Quiesced,5.0,1748.0,217.0,384.0,10.8,111.0,5367978.0,5355682.0,1.002,2331.0,2320.0,1.005,0.0,-48.01,retired_axis,nan,nan,nan,nan,nan,nan,nan,nan,nan,nan,nan,nan,nan,nan,nan,nan,commutative(Mul):369;commutative(Add):344;even-negation(Abs):152;fma-fusion:152;constant-fold:142;reverse-associative(Mul):133;involution(Sub):117;associative(Mul):117;factor:36;reverse-associative(Add):28;commutative(Min):27;distribute:27;associative(Add):26;power-sqrt:25;power-recip:25;commutative(Max):18;even-negation(Cos):5;power-rsqrt:5,0,0,0,0,nan,nan,0,0,nan,nan,0.0,1.0,0.0,0.0,1.0,1.0,1.0,nan,2.327272727272727,10.593939393939394,0.6727272727272727,1.0,0.0,0.0,0.0,nan
bwd_default_d11:4,bwd_default,synthetic,64.0,64.0,337.0,217.0,1.553,684.0,0.0,0.0,0.0,0.0,0.0,0.0,0.0,0.0,0.0,0.0,0.0,0.0,59.0,26.0,Abs:25;Add:42;Atan2:4;Const:17;Cos:11;Exp:7;Exp2:2;Ln:3;Log10:3;Log2:6;Max:4;Min:5;Mul:24;MulAdd:1;Neg:28;Pow:13;Recip:3;Rsqrt:2;Sin:6;Sqrt:2;Sub:1;Tan:4;Var:4,337.0,217.0,7241.0,15970.0,2.205,100.0,5000.0,ClassCap,4.0,8664.0,3396.0,4528.0,55.1,173.0,15828287.0,7987031.0,1.982,12011.0,5309.0,2.262,0.0,-26.68,retired_axis,nan,nan,nan,nan,nan,nan,nan,nan,nan,nan,nan,nan,nan,nan,nan,nan,fma-fusion:1840;commutative(Add):1610;commutative(Mul):1305;reverse-associative(Add):826;reverse-associative(Mul):687;associative(Add):626;associative(Mul):525;factor:458;distribute:405;even-negation(Abs):72;constant-fold:61;commutative(Min):55;even-negation(Cos):29;commutative(Max):28;power-sqrt:20;canonicalize(Sub):13;halving:13;cos-angle-addition:12;power-recip:12;reverse-associative(Min):11;doubling:10;associative(Min):10;odd-negation(Sin):8;power-rsqrt:8;reverse-angle-addition:5;exp-homomorphism:4;power-combine:4;recip-sqrt:4;sin-angle-addition:3,0,0,0,0,nan,nan,0,0,nan,nan,1.0,0.0,0.0,0.0,1.0,1.0,1.0,nan,20.86635944700461,39.92626728110599,0.7972350230414746,1.0,0.0,0.0,0.0,nan
bwd_default_d11:5,bwd_default,synthetic,64.0,64.0,83.0,72.0,1.153,161.0,0.0,0.0,0.0,0.0,0.0,0.0,0.0,0.0,0.0,0.0,0.0,0.0,12.0,24.0,Abs:9;Add:9;Atan2:4;Const:10;Cos:1;Exp2:1;Ln:2;Log2:1;Max:2;Min:1;Mul:6;Neg:18;Pow:3;Recip:1;Sqrt:1;Var:3,83.0,72.0,1613.0,3016.0,1.87,100.0,5000.0,Quiesced,4.0,464.0,72.0,135.0,4.9,42.0,3929040.0,2015720.0,1.949,1935.0,980.0,1.974,0.0,-39.24,retired_axis,nan,nan,nan,nan,nan,nan,nan,nan,nan,nan,nan,nan,nan,nan,nan,nan,constant-fold:81;commutative(Add):71;commutative(Mul):68;even-negation(Abs):56;involution(Sub):49;reverse-associative(Mul):22;associative(Mul):20;fma-fusion:16;commutative(Max):14;reverse-associative(Min):14;associative(Min):13;even-negation(Cos):11;commutative(Min):10;power-recip:8;power-sqrt:4;recip-sqrt:4;idempotent(Min):3,0,0,0,0,nan,nan,0,0,nan,nan,0.0,1.0,0.0,0.0,1.0,1.0,1.0,nan,1.875,6.444444444444445,0.5833333333333334,1.0,0.0,0.0,0.0,nan
bwd_default_d11:6,bwd_default,synthetic,64.0,64.0,331.0,242.0,1.368,832.0,0.0,0.0,0.0,0.0,0.0,0.0,0.0,0.0,0.0,0.0,0.0,0.0,58.0,24.0,Abs:24;Add:48;Atan2:4;Const:28;Cos:3;Div:1;Exp:8;Exp2:7;Log10:3;Log2:6;Max:1;Min:3;Mul:40;MulAdd:4;Neg:23;Pow:18;Recip:3;Sin:2;Sqrt:1;Sub:4;Tan:7;Var:4,331.0,242.0,7690.0,18748.0,2.438,100.0,5000.0,ClassCap,4.0,10181.0,2949.0,3607.0,86.2,187.0,24518290.0,12129716.0,2.021,10849.0,5240.0,2.07,0.0,-31.86,retired_axis,nan,nan,nan,nan,nan,nan,nan,nan,nan,nan,nan,nan,nan,nan,nan,nan,fma-fusion:2569;commutative(Add):1634;reverse-associative(Add):1275;associative(Add):1178;commutative(Mul):987;reverse-associative(Mul):681;associative(Mul):514;factor:356;distribute:355;constant-fold:125;annihilator:96;identity(Add):94;even-negation(Abs):63;halving:55;doubling:51;power-sqrt:32;commutative(Min):21;canonicalize(Sub):16;inverse-annihilation(Sub):16;power-recip:12;even-negation(Cos):8;involution(Sub):7;commutative(Max):7;exp-homomorphism:7;power-combine:7;canonicalize(Div):4;odd-negation(Tan):4;power-rsqrt:4;power-identity:2;cancellation(Sub):1,0,0,0,0,nan,nan,0,0,nan,nan,1.0,0.0,0.0,0.0,1.0,1.0,1.0,nan,14.90495867768595,42.070247933884296,0.7727272727272727,1.0,0.0,0.0,0.0,nan
bwd_default_d11:7,bwd_default,synthetic,64.0,64.0,377.0,254.0,1.484,1937.0,0.0,0.0,0.0,0.0,0.0,0.0,0.0,0.0,0.0,0.0,0.0,0.0,56.0,32.0,Abs:26;Add:53;Atan2:4;Const:23;Cos:5;Exp:3;Exp2:5;Ln:4;Log10:9;Log2:5;Max:3;Min:6;Mul:45;MulAdd:1;Neg:24;Pow:14;Recip:6;Rsqrt:2;Sin:5;Sqrt:3;Sub:2;Tan:2;Var:4,377.0,254.0,7667.0,37598.0,4.904,100.0,5000.0,ClassCap,3.0,6867.0,3179.0,4113.0,31.7,182.0,27363892.0,8330514.0,3.285,20821.0,5190.0,4.012,0.0,-32.31,retired_axis,nan,nan,nan,nan,nan,nan,nan,nan,nan,nan,nan,nan,nan,nan,nan,nan,fma-fusion:2223;reverse-associative(Add):1010;commutative(Add):834;associative(Add):648;commutative(Mul):544;reverse-associative(Mul):442;associative(Mul):320;factor:290;distribute:168;constant-fold:77;even-negation(Abs):47;halving:42;doubling:31;commutative(Min):30;commutative(Max):29;power-sqrt:24;reverse-associative(Max):18;associative(Max):16;reverse-angle-addition:16;sin-angle-addition:10;power-recip:9;involution(Sub):8;even-negation(Cos):8;power-combine:8;canonicalize(Sub):6;recip-sqrt:3;idempotent(Max):2;odd-negation(Sin):2;power-identity:2,0,0,0,0,nan,nan,0,0,nan,nan,1.0,0.0,0.0,0.0,1.0,1.0,1.0,nan,16.19291338582677,27.03543307086614,0.7165354330708661,1.0,0.0,0.0,0.0,nan
bwd_default_d11:8,bwd_default,synthetic,64.0,64.0,205.0,154.0,1.331,256.0,0.0,0.0,0.0,0.0,0.0,0.0,0.0,0.0,0.0,0.0,0.0,0.0,32.0,24.0,Abs:15;Add:27;Atan2:1;Const:16;Cos:5;Exp:6;Exp2:1;Log10:1;Log2:2;Max:3;Min:3;Mul:20;Neg:30;Pow:9;Recip:2;Sin:5;Sqrt:2;Tan:2;Var:4,205.0,154.0,4062.0,5029.0,1.238,100.0,5000.0,ClassCap,7.0,18719.0,2779.0,3207.0,50.1,101.0,3598855.0,3393461.0,1.061,2941.0,2612.0,1.126,0.0,-35.7,retired_axis,nan,nan,nan,nan,nan,nan,nan,nan,nan,nan,nan,nan,nan,nan,nan,nan,fma-fusion:4311;commutative(Add):3523;reverse-associative(Add):2290;commutative(Mul):1974;associative(Add):1969;reverse-associative(Mul):1141;associative(Mul):991;factor:587;distribute:574;constant-fold:463;halving:261;even-negation(Abs):152;doubling:149;involution(Sub):140;even-negation(Cos):47;commutative(Min):39;commutative(Max):39;power-sqrt:28;power-recip:14;odd-negation(Sin):13;power-rsqrt:7;recip-sqrt:7,0,0,0,0,nan,nan,0,0,nan,nan,1.0,0.0,0.0,0.0,1.0,1.0,1.0,nan,20.824675324675326,121.55194805194805,0.6558441558441559,1.0,0.0,0.0,0.0,nan
bwd_default_d11:9,bwd_default,synthetic,64.0,64.0,89.0,67.0,1.328,89.0,0.0,0.0,0.0,0.0,0.0,0.0,0.0,0.0,0.0,0.0,0.0,0.0,17.0,35.0,Abs:8;Add:13;Atan2:2;Const:3;Cos:1;Exp:1;Exp2:1;Ln:3;Log2:2;Mul:4;Neg:17;Pow:5;Sub:1;Tan:2;Var:4,89.0,67.0,2310.0,2319.0,1.004,100.0,5000.0,Quiesced,4.0,412.0,66.0,138.0,2.1,47.0,2522924.0,2522732.0,1.0,1349.0,1346.0,1.002,0.0,-41.73,retired_axis,nan,nan,nan,nan,nan,nan,nan,nan,nan,nan,nan,nan,nan,nan,nan,nan,commutative(Add):123;commutative(Mul):58;involution(Sub):55;even-negation(Abs):46;fma-fusion:36;even-negation(Cos):12;power-recip:12;reverse-associative(Add):11;reverse-associative(Mul):11;associative(Add):10;associative(Mul):10;power-sqrt:8;canonicalize(Sub):7;odd-negation(Sin):5;cos-angle-addition:4;recip-sqrt:4,0,0,0,0,nan,nan,0,0,nan,nan,0.0,1.0,0.0,0.0,1.0,1.0,1.0,nan,2.0597014925373136,6.149253731343284,0.7014925373134329,1.0,0.0,0.0,0.0,nan
bwd_default_d11:10,bwd_default,synthetic,64.0,64.0,593.0,410.0,1.446,949.0,0.0,0.0,0.0,0.0,0.0,0.0,0.0,0.0,0.0,0.0,0.0,0.0,85.0,33.0,Abs:44;Add:83;Atan2:3;Const:42;Cos:10;Div:3;Exp:11;Exp2:6;Ln:6;Log10:6;Log2:7;Max:5;Min:9;Mul:62;MulAdd:4;Neg:51;Pow:23;Recip:8;Rsqrt:1;Sin:9;Sqrt:4;Sub:5;Tan:4;Var:4,593.0,410.0,11389.0,17685.0,1.553,100.0,5000.0,ClassCap,3.0,6809.0,2632.0,3593.0,21.3,300.0,23751465.0,16343289.0,1.453,11049.0,7389.0,1.495,0.0,-35.12,retired_axis,nan,nan,nan,nan,nan,nan,nan,nan,nan,nan,nan,nan,nan,nan,nan,nan,fma-fusion:1596;commutative(Add):1071;reverse-associative(Add):1017;associative(Add):844;commutative(Mul):619;reverse-associative(Mul):339;associative(Mul):241;factor:200;constant-fold:145;identity(Add):136;distribute:112;even-negation(Abs):106;halving:63;commutative(Min):40;power-sqrt:39;doubling:31;commutative(Max):29;even-negation(Cos):24;associative(Max):18;reverse-associative(Max):18;canonicalize(Sub):17;power-recip:12;reverse-angle-addition:10;exp-homomorphism:10;involution(Sub):9;canonicalize(Div):9;power-combine:9;power-rsqrt:9;sin-angle-addition:6;inverse-annihilation(Sub):5;idempotent(Max):4;cos-angle-addition:4;idempotent(Min):3;associative(Min):3;reverse-associative(Min):3;odd-negation(Sin):3;recip-sqrt:3;power-identity:2,0,0,0,0,nan,nan,0,0,nan,nan,1.0,0.0,0.0,0.0,1.0,1.0,1.0,nan,8.763414634146342,16.60731707317073,0.7317073170731707,1.0,0.0,0.0,0.0,nan
bwd_default_d11:11,bwd_default,synthetic,64.0,64.0,15.0,14.0,1.071,15.0,0.0,0.0,0.0,0.0,0.0,0.0,0.0,0.0,0.0,0.0,0.0,0.0,3.0,13.0,Abs:2;Add:2;Const:1;Exp:1;Ln:1;Log10:1;Neg:5;Var:1,15.0,14.0,366.0,366.0,1.0,50.0,2000.0,Quiesced,2.0,24.0,8.0,18.0,0.2,7.0,9472.0,9472.0,1.0,148.0,148.0,1.0,0.0,-59.56,ok,672.0,0.0,1.0,0.0,0.0,54.0,0.0,0.0,1.0,0.0,0.0,1.0,1.0,0.0,1088.0,3456.0,involution(Sub):8;commutative(Add):6;even-negation(Abs):6;exp-ln-cancel:2;ln-exp-cancel:2,56,2,2,0,0.03571428571428571,0.0,0,2,0.0,1.0,0.0,1.0,0.0,0.0,1.0,1.0,0.0,1.0,1.2857142857142858,1.7142857142857142,0.5,1.0,0.0,0.0,0.0,48.0
bwd_default_d11:12,bwd_default,synthetic,64.0,64.0,481.0,343.0,1.402,765.0,0.0,0.0,0.0,0.0,0.0,0.0,0.0,0.0,0.0,0.0,0.0,0.0,66.0,25.0,Abs:52;Add:65;Atan2:5;Const:34;Cos:3;Div:2;Exp:8;Exp2:4;Ln:5;Log10:9;Log2:3;Max:6;Min:8;Mul:45;MulAdd:5;Neg:41;Pow:25;Recip:7;Sin:3;Sqrt:5;Sub:3;Tan:1;Var:4,481.0,343.0,9957.0,16446.0,1.652,100.0,5000.0,ClassCap,4.0,11309.0,3480.0,4309.0,39.5,250.0,11510947.0,9864494.0,1.167,8848.0,6569.0,1.347,0.0,-34.03,retired_axis,nan,nan,nan,nan,nan,nan,nan,nan,nan,nan,nan,nan,nan,nan,nan,nan,fma-fusion:2709;commutative(Add):2231;commutative(Mul):1288;reverse-associative(Add):1156;associative(Add):830;reverse-associative(Mul):702;associative(Mul):593;factor:581;distribute:446;constant-fold:173;even-negation(Abs):147;halving:105;doubling:66;commutative(Max):62;commutative(Min):60;power-sqrt:48;power-rsqrt:16;canonicalize(Sub):15;reverse-associative(Max):11;even-negation(Cos):11;associative(Max):10;power-combine:10;canonicalize(Div):8;recip-sqrt:8;involution(Sub):7;power-identity:5;cos-angle-addition:4;power-recip:4;odd-negation(Sin):3,0,0,0,0,nan,nan,0,0,nan,nan,1.0,0.0,0.0,0.0,1.0,1.0,1.0,nan,12.56268221574344,32.970845481049565,0.7288629737609329,1.0,0.0,0.0,0.0,nan
bwd_default_d11:13,bwd_default,synthetic,64.0,64.0,347.0,262.0,1.324,1567.0,0.0,0.0,0.0,0.0,0.0,0.0,0.0,0.0,0.0,0.0,0.0,0.0,57.0,31.0,Abs:31;Add:50;Const:23;Cos:9;Exp:4;Exp2:4;Ln:5;Log10:2;Log2:5;Max:1;Min:4;Mul:40;MulAdd:4;Neg:29;Pow:16;Recip:7;Rsqrt:1;Sin:6;Sqrt:7;Sub:4;Tan:6;Var:4,347.0,262.0,7716.0,27622.0,3.58,100.0,5000.0,ClassCap,7.0,23595.0,2618.0,3111.0,53.2,194.0,18941548.0,6056752.0,3.127,15151.0,4594.0,3.298,0.0,-40.46,retired_axis,nan,nan,nan,nan,nan,nan,nan,nan,nan,nan,nan,nan,nan,nan,nan,nan,commutative(Mul):4427;fma-fusion:3536;commutative(Add):3172;reverse-associative(Mul):2906;associative(Mul):2675;distribute:1550;reverse-associative(Add):1528;factor:1407;associative(Add):1305;constant-fold:291;halving:207;even-negation(Abs):152;doubling:125;power-sqrt:56;commutative(Min):52;power-recip:35;involution(Sub):33;canonicalize(Sub):28;even-negation(Cos):28;recip-sqrt:28;power-combine:14;commutative(Max):13;exp2-log2-cancel:7;log2-exp2-cancel:7;power-rsqrt:7;power-identity:6,0,0,0,0,nan,nan,0,0,nan,nan,1.0,0.0,0.0,0.0,1.0,1.0,1.0,nan,11.874045801526718,90.05725190839695,0.7404580152671756,1.0,0.0,0.0,0.0,nan
bwd_default_d11:14,bwd_default,synthetic,64.0,64.0,1020.0,670.0,1.522,1361.0,0.0,0.0,0.0,0.0,0.0,0.0,0.0,0.0,0.0,0.0,0.0,0.0,155.0,26.0,Abs:76;Add:130;Atan2:15;Const:73;Cos:12;Div:4;Exp:13;Exp2:8;Ln:8;Log10:9;Log2:8;Max:19;Min:8;Mul:86;MulAdd:10;Neg:74;Pow:47;Recip:13;Rsqrt:4;Sin:18;Sqrt:11;Sub:3;Tan:17;Var:4,1020.0,670.0,20813.0,29650.0,1.425,100.0,5000.0,ClassCap,3.0,8072.0,2966.0,4225.0,27.1,524.0,29859032.0,25439591.0,1.174,19901.0,14996.0,1.327,0.0,-27.95,retired_axis,nan,nan,nan,nan,nan,nan,nan,nan,nan,nan,nan,nan,nan,nan,nan,nan,fma-fusion:1571;commutative(Add):1489;commutative(Mul):1000;reverse-associative(Add):789;associative(Add):740;reverse-associative(Mul):630;associative(Mul):427;factor:255;identity(Add):240;constant-fold:193;distribute:168;even-negation(Abs):161;commutative(Max):106;power-sqrt:45;reverse-associative(Max):43;commutative(Min):40;power-recip:39;associative(Max):38;even-negation(Cos):15;canonicalize(Sub):13;canonicalize(Div):12;halving:9;recip-sqrt:9;cos-angle-addition:6;involution(Sub):5;inverse-annihilation(Sub):5;doubling:5;exp-homomorphism:5;idempotent(Max):3;exp2-log2-cancel:3;log2-exp2-cancel:3;power-combine:3;odd-negation(Sin):2,0,0,0,0,nan,nan,0,0,nan,nan,1.0,0.0,0.0,0.0,1.0,1.0,1.0,nan,6.3059701492537314,12.047761194029851,0.7820895522388059,1.0,0.0,0.0,0.0,nan
bwd_default_d11:15,bwd_default,synthetic,64.0,64.0,27.0,25.0,1.08,27.0,0.0,0.0,0.0,0.0,0.0,0.0,0.0,0.0,0.0,0.0,0.0,0.0,5.0,13.0,Abs:3;Add:3;Const:5;Exp2:1;Ln:1;Max:1;Min:1;Neg:6;Pow:2;Sin:1;Var:1,27.0,25.0,704.0,704.0,1.0,50.0,2000.0,Quiesced,4.0,108.0,18.0,39.0,0.6,15.0,12483.0,12483.0,1.0,324.0,324.0,1.0,0.0,-53.98,ok,1328.0,0.0,2.0,0.0,51.0,65.0,0.0,0.44,0.56,0.0,1.0,2.0,1.0,0.0,1153.0,4211.0,constant-fold:25;commutative(Add):25;involution(Sub):18;even-negation(Abs):18;commutative(Min):7;commutative(Max):7;power-recip:4;power-rsqrt:4,119,3,32,0,0.2689075630252101,0.0,0,3,0.0,1.0,0.0,1.0,0.0,0.0,1.0,1.0,0.0,1.0,1.56,4.32,0.6,1.0,0.0,0.0,0.0,53.12
bwd_default_d11:16,bwd_default,synthetic,64.0,64.0,73.0,63.0,1.159,90.0,0.0,0.0,0.0,0.0,0.0,0.0,0.0,0.0,0.0,0.0,0.0,0.0,15.0,30.0,Abs:6;Add:10;Const:4;Cos:4;Exp:3;Ln:1;Log2:1;Max:1;Mul:5;Neg:18;Pow:3;Sin:2;Tan:1;Var:4,73.0,63.0,1730.0,2094.0,1.21,100.0,5000.0,Quiesced,3.0,192.0,43.0,100.0,1.2,43.0,2774331.0,2761707.0,1.005,1827.0,1488.0,1.228,0.0,-13.99,retired_axis,nan,nan,nan,nan,nan,nan,nan,nan,nan,nan,nan,nan,nan,nan,nan,nan,commutative(Add):62;involution(Sub):25;even-negation(Abs):24;constant-fold:23;commutative(Mul):15;even-negation(Cos):14;reverse-associative(Add):8;associative(Add):7;fma-fusion:6;commutative(Max):5;power-sqrt:3,0,0,0,0,nan,nan,0,0,nan,nan,0.0,1.0,0.0,0.0,1.0,1.0,1.0,nan,1.5873015873015872,3.0476190476190474,0.6825396825396826,1.0,0.0,0.0,0.0,nan
bwd_default_d11:17,bwd_default,synthetic,64.0,64.0,577.0,403.0,1.432,931.0,0.0,0.0,0.0,0.0,0.0,0.0,0.0,0.0,0.0,0.0,0.0,0.0,74.0,34.0,Abs:54;Add:81;Atan2:8;Const:39;Cos:5;Div:5;Exp:7;Exp2:5;Ln:8;Log10:2;Log2:7;Max:7;Min:14;Mul:50;MulAdd:2;Neg:44;Pow:24;Recip:13;Rsqrt:2;Sin:5;Sqrt:11;Sub:3;Tan:3;Var:4,577.0,403.0,10761.0,16116.0,1.498,100.0,5000.0,Quiesced,9.0,21441.0,1462.0,2030.0,78.6,313.0,17187748.0,13057185.0,1.316,11554.0,7743.0,1.492,0.0,-28.05,retired_axis,nan,nan,nan,nan,nan,nan,nan,nan,nan,nan,nan,nan,nan,nan,nan,nan,commutative(Add):5292;fma-fusion:4324;commutative(Mul):2892;reverse-associative(Add):2110;associative(Add):1958;reverse-associative(Mul):950;associative(Mul):885;factor:758;constant-fold:441;distribute:441;even-negation(Abs):340;commutative(Min):306;commutative(Max):119;halving:113;doubling:82;power-sqrt:63;reverse-associative(Min):59;associative(Min):58;canonicalize(Div):45;power-recip:45;recip-sqrt:45;canonicalize(Sub):27;even-negation(Cos):27;power-rsqrt:27;involution(Sub):17;odd-negation(Sin):9;idempotent(Min):8,0,0,0,0,nan,nan,0,0,nan,nan,0.0,1.0,0.0,0.0,1.0,1.0,1.0,nan,5.037220843672457,53.20347394540943,0.7766749379652605,1.0,0.0,0.0,0.0,nan
bwd_default_d11:18,bwd_default,synthetic,64.0,64.0,464.0,318.0,1.459,592.0,0.0,0.0,0.0,0.0,0.0,0.0,0.0,0.0,0.0,0.0,0.0,0.0,76.0,26.0,Abs:46;Add:59;Atan2:8;Const:28;Cos:9;Div:4;Exp:7;Exp2:4;Ln:6;Log10:7;Log2:4;Max:9;Min:3;Mul:28;MulAdd:3;Neg:44;Pow:18;Recip:4;Rsqrt:3;Sin:6;Sqrt:3;Sub:4;Tan:7;Var:4,464.0,318.0,9788.0,12910.0,1.319,100.0,5000.0,ClassCap,6.0,15087.0,3163.0,3859.0,70.6,237.0,13103127.0,12451677.0,1.052,8514.0,7035.0,1.21,0.0,-28.13,retired_axis,nan,nan,nan,nan,nan,nan,nan,nan,nan,nan,nan,nan,nan,nan,nan,nan,fma-fusion:3907;commutative(Add):3419;commutative(Mul):1685;reverse-associative(Add):1643;associative(Add):1305;reverse-associative(Mul):624;factor:550;associative(Mul):522;distribute:288;constant-fold:266;even-negation(Abs):201;commutative(Max):171;involution(Sub):60;reverse-angle-addition:60;power-sqrt:48;even-negation(Cos):41;canonicalize(Sub):34;reverse-associative(Max):34;commutative(Min):33;associative(Max):32;sin-angle-addition:29;canonicalize(Div):24;power-recip:18;cos-angle-addition:12;recip-sqrt:12;odd-negation(Sin):11;odd-negation(Tan):11;halving:9;exp-homomorphism:6;power-combine:6;power-rsqrt:6;doubling:5;exp-ln-cancel:5;ln-exp-cancel:5;power-identity:5,0,0,0,0,nan,nan,0,0,nan,nan,1.0,0.0,0.0,0.0,1.0,1.0,1.0,nan,12.135220125786164,47.443396226415096,0.7452830188679245,1.0,0.0,0.0,0.0,nan
bwd_default_d11:19,bwd_default,synthetic,64.0,64.0,128.0,106.0,1.208,128.0,0.0,0.0,0.0,0.0,0.0,0.0,0.0,0.0,0.0,0.0,0.0,0.0,16.0,29.0,Abs:15;Add:21;Atan2:1;Const:12;Cos:1;Exp:2;Exp2:2;Ln:2;Log10:1;Log2:2;Max:2;Min:2;Mul:5;Neg:26;Pow:5;Recip:2;Sqrt:1;Var:4,128.0,106.0,2347.0,2350.0,1.001,100.0,5000.0,Quiesced,4.0,581.0,90.0,191.0,6.9,71.0,1640848.0,1640848.0,1.0,1525.0,1525.0,1.0,0.0,-35.02,retired_axis,nan,nan,nan,nan,nan,nan,nan,nan,nan,nan,nan,nan,nan,nan,nan,nan,commutative(Add):204;even-negation(Abs):90;involution(Sub):70;constant-fold:43;commutative(Mul):40;reverse-associative(Add):33;associative(Add):30;commutative(Min):14;commutative(Max):14;power-recip:12;fma-fusion:8;halving:7;doubling:4;even-negation(Cos):4;power-rsqrt:4;recip-sqrt:4,0,0,0,0,nan,nan,0,0,nan,nan,0.0,1.0,0.0,0.0,1.0,1.0,0.0,nan,1.8018867924528301,5.481132075471698,0.6698113207547169,1.0,0.0,0.0,0.0,nan
bwd_default_d11:20,bwd_default,synthetic,64.0,64.0,259.0,190.0,1.363,310.0,0.0,0.0,0.0,0.0,0.0,0.0,0.0,0.0,0.0,0.0,0.0,0.0,36.0,28.0,Abs:22;Add:36;Atan2:4;Const:16;Cos:6;Div:1;Exp:2;Exp2:3;Ln:3;Log2:2;Max:2;Min:3;Mul:27;MulAdd:4;Neg:32;Pow:8;Recip:3;Rsqrt:1;Sin:4;Sqrt:2;Sub:1;Tan:4;Var:4,259.0,190.0,4537.0,5413.0,1.193,100.0,5000.0,Quiesced,11.0,28985.0,1587.0,1957.0,120.6,136.0,6488005.0,6466540.0,1.003,3667.0,3433.0,1.068,0.0,-24.33,retired_axis,nan,nan,nan,nan,nan,nan,nan,nan,nan,nan,nan,nan,nan,nan,nan,nan,commutative(Add):6750;fma-fusion:6362;commutative(Mul):3757;reverse-associative(Add):3574;associative(Add):3333;reverse-associative(Mul):1435;associative(Mul):1366;factor:644;distribute:443;involution(Sub):275;even-negation(Abs):267;constant-fold:148;even-negation(Cos):83;odd-negation(Tan):63;commutative(Min):62;halving:56;power-sqrt:44;reverse-associative(Min):43;commutative(Max):42;associative(Min):42;doubling:39;odd-negation(Sin):38;canonicalize(Sub):21;reverse-angle-addition:21;canonicalize(Div):11;idempotent(Min):11;sin-angle-addition:11;cos-angle-addition:11;power-combine:11;power-recip:11;recip-sqrt:11,0,0,0,0,nan,nan,0,0,nan,nan,0.0,1.0,0.0,0.0,1.0,1.0,1.0,nan,10.3,152.55263157894737,0.7157894736842105,1.0,0.0,0.0,0.0,nan
bwd_default_d11:21,bwd_default,synthetic,64.0,64.0,19.0,19.0,1.0,19.0,0.0,0.0,0.0,0.0,0.0,0.0,0.0,0.0,0.0,0.0,0.0,0.0,4.0,18.0,Abs:3;Add:1;Const:1;Exp:1;Ln:1;Neg:9;Sin:1;Tan:1;Var:1,19.0,19.0,400.0,400.0,1.0,50.0,2000.0,Quiesced,4.0,91.0,17.0,35.0,1.2,8.0,696320.0,696320.0,1.0,170.0,170.0,1.0,0.0,-57.5,ok,1072.0,0.0,0.0,0.0,0.0,0.0,113.0,0.0,0.0,1.0,0.0,0.0,0.0,0.0,0.0,115712.0,involution(Sub):33;even-negation(Abs):21;commutative(Add):10;commutative(Mul):6;reverse-angle-addition:5;fma-fusion:5;exp-ln-cancel:4;ln-exp-cancel:4;sin-angle-addition:3,226,6,188,182,0.831858407079646,0.8053097345132744,6,6,1.0,0.03191489361702127,0.0,1.0,0.0,0.0,1.0,0.0,0.0,0.0,1.8421052631578947,4.7894736842105265,0.42105263157894735,1.0,0.0,0.0,0.0,56.421052631578945
bwd_default_d11:22,bwd_default,synthetic,64.0,64.0,197.0,164.0,1.201,199.0,0.0,0.0,0.0,0.0,0.0,0.0,0.0,0.0,0.0,0.0,0.0,0.0,37.0,29.0,Abs:21;Add:24;Atan2:3;Const:14;Cos:2;Exp:3;Exp2:2;Ln:4;Log2:5;Max:1;Mul:14;Neg:46;Pow:10;Recip:1;Rsqrt:1;Sin:4;Sqrt:1;Tan:4;Var:4,197.0,164.0,4882.0,4882.0,1.0,100.0,5000.0,Quiesced,4.0,935.0,150.0,303.0,4.3,100.0,2325507.0,2325227.0,1.0,3327.0,3047.0,1.092,0.0,-37.59,retired_axis,nan,nan,nan,nan,nan,nan,nan,nan,nan,nan,nan,nan,nan,nan,nan,nan,commutative(Add):201;commutative(Mul):134;even-negation(Abs):132;constant-fold:127;involution(Sub):119;fma-fusion:75;reverse-associative(Mul):22;associative(Mul):20;power-sqrt:16;power-recip:12;reverse-associative(Add):11;even-negation(Cos):11;associative(Add):10;power-rsqrt:8;recip-sqrt:8;commutative(Max):7;factor:7;odd-negation(Sin):7;distribute:4;odd-negation(Tan):4,0,0,0,0,nan,nan,0,0,nan,nan,0.0,1.0,0.0,0.0,1.0,1.0,1.0,nan,1.8475609756097562,5.701219512195122,0.6097560975609756,1.0,0.0,0.0,0.0,nan
bwd_default_d11:23,bwd_default,synthetic,64.0,64.0,322.0,252.0,1.278,460.0,0.0,0.0,0.0,0.0,0.0,0.0,0.0,0.0,0.0,0.0,0.0,0.0,60.0,27.0,Abs:35;Add:45;Atan2:2;Const:23;Cos:4;Exp:9;Exp2:4;Ln:3;Log10:7;Log2:3;Max:5;Min:1;Mul:24;Neg:41;Pow:15;Recip:4;Rsqrt:1;Sin:7;Sqrt:8;Sub:1;Tan:6;Var:4,322.0,252.0,7804.0,11631.0,1.49,100.0,5000.0,ClassCap,9.0,21908.0,1921.0,2305.0,66.2,177.0,10822359.0,8773596.0,1.234,6897.0,5319.0,1.297,0.0,-31.84,retired_axis,nan,nan,nan,nan,nan,nan,nan,nan,nan,nan,nan,nan,nan,nan,nan,nan,commutative(Add):6530;fma-fusion:4586;reverse-associative(Add):4231;associative(Add):3876;commutative(Mul):927;constant-fold:343;even-negation(Abs):277;reverse-associative(Mul):236;associative(Mul):214;factor:182;distribute:122;commutative(Max):68;involution(Sub):51;power-sqrt:45;power-recip:36;recip-sqrt:27;odd-negation(Tan):26;even-negation(Cos):26;reverse-angle-addition:18;power-rsqrt:18;commutative(Min):17;sin-angle-addition:16;canonicalize(Sub):9;idempotent(Max):9;associative(Max):9;reverse-associative(Max):9,0,0,0,0,nan,nan,0,0,nan,nan,1.0,0.0,0.0,0.0,1.0,1.0,1.0,nan,9.146825396825397,86.93650793650794,0.7023809523809523,1.0,0.0,0.0,0.0,nan
sh:0,sh,synthetic,64.0,64.0,71.0,52.0,1.365,148.0,0.0,0.0,0.0,0.0,0.0,0.0,0.0,0.0,0.0,0.0,0.0,0.0,6.0,11.0,Add:6;Const:12;Cos:3;Mul:23;MulAdd:2;Sin:3;Sub:1;Var:2,71.0,52.0,588.0,2652.0,4.51,100.0,5000.0,ClassCap,3.0,4987.0,2692.0,3498.0,17.8,49.0,6346240.0,1335568.0,4.752,2392.0,661.0,3.619,0.0,12.41,ok,2080.0,0.0,7.0,7.0,2.0,156.0,135.0,0.007,0.532,0.461,0.0,0.0,0.0,0.0,0.0,148226.0,fma-fusion:1116;reverse-associative(Mul):1091;associative(Mul):655;commutative(Mul):560;reverse-associative(Add):533;associative(Add):257;commutative(Add):203;factor:178;distribute:171;halving:94;doubling:68;constant-fold:18;half-angle-product:12;canonicalize(Sub):7;sin-angle-addition:5;reverse-angle-addition:5;canonicalize(Div):4;cos-angle-addition:3;diff-of-squares:3;identity(Mul):2;cancellation(Div):1;inverse-annihilation(Div):1,442,10,316,182,0.7149321266968326,0.4117647058823529,6,10,0.6,0.42405063291139244,1.0,0.0,0.0,0.0,1.0,1.0,1.0,0.5392491467576792,67.26923076923077,95.90384615384616,0.9423076923076923,1.0,0.0,0.0,0.0,40.0
sh:1,sh,synthetic,64.0,64.0,67.0,58.0,1.155,107.0,0.0,0.0,0.0,0.0,0.0,0.0,0.0,0.0,0.0,0.0,0.0,0.0,4.0,14.0,Add:5;Const:17;Cos:2;Mul:25;MulAdd:3;Sin:2;Sub:2;Var:2,67.0,58.0,458.0,1853.0,4.046,100.0,5000.0,ClassCap,4.0,9254.0,3701.0,4554.0,30.4,54.0,4381648.0,1077008.0,4.068,1762.0,527.0,3.343,0.0,15.07,ok,1776.0,0.0,7.0,7.0,2.0,119.0,107.0,0.009,0.522,0.469,0.0,0.0,0.0,0.0,0.0,117186.0,commutative(Mul):1782;fma-fusion:1730;reverse-associative(Mul):1260;associative(Mul):1156;reverse-associative(Add):749;distribute:529;factor:485;commutative(Add):428;associative(Add):415;halving:356;doubling:218;constant-fold:68;half-angle-product:20;identity(Mul):16;canonicalize(Sub):11;reverse-angle-addition:7;canonicalize(Div):6;sin-angle-addition:6;cancellation(Div):4;inverse-annihilation(Div):4;diff-of-squares:4,349,7,222,124,0.6361031518624641,0.3553008595988539,4,7,0.5714285714285714,0.4414414414414415,1.0,0.0,0.0,0.0,1.0,1.0,1.0,0.5307017543859649,78.51724137931035,159.55172413793105,0.9310344827586207,1.0,0.0,0.0,0.0,30.620689655172413
sh:2,sh,synthetic,64.0,64.0,67.0,54.0,1.241,95.0,0.0,0.0,0.0,0.0,0.0,0.0,0.0,0.0,0.0,0.0,0.0,0.0,6.0,14.0,Add:3;Const:17;Cos:3;Mul:20;MulAdd:5;Sin:3;Sub:1;Var:2,67.0,54.0,576.0,1541.0,2.675,100.0,5000.0,ClassCap,4.0,8522.0,3557.0,4635.0,38.4,56.0,3791392.0,1073680.0,3.531,1501.0,601.0,2.498,0.0,4.34,ok,2000.0,0.0,6.0,6.0,2.0,158.0,108.0,0.007,0.59,0.403,0.0,0.0,0.0,2.0,0.0,120706.0,commutative(Mul):1562;fma-fusion:1429;reverse-associative(Mul):1075;associative(Mul):945;reverse-associative(Add):643;distribute:560;factor:554;associative(Add):538;commutative(Add):420;halving:392;doubling:285;constant-fold:38;half-angle-product:23;identity(Mul):14;canonicalize(Sub):10;sin-angle-addition:7;reverse-angle-addition:7;canonicalize(Div):6;cos-angle-addition:4;diff-of-squares:4;cancellation(Div):3;inverse-annihilation(Div):3,388,8,256,124,0.6597938144329897,0.31958762886597936,4,8,0.5,0.515625,1.0,0.0,0.0,0.0,1.0,1.0,1.0,0.5970149253731343,85.83333333333333,157.8148148148148,1.037037037037037,1.0,0.0,0.0,0.0,37.03703703703704
sh:3,sh,synthetic,64.0,64.0,199.0,116.0,1.716,541.0,0.0,0.0,0.0,0.0,0.0,0.0,0.0,0.0,0.0,0.0,0.0,0.0,6.0,17.0,Add:17;Const:20;Cos:3;Mul:61;MulAdd:4;Sin:3;Sub:6;Var:2,199.0,116.0,852.0,10378.0,12.181,100.0,5000.0,ClassCap,3.0,6595.0,3556.0,4878.0,59.3,111.0,26721792.0,1875712.0,14.246,9666.0,832.0,11.618,0.0,-2.35,ok,2400.0,3.0,11.0,9.0,0.0,170.0,153.0,0.0,0.526,0.474,0.0,2.0,10.0,10.0,10368.0,167552.0,commutative(Mul):1720;reverse-associative(Mul):865;fma-fusion:850;commutative(Add):782;associative(Mul):532;distribute:505;reverse-associative(Add):405;associative(Add):292;factor:261;halving:179;doubling:108;constant-fold:37;canonicalize(Sub):20;half-angle-product:12;sin-angle-addition:5;reverse-angle-addition:5;canonicalize(Div):4;identity(Mul):3;cos-angle-addition:3;diff-of-squares:3;cancellation(Div):2;inverse-annihilation(Div):2,498,8,256,124,0.5140562248995983,0.24899598393574296,4,8,0.5,0.515625,1.0,0.0,0.0,0.0,1.0,1.0,1.0,0.5263157894736842,42.05172413793103,56.85344827586207,0.9568965517241379,1.0,0.0,0.0,0.0,20.689655172413794
sh:4,sh,synthetic,64.0,64.0,112.0,89.0,1.258,200.0,0.0,0.0,0.0,0.0,0.0,0.0,0.0,0.0,0.0,0.0,0.0,0.0,4.0,18.0,Add:4;Const:24;Cos:2;Mul:43;MulAdd:6;Sin:2;Sub:6;Var:2,112.0,89.0,575.0,3749.0,6.52,100.0,5000.0,ClassCap,3.0,5277.0,2284.0,3001.0,16.7,89.0,9378304.0,1431872.0,6.55,4093.0,575.0,7.118,0.0,0.0,ok,1888.0,0.0,8.0,8.0,0.0,98.0,132.0,0.0,0.426,0.574,0.0,0.0,0.0,7.0,0.0,141440.0,reverse-associative(Mul):1291;commutative(Mul):1123;associative(Mul):979;fma-fusion:695;factor:239;distribute:217;reverse-associative(Add):214;commutative(Add):192;associative(Add):117;halving:79;doubling:48;constant-fold:28;canonicalize(Sub):20;half-angle-product:12;reverse-angle-addition:5;canonicalize(Div):4;sin-angle-addition:4;identity(Mul):3;diff-of-squares:3;cancellation(Div):2;inverse-annihilation(Div):2,378,6,192,124,0.5079365079365079,0.328042328042328,4,6,0.6666666666666666,0.35416666666666663,1.0,0.0,0.0,0.0,1.0,1.0,1.0,0.4260869565217391,33.71910112359551,59.29213483146067,1.0,1.0,0.0,0.0,0.0,21.213483146067414
sh:5,sh,synthetic,64.0,64.0,206.0,112.0,1.839,494.0,0.0,0.0,0.0,0.0,0.0,0.0,0.0,0.0,0.0,0.0,0.0,0.0,8.0,16.0,Add:19;Const:22;Cos:4;Mul:54;MulAdd:4;Sin:4;Sub:3;Var:2,206.0,112.0,958.0,9072.0,9.47,100.0,5000.0,ClassCap,3.0,6793.0,3399.0,4726.0,32.8,114.0,26891072.0,1997568.0,13.462,9287.0,909.0,10.217,0.0,-5.11,ok,2592.0,5.0,11.0,8.0,0.0,203.0,160.0,0.0,0.559,0.441,0.0,3.0,13.0,8.0,13504.0,176832.0,commutative(Mul):1421;fma-fusion:1057;reverse-associative(Mul):830;commutative(Add):702;associative(Mul):585;reverse-associative(Add):502;associative(Add):461;factor:438;distribute:414;halving:176;doubling:130;constant-fold:26;canonicalize(Sub):13;half-angle-product:12;sin-angle-addition:5;reverse-angle-addition:5;canonicalize(Div):4;cos-angle-addition:3;diff-of-squares:3;identity(Mul):2;pythagorean:2;cancellation(Div):1;inverse-annihilation(Div):1,545,9,290,124,0.5321100917431193,0.22752293577981653,4,9,0.4444444444444444,0.5724137931034483,1.0,0.0,0.0,0.0,1.0,1.0,1.0,0.559228650137741,42.19642857142857,60.651785714285715,1.0178571428571428,1.0,0.0,0.0,0.0,23.142857142857142
sh:6,sh,synthetic,64.0,64.0,162.0,106.0,1.528,448.0,0.0,0.0,0.0,0.0,0.0,0.0,0.0,0.0,0.0,0.0,0.0,0.0,8.0,17.0,Add:18;Const:17;Cos:4;Mul:57;Sin:4;Sub:4;Var:2,162.0,106.0,953.0,8552.0,8.974,100.0,5000.0,ClassCap,3.0,7001.0,3437.0,4725.0,32.1,93.0,23083328.0,1759104.0,13.122,7310.0,900.0,8.122,0.0,-5.56,ok,2512.0,2.0,9.0,9.0,0.0,231.0,143.0,0.0,0.618,0.382,0.0,0.0,5.0,6.0,5120.0,161216.0,commutative(Mul):1454;fma-fusion:1072;reverse-associative(Mul):838;commutative(Add):793;associative(Mul):594;reverse-associative(Add):535;associative(Add):464;distribute:423;factor:419;halving:195;doubling:126;constant-fold:33;canonicalize(Sub):14;half-angle-product:12;sin-angle-addition:5;reverse-angle-addition:5;canonicalize(Div):4;identity(Mul):3;cos-angle-addition:3;diff-of-squares:3;cancellation(Div):2;inverse-annihilation(Div):2;pythagorean:2,535,10,320,124,0.5981308411214953,0.23177570093457944,4,10,0.4,0.6125,1.0,0.0,0.0,0.0,1.0,1.0,1.0,0.6176470588235294,44.575471698113205,66.04716981132076,0.8773584905660378,1.0,0.0,0.0,0.0,23.69811320754717
sh:7,sh,synthetic,64.0,64.0,181.0,103.0,1.757,453.0,0.0,0.0,0.0,0.0,0.0,0.0,0.0,0.0,0.0,0.0,0.0,0.0,8.0,17.0,Add:16;Const:19;Cos:4;Mul:51;MulAdd:4;Sin:4;Sub:3;Var:2,181.0,103.0,931.0,8350.0,8.969,100.0,5000.0,ClassCap,3.0,6797.0,3337.0,4659.0,33.1,103.0,26099456.0,1878784.0,13.892,9203.0,880.0,10.458,0.0,-5.48,ok,2496.0,4.0,13.0,9.0,0.0,202.0,150.0,0.0,0.574,0.426,0.0,4.0,13.0,8.0,13568.0,166528.0,commutative(Mul):1302;fma-fusion:1146;reverse-associative(Mul):820;commutative(Add):675;associative(Mul):612;reverse-associative(Add):546;associative(Add):528;factor:422;distribute:397;halving:156;doubling:116;constant-fold:26;canonicalize(Sub):13;half-angle-product:12;sin-angle-addition:5;reverse-angle-addition:5;canonicalize(Div):4;cos-angle-addition:3;diff-of-squares:3;identity(Mul):2;pythagorean:2;cancellation(Div):1;inverse-annihilation(Div):1,528,9,290,124,0.5492424242424242,0.23484848484848486,4,9,0.4444444444444444,0.5724137931034483,1.0,0.0,0.0,0.0,1.0,1.0,1.0,0.5738636363636364,45.23300970873787,65.99029126213593,1.0,1.0,0.0,0.0,0.0,24.233009708737864
sh:8,sh,synthetic,64.0,64.0,162.0,99.0,1.636,426.0,0.0,0.0,0.0,0.0,0.0,0.0,0.0,0.0,0.0,0.0,0.0,0.0,8.0,17.0,Add:16;Const:17;Cos:4;Mul:51;MulAdd:2;Sin:4;Sub:3;Var:2,162.0,99.0,921.0,7936.0,8.617,100.0,5000.0,ClassCap,3.0,6832.0,3334.0,4642.0,35.8,98.0,23809152.0,1800640.0,13.223,8256.0,856.0,9.645,0.0,-7.06,ok,2432.0,4.0,11.0,10.0,0.0,202.0,145.0,0.0,0.582,0.418,0.0,1.0,11.0,6.0,11328.0,161408.0,commutative(Mul):1310;fma-fusion:1163;reverse-associative(Mul):830;commutative(Add):671;associative(Mul):624;reverse-associative(Add):552;associative(Add):546;factor:407;distribute:384;halving:156;doubling:116;constant-fold:22;canonicalize(Sub):13;half-angle-product:12;sin-angle-addition:5;reverse-angle-addition:5;canonicalize(Div):4;cos-angle-addition:3;diff-of-squares:3;identity(Mul):2;pythagorean:2;cancellation(Div):1;inverse-annihilation(Div):1,514,9,290,124,0.5642023346303502,0.24124513618677043,4,9,0.4444444444444444,0.5724137931034483,1.0,0.0,0.0,0.0,1.0,1.0,1.0,0.5821325648414986,46.888888888888886,69.01010101010101,0.98989898989899,1.0,0.0,0.0,0.0,24.565656565656564
sh:9,sh,synthetic,64.0,64.0,119.0,93.0,1.28,209.0,0.0,0.0,0.0,0.0,0.0,0.0,0.0,0.0,0.0,0.0,0.0,0.0,4.0,19.0,Add:9;Const:25;Cos:2;Mul:46;MulAdd:2;Sin:2;Sub:5;Var:2,119.0,93.0,586.0,3840.0,6.553,100.0,5000.0,ClassCap,3.0,7018.0,3309.0,4282.0,18.8,93.0,9648640.0,1372176.0,7.032,5041.0,603.0,8.36,0.0,2.9,ok,1904.0,1.0,10.0,9.0,2.0,106.0,126.0,0.009,0.453,0.538,1.0,2.0,2.0,6.0,2177.0,135810.0,fma-fusion:1436;commutative(Mul):1258;associative(Mul):1020;reverse-associative(Mul):1017;reverse-associative(Add):658;commutative(Add):359;associative(Add):348;distribute:272;factor:271;halving:175;doubling:109;constant-fold:43;canonicalize(Sub):17;half-angle-product:12;reverse-angle-addition:5;canonicalize(Div):4;sin-angle-addition:4;identity(Mul):3;diff-of-squares:3;cancellation(Div):2;inverse-annihilation(Div):2,379,6,192,124,0.5065963060686016,0.32717678100263853,4,6,0.6666666666666666,0.35416666666666663,1.0,0.0,0.0,0.0,1.0,1.0,1.0,0.46153846153846156,46.043010752688176,75.46236559139786,1.0,1.0,0.0,0.0,0.0,20.473118279569892
sh:10,sh,synthetic,64.0,64.0,225.0,140.0,1.607,413.0,0.0,0.0,0.0,0.0,0.0,0.0,0.0,0.0,0.0,0.0,0.0,0.0,4.0,27.0,Add:10;Const:38;Cos:2;Mul:69;MulAdd:9;Sin:2;Sub:8;Var:2,225.0,140.0,752.0,7752.0,10.309,100.0,5000.0,ClassCap,3.0,7228.0,3512.0,4828.0,26.1,148.0,16614352.0,2021776.0,8.218,7048.0,925.0,7.619,0.0,23.01,ok,2896.0,7.0,18.0,6.0,2.0,173.0,181.0,0.006,0.486,0.508,0.0,12.0,26.0,18.0,27392.0,196418.0,commutative(Mul):2336;reverse-associative(Mul):1112;associative(Mul):689;fma-fusion:684;distribute:599;factor:372;commutative(Add):368;halving:276;associative(Add):266;reverse-associative(Add):233;doubling:179;constant-fold:53;canonicalize(Sub):26;half-angle-product:12;reverse-angle-addition:5;canonicalize(Div):4;sin-angle-addition:4;identity(Mul):3;diff-of-squares:3;cancellation(Div):2;inverse-annihilation(Div):2,574,9,282,182,0.4912891986062718,0.3170731707317073,6,9,0.6666666666666666,0.35460992907801414,1.0,0.0,0.0,0.0,1.0,1.0,1.0,0.49157303370786515,34.48571428571429,51.628571428571426,1.0571428571428572,1.0,0.0,0.0,0.0,20.685714285714287
sh:11,sh,synthetic,64.0,64.0,39.0,28.0,1.393,43.0,0.0,0.0,0.0,0.0,0.0,0.0,0.0,0.0,0.0,0.0,0.0,0.0,4.0,9.0,Add:3;Const:8;Cos:2;Mul:10;MulAdd:1;Sin:2;Var:2,39.0,28.0,357.0,582.0,1.63,50.0,2000.0,Quiesced,10.0,9399.0,638.0,756.0,24.2,23.0,1018240.0,727040.0,1.401,475.0,335.0,1.418,0.0,-6.16,ok,1376.0,0.0,2.0,2.0,0.0,79.0,84.0,0.0,0.485,0.515,0.0,0.0,0.0,0.0,0.0,91072.0,commutative(Mul):3017;reverse-associative(Mul):1521;associative(Mul):1446;fma-fusion:994;commutative(Add):868;factor:526;reverse-associative(Add):345;associative(Add):319;distribute:282;constant-fold:81,251,6,192,124,0.7649402390438247,0.4940239043824701,4,6,0.6666666666666666,0.35416666666666663,0.0,1.0,0.0,0.0,1.0,1.0,1.0,0.48466257668711654,27.0,335.67857142857144,0.8214285714285714,1.0,0.0,0.0,0.0,49.142857142857146
sh:12,sh,synthetic,64.0,64.0,244.0,149.0,1.638,382.0,0.0,0.0,0.0,0.0,0.0,0.0,0.0,0.0,0.0,0.0,0.0,0.0,10.0,30.0,Add:11;Const:44;Cos:5;Mul:65;MulAdd:11;Sin:5;Sub:6;Var:2,244.0,149.0,1173.0,6762.0,5.765,100.0,5000.0,ClassCap,3.0,6785.0,3184.0,4346.0,35.4,147.0,18828832.0,2162704.0,8.706,6070.0,1237.0,4.907,0.0,5.46,ok,3840.0,8.0,17.0,6.0,2.0,333.0,196.0,0.004,0.627,0.369,0.0,11.0,26.0,18.0,27328.0,222018.0,commutative(Mul):1647;fma-fusion:1126;reverse-associative(Mul):1109;associative(Mul):934;factor:411;distribute:392;reverse-associative(Add):345;commutative(Add):282;associative(Add):183;halving:151;doubling:102;constant-fold:45;canonicalize(Sub):22;half-angle-product:12;sin-angle-addition:5;reverse-angle-addition:5;canonicalize(Div):4;cos-angle-addition:3;diff-of-squares:3;identity(Mul):2;cancellation(Div):1;inverse-annihilation(Div):1,761,14,444,182,0.5834428383705651,0.23915900131406045,6,14,0.42857142857142855,0.5900900900900901,1.0,0.0,0.0,0.0,1.0,1.0,1.0,0.6308851224105462,29.16778523489933,45.53691275167785,0.9865771812080537,1.0,0.0,0.0,0.0,25.77181208053691
sh:13,sh,synthetic,64.0,64.0,201.0,134.0,1.5,319.0,0.0,0.0,0.0,0.0,0.0,0.0,0.0,0.0,0.0,0.0,0.0,0.0,10.0,28.0,Add:10;Const:39;Cos:5;Mul:59;MulAdd:9;Sin:5;Sub:5;Var:2,201.0,134.0,1125.0,5705.0,5.071,100.0,5000.0,ClassCap,3.0,6068.0,2688.0,3551.0,29.6,129.0,19683136.0,1929408.0,10.202,6409.0,1041.0,6.157,0.0,-7.47,ok,3296.0,11.0,13.0,12.0,0.0,281.0,168.0,0.0,0.626,0.374,0.0,1.0,24.0,21.0,24640.0,190016.0,commutative(Mul):1273;reverse-associative(Mul):1159;associative(Mul):1048;fma-fusion:954;reverse-associative(Add):448;commutative(Add):303;associative(Add):241;factor:193;distribute:179;halving:107;doubling:71;constant-fold:37;canonicalize(Sub):19;half-angle-product:12;sin-angle-addition:5;reverse-angle-addition:5;canonicalize(Div):4;cos-angle-addition:3;diff-of-squares:3;identity(Mul):2;cancellation(Div):1;inverse-annihilation(Div):1,643,11,354,124,0.5505443234836703,0.19284603421461896,4,11,0.36363636363636365,0.6497175141242938,1.0,0.0,0.0,0.0,1.0,1.0,1.0,0.6258351893095768,26.5,45.28358208955224,0.9626865671641791,1.0,0.0,0.0,0.0,24.597014925373134
sh:14,sh,synthetic,64.0,64.0,56.0,40.0,1.4,67.0,0.0,0.0,0.0,0.0,0.0,0.0,0.0,0.0,0.0,0.0,0.0,0.0,5.0,10.0,Add:4;Const:12;Cos:3;Mul:15;MulAdd:2;Sin:2;Var:2,56.0,40.0,466.0,986.0,2.116,100.0,5000.0,ClassCap,5.0,10526.0,3550.0,4380.0,43.9,33.0,1659776.0,790336.0,2.1,797.0,442.0,1.803,0.0,-5.15,ok,1632.0,0.0,4.0,4.0,0.0,123.0,87.0,0.0,0.586,0.414,0.0,0.0,0.0,0.0,0.0,96960.0,fma-fusion:2159;commutative(Mul):1934;reverse-associative(Mul):1313;associative(Mul):1184;commutative(Add):888;reverse-associative(Add):839;associative(Add):799;factor:793;distribute:523;constant-fold:36;halving:13;canonicalize(Sub):8;doubling:7;half-angle-product:6;cos-angle-addition:5;diff-of-squares:5;identity(Add):3;annihilator:3;inverse-annihilation(Sub):2;canonicalize(Div):2;sin-angle-addition:2;reverse-angle-addition:2,305,7,226,124,0.740983606557377,0.4065573770491803,4,7,0.5714285714285714,0.4513274336283186,1.0,0.0,0.0,0.0,1.0,1.0,1.0,0.5857142857142857,109.5,263.15,0.825,1.0,0.0,0.0,0.0,40.8
sh:15,sh,synthetic,64.0,64.0,156.0,97.0,1.608,417.0,0.0,0.0,0.0,0.0,0.0,0.0,0.0,0.0,0.0,0.0,0.0,0.0,8.0,16.0,Add:16;Const:16;Cos:4;Mul:51;MulAdd:1;Sin:4;Sub:3;Var:2,156.0,97.0,916.0,7781.0,8.495,100.0,5000.0,ClassCap,3.0,6837.0,3332.0,4641.0,35.9,94.0,23839936.0,1775424.0,13.428,8170.0,840.0,9.726,0.0,-8.3,ok,2384.0,3.0,10.0,10.0,0.0,199.0,145.0,0.0,0.578,0.422,0.0,0.0,8.0,5.0,8192.0,161216.0,commutative(Mul):1295;fma-fusion:1176;reverse-associative(Mul):827;commutative(Add):669;associative(Mul):625;reverse-associative(Add):557;associative(Add):553;factor:408;distribute:380;halving:156;doubling:116;constant-fold:24;canonicalize(Sub):13;half-angle-product:12;sin-angle-addition:5;reverse-angle-addition:5;canonicalize(Div):4;cos-angle-addition:3;diff-of-squares:3;identity(Mul):2;pythagorean:2;cancellation(Div):1;inverse-annihilation(Div):1,509,9,290,124,0.5697445972495089,0.24361493123772102,4,9,0.4444444444444444,0.5724137931034483,1.0,0.0,0.0,0.0,1.0,1.0,1.0,0.5784883720930233,47.845360824742265,70.48453608247422,0.9690721649484536,1.0,0.0,0.0,0.0,24.577319587628867
sh:16,sh,synthetic,64.0,64.0,66.0,53.0,1.245,94.0,0.0,0.0,0.0,0.0,0.0,0.0,0.0,0.0,0.0,0.0,0.0,0.0,6.0,13.0,Add:5;Const:15;Cos:3;Mul:22;MulAdd:2;Sin:3;Sub:1;Var:2,66.0,53.0,579.0,1544.0,2.667,100.0,5000.0,ClassCap,4.0,8710.0,3627.0,4631.0,44.7,49.0,3998160.0,1008464.0,3.965,1629.0,590.0,2.761,0.0,1.9,ok,1888.0,0.0,7.0,7.0,2.0,158.0,100.0,0.008,0.608,0.385,0.0,0.0,0.0,0.0,0.0,112514.0,fma-fusion:1672;commutative(Mul):1481;reverse-associative(Mul):1118;associative(Mul):1065;reverse-associative(Add):765;associative(Add):482;distribute:474;factor:463;commutative(Add):416;halving:365;doubling:262;constant-fold:65;half-angle-product:23;identity(Mul):14;canonicalize(Sub):10;reverse-angle-addition:8;sin-angle-addition:7;canonicalize(Div):6;cos-angle-addition:4;diff-of-squares:4;cancellation(Div):3;inverse-annihilation(Div):3,374,8,256,124,0.6844919786096256,0.3315508021390374,4,8,0.5,0.515625,1.0,0.0,0.0,0.0,1.0,1.0,1.0,0.6153846153846154,87.37735849056604,164.33962264150944,0.9245283018867925,1.0,0.0,0.0,0.0,35.62264150943396
sh:17,sh,synthetic,64.0,64.0,219.0,142.0,1.542,339.0,0.0,0.0,0.0,0.0,0.0,0.0,0.0,0.0,0.0,0.0,0.0,0.0,9.0,28.0,Add:11;Const:42;Cos:4;Mul:63;MulAdd:9;Sin:5;Sub:6;Var:2,219.0,142.0,1078.0,5897.0,5.47,100.0,5000.0,ClassCap,3.0,7142.0,3445.0,4647.0,31.0,140.0,16573312.0,2075984.0,7.983,5320.0,1142.0,4.658,0.0,5.94,ok,3568.0,8.0,15.0,9.0,2.0,296.0,190.0,0.004,0.607,0.389,0.0,6.0,22.0,19.0,22912.0,213506.0,commutative(Mul):1571;fma-fusion:1391;reverse-associative(Mul):1008;associative(Mul):867;reverse-associative(Add):514;factor:415;distribute:397;commutative(Add):345;associative(Add):275;halving:151;doubling:102;constant-fold:48;canonicalize(Sub):22;half-angle-product:12;sin-angle-addition:5;reverse-angle-addition:5;canonicalize(Div):4;cos-angle-addition:3;diff-of-squares:3;identity(Mul):2;cancellation(Div):1;inverse-annihilation(Div):1,708,13,410,182,0.5790960451977402,0.2570621468926554,6,13,0.46153846153846156,0.5560975609756098,1.0,0.0,0.0,0.0,1.0,1.0,1.0,0.610655737704918,32.725352112676056,50.29577464788732,0.9859154929577465,1.0,0.0,0.0,0.0,25.12676056338028
sh:18,sh,synthetic,64.0,64.0,64.0,54.0,1.185,86.0,0.0,0.0,0.0,0.0,0.0,0.0,0.0,0.0,0.0,0.0,0.0,0.0,6.0,13.0,Add:6;Const:16;Cos:3;Mul:22;MulAdd:1;Sin:3;Sub:1;Var:2,64.0,54.0,578.0,1318.0,2.28,100.0,5000.0,ClassCap,4.0,8708.0,3508.0,4621.0,38.6,40.0,2970496.0,917440.0,3.238,1117.0,538.0,2.076,0.0,-6.92,ok,1808.0,0.0,5.0,5.0,0.0,156.0,94.0,0.0,0.624,0.376,0.0,0.0,0.0,0.0,0.0,106240.0,commutative(Mul):1580;fma-fusion:1390;reverse-associative(Mul):1007;associative(Mul):851;associative(Add):725;reverse-associative(Add):648;commutative(Add):640;distribute:544;factor:537;halving:363;doubling:268;constant-fold:74;half-angle-product:23;identity(Mul):14;canonicalize(Sub):10;sin-angle-addition:7;reverse-angle-addition:7;canonicalize(Div):6;cos-angle-addition:4;diff-of-squares:4;cancellation(Div):3;inverse-annihilation(Div):3,354,8,256,124,0.7231638418079096,0.3502824858757062,4,8,0.5,0.515625,1.0,0.0,0.0,0.0,1.0,1.0,1.0,0.624,85.57407407407408,161.25925925925927,0.7407407407407407,1.0,0.0,0.0,0.0,33.48148148148148
sh:19,sh,synthetic,64.0,64.0,197.0,130.0,1.515,317.0,0.0,0.0,0.0,0.0,0.0,0.0,0.0,0.0,0.0,0.0,0.0,0.0,10.0,28.0,Add:6;Const:39;Cos:5;Mul:55;MulAdd:13;Sin:5;Sub:5;Var:2,197.0,130.0,1109.0,5703.0,5.142,100.0,5000.0,ClassCap,3.0,5323.0,2390.0,3244.0,24.1,129.0,21673472.0,1933504.0,11.209,6890.0,1042.0,6.612,0.0,-6.04,ok,3296.0,11.0,14.0,10.0,0.0,280.0,168.0,0.0,0.625,0.375,0.0,4.0,26.0,20.0,26880.0,189952.0,reverse-associative(Mul):1245;commutative(Mul):1221;associative(Mul):1082;fma-fusion:605;factor:241;distribute:231;reverse-associative(Add):184;commutative(Add):148;halving:120;doubling:80;associative(Add):80;constant-fold:31;canonicalize(Sub):19;half-angle-product:12;sin-angle-addition:5;reverse-angle-addition:5;canonicalize(Div):4;cos-angle-addition:3;diff-of-squares:3;identity(Mul):2;cancellation(Div):1;inverse-annihilation(Div):1,644,11,354,124,0.5496894409937888,0.19254658385093168,4,11,0.36363636363636365,0.6497175141242938,1.0,0.0,0.0,0.0,1.0,1.0,1.0,0.625,24.953846153846154,40.94615384615385,0.9923076923076923,1.0,0.0,0.0,0.0,25.353846153846153
sh:20,sh,synthetic,64.0,64.0,49.0,31.0,1.581,57.0,0.0,0.0,0.0,0.0,0.0,0.0,0.0,0.0,0.0,0.0,0.0,0.0,4.0,9.0,Add:2;Const:10;Cos:2;Mul:9;MulAdd:4;Sin:2;Var:2,49.0,31.0,363.0,823.0,2.267,50.0,2000.0,Quiesced,8.0,2348.0,184.0,249.0,9.8,33.0,2039168.0,862528.0,2.364,803.0,373.0,2.153,0.0,2.75,ok,1456.0,0.0,4.0,4.0,0.0,80.0,94.0,0.0,0.46,0.54,0.0,0.0,0.0,0.0,0.0,101376.0,commutative(Mul):1107;reverse-associative(Mul):557;associative(Mul):521;constant-fold:50;fma-fusion:47;commutative(Add):43;factor:15;distribute:8,276,6,192,124,0.6956521739130435,0.4492753623188406,4,6,0.6666666666666666,0.35416666666666663,0.0,1.0,0.0,0.0,1.0,1.0,1.0,0.45977011494252873,8.03225806451613,75.74193548387096,1.064516129032258,1.0,0.0,0.0,0.0,46.96774193548387
sh:21,sh,synthetic,64.0,64.0,157.0,97.0,1.619,420.0,0.0,0.0,0.0,0.0,0.0,0.0,0.0,0.0,0.0,0.0,0.0,0.0,8.0,17.0,Add:16;Const:16;Cos:4;Mul:51;MulAdd:1;Sin:4;Sub:3;Var:2,157.0,97.0,916.0,7851.0,8.571,100.0,5000.0,ClassCap,3.0,6833.0,3335.0,4642.0,33.1,96.0,23460992.0,1780160.0,13.179,8171.0,851.0,9.602,0.0,-7.1,ok,2400.0,4.0,11.0,10.0,0.0,202.0,143.0,0.0,0.586,0.414,0.0,1.0,11.0,6.0,11328.0,159360.0,commutative(Mul):1310;fma-fusion:1163;reverse-associative(Mul):830;commutative(Add):671;associative(Mul):625;reverse-associative(Add):552;associative(Add):546;factor:407;distribute:384;halving:156;doubling:116;constant-fold:22;canonicalize(Sub):13;half-angle-product:12;sin-angle-addition:5;reverse-angle-addition:5;canonicalize(Div):4;cos-angle-addition:3;diff-of-squares:3;identity(Mul):2;pythagorean:2;cancellation(Div):1;inverse-annihilation(Div):1,510,9,290,124,0.5686274509803921,0.24313725490196078,4,9,0.4444444444444444,0.5724137931034483,1.0,0.0,0.0,0.0,1.0,1.0,1.0,0.5855072463768116,47.855670103092784,70.44329896907216,0.9896907216494846,1.0,0.0,0.0,0.0,24.742268041237114
sh:22,sh,synthetic,64.0,64.0,59.0,49.0,1.204,81.0,0.0,0.0,0.0,0.0,0.0,0.0,0.0,0.0,0.0,0.0,0.0,0.0,6.0,13.0,Add:1;Const:16;Cos:3;Mul:17;MulAdd:6;Sin:3;Sub:1;Var:2,59.0,49.0,558.0,1293.0,2.317,100.0,5000.0,ClassCap,4.0,7104.0,3192.0,3989.0,31.1,45.0,3682240.0,1015104.0,3.627,1276.0,552.0,2.312,0.0,-1.08,ok,1904.0,0.0,5.0,5.0,0.0,151.0,105.0,0.0,0.59,0.41,0.0,0.0,0.0,2.0,0.0,117184.0,fma-fusion:1266;reverse-associative(Mul):1186;commutative(Mul):1154;associative(Mul):1145;reverse-associative(Add):551;factor:417;distribute:415;associative(Add):258;halving:232;commutative(Add):186;doubling:167;constant-fold:45;half-angle-product:23;identity(Mul):14;canonicalize(Sub):10;reverse-angle-addition:8;sin-angle-addition:7;canonicalize(Div):6;cos-angle-addition:4;diff-of-squares:4;cancellation(Div):3;inverse-annihilation(Div):3,371,8,256,124,0.6900269541778976,0.33423180592991913,4,8,0.5,0.515625,1.0,0.0,0.0,0.0,1.0,1.0,1.0,0.58984375,81.40816326530613,144.9795918367347,0.9183673469387755,1.0,0.0,0.0,0.0,38.857142857142854
sh:23,sh,synthetic,64.0,64.0,156.0,96.0,1.625,419.0,0.0,0.0,0.0,0.0,0.0,0.0,0.0,0.0,0.0,0.0,0.0,0.0,8.0,17.0,Add:15;Const:16;Cos:4;Mul:50;MulAdd:2;Sin:4;Sub:3;Var:2,156.0,96.0,912.0,7847.0,8.604,100.0,5000.0,ClassCap,3.0,6805.0,3328.0,4643.0,39.6,96.0,23170944.0,1824576.0,12.699,7923.0,852.0,9.299,0.0,-6.58,ok,2384.0,3.0,10.0,10.0,0.0,198.0,147.0,0.0,0.574,0.426,0.0,0.0,7.0,7.0,7168.0,163200.0,commutative(Mul):1278;fma-fusion:1168;reverse-associative(Mul):823;commutative(Add):664;associative(Mul):625;associative(Add):560;reverse-associative(Add):559;factor:404;distribute:380;halving:156;doubling:116;constant-fold:21;canonicalize(Sub):13;half-angle-product:12;sin-angle-addition:5;reverse-angle-addition:5;canonicalize(Div):4;cos-angle-addition:3;diff-of-squares:3;identity(Mul):2;pythagorean:2;cancellation(Div):1;inverse-annihilation(Div):1,512,9,290,124,0.56640625,0.2421875,4,9,0.4444444444444444,0.5724137931034483,1.0,0.0,0.0,0.0,1.0,1.0,1.0,0.5739130434782609,48.364583333333336,70.88541666666667,1.0,1.0,0.0,0.0,0.0,24.833333333333332
sh:24,sh,synthetic,64.0,64.0,64.0,51.0,1.255,92.0,0.0,0.0,0.0,0.0,0.0,0.0,0.0,0.0,0.0,0.0,0.0,0.0,6.0,13.0,Add:3;Const:15;Cos:3;Mul:20;MulAdd:4;Sin:3;Sub:1;Var:2,64.0,51.0,571.0,1536.0,2.69,100.0,5000.0,ClassCap,4.0,8175.0,3561.0,4453.0,30.0,57.0,7749072.0,1147856.0,6.751,2655.0,626.0,4.241,0.0,9.63,ok,1968.0,0.0,7.0,7.0,2.0,157.0,111.0,0.007,0.581,0.411,0.0,0.0,0.0,2.0,0.0,123714.0,fma-fusion:1475;commutative(Mul):1428;reverse-associative(Mul):1182;associative(Mul):1141;reverse-associative(Add):645;distribute:478;factor:448;halving:382;associative(Add):322;doubling:275;commutative(Add):258;constant-fold:59;half-angle-product:23;identity(Mul):14;canonicalize(Sub):10;reverse-angle-addition:8;sin-angle-addition:7;canonicalize(Div):6;cos-angle-addition:4;diff-of-squares:4;cancellation(Div):3;inverse-annihilation(Div):3,396,8,256,124,0.6464646464646465,0.31313131313131315,4,8,0.5,0.515625,1.0,0.0,0.0,0.0,1.0,1.0,1.0,0.5888888888888889,87.31372549019608,160.2941176470588,1.1176470588235294,1.0,0.0,0.0,0.0,38.588235294117645
sh:25,sh,synthetic,64.0,64.0,236.0,146.0,1.616,378.0,0.0,0.0,0.0,0.0,0.0,0.0,0.0,0.0,0.0,0.0,0.0,0.0,10.0,30.0,Add:8;Const:44;Cos:5;Mul:62;MulAdd:14;Sin:5;Sub:6;Var:2,236.0,146.0,1161.0,6708.0,5.778,100.0,5000.0,ClassCap,3.0,6315.0,2944.0,4059.0,24.2,166.0,24202912.0,2203920.0,10.982,10471.0,1188.0,8.814,0.0,2.33,ok,3648.0,11.0,18.0,7.0,2.0,298.0,186.0,0.004,0.613,0.383,1.0,12.0,32.0,26.0,33537.0,209538.0,commutative(Mul):1501;reverse-associative(Mul):1139;associative(Mul):1031;fma-fusion:951;factor:376;distribute:366;reverse-associative(Add):288;commutative(Add):200;halving:140;associative(Add):131;doubling:94;constant-fold:40;canonicalize(Sub):22;half-angle-product:12;sin-angle-addition:5;reverse-angle-addition:5;canonicalize(Div):4;cos-angle-addition:3;diff-of-squares:3;identity(Mul):2;cancellation(Div):1;inverse-annihilation(Div):1,707,11,354,124,0.5007072135785007,0.1753889674681754,4,11,0.36363636363636365,0.6497175141242938,1.0,0.0,0.0,0.0,1.0,1.0,1.0,0.6172839506172839,27.801369863013697,43.25342465753425,1.1369863013698631,1.0,0.0,0.0,0.0,24.986301369863014
sh:26,sh,synthetic,64.0,64.0,140.0,95.0,1.474,395.0,0.0,0.0,0.0,0.0,0.0,0.0,0.0,0.0,0.0,0.0,0.0,0.0,8.0,16.0,Add:13;Const:16;Cos:4;Mul:51;MulAdd:1;Sin:4;Sub:4;Var:2,140.0,95.0,908.0,7587.0,8.356,100.0,5000.0,ClassCap,3.0,6942.0,3350.0,4667.0,34.5,86.0,29009920.0,1668672.0,17.385,9697.0,810.0,11.972,0.0,-10.79,ok,2304.0,2.0,9.0,9.0,0.0,198.0,138.0,0.0,0.589,0.411,0.0,0.0,4.0,4.0,4096.0,153984.0,commutative(Mul):1324;fma-fusion:1159;reverse-associative(Mul):849;associative(Mul):651;commutative(Add):598;associative(Add):589;reverse-associative(Add):542;distribute:419;factor:409;halving:195;doubling:126;constant-fold:28;canonicalize(Sub):14;half-angle-product:12;sin-angle-addition:5;reverse-angle-addition:5;canonicalize(Div):4;identity(Mul):3;cos-angle-addition:3;diff-of-squares:3;cancellation(Div):2;inverse-annihilation(Div):2,492,9,290,124,0.5894308943089431,0.25203252032520324,4,9,0.4444444444444444,0.5724137931034483,1.0,0.0,0.0,0.0,1.0,1.0,1.0,0.5892857142857143,49.126315789473686,73.07368421052631,0.9052631578947369,1.0,0.0,0.0,0.0,24.25263157894737
sh:27,sh,synthetic,64.0,64.0,131.0,92.0,1.424,195.0,0.0,0.0,0.0,0.0,0.0,0.0,0.0,0.0,0.0,0.0,0.0,0.0,7.0,20.0,Add:7;Const:27;Cos:4;Mul:40;MulAdd:6;Sin:3;Sub:3;Var:2,131.0,92.0,780.0,3259.0,4.178,100.0,5000.0,ClassCap,3.0,5581.0,2652.0,3445.0,27.5,97.0,11720064.0,1648448.0,7.11,4080.0,746.0,5.469,0.0,-4.36,ok,2368.0,4.0,12.0,10.0,0.0,168.0,144.0,0.0,0.538,0.462,0.0,2.0,10.0,9.0,10368.0,158208.0,reverse-associative(Mul):1108;fma-fusion:1025;commutative(Mul):917;associative(Mul):825;reverse-associative(Add):490;commutative(Add):278;associative(Add):259;factor:210;distribute:204;halving:107;doubling:71;constant-fold:38;canonicalize(Sub):13;half-angle-product:12;sin-angle-addition:5;reverse-angle-addition:5;canonicalize(Div):4;cos-angle-addition:3;diff-of-squares:3;identity(Mul):2;cancellation(Div):1;inverse-annihilation(Div):1,480,8,260,124,0.5416666666666666,0.25833333333333336,4,8,0.5,0.523076923076923,1.0,0.0,0.0,0.0,1.0,1.0,1.0,0.5384615384615384,37.44565217391305,60.66304347826087,1.0543478260869565,1.0,0.0,0.0,0.0,25.73913043478261
sh:28,sh,synthetic,64.0,64.0,51.0,33.0,1.545,59.0,0.0,0.0,0.0,0.0,0.0,0.0,0.0,0.0,0.0,0.0,0.0,0.0,4.0,9.0,Add:4;Const:10;Cos:2;Mul:11;MulAdd:2;Sin:2;Var:2,51.0,33.0,371.0,831.0,2.24,100.0,5000.0,Quiesced,10.0,10840.0,725.0,859.0,33.7,29.0,1371776.0,768576.0,1.785,644.0,354.0,1.819,0.0,-4.58,ok,1440.0,0.0,2.0,2.0,0.0,82.0,87.0,0.0,0.485,0.515,0.0,0.0,0.0,0.0,0.0,94336.0,commutative(Mul):3507;reverse-associative(Mul):1801;associative(Mul):1708;fma-fusion:1102;commutative(Add):967;factor:628;distribute:361;reverse-associative(Add):340;associative(Add):330;constant-fold:96,260,6,192,124,0.7384615384615385,0.47692307692307695,4,6,0.6666666666666666,0.35416666666666663,0.0,1.0,0.0,0.0,1.0,1.0,1.0,0.48520710059171596,26.03030303030303,328.4848484848485,0.8787878787878788,1.0,0.0,0.0,0.0,43.63636363636363
sh:29,sh,synthetic,64.0,64.0,85.0,62.0,1.371,114.0,0.0,0.0,0.0,0.0,0.0,0.0,0.0,0.0,0.0,0.0,0.0,0.0,6.0,16.0,Add:6;Const:19;Cos:3;Mul:25;MulAdd:3;Sin:3;Sub:1;Var:2,85.0,62.0,603.0,1803.0,2.99,100.0,5000.0,ClassCap,4.0,8904.0,3555.0,4643.0,44.5,56.0,5032528.0,1142672.0,4.404,1852.0,608.0,3.046,0.0,0.83,ok,1952.0,0.0,8.0,8.0,2.0,154.0,110.0,0.008,0.579,0.414,0.0,0.0,0.0,1.0,0.0,122498.0,commutative(Mul):1759;fma-fusion:1438;reverse-associative(Mul):1114;associative(Mul):951;reverse-associative(Add):643;associative(Add):570;distribute:554;factor:541;commutative(Add):526;halving:372;doubling:273;constant-fold:82;half-angle-product:23;identity(Mul):14;canonicalize(Sub):10;sin-angle-addition:7;reverse-angle-addition:7;canonicalize(Div):6;cos-angle-addition:4;diff-of-squares:4;cancellation(Div):3;inverse-annihilation(Div):3,392,8,256,124,0.6530612244897959,0.3163265306122449,4,8,0.5,0.515625,1.0,0.0,0.0,0.0,1.0,1.0,1.0,0.5864661654135338,74.88709677419355,143.61290322580646,0.9032258064516129,1.0,0.0,0.0,0.0,31.483870967741936
sh:30,sh,synthetic,64.0,64.0,46.0,44.0,1.045,61.0,0.0,0.0,0.0,0.0,0.0,0.0,0.0,0.0,0.0,0.0,0.0,0.0,4.0,11.0,Add:4;Const:14;Cos:1;Mul:18;MulAdd:1;Sin:3;Sub:1;Var:2,46.0,44.0,400.0,905.0,2.263,50.0,2000.0,ClassCap,4.0,4057.0,1463.0,1845.0,11.9,32.0,2337088.0,858048.0,2.724,796.0,366.0,2.175,0.0,-8.5,ok,1408.0,0.0,3.0,3.0,0.0,76.0,93.0,0.0,0.45,0.55,0.0,0.0,0.0,0.0,0.0,100096.0,commutative(Mul):902;fma-fusion:596;reverse-associative(Mul):472;associative(Mul):346;commutative(Add):338;reverse-associative(Add):266;associative(Add):228;distribute:223;factor:202;halving:194;doubling:156;constant-fold:67;half-angle-product:23;identity(Mul):14;sin-angle-addition:7;reverse-angle-addition:7;canonicalize(Div):6;canonicalize(Sub):4;cancellation(Div):3;inverse-annihilation(Div):3,268,6,188,124,0.7014925373134329,0.4626865671641791,4,6,0.6666666666666666,0.34042553191489366,1.0,0.0,0.0,0.0,1.0,1.0,1.0,0.44970414201183434,41.93181818181818,92.20454545454545,0.7272727272727273,1.0,0.0,0.0,0.0,32.0
sh:31,sh,synthetic,64.0,64.0,158.0,102.0,1.549,444.0,0.0,0.0,0.0,0.0,0.0,0.0,0.0,0.0,0.0,0.0,0.0,0.0,8.0,16.0,Add:17;Const:15;Cos:4;Mul:56;Sin:4;Sub:4;Var:2,158.0,102.0,944.0,8543.0,9.05,100.0,5000.0,ClassCap,3.0,7006.0,3442.0,4723.0,32.0,89.0,24294464.0,1721920.0,14.109,7901.0,823.0,9.6,0.0,-12.82,ok,2368.0,5.0,9.0,9.0,0.0,198.0,140.0,0.0,0.586,0.414,0.0,0.0,11.0,9.0,11264.0,156032.0,commutative(Mul):1455;fma-fusion:1081;reverse-associative(Mul):846;commutative(Add):769;associative(Mul):599;reverse-associative(Add):529;associative(Add):467;factor:429;distribute:427;halving:195;doubling:126;constant-fold:28;canonicalize(Sub):14;half-angle-product:12;sin-angle-addition:5;reverse-angle-addition:5;canonicalize(Div):4;identity(Mul):3;cos-angle-addition:3;diff-of-squares:3;cancellation(Div):2;inverse-annihilation(Div):2;pythagorean:2,496,9,290,124,0.5846774193548387,0.25,4,9,0.4444444444444444,0.5724137931034483,1.0,0.0,0.0,0.0,1.0,1.0,1.0,0.5857988165680473,46.30392156862745,68.68627450980392,0.8725490196078431,1.0,0.0,0.0,0.0,23.215686274509803
sh:32,sh,synthetic,64.0,64.0,156.0,97.0,1.608,417.0,0.0,0.0,0.0,0.0,0.0,0.0,0.0,0.0,0.0,0.0,0.0,0.0,8.0,16.0,Add:16;Const:16;Cos:4;Mul:51;MulAdd:1;Sin:4;Sub:3;Var:2,156.0,97.0,916.0,7776.0,8.489,100.0,5000.0,ClassCap,3.0,6834.0,3329.0,4640.0,34.0,92.0,23839296.0,1775104.0,13.43,8160.0,835.0,9.772,0.0,-8.84,ok,2352.0,3.0,10.0,10.0,0.0,197.0,145.0,0.0,0.576,0.424,0.0,0.0,8.0,5.0,8192.0,161088.0,commutative(Mul):1274;fma-fusion:1183;reverse-associative(Mul):820;commutative(Add):669;associative(Mul):626;associative(Add):563;reverse-associative(Add):562;factor:406;distribute:380;halving:156;doubling:116;constant-fold:28;canonicalize(Sub):13;half-angle-product:12;sin-angle-addition:5;reverse-angle-addition:5;canonicalize(Div):4;cos-angle-addition:3;diff-of-squares:3;identity(Mul):2;pythagorean:2;cancellation(Div):1;inverse-annihilation(Div):1,507,9,290,124,0.571992110453649,0.2445759368836292,4,9,0.4444444444444444,0.5724137931034483,1.0,0.0,0.0,0.0,1.0,1.0,1.0,0.5760233918128655,47.83505154639175,70.45360824742268,0.9484536082474226,1.0,0.0,0.0,0.0,24.24742268041237
sh:33,sh,synthetic,64.0,64.0,50.0,32.0,1.562,58.0,0.0,0.0,0.0,0.0,0.0,0.0,0.0,0.0,0.0,0.0,0.0,0.0,4.0,9.0,Add:3;Const:10;Cos:2;Mul:10;MulAdd:3;Sin:2;Var:2,50.0,32.0,367.0,827.0,2.253,50.0,2000.0,Quiesced,9.0,3393.0,241.0,318.0,12.2,33.0,2035072.0,858432.0,2.371,802.0,372.0,2.156,0.0,1.36,ok,1456.0,0.0,4.0,4.0,0.0,80.0,93.0,0.0,0.462,0.538,0.0,0.0,0.0,0.0,0.0,100352.0,commutative(Mul):1416;reverse-associative(Mul):647;associative(Mul):608;fma-fusion:211;commutative(Add):203;factor:98;constant-fold:73;reverse-associative(Add):49;associative(Add):47;distribute:41,274,6,192,124,0.7007299270072993,0.45255474452554745,4,6,0.6666666666666666,0.35416666666666663,0.0,1.0,0.0,0.0,1.0,1.0,1.0,0.4624277456647399,9.9375,106.03125,1.03125,1.0,0.0,0.0,0.0,45.5
sh:34,sh,synthetic,64.0,64.0,53.0,48.0,1.104,73.0,0.0,0.0,0.0,0.0,0.0,0.0,0.0,0.0,0.0,0.0,0.0,0.0,5.0,11.0,Add:4;Const:15;Cos:2;Mul:19;MulAdd:2;Sin:3;Sub:1;Var:2,53.0,48.0,485.0,1145.0,2.361,100.0,5000.0,ClassCap,4.0,6546.0,2521.0,3071.0,32.9,42.0,3370000.0,969360.0,3.477,1138.0,483.0,2.356,0.0,-0.41,ok,1680.0,0.0,5.0,5.0,2.0,114.0,100.0,0.009,0.528,0.463,0.0,0.0,0.0,0.0,0.0,109698.0,reverse-associative(Mul):1367;commutative(Mul):1093;associative(Mul):1052;fma-fusion:888;reverse-associative(Add):443;halving:345;distribute:338;factor:272;doubling:241;associative(Add):206;commutative(Add):188;constant-fold:45;half-angle-product:23;identity(Mul):14;reverse-angle-addition:8;sin-angle-addition:7;canonicalize(Div):6;canonicalize(Sub):4;cancellation(Div):3;inverse-annihilation(Div):3,326,7,222,124,0.6809815950920245,0.3803680981595092,4,7,0.5714285714285714,0.4414414414414415,1.0,0.0,0.0,0.0,1.0,1.0,1.0,0.5370370370370371,63.979166666666664,136.375,0.875,1.0,0.0,0.0,0.0,35.0
sh:35,sh,synthetic,64.0,64.0,248.0,155.0,1.6,394.0,0.0,0.0,0.0,0.0,0.0,0.0,0.0,0.0,0.0,0.0,0.0,0.0,10.0,31.0,Add:14;Const:45;Cos:5;Mul:69;MulAdd:9;Sin:5;Sub:6;Var:2,248.0,155.0,1195.0,6948.0,5.814,100.0,5000.0,ClassCap,3.0,7059.0,3196.0,4292.0,31.5,160.0,25628544.0,2170752.0,11.806,8208.0,1158.0,7.088,0.0,-3.1,ok,3488.0,7.0,19.0,6.0,0.0,298.0,180.0,0.0,0.623,0.377,0.0,13.0,27.0,16.0,28480.0,203392.0,commutative(Mul):1634;fma-fusion:1247;reverse-associative(Mul):1098;associative(Mul):948;reverse-associative(Add):472;commutative(Add):380;factor:343;distribute:328;associative(Add):266;halving:141;doubling:95;constant-fold:49;canonicalize(Sub):22;half-angle-product:12;sin-angle-addition:5;reverse-angle-addition:5;canonicalize(Div):4;cos-angle-addition:3;diff-of-squares:3;identity(Mul):2;cancellation(Div):1;inverse-annihilation(Div):1,696,11,354,124,0.5086206896551724,0.1781609195402299,4,11,0.36363636363636365,0.6497175141242938,1.0,0.0,0.0,0.0,1.0,1.0,1.0,0.6234309623430963,27.690322580645162,45.541935483870965,1.032258064516129,1.0,0.0,0.0,0.0,22.503225806451614
sh:36,sh,synthetic,64.0,64.0,60.0,45.0,1.333,77.0,0.0,0.0,0.0,0.0,0.0,0.0,0.0,0.0,0.0,0.0,0.0,0.0,4.0,12.0,Add:3;Const:15;Cos:2;Mul:16;MulAdd:4;Sin:2;Sub:1;Var:2,60.0,45.0,406.0,1166.0,2.872,100.0,5000.0,ClassCap,6.0,10788.0,3808.0,4659.0,36.0,44.0,2801376.0,1239376.0,2.26,1026.0,481.0,2.133,0.0,18.47,ok,1776.0,0.0,5.0,5.0,2.0,81.0,134.0,0.009,0.373,0.618,0.0,0.0,0.0,0.0,0.0,142402.0,commutative(Mul):2452;reverse-associative(Mul):1462;fma-fusion:1268;associative(Mul):1161;distribute:927;factor:690;halving:599;doubling:545;reverse-associative(Add):537;associative(Add):400;commutative(Add):344;identity(Mul):189;constant-fold:156;half-angle-product:26;reverse-angle-addition:8;canonicalize(Sub):6;canonicalize(Div):5;inverse-annihilation(Div):5;sin-angle-addition:5;cancellation(Div):3,361,8,252,182,0.6980609418282548,0.5041551246537396,6,8,0.75,0.2777777777777778,1.0,0.0,0.0,0.0,1.0,1.0,1.0,0.3824884792626728,103.53333333333333,239.73333333333332,0.9777777777777777,1.0,0.0,0.0,0.0,39.46666666666667
sh:37,sh,synthetic,64.0,64.0,275.0,161.0,1.708,435.0,0.0,0.0,0.0,0.0,0.0,0.0,0.0,0.0,0.0,0.0,0.0,0.0,10.0,33.0,Add:14;Const:47;Cos:5;Mul:71;MulAdd:11;Sin:5;Sub:6;Var:2,275.0,161.0,1215.0,7672.0,6.314,100.0,5000.0,ClassCap,3.0,7118.0,3362.0,4685.0,33.5,166.0,22785824.0,2304848.0,9.886,7292.0,1316.0,5.541,0.0,8.31,ok,3984.0,10.0,21.0,6.0,2.0,346.0,202.0,0.004,0.629,0.367,0.0,15.0,35.0,21.0,36800.0,228994.0,commutative(Mul):1806;fma-fusion:1105;reverse-associative(Mul):986;associative(Mul):749;factor:466;distribute:456;reverse-associative(Add):446;commutative(Add):396;associative(Add):313;halving:171;doubling:116;constant-fold:50;canonicalize(Sub):22;half-angle-product:12;sin-angle-addition:5;reverse-angle-addition:5;canonicalize(Div):4;cos-angle-addition:3;diff-of-squares:3;identity(Mul):2;cancellation(Div):1;inverse-annihilation(Div):1,794,14,444,182,0.5591939546599496,0.22921914357682618,6,14,0.42857142857142855,0.5900900900900901,1.0,0.0,0.0,0.0,1.0,1.0,1.0,0.6327272727272727,29.099378881987576,44.2111801242236,1.031055900621118,1.0,0.0,0.0,0.0,24.74534161490683
sh:38,sh,synthetic,64.0,64.0,105.0,83.0,1.265,187.0,0.0,0.0,0.0,0.0,0.0,0.0,0.0,0.0,0.0,0.0,0.0,0.0,4.0,19.0,Add:3;Const:24;Cos:2;Mul:37;MulAdd:8;Sin:2;Sub:5;Var:2,105.0,83.0,547.0,3496.0,6.391,100.0,5000.0,ClassCap,4.0,7849.0,2562.0,3308.0,32.9,89.0,10782528.0,1326032.0,8.131,4362.0,575.0,7.586,0.0,5.12,ok,1952.0,2.0,10.0,10.0,2.0,101.0,126.0,0.009,0.441,0.55,0.0,0.0,4.0,10.0,4096.0,135490.0,commutative(Mul):2324;reverse-associative(Mul):1759;associative(Mul):1509;fma-fusion:797;factor:415;distribute:367;commutative(Add):246;reverse-associative(Add):179;associative(Add):81;halving:43;constant-fold:40;doubling:34;canonicalize(Sub):23;half-angle-product:12;canonicalize(Div):4;sin-angle-addition:4;reverse-angle-addition:4;diff-of-squares:4;identity(Mul):2;cancellation(Div):1;inverse-annihilation(Div):1,375,6,192,124,0.512,0.33066666666666666,4,6,0.6666666666666666,0.35416666666666663,1.0,0.0,0.0,0.0,1.0,1.0,1.0,0.4497816593886463,39.855421686746986,94.56626506024097,1.072289156626506,1.0,0.0,0.0,0.0,23.518072289156628
sh:39,sh,synthetic,64.0,64.0,85.0,64.0,1.328,125.0,0.0,0.0,0.0,0.0,0.0,0.0,0.0,0.0,0.0,0.0,0.0,0.0,4.0,13.0,Add:4;Const:20;Cos:2;Mul:26;MulAdd:6;Sin:2;Sub:2;Var:2,85.0,64.0,474.0,2104.0,4.439,100.0,5000.0,ClassCap,4.0,8713.0,3562.0,4388.0,27.4,66.0,7794464.0,1236752.0,6.302,2813.0,566.0,4.97,0.0,19.41,ok,1904.0,0.0,8.0,8.0,2.0,119.0,119.0,0.008,0.496,0.496,0.0,0.0,0.0,0.0,0.0,129474.0,commutative(Mul):1719;fma-fusion:1481;reverse-associative(Mul):1290;associative(Mul):1204;reverse-associative(Add):657;distribute:495;factor:437;halving:416;associative(Add):336;commutative(Add):290;doubling:257;constant-fold:53;half-angle-product:20;identity(Mul):16;canonicalize(Sub):11;reverse-angle-addition:7;canonicalize(Div):6;sin-angle-addition:6;cancellation(Div):4;inverse-annihilation(Div):4;diff-of-squares:4,375,7,222,124,0.592,0.33066666666666666,4,7,0.5714285714285714,0.4414414414414415,1.0,0.0,0.0,0.0,1.0,1.0,1.0,0.5041666666666667,68.5625,136.140625,1.03125,1.0,0.0,0.0,0.0,29.75
sh:40,sh,synthetic,64.0,64.0,88.0,61.0,1.443,140.0,0.0,0.0,0.0,0.0,0.0,0.0,0.0,0.0,0.0,0.0,0.0,0.0,4.0,13.0,Add:4;Const:19;Cos:2;Mul:25;MulAdd:5;Sin:2;Sub:2;Var:2,88.0,61.0,464.0,2563.0,5.524,100.0,5000.0,ClassCap,4.0,9064.0,3617.0,4621.0,45.1,56.0,4358848.0,1004736.0,4.338,2146.0,453.0,4.737,0.0,-2.37,ok,1664.0,0.0,5.0,5.0,0.0,93.0,103.0,0.0,0.474,0.526,0.0,0.0,0.0,0.0,0.0,111424.0,commutative(Mul):1949;fma-fusion:1353;reverse-associative(Mul):1208;associative(Mul):995;distribute:636;factor:610;reverse-associative(Add):564;halving:468;associative(Add):460;commutative(Add):401;doubling:285;constant-fold:57;half-angle-product:20;identity(Mul):16;canonicalize(Sub):11;reverse-angle-addition:7;canonicalize(Div):6;sin-angle-addition:6;cancellation(Div):4;inverse-annihilation(Div):4;diff-of-squares:4,309,6,192,124,0.6213592233009708,0.40129449838187703,4,6,0.6666666666666666,0.35416666666666663,1.0,0.0,0.0,0.0,1.0,1.0,1.0,0.4744897959183674,75.75409836065573,148.59016393442624,0.9180327868852459,1.0,0.0,0.0,0.0,27.278688524590162
sh:41,sh,synthetic,64.0,64.0,165.0,115.0,1.435,301.0,0.0,0.0,0.0,0.0,0.0,0.0,0.0,0.0,0.0,0.0,0.0,0.0,4.0,23.0,Add:7;Const:32;Cos:2;Mul:56;MulAdd:7;Sin:2;Sub:7;Var:2,165.0,115.0,661.0,5683.0,8.598,100.0,5000.0,ClassCap,3.0,7369.0,3547.0,4714.0,27.7,134.0,14991168.0,1671696.0,8.968,8571.0,747.0,11.474,0.0,13.01,ok,2304.0,5.0,12.0,11.0,2.0,126.0,147.0,0.007,0.458,0.535,1.0,2.0,10.0,18.0,10369.0,158594.0,commutative(Mul):1778;fma-fusion:1233;reverse-associative(Mul):1100;associative(Mul):891;factor:483;reverse-associative(Add):462;distribute:455;commutative(Add):278;associative(Add):239;halving:217;doubling:134;constant-fold:41;canonicalize(Sub):23;half-angle-product:12;reverse-angle-addition:5;canonicalize(Div):4;sin-angle-addition:4;identity(Mul):3;diff-of-squares:3;cancellation(Div):2;inverse-annihilation(Div):2,445,6,192,124,0.4314606741573034,0.2786516853932584,4,6,0.6666666666666666,0.35416666666666663,1.0,0.0,0.0,0.0,1.0,1.0,1.0,0.46545454545454545,40.99130434782609,64.07826086956521,1.1652173913043478,1.0,0.0,0.0,0.0,20.034782608695654
sh:42,sh,synthetic,64.0,64.0,69.0,56.0,1.232,103.0,0.0,0.0,0.0,0.0,0.0,0.0,0.0,0.0,0.0,0.0,0.0,0.0,4.0,12.0,Add:3;Const:17;Cos:2;Mul:24;MulAdd:4;Sin:2;Sub:2;Var:2,69.0,56.0,450.0,1770.0,3.933,100.0,5000.0,ClassCap,4.0,7844.0,3050.0,3739.0,19.7,51.0,4021184.0,1044224.0,3.851,1658.0,503.0,3.296,0.0,11.78,ok,1760.0,0.0,6.0,6.0,0.0,119.0,105.0,0.0,0.531,0.469,0.0,0.0,0.0,1.0,0.0,115136.0,commutative(Mul):1540;reverse-associative(Mul):1355;associative(Mul):1315;fma-fusion:1137;reverse-associative(Add):484;distribute:453;factor:408;halving:340;associative(Add):234;commutative(Add):222;doubling:215;constant-fold:63;half-angle-product:20;identity(Mul):16;canonicalize(Sub):11;reverse-angle-addition:7;canonicalize(Div):6;sin-angle-addition:6;cancellation(Div):4;inverse-annihilation(Div):4;diff-of-squares:4,341,7,222,124,0.6510263929618768,0.36363636363636365,4,7,0.5714285714285714,0.4414414414414415,1.0,0.0,0.0,0.0,1.0,1.0,1.0,0.53125,66.76785714285714,140.07142857142858,0.9107142857142857,1.0,0.0,0.0,0.0,31.428571428571427
sh:43,sh,synthetic,64.0,64.0,269.0,157.0,1.713,425.0,0.0,0.0,0.0,0.0,0.0,0.0,0.0,0.0,0.0,0.0,0.0,0.0,10.0,33.0,Add:13;Const:46;Cos:5;Mul:69;MulAdd:11;Sin:5;Sub:6;Var:2,269.0,157.0,1201.0,7508.0,6.251,100.0,5000.0,ClassCap,3.0,7070.0,3392.0,4706.0,37.6,160.0,22459232.0,2274576.0,9.874,7040.0,1284.0,5.483,0.0,6.91,ok,3984.0,9.0,19.0,6.0,2.0,339.0,203.0,0.004,0.623,0.373,0.0,13.0,31.0,25.0,32576.0,229570.0,commutative(Mul):1765;fma-fusion:1128;reverse-associative(Mul):998;associative(Mul):813;reverse-associative(Add):484;factor:459;distribute:444;commutative(Add):334;associative(Add):252;halving:172;doubling:117;constant-fold:46;canonicalize(Sub):22;half-angle-product:12;sin-angle-addition:5;reverse-angle-addition:5;canonicalize(Div):4;cos-angle-addition:3;diff-of-squares:3;identity(Mul):2;cancellation(Div):1;inverse-annihilation(Div):1,785,14,444,182,0.5656050955414013,0.2318471337579618,6,14,0.42857142857142855,0.5900900900900901,1.0,0.0,0.0,0.0,1.0,1.0,1.0,0.6268382352941176,29.97452229299363,45.031847133757964,1.019108280254777,1.0,0.0,0.0,0.0,25.37579617834395
sh:44,sh,synthetic,64.0,64.0,67.0,54.0,1.241,95.0,0.0,0.0,0.0,0.0,0.0,0.0,0.0,0.0,0.0,0.0,0.0,0.0,6.0,13.0,Add:3;Const:17;Cos:3;Mul:20;MulAdd:5;Sin:3;Sub:1;Var:2,67.0,54.0,576.0,1541.0,2.675,100.0,5000.0,ClassCap,4.0,6928.0,2931.0,3648.0,32.6,47.0,3711936.0,1310336.0,2.833,1362.0,629.0,2.165,0.0,9.2,ok,2112.0,0.0,6.0,6.0,0.0,153.0,138.0,0.0,0.526,0.474,0.0,0.0,0.0,4.0,0.0,151104.0,reverse-associative(Mul):1251;fma-fusion:1209;commutative(Mul):1117;associative(Mul):1030;reverse-associative(Add):558;distribute:354;factor:350;associative(Add):270;halving:243;commutative(Add):233;doubling:174;constant-fold:57;half-angle-product:23;identity(Mul):14;canonicalize(Sub):10;reverse-angle-addition:8;sin-angle-addition:7;canonicalize(Div):6;cos-angle-addition:4;diff-of-squares:4;cancellation(Div):3;inverse-annihilation(Div):3,441,10,316,182,0.7165532879818595,0.4126984126984127,6,10,0.6,0.42405063291139244,1.0,0.0,0.0,0.0,1.0,1.0,1.0,0.5257731958762887,67.55555555555556,128.2962962962963,0.8703703703703703,1.0,0.0,0.0,0.0,39.111111111111114
sh:45,sh,synthetic,64.0,64.0,188.0,110.0,1.709,476.0,0.0,0.0,0.0,0.0,0.0,0.0,0.0,0.0,0.0,0.0,0.0,0.0,8.0,16.0,Add:17;Const:20;Cos:4;Mul:55;MulAdd:4;Sin:4;Sub:4;Var:2,188.0,110.0,959.0,8893.0,9.273,100.0,5000.0,ClassCap,3.0,6876.0,3386.0,4697.0,44.7,106.0,26990336.0,1797456.0,15.016,9263.0,885.0,10.467,0.0,-7.72,ok,2544.0,5.0,13.0,8.0,2.0,205.0,149.0,0.006,0.576,0.419,1.0,5.0,14.0,5.0,14657.0,165698.0,commutative(Mul):1412;fma-fusion:1099;reverse-associative(Mul):845;commutative(Add):709;associative(Mul):604;reverse-associative(Add):517;associative(Add):475;factor:443;distribute:422;halving:156;doubling:117;constant-fold:25;canonicalize(Sub):14;half-angle-product:12;sin-angle-addition:5;reverse-angle-addition:5;canonicalize(Div):4;cos-angle-addition:3;diff-of-squares:3;identity(Mul):2;pythagorean:2;cancellation(Div):1;inverse-annihilation(Div):1,530,9,290,124,0.5471698113207547,0.2339622641509434,4,9,0.4444444444444444,0.5724137931034483,1.0,0.0,0.0,0.0,1.0,1.0,1.0,0.5814606741573034,42.7,62.50909090909091,0.9636363636363636,1.0,0.0,0.0,0.0,23.12727272727273
sh:46,sh,synthetic,64.0,64.0,119.0,77.0,1.545,181.0,0.0,0.0,0.0,0.0,0.0,0.0,0.0,0.0,0.0,0.0,0.0,0.0,4.0,15.0,Add:9;Const:24;Cos:2;Mul:31;MulAdd:5;Sin:2;Sub:2;Var:2,119.0,77.0,514.0,3003.0,5.842,100.0,5000.0,ClassCap,4.0,9741.0,3643.0,4606.0,43.2,75.0,6076608.0,1278912.0,4.751,2463.0,579.0,4.254,0.0,12.65,ok,2016.0,0.0,8.0,8.0,0.0,126.0,122.0,0.0,0.508,0.492,0.0,0.0,0.0,2.0,0.0,132992.0,commutative(Mul):2155;fma-fusion:1472;reverse-associative(Mul):1182;associative(Mul):905;commutative(Add):841;reverse-associative(Add):634;distribute:590;factor:573;associative(Add):552;halving:415;doubling:246;constant-fold:98;half-angle-product:20;identity(Mul):16;canonicalize(Sub):11;reverse-angle-addition:7;canonicalize(Div):6;sin-angle-addition:6;cancellation(Div):4;inverse-annihilation(Div):4;diff-of-squares:4,386,7,222,124,0.5751295336787565,0.32124352331606215,4,7,0.5714285714285714,0.4414414414414415,1.0,0.0,0.0,0.0,1.0,1.0,1.0,0.5080645161290323,59.81818181818182,126.50649350649351,0.974025974025974,1.0,0.0,0.0,0.0,26.181818181818183
sh:47,sh,synthetic,64.0,64.0,93.0,65.0,1.431,125.0,0.0,0.0,0.0,0.0,0.0,0.0,0.0,0.0,0.0,0.0,0.0,0.0,6.0,15.0,Add:5;Const:21;Cos:3;Mul:24;MulAdd:6;Sin:3;Sub:1;Var:2,93.0,65.0,609.0,1959.0,3.217,100.0,5000.0,ClassCap,4.0,8588.0,3544.0,4634.0,48.3,65.0,5393680.0,1212624.0,4.448,2014.0,630.0,3.197,0.0,3.45,ok,2112.0,0.0,9.0,9.0,2.0,157.0,117.0,0.007,0.569,0.424,0.0,0.0,0.0,5.0,0.0,129858.0,commutative(Mul):1798;fma-fusion:1355;reverse-associative(Mul):1070;associative(Mul):882;factor:620;reverse-associative(Add):570;distribute:563;associative(Add):552;commutative(Add):537;halving:278;doubling:209;constant-fold:73;half-angle-product:23;identity(Mul):14;canonicalize(Sub):10;sin-angle-addition:7;reverse-angle-addition:7;canonicalize(Div):6;cos-angle-addition:4;diff-of-squares:4;cancellation(Div):3;inverse-annihilation(Div):3,411,8,256,124,0.6228710462287105,0.30170316301703165,4,8,0.5,0.515625,1.0,0.0,0.0,0.0,1.0,1.0,1.0,0.5760869565217391,71.29230769230769,132.12307692307692,1.0,1.0,0.0,0.0,0.0,32.49230769230769
bezier_bezier-bernstein:0,bezier,synthetic,64.0,64.0,78.0,54.0,1.444,327.0,0.0,0.0,0.0,0.0,0.0,0.0,0.0,0.0,0.0,0.0,0.0,0.0,0.0,14.0,Add:9;Const:14;Mul:26;Sub:3;Var:2,78.0,54.0,178.0,754.0,4.236,100.0,5000.0,ClassCap,3.0,7063.0,3444.0,4590.0,31.4,41.0,1728512.0,532480.0,3.246,422.0,130.0,3.246,0.0,-26.97,ok,528.0,0.0,0.0,0.0,0.0,0.0,41.0,0.0,0.0,1.0,0.0,0.0,0.0,0.0,0.0,41984.0,fma-fusion:1593;commutative(Mul):834;reverse-associative(Mul):752;associative(Add):735;commutative(Add):699;associative(Mul):669;reverse-associative(Add):669;factor:515;distribute:407;identity(Mul):148;constant-fold:25;canonicalize(Sub):9;doubling:5;halving:3,82,0,0,0,0.0,0.0,0,0,nan,nan,1.0,0.0,0.0,0.0,0.0,1.0,1.0,0.0,85.0,130.7962962962963,0.7592592592592593,1.0,0.0,0.0,0.0,9.777777777777779
bezier_bezier-bernstein:1,bezier,synthetic,64.0,64.0,78.0,54.0,1.444,327.0,0.0,0.0,0.0,0.0,0.0,0.0,0.0,0.0,0.0,0.0,0.0,0.0,0.0,14.0,Add:9;Const:14;Mul:26;Sub:3;Var:2,78.0,54.0,178.0,754.0,4.236,100.0,5000.0,ClassCap,3.0,7063.0,3444.0,4590.0,37.4,41.0,1728512.0,532480.0,3.246,422.0,130.0,3.246,0.0,-26.97,ok,528.0,0.0,0.0,0.0,0.0,0.0,41.0,0.0,0.0,1.0,0.0,0.0,0.0,0.0,0.0,41984.0,fma-fusion:1593;commutative(Mul):834;reverse-associative(Mul):752;associative(Add):735;commutative(Add):699;associative(Mul):669;reverse-associative(Add):669;factor:515;distribute:407;identity(Mul):148;constant-fold:25;canonicalize(Sub):9;doubling:5;halving:3,82,0,0,0,0.0,0.0,0,0,nan,nan,1.0,0.0,0.0,0.0,0.0,1.0,1.0,0.0,85.0,130.7962962962963,0.7592592592592593,1.0,0.0,0.0,0.0,9.777777777777779
bezier_bezier-bernstein:2,bezier,synthetic,64.0,64.0,78.0,54.0,1.444,327.0,0.0,0.0,0.0,0.0,0.0,0.0,0.0,0.0,0.0,0.0,0.0,0.0,0.0,14.0,Add:9;Const:14;Mul:26;Sub:3;Var:2,78.0,54.0,178.0,754.0,4.236,100.0,5000.0,ClassCap,3.0,7063.0,3444.0,4590.0,39.5,41.0,1728512.0,532480.0,3.246,422.0,130.0,3.246,0.0,-26.97,ok,528.0,0.0,0.0,0.0,0.0,0.0,41.0,0.0,0.0,1.0,0.0,0.0,0.0,0.0,0.0,41984.0,fma-fusion:1593;commutative(Mul):834;reverse-associative(Mul):752;associative(Add):735;commutative(Add):699;associative(Mul):669;reverse-associative(Add):669;factor:515;distribute:407;identity(Mul):148;constant-fold:25;canonicalize(Sub):9;doubling:5;halving:3,82,0,0,0,0.0,0.0,0,0,nan,nan,1.0,0.0,0.0,0.0,0.0,1.0,1.0,0.0,85.0,130.7962962962963,0.7592592592592593,1.0,0.0,0.0,0.0,9.777777777777779
bezier_bezier-casteljau:3,bezier,synthetic,64.0,64.0,58.0,58.0,1.0,815.0,0.0,0.0,0.0,0.0,0.0,0.0,0.0,0.0,0.0,0.0,0.0,0.0,0.0,12.0,Add:1;Const:11;Mul:2;MulAdd:20;Sub:22;Var:2,58.0,58.0,202.0,1470.0,7.277,100.0,5000.0,ClassCap,7.0,15503.0,2166.0,2403.0,52.5,56.0,4218880.0,679936.0,6.205,1030.0,166.0,6.205,0.0,-17.82,ok,752.0,0.0,0.0,0.0,0.0,0.0,56.0,0.0,0.0,1.0,0.0,0.0,0.0,0.0,0.0,57344.0,fma-fusion:4747;commutative(Add):3982;reverse-associative(Add):3055;associative(Add):2694;constant-fold:231;commutative(Mul):209;factor:168;canonicalize(Sub):154;distribute:99;halving:52;doubling:38;associative(Mul):38;reverse-associative(Mul):36,112,0,0,0,0.0,0.0,0,0,nan,nan,1.0,0.0,0.0,0.0,0.0,0.0,1.0,0.0,41.43103448275862,267.2931034482759,0.9655172413793104,1.0,0.0,0.0,0.0,12.96551724137931
bezier_bezier-casteljau:4,bezier,synthetic,64.0,64.0,40.0,40.0,1.0,275.0,0.0,0.0,0.0,0.0,0.0,0.0,0.0,0.0,0.0,0.0,0.0,0.0,0.0,10.0,Add:1;Const:9;Mul:2;MulAdd:12;Sub:14;Var:2,40.0,40.0,130.0,498.0,3.831,50.0,2000.0,ClassCap,4.0,3454.0,1096.0,1282.0,11.4,38.0,1417216.0,417792.0,3.392,346.0,102.0,3.392,0.0,-21.54,ok,592.0,0.0,0.0,0.0,0.0,0.0,38.0,0.0,0.0,1.0,0.0,0.0,0.0,0.0,0.0,38912.0,fma-fusion:1272;commutative(Add):713;reverse-associative(Add):611;associative(Add):511;constant-fold:92;factor:69;canonicalize(Sub):56;commutative(Mul):50;distribute:30;halving:16;doubling:14;reverse-associative(Mul):12;associative(Mul):8,76,0,0,0,0.0,0.0,0,0,nan,nan,1.0,0.0,0.0,0.0,0.0,0.0,1.0,0.0,32.05,86.35,0.95,1.0,0.0,0.0,0.0,14.8
bezier_bezier-bernstein:5,bezier,synthetic,64.0,64.0,62.0,43.0,1.442,215.0,0.0,0.0,0.0,0.0,0.0,0.0,0.0,0.0,0.0,0.0,0.0,0.0,0.0,12.0,Add:7;Const:11;Mul:20;Sub:3;Var:2,62.0,43.0,140.0,494.0,3.529,100.0,5000.0,ClassCap,3.0,7039.0,3332.0,4355.0,33.5,32.0,1040768.0,377024.0,2.76,260.0,95.0,2.737,0.0,-32.14,ok,464.0,0.0,1.0,1.0,0.0,2.0,30.0,0.0,0.062,0.938,0.0,0.0,0.0,0.0,0.0,30848.0,fma-fusion:1947;associative(Mul):824;associative(Add):805;reverse-associative(Add):800;reverse-associative(Mul):759;commutative(Add):557;commutative(Mul):547;factor:362;distribute:279;identity(Mul):123;constant-fold:21;canonicalize(Sub):9;doubling:4;halving:2,64,0,0,0,0.0,0.0,0,0,nan,nan,1.0,0.0,0.0,0.0,0.0,1.0,1.0,0.0625,101.27906976744185,163.69767441860466,0.7441860465116279,1.0,0.0,0.0,0.0,10.790697674418604
bezier_bezier-casteljau:6,bezier,synthetic,64.0,64.0,58.0,58.0,1.0,815.0,0.0,0.0,0.0,0.0,0.0,0.0,0.0,0.0,0.0,0.0,0.0,0.0,0.0,12.0,Add:1;Const:11;Mul:2;MulAdd:20;Sub:22;Var:2,58.0,58.0,202.0,1470.0,7.277,100.0,5000.0,ClassCap,7.0,15503.0,2166.0,2403.0,30.9,56.0,4218880.0,679936.0,6.205,1030.0,166.0,6.205,0.0,-17.82,ok,752.0,0.0,0.0,0.0,0.0,0.0,56.0,0.0,0.0,1.0,0.0,0.0,0.0,0.0,0.0,57344.0,fma-fusion:4747;commutative(Add):3982;reverse-associative(Add):3055;associative(Add):2694;constant-fold:231;commutative(Mul):209;factor:168;canonicalize(Sub):154;distribute:99;halving:52;doubling:38;associative(Mul):38;reverse-associative(Mul):36,112,0,0,0,0.0,0.0,0,0,nan,nan,1.0,0.0,0.0,0.0,0.0,0.0,1.0,0.0,41.43103448275862,267.2931034482759,0.9655172413793104,1.0,0.0,0.0,0.0,12.96551724137931
bezier_bezier-bernstein:7,bezier,synthetic,64.0,64.0,78.0,54.0,1.444,327.0,0.0,0.0,0.0,0.0,0.0,0.0,0.0,0.0,0.0,0.0,0.0,0.0,0.0,14.0,Add:9;Const:14;Mul:26;Sub:3;Var:2,78.0,54.0,178.0,754.0,4.236,100.0,5000.0,ClassCap,3.0,7063.0,3444.0,4590.0,32.1,41.0,1728512.0,532480.0,3.246,422.0,130.0,3.246,0.0,-26.97,ok,528.0,0.0,0.0,0.0,0.0,0.0,41.0,0.0,0.0,1.0,0.0,0.0,0.0,0.0,0.0,41984.0,fma-fusion:1593;commutative(Mul):834;reverse-associative(Mul):752;associative(Add):735;commutative(Add):699;associative(Mul):669;reverse-associative(Add):669;factor:515;distribute:407;identity(Mul):148;constant-fold:25;canonicalize(Sub):9;doubling:5;halving:3,82,0,0,0,0.0,0.0,0,0,nan,nan,1.0,0.0,0.0,0.0,0.0,1.0,1.0,0.0,85.0,130.7962962962963,0.7592592592592593,1.0,0.0,0.0,0.0,9.777777777777779
bezier_bezier-bernstein:8,bezier,synthetic,64.0,64.0,62.0,43.0,1.442,215.0,0.0,0.0,0.0,0.0,0.0,0.0,0.0,0.0,0.0,0.0,0.0,0.0,0.0,12.0,Add:7;Const:11;Mul:20;Sub:3;Var:2,62.0,43.0,140.0,494.0,3.529,100.0,5000.0,ClassCap,3.0,7039.0,3332.0,4355.0,27.6,32.0,1040768.0,377024.0,2.76,260.0,95.0,2.737,0.0,-32.14,ok,464.0,0.0,1.0,1.0,0.0,2.0,30.0,0.0,0.062,0.938,0.0,0.0,0.0,0.0,0.0,30848.0,fma-fusion:1947;associative(Mul):824;associative(Add):805;reverse-associative(Add):800;reverse-associative(Mul):759;commutative(Add):557;commutative(Mul):547;factor:362;distribute:279;identity(Mul):123;constant-fold:21;canonicalize(Sub):9;doubling:4;halving:2,64,0,0,0,0.0,0.0,0,0,nan,nan,1.0,0.0,0.0,0.0,0.0,1.0,1.0,0.0625,101.27906976744185,163.69767441860466,0.7441860465116279,1.0,0.0,0.0,0.0,10.790697674418604
bezier_bezier-casteljau:9,bezier,synthetic,64.0,64.0,58.0,58.0,1.0,815.0,0.0,0.0,0.0,0.0,0.0,0.0,0.0,0.0,0.0,0.0,0.0,0.0,0.0,12.0,Add:1;Const:11;Mul:2;MulAdd:20;Sub:22;Var:2,58.0,58.0,202.0,1470.0,7.277,100.0,5000.0,ClassCap,7.0,15503.0,2166.0,2403.0,34.1,56.0,4218880.0,679936.0,6.205,1030.0,166.0,6.205,0.0,-17.82,ok,752.0,0.0,0.0,0.0,0.0,0.0,56.0,0.0,0.0,1.0,0.0,0.0,0.0,0.0,0.0,57344.0,fma-fusion:4747;commutative(Add):3982;reverse-associative(Add):3055;associative(Add):2694;constant-fold:231;commutative(Mul):209;factor:168;canonicalize(Sub):154;distribute:99;halving:52;doubling:38;associative(Mul):38;reverse-associative(Mul):36,112,0,0,0,0.0,0.0,0,0,nan,nan,1.0,0.0,0.0,0.0,0.0,0.0,1.0,0.0,41.43103448275862,267.2931034482759,0.9655172413793104,1.0,0.0,0.0,0.0,12.96551724137931
bezier_bezier-bernstein:10,bezier,synthetic,64.0,64.0,78.0,54.0,1.444,327.0,0.0,0.0,0.0,0.0,0.0,0.0,0.0,0.0,0.0,0.0,0.0,0.0,0.0,14.0,Add:9;Const:14;Mul:26;Sub:3;Var:2,78.0,54.0,178.0,754.0,4.236,100.0,5000.0,ClassCap,3.0,7063.0,3444.0,4590.0,33.5,41.0,1728512.0,532480.0,3.246,422.0,130.0,3.246,0.0,-26.97,ok,528.0,0.0,0.0,0.0,0.0,0.0,41.0,0.0,0.0,1.0,0.0,0.0,0.0,0.0,0.0,41984.0,fma-fusion:1593;commutative(Mul):834;reverse-associative(Mul):752;associative(Add):735;commutative(Add):699;associative(Mul):669;reverse-associative(Add):669;factor:515;distribute:407;identity(Mul):148;constant-fold:25;canonicalize(Sub):9;doubling:5;halving:3,82,0,0,0,0.0,0.0,0,0,nan,nan,1.0,0.0,0.0,0.0,0.0,1.0,1.0,0.0,85.0,130.7962962962963,0.7592592592592593,1.0,0.0,0.0,0.0,9.777777777777779
bezier_bezier-patch:11,bezier,synthetic,64.0,64.0,127.0,89.0,1.427,383.0,0.0,0.0,0.0,0.0,0.0,0.0,0.0,0.0,0.0,0.0,0.0,0.0,0.0,22.0,Add:15;Const:18;Mul:52;Sub:2;Var:2,127.0,89.0,328.0,892.0,2.72,100.0,5000.0,ClassCap,2.0,4569.0,2845.0,3895.0,21.6,62.0,794112.0,352000.0,2.256,564.0,208.0,2.712,0.0,-36.59,ok,768.0,0.0,8.0,8.0,0.0,44.0,20.0,0.0,0.688,0.312,0.0,0.0,0.0,0.0,0.0,23296.0,fma-fusion:1068;associative(Mul):929;reverse-associative(Mul):885;commutative(Mul):448;reverse-associative(Add):419;factor:231;associative(Add):220;distribute:216;commutative(Add):113;identity(Mul):36;canonicalize(Sub):4,100,0,0,0,0.0,0.0,0,0,nan,nan,1.0,0.0,0.0,0.0,0.0,1.0,1.0,0.6875,43.764044943820224,51.337078651685395,0.6966292134831461,1.0,0.0,0.0,0.0,8.629213483146067
bezier_bezier-bernstein:12,bezier,synthetic,64.0,64.0,78.0,54.0,1.444,327.0,0.0,0.0,0.0,0.0,0.0,0.0,0.0,0.0,0.0,0.0,0.0,0.0,0.0,14.0,Add:9;Const:14;Mul:26;Sub:3;Var:2,78.0,54.0,178.0,754.0,4.236,100.0,5000.0,ClassCap,3.0,7063.0,3444.0,4590.0,39.9,41.0,1728512.0,532480.0,3.246,422.0,130.0,3.246,0.0,-26.97,ok,528.0,0.0,0.0,0.0,0.0,0.0,41.0,0.0,0.0,1.0,0.0,0.0,0.0,0.0,0.0,41984.0,fma-fusion:1593;commutative(Mul):834;reverse-associative(Mul):752;associative(Add):735;commutative(Add):699;associative(Mul):669;reverse-associative(Add):669;factor:515;distribute:407;identity(Mul):148;constant-fold:25;canonicalize(Sub):9;doubling:5;halving:3,82,0,0,0,0.0,0.0,0,0,nan,nan,1.0,0.0,0.0,0.0,0.0,1.0,1.0,0.0,85.0,130.7962962962963,0.7592592592592593,1.0,0.0,0.0,0.0,9.777777777777779
bezier_bezier-casteljau:13,bezier,synthetic,64.0,64.0,40.0,40.0,1.0,275.0,0.0,0.0,0.0,0.0,0.0,0.0,0.0,0.0,0.0,0.0,0.0,0.0,0.0,10.0,Add:1;Const:9;Mul:2;MulAdd:12;Sub:14;Var:2,40.0,40.0,130.0,498.0,3.831,50.0,2000.0,ClassCap,4.0,3454.0,1096.0,1282.0,7.8,38.0,1417216.0,417792.0,3.392,346.0,102.0,3.392,0.0,-21.54,ok,592.0,0.0,0.0,0.0,0.0,0.0,38.0,0.0,0.0,1.0,0.0,0.0,0.0,0.0,0.0,38912.0,fma-fusion:1272;commutative(Add):713;reverse-associative(Add):611;associative(Add):511;constant-fold:92;factor:69;canonicalize(Sub):56;commutative(Mul):50;distribute:30;halving:16;doubling:14;reverse-associative(Mul):12;associative(Mul):8,76,0,0,0,0.0,0.0,0,0,nan,nan,1.0,0.0,0.0,0.0,0.0,0.0,1.0,0.0,32.05,86.35,0.95,1.0,0.0,0.0,0.0,14.8
bezier_bezier-bernstein:14,bezier,synthetic,64.0,64.0,62.0,43.0,1.442,215.0,0.0,0.0,0.0,0.0,0.0,0.0,0.0,0.0,0.0,0.0,0.0,0.0,0.0,12.0,Add:7;Const:11;Mul:20;Sub:3;Var:2,62.0,43.0,140.0,494.0,3.529,100.0,5000.0,ClassCap,3.0,7039.0,3332.0,4355.0,33.9,32.0,1040768.0,377024.0,2.76,260.0,95.0,2.737,0.0,-32.14,ok,464.0,0.0,1.0,1.0,0.0,2.0,30.0,0.0,0.062,0.938,0.0,0.0,0.0,0.0,0.0,30848.0,fma-fusion:1947;associative(Mul):824;associative(Add):805;reverse-associative(Add):800;reverse-associative(Mul):759;commutative(Add):557;commutative(Mul):547;factor:362;distribute:279;identity(Mul):123;constant-fold:21;canonicalize(Sub):9;doubling:4;halving:2,64,0,0,0,0.0,0.0,0,0,nan,nan,1.0,0.0,0.0,0.0,0.0,1.0,1.0,0.0625,101.27906976744185,163.69767441860466,0.7441860465116279,1.0,0.0,0.0,0.0,10.790697674418604
bezier_bezier-casteljau:15,bezier,synthetic,64.0,64.0,58.0,58.0,1.0,815.0,0.0,0.0,0.0,0.0,0.0,0.0,0.0,0.0,0.0,0.0,0.0,0.0,0.0,12.0,Add:1;Const:11;Mul:2;MulAdd:20;Sub:22;Var:2,58.0,58.0,202.0,1470.0,7.277,100.0,5000.0,ClassCap,7.0,15503.0,2166.0,2403.0,35.2,56.0,4218880.0,679936.0,6.205,1030.0,166.0,6.205,0.0,-17.82,ok,752.0,0.0,0.0,0.0,0.0,0.0,56.0,0.0,0.0,1.0,0.0,0.0,0.0,0.0,0.0,57344.0,fma-fusion:4747;commutative(Add):3982;reverse-associative(Add):3055;associative(Add):2694;constant-fold:231;commutative(Mul):209;factor:168;canonicalize(Sub):154;distribute:99;halving:52;doubling:38;associative(Mul):38;reverse-associative(Mul):36,112,0,0,0,0.0,0.0,0,0,nan,nan,1.0,0.0,0.0,0.0,0.0,0.0,1.0,0.0,41.43103448275862,267.2931034482759,0.9655172413793104,1.0,0.0,0.0,0.0,12.96551724137931
bezier_bezier-casteljau:16,bezier,synthetic,64.0,64.0,58.0,58.0,1.0,815.0,0.0,0.0,0.0,0.0,0.0,0.0,0.0,0.0,0.0,0.0,0.0,0.0,0.0,12.0,Add:1;Const:11;Mul:2;MulAdd:20;Sub:22;Var:2,58.0,58.0,202.0,1470.0,7.277,100.0,5000.0,ClassCap,7.0,15503.0,2166.0,2403.0,42.3,56.0,4218880.0,679936.0,6.205,1030.0,166.0,6.205,0.0,-17.82,ok,752.0,0.0,0.0,0.0,0.0,0.0,56.0,0.0,0.0,1.0,0.0,0.0,0.0,0.0,0.0,57344.0,fma-fusion:4747;commutative(Add):3982;reverse-associative(Add):3055;associative(Add):2694;constant-fold:231;commutative(Mul):209;factor:168;canonicalize(Sub):154;distribute:99;halving:52;doubling:38;associative(Mul):38;reverse-associative(Mul):36,112,0,0,0,0.0,0.0,0,0,nan,nan,1.0,0.0,0.0,0.0,0.0,0.0,1.0,0.0,41.43103448275862,267.2931034482759,0.9655172413793104,1.0,0.0,0.0,0.0,12.96551724137931
bezier_bezier-casteljau:17,bezier,synthetic,64.0,64.0,58.0,58.0,1.0,815.0,0.0,0.0,0.0,0.0,0.0,0.0,0.0,0.0,0.0,0.0,0.0,0.0,0.0,12.0,Add:1;Const:11;Mul:2;MulAdd:20;Sub:22;Var:2,58.0,58.0,202.0,1470.0,7.277,100.0,5000.0,ClassCap,7.0,15503.0,2166.0,2403.0,27.7,56.0,4218880.0,679936.0,6.205,1030.0,166.0,6.205,0.0,-17.82,ok,752.0,0.0,0.0,0.0,0.0,0.0,56.0,0.0,0.0,1.0,0.0,0.0,0.0,0.0,0.0,57344.0,fma-fusion:4747;commutative(Add):3982;reverse-associative(Add):3055;associative(Add):2694;constant-fold:231;commutative(Mul):209;factor:168;canonicalize(Sub):154;distribute:99;halving:52;doubling:38;associative(Mul):38;reverse-associative(Mul):36,112,0,0,0,0.0,0.0,0,0,nan,nan,1.0,0.0,0.0,0.0,0.0,0.0,1.0,0.0,41.43103448275862,267.2931034482759,0.9655172413793104,1.0,0.0,0.0,0.0,12.96551724137931
bezier_bezier-bernstein:18,bezier,synthetic,64.0,64.0,78.0,54.0,1.444,327.0,0.0,0.0,0.0,0.0,0.0,0.0,0.0,0.0,0.0,0.0,0.0,0.0,0.0,14.0,Add:9;Const:14;Mul:26;Sub:3;Var:2,78.0,54.0,178.0,754.0,4.236,100.0,5000.0,ClassCap,3.0,7063.0,3444.0,4590.0,39.5,41.0,1728512.0,532480.0,3.246,422.0,130.0,3.246,0.0,-26.97,ok,528.0,0.0,0.0,0.0,0.0,0.0,41.0,0.0,0.0,1.0,0.0,0.0,0.0,0.0,0.0,41984.0,fma-fusion:1593;commutative(Mul):834;reverse-associative(Mul):752;associative(Add):735;commutative(Add):699;associative(Mul):669;reverse-associative(Add):669;factor:515;distribute:407;identity(Mul):148;constant-fold:25;canonicalize(Sub):9;doubling:5;halving:3,82,0,0,0,0.0,0.0,0,0,nan,nan,1.0,0.0,0.0,0.0,0.0,1.0,1.0,0.0,85.0,130.7962962962963,0.7592592592592593,1.0,0.0,0.0,0.0,9.777777777777779
bezier_bezier-casteljau:19,bezier,synthetic,64.0,64.0,40.0,40.0,1.0,275.0,0.0,0.0,0.0,0.0,0.0,0.0,0.0,0.0,0.0,0.0,0.0,0.0,0.0,10.0,Add:1;Const:9;Mul:2;MulAdd:12;Sub:14;Var:2,40.0,40.0,130.0,498.0,3.831,50.0,2000.0,ClassCap,4.0,3454.0,1096.0,1282.0,16.8,38.0,1417216.0,417792.0,3.392,346.0,102.0,3.392,0.0,-21.54,ok,592.0,0.0,0.0,0.0,0.0,0.0,38.0,0.0,0.0,1.0,0.0,0.0,0.0,0.0,0.0,38912.0,fma-fusion:1272;commutative(Add):713;reverse-associative(Add):611;associative(Add):511;constant-fold:92;factor:69;canonicalize(Sub):56;commutative(Mul):50;distribute:30;halving:16;doubling:14;reverse-associative(Mul):12;associative(Mul):8,76,0,0,0,0.0,0.0,0,0,nan,nan,1.0,0.0,0.0,0.0,0.0,0.0,1.0,0.0,32.05,86.35,0.95,1.0,0.0,0.0,0.0,14.8
bezier_bezier-casteljau:20,bezier,synthetic,64.0,64.0,58.0,58.0,1.0,815.0,0.0,0.0,0.0,0.0,0.0,0.0,0.0,0.0,0.0,0.0,0.0,0.0,0.0,12.0,Add:1;Const:11;Mul:2;MulAdd:20;Sub:22;Var:2,58.0,58.0,202.0,1470.0,7.277,100.0,5000.0,ClassCap,7.0,15503.0,2166.0,2403.0,40.7,56.0,4218880.0,679936.0,6.205,1030.0,166.0,6.205,0.0,-17.82,ok,752.0,0.0,0.0,0.0,0.0,0.0,56.0,0.0,0.0,1.0,0.0,0.0,0.0,0.0,0.0,57344.0,fma-fusion:4747;commutative(Add):3982;reverse-associative(Add):3055;associative(Add):2694;constant-fold:231;commutative(Mul):209;factor:168;canonicalize(Sub):154;distribute:99;halving:52;doubling:38;associative(Mul):38;reverse-associative(Mul):36,112,0,0,0,0.0,0.0,0,0,nan,nan,1.0,0.0,0.0,0.0,0.0,0.0,1.0,0.0,41.43103448275862,267.2931034482759,0.9655172413793104,1.0,0.0,0.0,0.0,12.96551724137931
bezier_bezier-patch:21,bezier,synthetic,64.0,64.0,127.0,89.0,1.427,383.0,0.0,0.0,0.0,0.0,0.0,0.0,0.0,0.0,0.0,0.0,0.0,0.0,0.0,22.0,Add:15;Const:18;Mul:52;Sub:2;Var:2,127.0,89.0,328.0,892.0,2.72,100.0,5000.0,ClassCap,2.0,4569.0,2845.0,3895.0,23.3,62.0,794112.0,352000.0,2.256,564.0,208.0,2.712,0.0,-36.59,ok,768.0,0.0,8.0,8.0,0.0,44.0,20.0,0.0,0.688,0.312,0.0,0.0,0.0,0.0,0.0,23296.0,fma-fusion:1068;associative(Mul):929;reverse-associative(Mul):885;commutative(Mul):448;reverse-associative(Add):419;factor:231;associative(Add):220;distribute:216;commutative(Add):113;identity(Mul):36;canonicalize(Sub):4,100,0,0,0,0.0,0.0,0,0,nan,nan,1.0,0.0,0.0,0.0,0.0,1.0,1.0,0.6875,43.764044943820224,51.337078651685395,0.6966292134831461,1.0,0.0,0.0,0.0,8.629213483146067
bezier_bezier-casteljau:22,bezier,synthetic,64.0,64.0,58.0,58.0,1.0,815.0,0.0,0.0,0.0,0.0,0.0,0.0,0.0,0.0,0.0,0.0,0.0,0.0,0.0,12.0,Add:1;Const:11;Mul:2;MulAdd:20;Sub:22;Var:2,58.0,58.0,202.0,1470.0,7.277,100.0,5000.0,ClassCap,7.0,15503.0,2166.0,2403.0,27.9,56.0,4218880.0,679936.0,6.205,1030.0,166.0,6.205,0.0,-17.82,ok,752.0,0.0,0.0,0.0,0.0,0.0,56.0,0.0,0.0,1.0,0.0,0.0,0.0,0.0,0.0,57344.0,fma-fusion:4747;commutative(Add):3982;reverse-associative(Add):3055;associative(Add):2694;constant-fold:231;commutative(Mul):209;factor:168;canonicalize(Sub):154;distribute:99;halving:52;doubling:38;associative(Mul):38;reverse-associative(Mul):36,112,0,0,0,0.0,0.0,0,0,nan,nan,1.0,0.0,0.0,0.0,0.0,0.0,1.0,0.0,41.43103448275862,267.2931034482759,0.9655172413793104,1.0,0.0,0.0,0.0,12.96551724137931
bezier_bezier-bernstein:23,bezier,synthetic,64.0,64.0,78.0,54.0,1.444,327.0,0.0,0.0,0.0,0.0,0.0,0.0,0.0,0.0,0.0,0.0,0.0,0.0,0.0,14.0,Add:9;Const:14;Mul:26;Sub:3;Var:2,78.0,54.0,178.0,754.0,4.236,100.0,5000.0,ClassCap,3.0,7063.0,3444.0,4590.0,21.1,41.0,1728512.0,532480.0,3.246,422.0,130.0,3.246,0.0,-26.97,ok,528.0,0.0,0.0,0.0,0.0,0.0,41.0,0.0,0.0,1.0,0.0,0.0,0.0,0.0,0.0,41984.0,fma-fusion:1593;commutative(Mul):834;reverse-associative(Mul):752;associative(Add):735;commutative(Add):699;associative(Mul):669;reverse-associative(Add):669;factor:515;distribute:407;identity(Mul):148;constant-fold:25;canonicalize(Sub):9;doubling:5;halving:3,82,0,0,0,0.0,0.0,0,0,nan,nan,1.0,0.0,0.0,0.0,0.0,1.0,1.0,0.0,85.0,130.7962962962963,0.7592592592592593,1.0,0.0,0.0,0.0,9.777777777777779
bezier_bezier-bernstein:24,bezier,synthetic,64.0,64.0,62.0,43.0,1.442,215.0,0.0,0.0,0.0,0.0,0.0,0.0,0.0,0.0,0.0,0.0,0.0,0.0,0.0,12.0,Add:7;Const:11;Mul:20;Sub:3;Var:2,62.0,43.0,140.0,494.0,3.529,100.0,5000.0,ClassCap,3.0,7039.0,3332.0,4355.0,18.5,32.0,1040768.0,377024.0,2.76,260.0,95.0,2.737,0.0,-32.14,ok,464.0,0.0,1.0,1.0,0.0,2.0,30.0,0.0,0.062,0.938,0.0,0.0,0.0,0.0,0.0,30848.0,fma-fusion:1947;associative(Mul):824;associative(Add):805;reverse-associative(Add):800;reverse-associative(Mul):759;commutative(Add):557;commutative(Mul):547;factor:362;distribute:279;identity(Mul):123;constant-fold:21;canonicalize(Sub):9;doubling:4;halving:2,64,0,0,0,0.0,0.0,0,0,nan,nan,1.0,0.0,0.0,0.0,0.0,1.0,1.0,0.0625,101.27906976744185,163.69767441860466,0.7441860465116279,1.0,0.0,0.0,0.0,10.790697674418604
bezier_bezier-casteljau:25,bezier,synthetic,64.0,64.0,40.0,40.0,1.0,275.0,0.0,0.0,0.0,0.0,0.0,0.0,0.0,0.0,0.0,0.0,0.0,0.0,0.0,10.0,Add:1;Const:9;Mul:2;MulAdd:12;Sub:14;Var:2,40.0,40.0,130.0,498.0,3.831,50.0,2000.0,ClassCap,4.0,3454.0,1096.0,1282.0,7.9,38.0,1417216.0,417792.0,3.392,346.0,102.0,3.392,0.0,-21.54,ok,592.0,0.0,0.0,0.0,0.0,0.0,38.0,0.0,0.0,1.0,0.0,0.0,0.0,0.0,0.0,38912.0,fma-fusion:1272;commutative(Add):713;reverse-associative(Add):611;associative(Add):511;constant-fold:92;factor:69;canonicalize(Sub):56;commutative(Mul):50;distribute:30;halving:16;doubling:14;reverse-associative(Mul):12;associative(Mul):8,76,0,0,0,0.0,0.0,0,0,nan,nan,1.0,0.0,0.0,0.0,0.0,0.0,1.0,0.0,32.05,86.35,0.95,1.0,0.0,0.0,0.0,14.8
bezier_bezier-patch:26,bezier,synthetic,64.0,64.0,127.0,89.0,1.427,383.0,0.0,0.0,0.0,0.0,0.0,0.0,0.0,0.0,0.0,0.0,0.0,0.0,0.0,22.0,Add:15;Const:18;Mul:52;Sub:2;Var:2,127.0,89.0,328.0,892.0,2.72,100.0,5000.0,ClassCap,2.0,4569.0,2845.0,3895.0,22.2,62.0,794112.0,352000.0,2.256,564.0,208.0,2.712,0.0,-36.59,ok,768.0,0.0,8.0,8.0,0.0,44.0,20.0,0.0,0.688,0.312,0.0,0.0,0.0,0.0,0.0,23296.0,fma-fusion:1068;associative(Mul):929;reverse-associative(Mul):885;commutative(Mul):448;reverse-associative(Add):419;factor:231;associative(Add):220;distribute:216;commutative(Add):113;identity(Mul):36;canonicalize(Sub):4,100,0,0,0,0.0,0.0,0,0,nan,nan,1.0,0.0,0.0,0.0,0.0,1.0,1.0,0.6875,43.764044943820224,51.337078651685395,0.6966292134831461,1.0,0.0,0.0,0.0,8.629213483146067
bezier_bezier-bernstein:27,bezier,synthetic,64.0,64.0,78.0,54.0,1.444,327.0,0.0,0.0,0.0,0.0,0.0,0.0,0.0,0.0,0.0,0.0,0.0,0.0,0.0,14.0,Add:9;Const:14;Mul:26;Sub:3;Var:2,78.0,54.0,178.0,754.0,4.236,100.0,5000.0,ClassCap,3.0,7063.0,3444.0,4590.0,35.2,41.0,1728512.0,532480.0,3.246,422.0,130.0,3.246,0.0,-26.97,ok,528.0,0.0,0.0,0.0,0.0,0.0,41.0,0.0,0.0,1.0,0.0,0.0,0.0,0.0,0.0,41984.0,fma-fusion:1593;commutative(Mul):834;reverse-associative(Mul):752;associative(Add):735;commutative(Add):699;associative(Mul):669;reverse-associative(Add):669;factor:515;distribute:407;identity(Mul):148;constant-fold:25;canonicalize(Sub):9;doubling:5;halving:3,82,0,0,0,0.0,0.0,0,0,nan,nan,1.0,0.0,0.0,0.0,0.0,1.0,1.0,0.0,85.0,130.7962962962963,0.7592592592592593,1.0,0.0,0.0,0.0,9.777777777777779
bezier_bezier-casteljau:28,bezier,synthetic,64.0,64.0,58.0,58.0,1.0,815.0,0.0,0.0,0.0,0.0,0.0,0.0,0.0,0.0,0.0,0.0,0.0,0.0,0.0,12.0,Add:1;Const:11;Mul:2;MulAdd:20;Sub:22;Var:2,58.0,58.0,202.0,1470.0,7.277,100.0,5000.0,ClassCap,7.0,15503.0,2166.0,2403.0,30.4,56.0,4218880.0,679936.0,6.205,1030.0,166.0,6.205,0.0,-17.82,ok,752.0,0.0,0.0,0.0,0.0,0.0,56.0,0.0,0.0,1.0,0.0,0.0,0.0,0.0,0.0,57344.0,fma-fusion:4747;commutative(Add):3982;reverse-associative(Add):3055;associative(Add):2694;constant-fold:231;commutative(Mul):209;factor:168;canonicalize(Sub):154;distribute:99;halving:52;doubling:38;associative(Mul):38;reverse-associative(Mul):36,112,0,0,0,0.0,0.0,0,0,nan,nan,1.0,0.0,0.0,0.0,0.0,0.0,1.0,0.0,41.43103448275862,267.2931034482759,0.9655172413793104,1.0,0.0,0.0,0.0,12.96551724137931
bezier_bezier-casteljau:29,bezier,synthetic,64.0,64.0,58.0,58.0,1.0,815.0,0.0,0.0,0.0,0.0,0.0,0.0,0.0,0.0,0.0,0.0,0.0,0.0,0.0,12.0,Add:1;Const:11;Mul:2;MulAdd:20;Sub:22;Var:2,58.0,58.0,202.0,1470.0,7.277,100.0,5000.0,ClassCap,7.0,15503.0,2166.0,2403.0,57.3,56.0,4218880.0,679936.0,6.205,1030.0,166.0,6.205,0.0,-17.82,ok,752.0,0.0,0.0,0.0,0.0,0.0,56.0,0.0,0.0,1.0,0.0,0.0,0.0,0.0,0.0,57344.0,fma-fusion:4747;commutative(Add):3982;reverse-associative(Add):3055;associative(Add):2694;constant-fold:231;commutative(Mul):209;factor:168;canonicalize(Sub):154;distribute:99;halving:52;doubling:38;associative(Mul):38;reverse-associative(Mul):36,112,0,0,0,0.0,0.0,0,0,nan,nan,1.0,0.0,0.0,0.0,0.0,0.0,1.0,0.0,41.43103448275862,267.2931034482759,0.9655172413793104,1.0,0.0,0.0,0.0,12.96551724137931
bezier_bezier-bernstein:30,bezier,synthetic,64.0,64.0,62.0,43.0,1.442,215.0,0.0,0.0,0.0,0.0,0.0,0.0,0.0,0.0,0.0,0.0,0.0,0.0,0.0,12.0,Add:7;Const:11;Mul:20;Sub:3;Var:2,62.0,43.0,140.0,494.0,3.529,100.0,5000.0,ClassCap,3.0,7039.0,3332.0,4355.0,21.7,32.0,1040768.0,377024.0,2.76,260.0,95.0,2.737,0.0,-32.14,ok,464.0,0.0,1.0,1.0,0.0,2.0,30.0,0.0,0.062,0.938,0.0,0.0,0.0,0.0,0.0,30848.0,fma-fusion:1947;associative(Mul):824;associative(Add):805;reverse-associative(Add):800;reverse-associative(Mul):759;commutative(Add):557;commutative(Mul):547;factor:362;distribute:279;identity(Mul):123;constant-fold:21;canonicalize(Sub):9;doubling:4;halving:2,64,0,0,0,0.0,0.0,0,0,nan,nan,1.0,0.0,0.0,0.0,0.0,1.0,1.0,0.0625,101.27906976744185,163.69767441860466,0.7441860465116279,1.0,0.0,0.0,0.0,10.790697674418604
bezier_bezier-casteljau:31,bezier,synthetic,64.0,64.0,40.0,40.0,1.0,275.0,0.0,0.0,0.0,0.0,0.0,0.0,0.0,0.0,0.0,0.0,0.0,0.0,0.0,10.0,Add:1;Const:9;Mul:2;MulAdd:12;Sub:14;Var:2,40.0,40.0,130.0,498.0,3.831,50.0,2000.0,ClassCap,4.0,3454.0,1096.0,1282.0,14.1,38.0,1417216.0,417792.0,3.392,346.0,102.0,3.392,0.0,-21.54,ok,592.0,0.0,0.0,0.0,0.0,0.0,38.0,0.0,0.0,1.0,0.0,0.0,0.0,0.0,0.0,38912.0,fma-fusion:1272;commutative(Add):713;reverse-associative(Add):611;associative(Add):511;constant-fold:92;factor:69;canonicalize(Sub):56;commutative(Mul):50;distribute:30;halving:16;doubling:14;reverse-associative(Mul):12;associative(Mul):8,76,0,0,0,0.0,0.0,0,0,nan,nan,1.0,0.0,0.0,0.0,0.0,0.0,1.0,0.0,32.05,86.35,0.95,1.0,0.0,0.0,0.0,14.8
bezier_bezier-casteljau:32,bezier,synthetic,64.0,64.0,58.0,58.0,1.0,815.0,0.0,0.0,0.0,0.0,0.0,0.0,0.0,0.0,0.0,0.0,0.0,0.0,0.0,12.0,Add:1;Const:11;Mul:2;MulAdd:20;Sub:22;Var:2,58.0,58.0,202.0,1470.0,7.277,100.0,5000.0,ClassCap,7.0,15503.0,2166.0,2403.0,34.9,56.0,4218880.0,679936.0,6.205,1030.0,166.0,6.205,0.0,-17.82,ok,752.0,0.0,0.0,0.0,0.0,0.0,56.0,0.0,0.0,1.0,0.0,0.0,0.0,0.0,0.0,57344.0,fma-fusion:4747;commutative(Add):3982;reverse-associative(Add):3055;associative(Add):2694;constant-fold:231;commutative(Mul):209;factor:168;canonicalize(Sub):154;distribute:99;halving:52;doubling:38;associative(Mul):38;reverse-associative(Mul):36,112,0,0,0,0.0,0.0,0,0,nan,nan,1.0,0.0,0.0,0.0,0.0,0.0,1.0,0.0,41.43103448275862,267.2931034482759,0.9655172413793104,1.0,0.0,0.0,0.0,12.96551724137931
bezier_bezier-bernstein:33,bezier,synthetic,64.0,64.0,62.0,43.0,1.442,215.0,0.0,0.0,0.0,0.0,0.0,0.0,0.0,0.0,0.0,0.0,0.0,0.0,0.0,12.0,Add:7;Const:11;Mul:20;Sub:3;Var:2,62.0,43.0,140.0,494.0,3.529,100.0,5000.0,ClassCap,3.0,7039.0,3332.0,4355.0,19.7,32.0,1040768.0,377024.0,2.76,260.0,95.0,2.737,0.0,-32.14,ok,464.0,0.0,1.0,1.0,0.0,2.0,30.0,0.0,0.062,0.938,0.0,0.0,0.0,0.0,0.0,30848.0,fma-fusion:1947;associative(Mul):824;associative(Add):805;reverse-associative(Add):800;reverse-associative(Mul):759;commutative(Add):557;commutative(Mul):547;factor:362;distribute:279;identity(Mul):123;constant-fold:21;canonicalize(Sub):9;doubling:4;halving:2,64,0,0,0,0.0,0.0,0,0,nan,nan,1.0,0.0,0.0,0.0,0.0,1.0,1.0,0.0625,101.27906976744185,163.69767441860466,0.7441860465116279,1.0,0.0,0.0,0.0,10.790697674418604
bezier_bezier-bernstein:34,bezier,synthetic,64.0,64.0,78.0,54.0,1.444,327.0,0.0,0.0,0.0,0.0,0.0,0.0,0.0,0.0,0.0,0.0,0.0,0.0,0.0,14.0,Add:9;Const:14;Mul:26;Sub:3;Var:2,78.0,54.0,178.0,754.0,4.236,100.0,5000.0,ClassCap,3.0,7063.0,3444.0,4590.0,31.9,41.0,1728512.0,532480.0,3.246,422.0,130.0,3.246,0.0,-26.97,ok,528.0,0.0,0.0,0.0,0.0,0.0,41.0,0.0,0.0,1.0,0.0,0.0,0.0,0.0,0.0,41984.0,fma-fusion:1593;commutative(Mul):834;reverse-associative(Mul):752;associative(Add):735;commutative(Add):699;associative(Mul):669;reverse-associative(Add):669;factor:515;distribute:407;identity(Mul):148;constant-fold:25;canonicalize(Sub):9;doubling:5;halving:3,82,0,0,0,0.0,0.0,0,0,nan,nan,1.0,0.0,0.0,0.0,0.0,1.0,1.0,0.0,85.0,130.7962962962963,0.7592592592592593,1.0,0.0,0.0,0.0,9.777777777777779
bezier_bezier-patch:35,bezier,synthetic,64.0,64.0,127.0,89.0,1.427,383.0,0.0,0.0,0.0,0.0,0.0,0.0,0.0,0.0,0.0,0.0,0.0,0.0,0.0,22.0,Add:15;Const:18;Mul:52;Sub:2;Var:2,127.0,89.0,328.0,892.0,2.72,100.0,5000.0,ClassCap,2.0,4569.0,2845.0,3895.0,13.0,62.0,794112.0,352000.0,2.256,564.0,208.0,2.712,0.0,-36.59,ok,768.0,0.0,8.0,8.0,0.0,44.0,20.0,0.0,0.688,0.312,0.0,0.0,0.0,0.0,0.0,23296.0,fma-fusion:1068;associative(Mul):929;reverse-associative(Mul):885;commutative(Mul):448;reverse-associative(Add):419;factor:231;associative(Add):220;distribute:216;commutative(Add):113;identity(Mul):36;canonicalize(Sub):4,100,0,0,0,0.0,0.0,0,0,nan,nan,1.0,0.0,0.0,0.0,0.0,1.0,1.0,0.6875,43.764044943820224,51.337078651685395,0.6966292134831461,1.0,0.0,0.0,0.0,8.629213483146067
bezier_bezier-casteljau:36,bezier,synthetic,64.0,64.0,40.0,40.0,1.0,275.0,0.0,0.0,0.0,0.0,0.0,0.0,0.0,0.0,0.0,0.0,0.0,0.0,0.0,10.0,Add:1;Const:9;Mul:2;MulAdd:12;Sub:14;Var:2,40.0,40.0,130.0,498.0,3.831,50.0,2000.0,ClassCap,4.0,3454.0,1096.0,1282.0,7.8,38.0,1417216.0,417792.0,3.392,346.0,102.0,3.392,0.0,-21.54,ok,592.0,0.0,0.0,0.0,0.0,0.0,38.0,0.0,0.0,1.0,0.0,0.0,0.0,0.0,0.0,38912.0,fma-fusion:1272;commutative(Add):713;reverse-associative(Add):611;associative(Add):511;constant-fold:92;factor:69;canonicalize(Sub):56;commutative(Mul):50;distribute:30;halving:16;doubling:14;reverse-associative(Mul):12;associative(Mul):8,76,0,0,0,0.0,0.0,0,0,nan,nan,1.0,0.0,0.0,0.0,0.0,0.0,1.0,0.0,32.05,86.35,0.95,1.0,0.0,0.0,0.0,14.8
bezier_bezier-patch:37,bezier,synthetic,64.0,64.0,127.0,89.0,1.427,383.0,0.0,0.0,0.0,0.0,0.0,0.0,0.0,0.0,0.0,0.0,0.0,0.0,0.0,22.0,Add:15;Const:18;Mul:52;Sub:2;Var:2,127.0,89.0,328.0,892.0,2.72,100.0,5000.0,ClassCap,2.0,4569.0,2845.0,3895.0,12.9,62.0,794112.0,352000.0,2.256,564.0,208.0,2.712,0.0,-36.59,ok,768.0,0.0,8.0,8.0,0.0,44.0,20.0,0.0,0.688,0.312,0.0,0.0,0.0,0.0,0.0,23296.0,fma-fusion:1068;associative(Mul):929;reverse-associative(Mul):885;commutative(Mul):448;reverse-associative(Add):419;factor:231;associative(Add):220;distribute:216;commutative(Add):113;identity(Mul):36;canonicalize(Sub):4,100,0,0,0,0.0,0.0,0,0,nan,nan,1.0,0.0,0.0,0.0,0.0,1.0,1.0,0.6875,43.764044943820224,51.337078651685395,0.6966292134831461,1.0,0.0,0.0,0.0,8.629213483146067
bezier_bezier-casteljau:38,bezier,synthetic,64.0,64.0,58.0,58.0,1.0,815.0,0.0,0.0,0.0,0.0,0.0,0.0,0.0,0.0,0.0,0.0,0.0,0.0,0.0,12.0,Add:1;Const:11;Mul:2;MulAdd:20;Sub:22;Var:2,58.0,58.0,202.0,1470.0,7.277,100.0,5000.0,ClassCap,7.0,15503.0,2166.0,2403.0,41.1,56.0,4218880.0,679936.0,6.205,1030.0,166.0,6.205,0.0,-17.82,ok,752.0,0.0,0.0,0.0,0.0,0.0,56.0,0.0,0.0,1.0,0.0,0.0,0.0,0.0,0.0,57344.0,fma-fusion:4747;commutative(Add):3982;reverse-associative(Add):3055;associative(Add):2694;constant-fold:231;commutative(Mul):209;factor:168;canonicalize(Sub):154;distribute:99;halving:52;doubling:38;associative(Mul):38;reverse-associative(Mul):36,112,0,0,0,0.0,0.0,0,0,nan,nan,1.0,0.0,0.0,0.0,0.0,0.0,1.0,0.0,41.43103448275862,267.2931034482759,0.9655172413793104,1.0,0.0,0.0,0.0,12.96551724137931
bezier_bezier-casteljau:39,bezier,synthetic,64.0,64.0,40.0,40.0,1.0,275.0,0.0,0.0,0.0,0.0,0.0,0.0,0.0,0.0,0.0,0.0,0.0,0.0,0.0,10.0,Add:1;Const:9;Mul:2;MulAdd:12;Sub:14;Var:2,40.0,40.0,130.0,498.0,3.831,50.0,2000.0,ClassCap,4.0,3454.0,1096.0,1282.0,14.1,38.0,1417216.0,417792.0,3.392,346.0,102.0,3.392,0.0,-21.54,ok,592.0,0.0,0.0,0.0,0.0,0.0,38.0,0.0,0.0,1.0,0.0,0.0,0.0,0.0,0.0,38912.0,fma-fusion:1272;commutative(Add):713;reverse-associative(Add):611;associative(Add):511;constant-fold:92;factor:69;canonicalize(Sub):56;commutative(Mul):50;distribute:30;halving:16;doubling:14;reverse-associative(Mul):12;associative(Mul):8,76,0,0,0,0.0,0.0,0,0,nan,nan,1.0,0.0,0.0,0.0,0.0,0.0,1.0,0.0,32.05,86.35,0.95,1.0,0.0,0.0,0.0,14.8
bezier_bezier-patch:40,bezier,synthetic,64.0,64.0,127.0,89.0,1.427,383.0,0.0,0.0,0.0,0.0,0.0,0.0,0.0,0.0,0.0,0.0,0.0,0.0,0.0,22.0,Add:15;Const:18;Mul:52;Sub:2;Var:2,127.0,89.0,328.0,892.0,2.72,100.0,5000.0,ClassCap,2.0,4569.0,2845.0,3895.0,24.6,62.0,794112.0,352000.0,2.256,564.0,208.0,2.712,0.0,-36.59,ok,768.0,0.0,8.0,8.0,0.0,44.0,20.0,0.0,0.688,0.312,0.0,0.0,0.0,0.0,0.0,23296.0,fma-fusion:1068;associative(Mul):929;reverse-associative(Mul):885;commutative(Mul):448;reverse-associative(Add):419;factor:231;associative(Add):220;distribute:216;commutative(Add):113;identity(Mul):36;canonicalize(Sub):4,100,0,0,0,0.0,0.0,0,0,nan,nan,1.0,0.0,0.0,0.0,0.0,1.0,1.0,0.6875,43.764044943820224,51.337078651685395,0.6966292134831461,1.0,0.0,0.0,0.0,8.629213483146067
bezier_bezier-casteljau:41,bezier,synthetic,64.0,64.0,40.0,40.0,1.0,275.0,0.0,0.0,0.0,0.0,0.0,0.0,0.0,0.0,0.0,0.0,0.0,0.0,0.0,10.0,Add:1;Const:9;Mul:2;MulAdd:12;Sub:14;Var:2,40.0,40.0,130.0,498.0,3.831,50.0,2000.0,ClassCap,4.0,3454.0,1096.0,1282.0,17.1,38.0,1417216.0,417792.0,3.392,346.0,102.0,3.392,0.0,-21.54,ok,592.0,0.0,0.0,0.0,0.0,0.0,38.0,0.0,0.0,1.0,0.0,0.0,0.0,0.0,0.0,38912.0,fma-fusion:1272;commutative(Add):713;reverse-associative(Add):611;associative(Add):511;constant-fold:92;factor:69;canonicalize(Sub):56;commutative(Mul):50;distribute:30;halving:16;doubling:14;reverse-associative(Mul):12;associative(Mul):8,76,0,0,0,0.0,0.0,0,0,nan,nan,1.0,0.0,0.0,0.0,0.0,0.0,1.0,0.0,32.05,86.35,0.95,1.0,0.0,0.0,0.0,14.8
bezier_bezier-bernstein:42,bezier,synthetic,64.0,64.0,78.0,54.0,1.444,327.0,0.0,0.0,0.0,0.0,0.0,0.0,0.0,0.0,0.0,0.0,0.0,0.0,0.0,14.0,Add:9;Const:14;Mul:26;Sub:3;Var:2,78.0,54.0,178.0,754.0,4.236,100.0,5000.0,ClassCap,3.0,7063.0,3444.0,4590.0,36.6,41.0,1728512.0,532480.0,3.246,422.0,130.0,3.246,0.0,-26.97,ok,528.0,0.0,0.0,0.0,0.0,0.0,41.0,0.0,0.0,1.0,0.0,0.0,0.0,0.0,0.0,41984.0,fma-fusion:1593;commutative(Mul):834;reverse-associative(Mul):752;associative(Add):735;commutative(Add):699;associative(Mul):669;reverse-associative(Add):669;factor:515;distribute:407;identity(Mul):148;constant-fold:25;canonicalize(Sub):9;doubling:5;halving:3,82,0,0,0,0.0,0.0,0,0,nan,nan,1.0,0.0,0.0,0.0,0.0,1.0,1.0,0.0,85.0,130.7962962962963,0.7592592592592593,1.0,0.0,0.0,0.0,9.777777777777779
bezier_bezier-bernstein:43,bezier,synthetic,64.0,64.0,62.0,43.0,1.442,215.0,0.0,0.0,0.0,0.0,0.0,0.0,0.0,0.0,0.0,0.0,0.0,0.0,0.0,12.0,Add:7;Const:11;Mul:20;Sub:3;Var:2,62.0,43.0,140.0,494.0,3.529,100.0,5000.0,ClassCap,3.0,7039.0,3332.0,4355.0,40.1,32.0,1040768.0,377024.0,2.76,260.0,95.0,2.737,0.0,-32.14,ok,464.0,0.0,1.0,1.0,0.0,2.0,30.0,0.0,0.062,0.938,0.0,0.0,0.0,0.0,0.0,30848.0,fma-fusion:1947;associative(Mul):824;associative(Add):805;reverse-associative(Add):800;reverse-associative(Mul):759;commutative(Add):557;commutative(Mul):547;factor:362;distribute:279;identity(Mul):123;constant-fold:21;canonicalize(Sub):9;doubling:4;halving:2,64,0,0,0,0.0,0.0,0,0,nan,nan,1.0,0.0,0.0,0.0,0.0,1.0,1.0,0.0625,101.27906976744185,163.69767441860466,0.7441860465116279,1.0,0.0,0.0,0.0,10.790697674418604
bezier_bezier-patch:44,bezier,synthetic,64.0,64.0,127.0,89.0,1.427,383.0,0.0,0.0,0.0,0.0,0.0,0.0,0.0,0.0,0.0,0.0,0.0,0.0,0.0,22.0,Add:15;Const:18;Mul:52;Sub:2;Var:2,127.0,89.0,328.0,892.0,2.72,100.0,5000.0,ClassCap,2.0,4569.0,2845.0,3895.0,24.9,62.0,794112.0,352000.0,2.256,564.0,208.0,2.712,0.0,-36.59,ok,768.0,0.0,8.0,8.0,0.0,44.0,20.0,0.0,0.688,0.312,0.0,0.0,0.0,0.0,0.0,23296.0,fma-fusion:1068;associative(Mul):929;reverse-associative(Mul):885;commutative(Mul):448;reverse-associative(Add):419;factor:231;associative(Add):220;distribute:216;commutative(Add):113;identity(Mul):36;canonicalize(Sub):4,100,0,0,0,0.0,0.0,0,0,nan,nan,1.0,0.0,0.0,0.0,0.0,1.0,1.0,0.6875,43.764044943820224,51.337078651685395,0.6966292134831461,1.0,0.0,0.0,0.0,8.629213483146067
bezier_bezier-casteljau:45,bezier,synthetic,64.0,64.0,58.0,58.0,1.0,815.0,0.0,0.0,0.0,0.0,0.0,0.0,0.0,0.0,0.0,0.0,0.0,0.0,0.0,12.0,Add:1;Const:11;Mul:2;MulAdd:20;Sub:22;Var:2,58.0,58.0,202.0,1470.0,7.277,100.0,5000.0,ClassCap,7.0,15503.0,2166.0,2403.0,57.4,56.0,4218880.0,679936.0,6.205,1030.0,166.0,6.205,0.0,-17.82,ok,752.0,0.0,0.0,0.0,0.0,0.0,56.0,0.0,0.0,1.0,0.0,0.0,0.0,0.0,0.0,57344.0,fma-fusion:4747;commutative(Add):3982;reverse-associative(Add):3055;associative(Add):2694;constant-fold:231;commutative(Mul):209;factor:168;canonicalize(Sub):154;distribute:99;halving:52;doubling:38;associative(Mul):38;reverse-associative(Mul):36,112,0,0,0,0.0,0.0,0,0,nan,nan,1.0,0.0,0.0,0.0,0.0,0.0,1.0,0.0,41.43103448275862,267.2931034482759,0.9655172413793104,1.0,0.0,0.0,0.0,12.96551724137931
bezier_bezier-casteljau:46,bezier,synthetic,64.0,64.0,58.0,58.0,1.0,815.0,0.0,0.0,0.0,0.0,0.0,0.0,0.0,0.0,0.0,0.0,0.0,0.0,0.0,12.0,Add:1;Const:11;Mul:2;MulAdd:20;Sub:22;Var:2,58.0,58.0,202.0,1470.0,7.277,100.0,5000.0,ClassCap,7.0,15503.0,2166.0,2403.0,29.9,56.0,4218880.0,679936.0,6.205,1030.0,166.0,6.205,0.0,-17.82,ok,752.0,0.0,0.0,0.0,0.0,0.0,56.0,0.0,0.0,1.0,0.0,0.0,0.0,0.0,0.0,57344.0,fma-fusion:4747;commutative(Add):3982;reverse-associative(Add):3055;associative(Add):2694;constant-fold:231;commutative(Mul):209;factor:168;canonicalize(Sub):154;distribute:99;halving:52;doubling:38;associative(Mul):38;reverse-associative(Mul):36,112,0,0,0,0.0,0.0,0,0,nan,nan,1.0,0.0,0.0,0.0,0.0,0.0,1.0,0.0,41.43103448275862,267.2931034482759,0.9655172413793104,1.0,0.0,0.0,0.0,12.96551724137931
bezier_bezier-bernstein:47,bezier,synthetic,64.0,64.0,78.0,54.0,1.444,327.0,0.0,0.0,0.0,0.0,0.0,0.0,0.0,0.0,0.0,0.0,0.0,0.0,0.0,14.0,Add:9;Const:14;Mul:26;Sub:3;Var:2,78.0,54.0,178.0,754.0,4.236,100.0,5000.0,ClassCap,3.0,7063.0,3444.0,4590.0,35.1,41.0,1728512.0,532480.0,3.246,422.0,130.0,3.246,0.0,-26.97,ok,528.0,0.0,0.0,0.0,0.0,0.0,41.0,0.0,0.0,1.0,0.0,0.0,0.0,0.0,0.0,41984.0,fma-fusion:1593;commutative(Mul):834;reverse-associative(Mul):752;associative(Add):735;commutative(Add):699;associative(Mul):669;reverse-associative(Add):669;factor:515;distribute:407;identity(Mul):148;constant-fold:25;canonicalize(Sub):9;doubling:5;halving:3,82,0,0,0,0.0,0.0,0,0,nan,nan,1.0,0.0,0.0,0.0,0.0,1.0,1.0,0.0,85.0,130.7962962962963,0.7592592592592593,1.0,0.0,0.0,0.0,9.777777777777779
named:swirl,named,synthetic,40.0,45.0,13.0,12.0,1.083,15.0,0.0,0.0,0.0,0.0,0.0,0.0,0.0,0.0,0.0,0.0,0.0,0.0,1.0,8.0,Add:2;Const:2;Mul:4;Sin:1;Sqrt:1;Var:2,13.0,12.0,113.0,113.0,1.0,50.0,2000.0,Quiesced,2.0,20.0,7.0,19.0,0.2,10.0,180225.0,180225.0,1.0,105.0,105.0,1.0,0.0,-7.08,ok,608.0,0.0,1.0,1.0,0.0,2.0,41.0,0.0,0.047,0.953,0.0,0.0,0.0,0.0,0.0,18540.0,fma-fusion:8;commutative(Add):6;commutative(Mul):6,86,2,60,58,0.6976744186046512,0.6744186046511628,2,2,1.0,0.033333333333333326,0.0,1.0,0.0,0.0,1.0,1.0,0.0,0.046511627906976744,1.5833333333333333,1.6666666666666667,0.8333333333333334,1.0,0.0,0.0,0.0,50.666666666666664
named:circle_sdf,named,synthetic,40.0,45.0,12.0,12.0,1.0,18.0,0.0,0.0,0.0,0.0,0.0,0.0,0.0,0.0,0.0,0.0,0.0,0.0,0.0,6.0,Add:1;Const:3;Mul:2;Sqrt:1;Sub:3;Var:2,12.0,12.0,41.0,49.0,1.195,50.0,2000.0,ClassCap,4.0,3292.0,1071.0,1218.0,10.6,11.0,58185.0,50805.0,1.145,45.0,37.0,1.216,0.0,-9.76,ok,240.0,0.0,1.0,1.0,0.0,4.0,7.0,0.0,0.364,0.636,0.0,0.0,0.0,0.0,0.0,3330.0,fma-fusion:1274;commutative(Add):636;reverse-associative(Add):634;associative(Add):514;factor:68;commutative(Mul):50;distribute:30;constant-fold:24;halving:16;doubling:14;canonicalize(Sub):12;reverse-associative(Mul):12;associative(Mul):8,20,0,0,0,0.0,0.0,0,0,nan,nan,1.0,0.0,0.0,0.0,0.0,0.0,1.0,0.36363636363636365,101.5,274.3333333333333,0.9166666666666666,1.0,0.0,0.0,0.0,20.0
named:poly,named,synthetic,40.0,45.0,9.0,9.0,1.0,11.0,0.0,0.0,0.0,0.0,0.0,0.0,0.0,0.0,0.0,0.0,0.0,0.0,0.0,5.0,Add:2;Const:3;Mul:3;Var:1,9.0,9.0,23.0,23.0,1.0,20.0,500.0,Quiesced,4.0,406.0,67.0,84.0,2.6,6.0,18000.0,18000.0,1.0,10.0,10.0,1.0,0.0,-56.52,ok,188.0,0.0,0.0,0.0,0.0,0.0,6.0,0.0,0.0,1.0,0.0,0.0,0.0,0.0,0.0,2700.0,fma-fusion:107;commutative(Add):85;reverse-associative(Add):49;commutative(Mul):42;associative(Add):42;factor:23;distribute:14;halving:14;reverse-associative(Mul):14;associative(Mul):10;doubling:6,12,0,0,0,0.0,0.0,0,0,nan,nan,0.0,1.0,0.0,0.0,0.0,0.0,0.0,0.0,9.333333333333334,45.111111111111114,0.6666666666666666,1.0,0.0,0.0,0.0,20.88888888888889
named:redundant,named,synthetic,40.0,45.0,7.0,7.0,1.0,13.0,0.0,0.0,0.0,0.0,0.0,0.0,0.0,0.0,0.0,0.0,0.0,0.0,0.0,4.0,Add:2;Const:1;Mul:2;Var:2,7.0,7.0,18.0,26.0,1.444,20.0,500.0,ClassCap,3.0,772.0,358.0,428.0,5.3,7.0,23580.0,23580.0,1.0,17.0,17.0,1.0,0.0,-5.56,ok,184.0,0.0,1.0,1.0,0.0,3.0,5.0,0.0,0.375,0.625,0.0,0.0,0.0,0.0,0.0,2385.0,fma-fusion:233;commutative(Add):201;reverse-associative(Add):126;associative(Add):81;factor:54;commutative(Mul):28;distribute:22;halving:17;doubling:8;reverse-associative(Mul):2,15,0,0,0,0.0,0.0,0,0,nan,nan,1.0,0.0,0.0,0.0,0.0,0.0,0.0,0.375,61.142857142857146,110.28571428571429,1.0,1.0,0.0,0.0,0.0,26.285714285714285
named:normalize,named,synthetic,40.0,45.0,7.0,7.0,1.0,10.0,0.0,0.0,0.0,0.0,0.0,0.0,0.0,0.0,0.0,0.0,0.0,0.0,0.0,5.0,Add:1;Div:1;Mul:2;Sqrt:1;Var:2,7.0,7.0,40.0,40.0,1.0,20.0,500.0,Quiesced,2.0,14.0,6.0,14.0,0.1,6.0,56025.0,56025.0,1.0,36.0,36.0,1.0,0.0,-10.0,ok,184.0,0.0,1.0,1.0,0.0,2.0,4.0,0.0,0.333,0.667,0.0,0.0,0.0,0.0,0.0,1890.0,fma-fusion:4;commutative(Add):3;commutative(Mul):3;canonicalize(Div):2;recip-sqrt:2,12,0,0,0,0.0,0.0,0,0,nan,nan,0.0,1.0,0.0,0.0,0.0,0.0,0.0,0.3333333333333333,2.0,2.0,0.8571428571428571,1.0,0.0,0.0,0.0,26.285714285714285
collapse_wide:wide008,collapse_synth,synthetic,256.0,64.0,31.0,24.0,1.292,31.0,0.0,0.0,0.0,0.0,0.0,0.0,0.0,0.0,0.0,0.0,0.0,0.0,0.0,5.0,Add:5;Const:8;Mul:8;Sub:2;Var:1,31.0,24.0,68.0,68.0,1.0,50.0,2000.0,ClassCap,4.0,3906.0,1109.0,1247.0,14.4,10.0,409600.0,409600.0,1.0,25.0,25.0,1.0,0.0,-63.24,ok,200.0,0.0,0.0,0.0,0.0,0.0,10.0,0.0,0.0,1.0,0.0,0.0,0.0,0.0,0.0,40960.0,fma-fusion:1209;commutative(Add):765;reverse-associative(Add):706;associative(Add):569;factor:218;constant-fold:133;commutative(Mul):130;distribute:72;halving:29;reverse-associative(Mul):27;doubling:22;associative(Mul):18;canonicalize(Sub):8,20,0,0,0,0.0,0.0,0,0,nan,nan,1.0,0.0,0.0,0.0,0.0,1.0,0.0,0.0,51.958333333333336,162.75,0.4166666666666667,1.0,0.0,0.0,0.0,8.333333333333334
collapse_wide:wide016,collapse_synth,synthetic,256.0,64.0,63.0,42.0,1.5,63.0,0.0,0.0,0.0,0.0,0.0,0.0,0.0,0.0,0.0,0.0,0.0,0.0,0.0,6.0,Add:10;Const:13;Mul:13;Sub:5;Var:1,63.0,42.0,125.0,140.0,1.12,100.0,5000.0,ClassCap,3.0,6341.0,3383.0,4511.0,30.7,14.0,786432.0,638976.0,1.231,48.0,39.0,1.231,0.0,-68.8,ok,240.0,0.0,0.0,0.0,0.0,0.0,14.0,0.0,0.0,1.0,0.0,0.0,0.0,0.0,0.0,57344.0,fma-fusion:1740;associative(Add):1112;reverse-associative(Add):821;commutative(Add):746;associative(Mul):498;reverse-associative(Mul):473;factor:277;distribute:276;commutative(Mul):230;identity(Mul):82;constant-fold:63;canonicalize(Sub):15;doubling:3;identity(Add):2;halving:2;inverse-annihilation(Sub):1,28,0,0,0,0.0,0.0,0,0,nan,nan,1.0,0.0,0.0,0.0,0.0,1.0,1.0,0.0,107.4047619047619,150.97619047619048,0.3333333333333333,1.0,0.0,0.0,0.0,5.714285714285714
collapse_wide:wide032,collapse_synth,synthetic,256.0,64.0,127.0,57.0,2.228,127.0,0.0,0.0,0.0,0.0,0.0,0.0,0.0,0.0,0.0,0.0,0.0,0.0,0.0,7.0,Add:20;Const:13;Mul:13;Sub:10;Var:1,127.0,57.0,185.0,284.0,1.535,100.0,5000.0,ClassCap,3.0,7094.0,3827.0,4767.0,47.6,42.0,1982468.0,1900548.0,1.043,125.0,120.0,1.042,0.0,-35.14,ok,368.0,0.0,1.0,1.0,3.0,0.0,39.0,0.071,0.0,0.929,0.0,0.0,0.0,0.0,0.0,159747.0,fma-fusion:1656;commutative(Add):1630;reverse-associative(Add):957;associative(Add):646;distribute:474;factor:432;commutative(Mul):359;associative(Mul):296;reverse-associative(Mul):290;constant-fold:135;identity(Mul):132;halving:31;canonicalize(Sub):30;doubling:20;identity(Add):4;inverse-annihilation(Sub):2,83,0,0,0,0.0,0.0,0,0,nan,nan,1.0,0.0,0.0,0.0,0.0,1.0,1.0,0.07142857142857142,83.63157894736842,124.45614035087719,0.7368421052631579,1.0,0.0,0.0,0.0,6.456140350877193
collapse_wide:wide064,collapse_synth,synthetic,256.0,64.0,255.0,81.0,3.148,255.0,0.0,0.0,0.0,0.0,0.0,0.0,0.0,0.0,0.0,0.0,0.0,0.0,0.0,8.0,Add:33;Const:13;Mul:13;Sub:21;Var:1,255.0,81.0,281.0,572.0,2.036,100.0,5000.0,ClassCap,2.0,4495.0,2818.0,3818.0,27.9,88.0,4243496.0,3997736.0,1.061,299.0,284.0,1.053,0.0,1.07,ok,648.0,0.0,10.0,10.0,25.0,0.0,73.0,0.255,0.0,0.745,0.0,0.0,0.0,0.0,0.0,299033.0,fma-fusion:1777;reverse-associative(Add):1134;associative(Add):627;commutative(Add):467;reverse-associative(Mul):118;factor:109;associative(Mul):75;commutative(Mul):65;distribute:52;canonicalize(Sub):42;constant-fold:26;identity(Mul):3,191,0,0,0,0.0,0.0,0,0,nan,nan,1.0,0.0,0.0,0.0,0.0,1.0,1.0,0.25510204081632654,47.135802469135804,55.49382716049383,1.0864197530864197,1.0,0.0,0.0,0.0,8.0
collapse_anchored:anchored08x24,collapse_synth,synthetic,256.0,64.0,91.0,62.0,1.468,83886118.0,0.0,0.0,0.0,0.0,0.0,0.0,0.0,0.0,0.0,0.0,0.0,0.0,0.0,34.0,Add:8;Const:13;Mul:8;MulAdd:24;Sqrt:8;Var:1,91.0,62.0,312.0,167772347.0,537731.881,100.0,5000.0,ClassCap,6.0,6613.0,1728.0,2124.0,26.8,62.0,2748782133248.0,5111808.0,537731.881,167772347.0,312.0,537731.881,0.0,0.0,ok,500.0,0.0,0.0,0.0,0.0,0.0,62.0,0.0,0.0,1.0,0.0,0.0,0.0,0.0,0.0,253952.0,commutative(Add):2364;reverse-associative(Add):2241;associative(Add):1920;commutative(Mul):88,124,0,0,0,0.0,0.0,0,0,nan,nan,1.0,0.0,0.0,0.0,0.0,1.0,1.0,0.0,34.25806451612903,106.66129032258064,1.0,1.0,0.0,0.0,0.0,8.064516129032258
collapse_invariant_hot:invariant04_hot,collapse_synth,synthetic,256.0,256.0,45.0,37.0,1.216,49.0,0.0,0.0,0.0,0.0,0.0,0.0,0.0,0.0,0.0,0.0,0.0,1.0,0.0,9.0,Add:10;Const:8;Mul:12;Sqrt:4;Uniform:1;Var:2,45.0,37.0,160.0,160.0,1.0,50.0,2000.0,Quiesced,8.0,4876.0,416.0,497.0,9.9,25.0,340538.0,340534.0,1.0,113.0,109.0,1.037,0.0,-31.87,ok,304.0,0.0,3.0,1.0,13.0,10.0,2.0,0.52,0.4,0.08,2.0,3.0,0.0,0.0,770.0,35341.0,fma-fusion:1292;commutative(Add):1179;commutative(Mul):617;reverse-associative(Add):601;associative(Add):563;factor:258;distribute:186;reverse-associative(Mul):92;associative(Mul):88,31,0,0,0,0.0,0.0,0,0,nan,nan,0.0,1.0,0.0,0.0,0.0,1.0,1.0,0.92,13.432432432432432,131.78378378378378,0.6756756756756757,1.0,0.0,0.0,0.0,8.216216216216216
collapse_invariant_cold:invariant04_cold,collapse_synth,synthetic,64.0,2.0,45.0,37.0,1.216,49.0,0.0,0.0,0.0,0.0,0.0,0.0,0.0,0.0,0.0,0.0,0.0,1.0,0.0,9.0,Add:10;Const:8;Mul:12;Sqrt:4;Uniform:1;Var:2,45.0,37.0,160.0,160.0,1.0,50.0,2000.0,Quiesced,8.0,4876.0,416.0,497.0,9.7,25.0,798.0,794.0,1.005,113.0,109.0,1.037,0.0,-31.87,ok,304.0,0.0,3.0,1.0,13.0,10.0,2.0,0.52,0.4,0.08,2.0,3.0,0.0,0.0,8.0,97.0,fma-fusion:1292;commutative(Add):1179;commutative(Mul):617;reverse-associative(Add):601;associative(Add):563;factor:258;distribute:186;reverse-associative(Mul):92;associative(Mul):88,31,0,0,0,0.0,0.0,0,0,nan,nan,0.0,1.0,0.0,0.0,0.0,1.0,1.0,0.92,13.432432432432432,131.78378378378378,0.6756756756756757,1.0,0.0,0.0,0.0,8.216216216216216
collapse_invariant_hot:invariant08_hot,collapse_synth,synthetic,256.0,256.0,87.0,69.0,1.261,97.0,0.0,0.0,0.0,0.0,0.0,0.0,0.0,0.0,0.0,0.0,0.0,1.0,0.0,13.0,Add:20;Const:14;Mul:24;Sqrt:8;Uniform:1;Var:2,87.0,69.0,320.0,320.0,1.0,100.0,5000.0,ClassCap,5.0,12933.0,3348.0,3785.0,26.5,43.0,681075.0,681059.0,1.0,225.0,209.0,1.077,0.0,-34.69,ok,412.0,0.0,5.0,2.0,20.0,20.0,3.0,0.465,0.465,0.07,3.0,6.0,0.0,0.0,1539.0,54292.0,fma-fusion:2982;commutative(Add):1558;associative(Mul):1414;reverse-associative(Mul):1401;commutative(Mul):1319;reverse-associative(Add):1316;associative(Add):1164;factor:752;identity(Mul):513;distribute:468;constant-fold:46,53,0,0,0,0.0,0.0,0,0,nan,nan,1.0,0.0,0.0,0.0,0.0,1.0,1.0,0.9302325581395349,54.85507246376812,187.43478260869566,0.6231884057971014,1.0,0.0,0.0,0.0,5.971014492753623
collapse_invariant_cold:invariant08_cold,collapse_synth,synthetic,64.0,2.0,87.0,69.0,1.261,97.0,0.0,0.0,0.0,0.0,0.0,0.0,0.0,0.0,0.0,0.0,0.0,1.0,0.0,13.0,Add:20;Const:14;Mul:24;Sqrt:8;Uniform:1;Var:2,87.0,69.0,320.0,320.0,1.0,100.0,5000.0,ClassCap,5.0,12933.0,3348.0,3785.0,49.0,43.0,1595.0,1579.0,1.01,225.0,209.0,1.077,0.0,-34.69,ok,412.0,0.0,5.0,2.0,20.0,20.0,3.0,0.465,0.465,0.07,3.0,6.0,0.0,0.0,15.0,156.0,fma-fusion:2982;commutative(Add):1558;associative(Mul):1414;reverse-associative(Mul):1401;commutative(Mul):1319;reverse-associative(Add):1316;associative(Add):1164;factor:752;identity(Mul):513;distribute:468;constant-fold:46,53,0,0,0,0.0,0.0,0,0,nan,nan,1.0,0.0,0.0,0.0,0.0,1.0,1.0,0.9302325581395349,54.85507246376812,187.43478260869566,0.6231884057971014,1.0,0.0,0.0,0.0,5.971014492753623
collapse_invariant_hot:invariant16_hot,collapse_synth,synthetic,256.0,256.0,171.0,129.0,1.326,193.0,0.0,0.0,0.0,0.0,0.0,0.0,0.0,0.0,0.0,0.0,0.0,1.0,0.0,21.0,Add:40;Const:25;Mul:45;Sqrt:16;Uniform:1;Var:2,171.0,129.0,625.0,640.0,1.024,100.0,5000.0,ClassCap,4.0,11129.0,3282.0,3963.0,43.4,84.0,1366247.0,1366215.0,1.0,467.0,435.0,1.074,0.0,-30.4,ok,688.0,0.0,13.0,4.0,40.0,43.0,5.0,0.455,0.489,0.057,9.0,16.0,0.0,0.0,4105.0,92968.0,fma-fusion:2838;commutative(Add):1565;commutative(Mul):1262;reverse-associative(Add):1104;reverse-associative(Mul):983;associative(Add):951;associative(Mul):947;factor:610;identity(Mul):456;distribute:338;constant-fold:53;halving:17;doubling:5,110,0,0,0,0.0,0.0,0,0,nan,nan,1.0,0.0,0.0,0.0,0.0,1.0,1.0,0.9431818181818182,30.72093023255814,86.27131782945736,0.6511627906976745,1.0,0.0,0.0,0.0,5.333333333333333
collapse_invariant_cold:invariant16_cold,collapse_synth,synthetic,64.0,2.0,171.0,129.0,1.326,193.0,0.0,0.0,0.0,0.0,0.0,0.0,0.0,0.0,0.0,0.0,0.0,1.0,0.0,21.0,Add:40;Const:25;Mul:45;Sqrt:16;Uniform:1;Var:2,171.0,129.0,625.0,640.0,1.024,100.0,5000.0,ClassCap,4.0,11129.0,3282.0,3963.0,22.7,80.0,3211.0,3179.0,1.01,451.0,419.0,1.076,0.0,-32.96,ok,684.0,0.0,13.0,4.0,32.0,46.0,5.0,0.386,0.554,0.06,9.0,16.0,0.0,0.0,41.0,284.0,fma-fusion:2838;commutative(Add):1565;commutative(Mul):1262;reverse-associative(Add):1104;reverse-associative(Mul):983;associative(Add):951;associative(Mul):947;factor:610;identity(Mul):456;distribute:338;constant-fold:53;halving:17;doubling:5,105,0,0,0,0.0,0.0,0,0,nan,nan,1.0,0.0,0.0,0.0,0.0,1.0,1.0,0.9397590361445783,30.72093023255814,86.27131782945736,0.6201550387596899,1.0,0.0,0.0,0.0,5.3023255813953485
collapse_invariant_hot:invariant48_hot,collapse_synth,synthetic,256.0,256.0,507.0,337.0,1.504,577.0,0.0,0.0,0.0,0.0,0.0,0.0,0.0,0.0,0.0,0.0,0.0,1.0,0.0,53.0,Add:120;Const:57;Mul:109;Sqrt:48;Uniform:1;Var:2,507.0,337.0,1745.0,1920.0,1.1,100.0,5000.0,ClassCap,3.0,9205.0,3336.0,4473.0,48.3,234.0,6064823.0,6064727.0,1.0,1433.0,1337.0,1.072,0.0,-23.38,ok,1904.0,0.0,43.0,4.0,108.0,120.0,19.0,0.437,0.486,0.077,25.0,62.0,14.0,0.0,245273.0,342124.0,fma-fusion:2180;commutative(Add):1896;commutative(Mul):1451;reverse-associative(Add):808;reverse-associative(Mul):690;associative(Add):637;associative(Mul):636;factor:464;identity(Mul):256;distribute:99;constant-fold:73;halving:12;doubling:3,327,0,0,0,0.0,0.0,0,0,nan,nan,1.0,0.0,0.0,0.0,0.0,1.0,1.0,0.9230769230769231,13.27299703264095,27.31454005934718,0.6943620178041543,1.0,0.0,0.0,0.0,5.649851632047477
collapse_invariant_cold:invariant48_cold,collapse_synth,synthetic,64.0,2.0,507.0,337.0,1.504,577.0,0.0,0.0,0.0,0.0,0.0,0.0,0.0,0.0,0.0,0.0,0.0,1.0,0.0,53.0,Add:120;Const:57;Mul:109;Sqrt:48;Uniform:1;Var:2,507.0,337.0,1745.0,1920.0,1.1,100.0,5000.0,ClassCap,3.0,9205.0,3336.0,4473.0,56.5,234.0,13511.0,13415.0,1.007,1433.0,1337.0,1.072,0.0,-23.38,ok,1904.0,0.0,43.0,4.0,108.0,120.0,19.0,0.437,0.486,0.077,25.0,62.0,14.0,0.0,597.0,956.0,fma-fusion:2180;commutative(Add):1896;commutative(Mul):1451;reverse-associative(Add):808;reverse-associative(Mul):690;associative(Add):637;associative(Mul):636;factor:464;identity(Mul):256;distribute:99;constant-fold:73;halving:12;doubling:3,327,0,0,0,0.0,0.0,0,0,nan,nan,1.0,0.0,0.0,0.0,0.0,1.0,1.0,0.9230769230769231,13.27299703264095,27.31454005934718,0.6943620178041543,1.0,0.0,0.0,0.0,5.649851632047477
