expr_name,tier,node_count,curve,app_target,app_actual,sweeps,rules_allowed,classes,nodes,cost,stop,clamped,regret_pct
band0_depth2_s0,rapid,11,unguided,25,15,2,62,15,15,31,quiesced,false,0.0000
band0_depth2_s0,rapid,11,unguided,50,15,2,62,15,15,31,quiesced,true,0.0000
band0_depth2_s0,rapid,11,unguided,100,15,2,62,15,15,31,quiesced,true,0.0000
band0_depth2_s0,rapid,11,unguided,200,15,2,62,15,15,31,quiesced,true,0.0000
band0_depth2_s0,rapid,11,unguided,400,15,2,62,15,15,31,quiesced,true,0.0000
band0_depth2_s0,rapid,11,unguided,800,15,2,62,15,15,31,quiesced,true,0.0000
band0_depth2_s0,rapid,11,unguided,1600,15,2,62,15,15,31,quiesced,true,0.0000
band0_depth2_s0,rapid,11,unguided,3200,15,2,62,15,15,31,quiesced,true,0.0000
band0_depth2_s0,rapid,11,unguided,6400,15,2,62,15,15,31,quiesced,true,0.0000
band0_depth2_s0,rapid,11,unguided,12800,15,2,62,15,15,31,quiesced,true,0.0000
band0_depth2_s0,rapid,11,unguided,25600,15,2,62,15,15,31,quiesced,true,0.0000
band0_depth2_s0,rapid,11,unguided,51200,15,2,62,15,15,31,quiesced,true,0.0000
band0_depth2_s0,rapid,11,unguided,102400,15,2,62,15,15,31,quiesced,true,0.0000
band0_depth2_s0,rapid,11,unguided,204800,15,2,62,15,15,31,quiesced,true,0.0000
band0_depth2_s0,rapid,11,oracle,25,15,2,4,15,15,31,quiesced,false,0.0000
band0_depth2_s0,rapid,11,oracle,50,15,2,4,15,15,31,quiesced,true,0.0000
band0_depth2_s0,rapid,11,oracle,100,15,2,4,15,15,31,quiesced,true,0.0000
band0_depth2_s0,rapid,11,oracle,200,15,2,4,15,15,31,quiesced,true,0.0000
band0_depth2_s0,rapid,11,oracle,400,15,2,4,15,15,31,quiesced,true,0.0000
band0_depth2_s0,rapid,11,oracle,800,15,2,4,15,15,31,quiesced,true,0.0000
band0_depth2_s0,rapid,11,oracle,1600,15,2,4,15,15,31,quiesced,true,0.0000
band0_depth2_s0,rapid,11,oracle,3200,15,2,4,15,15,31,quiesced,true,0.0000
band0_depth2_s0,rapid,11,oracle,6400,15,2,4,15,15,31,quiesced,true,0.0000
band0_depth2_s0,rapid,11,oracle,12800,15,2,4,15,15,31,quiesced,true,0.0000
band0_depth2_s0,rapid,11,oracle,25600,15,2,4,15,15,31,quiesced,true,0.0000
band0_depth2_s0,rapid,11,oracle,51200,15,2,4,15,15,31,quiesced,true,0.0000
band0_depth2_s0,rapid,11,oracle,102400,15,2,4,15,15,31,quiesced,true,0.0000
band0_depth2_s0,rapid,11,oracle,204800,15,2,4,15,15,31,quiesced,true,0.0000
band0_depth2_s1,blitz,9,unguided,25,15,2,62,11,11,7,quiesced,false,0.0000
band0_depth2_s1,blitz,9,unguided,50,15,2,62,11,11,7,quiesced,true,0.0000
band0_depth2_s1,blitz,9,unguided,100,15,2,62,11,11,7,quiesced,true,0.0000
band0_depth2_s1,blitz,9,unguided,200,15,2,62,11,11,7,quiesced,true,0.0000
band0_depth2_s1,blitz,9,unguided,400,15,2,62,11,11,7,quiesced,true,0.0000
band0_depth2_s1,blitz,9,unguided,800,15,2,62,11,11,7,quiesced,true,0.0000
band0_depth2_s1,blitz,9,unguided,1600,15,2,62,11,11,7,quiesced,true,0.0000
band0_depth2_s1,blitz,9,unguided,3200,15,2,62,11,11,7,quiesced,true,0.0000
band0_depth2_s1,blitz,9,unguided,6400,15,2,62,11,11,7,quiesced,true,0.0000
band0_depth2_s1,blitz,9,unguided,12800,15,2,62,11,11,7,quiesced,true,0.0000
band0_depth2_s1,blitz,9,unguided,25600,15,2,62,11,11,7,quiesced,true,0.0000
band0_depth2_s1,blitz,9,unguided,51200,15,2,62,11,11,7,quiesced,true,0.0000
band0_depth2_s1,blitz,9,unguided,102400,15,2,62,11,11,7,quiesced,true,0.0000
band0_depth2_s1,blitz,9,unguided,204800,15,2,62,11,11,7,quiesced,true,0.0000
band0_depth2_s1,blitz,9,oracle,25,13,2,4,11,11,7,quiesced,false,0.0000
band0_depth2_s1,blitz,9,oracle,50,13,2,4,11,11,7,quiesced,true,0.0000
band0_depth2_s1,blitz,9,oracle,100,13,2,4,11,11,7,quiesced,true,0.0000
band0_depth2_s1,blitz,9,oracle,200,13,2,4,11,11,7,quiesced,true,0.0000
band0_depth2_s1,blitz,9,oracle,400,13,2,4,11,11,7,quiesced,true,0.0000
band0_depth2_s1,blitz,9,oracle,800,13,2,4,11,11,7,quiesced,true,0.0000
band0_depth2_s1,blitz,9,oracle,1600,13,2,4,11,11,7,quiesced,true,0.0000
band0_depth2_s1,blitz,9,oracle,3200,13,2,4,11,11,7,quiesced,true,0.0000
band0_depth2_s1,blitz,9,oracle,6400,13,2,4,11,11,7,quiesced,true,0.0000
band0_depth2_s1,blitz,9,oracle,12800,13,2,4,11,11,7,quiesced,true,0.0000
band0_depth2_s1,blitz,9,oracle,25600,13,2,4,11,11,7,quiesced,true,0.0000
band0_depth2_s1,blitz,9,oracle,51200,13,2,4,11,11,7,quiesced,true,0.0000
band0_depth2_s1,blitz,9,oracle,102400,13,2,4,11,11,7,quiesced,true,0.0000
band0_depth2_s1,blitz,9,oracle,204800,13,2,4,11,11,7,quiesced,true,0.0000
band0_depth2_s2,rapid,11,unguided,25,25,3,62,16,16,204,app_budget,false,0.0000
band0_depth2_s2,rapid,11,unguided,50,39,4,62,16,16,204,quiesced,false,0.0000
band0_depth2_s2,rapid,11,unguided,100,39,4,62,16,16,204,quiesced,true,0.0000
band0_depth2_s2,rapid,11,unguided,200,39,4,62,16,16,204,quiesced,true,0.0000
band0_depth2_s2,rapid,11,unguided,400,39,4,62,16,16,204,quiesced,true,0.0000
band0_depth2_s2,rapid,11,unguided,800,39,4,62,16,16,204,quiesced,true,0.0000
band0_depth2_s2,rapid,11,unguided,1600,39,4,62,16,16,204,quiesced,true,0.0000
band0_depth2_s2,rapid,11,unguided,3200,39,4,62,16,16,204,quiesced,true,0.0000
band0_depth2_s2,rapid,11,unguided,6400,39,4,62,16,16,204,quiesced,true,0.0000
band0_depth2_s2,rapid,11,unguided,12800,39,4,62,16,16,204,quiesced,true,0.0000
band0_depth2_s2,rapid,11,unguided,25600,39,4,62,16,16,204,quiesced,true,0.0000
band0_depth2_s2,rapid,11,unguided,51200,39,4,62,16,16,204,quiesced,true,0.0000
band0_depth2_s2,rapid,11,unguided,102400,39,4,62,16,16,204,quiesced,true,0.0000
band0_depth2_s2,rapid,11,unguided,204800,39,4,62,16,16,204,quiesced,true,0.0000
band0_depth2_s2,rapid,11,oracle,25,25,3,4,16,16,204,app_budget,false,0.0000
band0_depth2_s2,rapid,11,oracle,50,39,4,4,16,16,204,quiesced,false,0.0000
band0_depth2_s2,rapid,11,oracle,100,39,4,4,16,16,204,quiesced,true,0.0000
band0_depth2_s2,rapid,11,oracle,200,39,4,4,16,16,204,quiesced,true,0.0000
band0_depth2_s2,rapid,11,oracle,400,39,4,4,16,16,204,quiesced,true,0.0000
band0_depth2_s2,rapid,11,oracle,800,39,4,4,16,16,204,quiesced,true,0.0000
band0_depth2_s2,rapid,11,oracle,1600,39,4,4,16,16,204,quiesced,true,0.0000
band0_depth2_s2,rapid,11,oracle,3200,39,4,4,16,16,204,quiesced,true,0.0000
band0_depth2_s2,rapid,11,oracle,6400,39,4,4,16,16,204,quiesced,true,0.0000
band0_depth2_s2,rapid,11,oracle,12800,39,4,4,16,16,204,quiesced,true,0.0000
band0_depth2_s2,rapid,11,oracle,25600,39,4,4,16,16,204,quiesced,true,0.0000
band0_depth2_s2,rapid,11,oracle,51200,39,4,4,16,16,204,quiesced,true,0.0000
band0_depth2_s2,rapid,11,oracle,102400,39,4,4,16,16,204,quiesced,true,0.0000
band0_depth2_s2,rapid,11,oracle,204800,39,4,4,16,16,204,quiesced,true,0.0000
band0_depth2_s3,rapid,23,unguided,25,25,2,62,32,32,56,app_budget,false,7.6923
band0_depth2_s3,rapid,23,unguided,50,50,3,62,33,33,52,app_budget,false,0.0000
band0_depth2_s3,rapid,23,unguided,100,81,4,62,33,33,52,quiesced,false,0.0000
band0_depth2_s3,rapid,23,unguided,200,81,4,62,33,33,52,quiesced,true,0.0000
band0_depth2_s3,rapid,23,unguided,400,81,4,62,33,33,52,quiesced,true,0.0000
band0_depth2_s3,rapid,23,unguided,800,81,4,62,33,33,52,quiesced,true,0.0000
band0_depth2_s3,rapid,23,unguided,1600,81,4,62,33,33,52,quiesced,true,0.0000
band0_depth2_s3,rapid,23,unguided,3200,81,4,62,33,33,52,quiesced,true,0.0000
band0_depth2_s3,rapid,23,unguided,6400,81,4,62,33,33,52,quiesced,true,0.0000
band0_depth2_s3,rapid,23,unguided,12800,81,4,62,33,33,52,quiesced,true,0.0000
band0_depth2_s3,rapid,23,unguided,25600,81,4,62,33,33,52,quiesced,true,0.0000
band0_depth2_s3,rapid,23,unguided,51200,81,4,62,33,33,52,quiesced,true,0.0000
band0_depth2_s3,rapid,23,unguided,102400,81,4,62,33,33,52,quiesced,true,0.0000
band0_depth2_s3,rapid,23,unguided,204800,81,4,62,33,33,52,quiesced,true,0.0000
band0_depth2_s3,rapid,23,oracle,25,25,2,8,32,32,56,app_budget,false,7.6923
band0_depth2_s3,rapid,23,oracle,50,50,3,8,33,33,52,app_budget,false,0.0000
band0_depth2_s3,rapid,23,oracle,100,81,4,8,33,33,52,quiesced,false,0.0000
band0_depth2_s3,rapid,23,oracle,200,81,4,8,33,33,52,quiesced,true,0.0000
band0_depth2_s3,rapid,23,oracle,400,81,4,8,33,33,52,quiesced,true,0.0000
band0_depth2_s3,rapid,23,oracle,800,81,4,8,33,33,52,quiesced,true,0.0000
band0_depth2_s3,rapid,23,oracle,1600,81,4,8,33,33,52,quiesced,true,0.0000
band0_depth2_s3,rapid,23,oracle,3200,81,4,8,33,33,52,quiesced,true,0.0000
band0_depth2_s3,rapid,23,oracle,6400,81,4,8,33,33,52,quiesced,true,0.0000
band0_depth2_s3,rapid,23,oracle,12800,81,4,8,33,33,52,quiesced,true,0.0000
band0_depth2_s3,rapid,23,oracle,25600,81,4,8,33,33,52,quiesced,true,0.0000
band0_depth2_s3,rapid,23,oracle,51200,81,4,8,33,33,52,quiesced,true,0.0000
band0_depth2_s3,rapid,23,oracle,102400,81,4,8,33,33,52,quiesced,true,0.0000
band0_depth2_s3,rapid,23,oracle,204800,81,4,8,33,33,52,quiesced,true,0.0000
band0_depth2_s4,blitz,6,unguided,25,7,2,62,7,7,8,quiesced,false,0.0000
band0_depth2_s4,blitz,6,unguided,50,7,2,62,7,7,8,quiesced,true,0.0000
band0_depth2_s4,blitz,6,unguided,100,7,2,62,7,7,8,quiesced,true,0.0000
band0_depth2_s4,blitz,6,unguided,200,7,2,62,7,7,8,quiesced,true,0.0000
band0_depth2_s4,blitz,6,unguided,400,7,2,62,7,7,8,quiesced,true,0.0000
band0_depth2_s4,blitz,6,unguided,800,7,2,62,7,7,8,quiesced,true,0.0000
band0_depth2_s4,blitz,6,unguided,1600,7,2,62,7,7,8,quiesced,true,0.0000
band0_depth2_s4,blitz,6,unguided,3200,7,2,62,7,7,8,quiesced,true,0.0000
band0_depth2_s4,blitz,6,unguided,6400,7,2,62,7,7,8,quiesced,true,0.0000
band0_depth2_s4,blitz,6,unguided,12800,7,2,62,7,7,8,quiesced,true,0.0000
band0_depth2_s4,blitz,6,unguided,25600,7,2,62,7,7,8,quiesced,true,0.0000
band0_depth2_s4,blitz,6,unguided,51200,7,2,62,7,7,8,quiesced,true,0.0000
band0_depth2_s4,blitz,6,unguided,102400,7,2,62,7,7,8,quiesced,true,0.0000
band0_depth2_s4,blitz,6,unguided,204800,7,2,62,7,7,8,quiesced,true,0.0000
band0_depth2_s4,blitz,6,oracle,25,7,2,2,7,7,8,quiesced,false,0.0000
band0_depth2_s4,blitz,6,oracle,50,7,2,2,7,7,8,quiesced,true,0.0000
band0_depth2_s4,blitz,6,oracle,100,7,2,2,7,7,8,quiesced,true,0.0000
band0_depth2_s4,blitz,6,oracle,200,7,2,2,7,7,8,quiesced,true,0.0000
band0_depth2_s4,blitz,6,oracle,400,7,2,2,7,7,8,quiesced,true,0.0000
band0_depth2_s4,blitz,6,oracle,800,7,2,2,7,7,8,quiesced,true,0.0000
band0_depth2_s4,blitz,6,oracle,1600,7,2,2,7,7,8,quiesced,true,0.0000
band0_depth2_s4,blitz,6,oracle,3200,7,2,2,7,7,8,quiesced,true,0.0000
band0_depth2_s4,blitz,6,oracle,6400,7,2,2,7,7,8,quiesced,true,0.0000
band0_depth2_s4,blitz,6,oracle,12800,7,2,2,7,7,8,quiesced,true,0.0000
band0_depth2_s4,blitz,6,oracle,25600,7,2,2,7,7,8,quiesced,true,0.0000
band0_depth2_s4,blitz,6,oracle,51200,7,2,2,7,7,8,quiesced,true,0.0000
band0_depth2_s4,blitz,6,oracle,102400,7,2,2,7,7,8,quiesced,true,0.0000
band0_depth2_s4,blitz,6,oracle,204800,7,2,2,7,7,8,quiesced,true,0.0000
band0_depth2_s5,rapid,13,unguided,25,18,2,62,17,17,115,quiesced,false,0.0000
band0_depth2_s5,rapid,13,unguided,50,18,2,62,17,17,115,quiesced,true,0.0000
band0_depth2_s5,rapid,13,unguided,100,18,2,62,17,17,115,quiesced,true,0.0000
band0_depth2_s5,rapid,13,unguided,200,18,2,62,17,17,115,quiesced,true,0.0000
band0_depth2_s5,rapid,13,unguided,400,18,2,62,17,17,115,quiesced,true,0.0000
band0_depth2_s5,rapid,13,unguided,800,18,2,62,17,17,115,quiesced,true,0.0000
band0_depth2_s5,rapid,13,unguided,1600,18,2,62,17,17,115,quiesced,true,0.0000
band0_depth2_s5,rapid,13,unguided,3200,18,2,62,17,17,115,quiesced,true,0.0000
band0_depth2_s5,rapid,13,unguided,6400,18,2,62,17,17,115,quiesced,true,0.0000
band0_depth2_s5,rapid,13,unguided,12800,18,2,62,17,17,115,quiesced,true,0.0000
band0_depth2_s5,rapid,13,unguided,25600,18,2,62,17,17,115,quiesced,true,0.0000
band0_depth2_s5,rapid,13,unguided,51200,18,2,62,17,17,115,quiesced,true,0.0000
band0_depth2_s5,rapid,13,unguided,102400,18,2,62,17,17,115,quiesced,true,0.0000
band0_depth2_s5,rapid,13,unguided,204800,18,2,62,17,17,115,quiesced,true,0.0000
band0_depth2_s5,rapid,13,oracle,25,18,2,5,17,17,115,quiesced,false,0.0000
band0_depth2_s5,rapid,13,oracle,50,18,2,5,17,17,115,quiesced,true,0.0000
band0_depth2_s5,rapid,13,oracle,100,18,2,5,17,17,115,quiesced,true,0.0000
band0_depth2_s5,rapid,13,oracle,200,18,2,5,17,17,115,quiesced,true,0.0000
band0_depth2_s5,rapid,13,oracle,400,18,2,5,17,17,115,quiesced,true,0.0000
band0_depth2_s5,rapid,13,oracle,800,18,2,5,17,17,115,quiesced,true,0.0000
band0_depth2_s5,rapid,13,oracle,1600,18,2,5,17,17,115,quiesced,true,0.0000
band0_depth2_s5,rapid,13,oracle,3200,18,2,5,17,17,115,quiesced,true,0.0000
band0_depth2_s5,rapid,13,oracle,6400,18,2,5,17,17,115,quiesced,true,0.0000
band0_depth2_s5,rapid,13,oracle,12800,18,2,5,17,17,115,quiesced,true,0.0000
band0_depth2_s5,rapid,13,oracle,25600,18,2,5,17,17,115,quiesced,true,0.0000
band0_depth2_s5,rapid,13,oracle,51200,18,2,5,17,17,115,quiesced,true,0.0000
band0_depth2_s5,rapid,13,oracle,102400,18,2,5,17,17,115,quiesced,true,0.0000
band0_depth2_s5,rapid,13,oracle,204800,18,2,5,17,17,115,quiesced,true,0.0000
band0_depth2_s6,rapid,12,unguided,25,25,2,62,24,24,209,app_budget,false,0.0000
band0_depth2_s6,rapid,12,unguided,50,49,3,62,24,24,209,quiesced,false,0.0000
band0_depth2_s6,rapid,12,unguided,100,49,3,62,24,24,209,quiesced,true,0.0000
band0_depth2_s6,rapid,12,unguided,200,49,3,62,24,24,209,quiesced,true,0.0000
band0_depth2_s6,rapid,12,unguided,400,49,3,62,24,24,209,quiesced,true,0.0000
band0_depth2_s6,rapid,12,unguided,800,49,3,62,24,24,209,quiesced,true,0.0000
band0_depth2_s6,rapid,12,unguided,1600,49,3,62,24,24,209,quiesced,true,0.0000
band0_depth2_s6,rapid,12,unguided,3200,49,3,62,24,24,209,quiesced,true,0.0000
band0_depth2_s6,rapid,12,unguided,6400,49,3,62,24,24,209,quiesced,true,0.0000
band0_depth2_s6,rapid,12,unguided,12800,49,3,62,24,24,209,quiesced,true,0.0000
band0_depth2_s6,rapid,12,unguided,25600,49,3,62,24,24,209,quiesced,true,0.0000
band0_depth2_s6,rapid,12,unguided,51200,49,3,62,24,24,209,quiesced,true,0.0000
band0_depth2_s6,rapid,12,unguided,102400,49,3,62,24,24,209,quiesced,true,0.0000
band0_depth2_s6,rapid,12,unguided,204800,49,3,62,24,24,209,quiesced,true,0.0000
band0_depth2_s6,rapid,12,oracle,25,25,2,6,24,24,209,app_budget,false,0.0000
band0_depth2_s6,rapid,12,oracle,50,49,3,6,24,24,209,quiesced,false,0.0000
band0_depth2_s6,rapid,12,oracle,100,49,3,6,24,24,209,quiesced,true,0.0000
band0_depth2_s6,rapid,12,oracle,200,49,3,6,24,24,209,quiesced,true,0.0000
band0_depth2_s6,rapid,12,oracle,400,49,3,6,24,24,209,quiesced,true,0.0000
band0_depth2_s6,rapid,12,oracle,800,49,3,6,24,24,209,quiesced,true,0.0000
band0_depth2_s6,rapid,12,oracle,1600,49,3,6,24,24,209,quiesced,true,0.0000
band0_depth2_s6,rapid,12,oracle,3200,49,3,6,24,24,209,quiesced,true,0.0000
band0_depth2_s6,rapid,12,oracle,6400,49,3,6,24,24,209,quiesced,true,0.0000
band0_depth2_s6,rapid,12,oracle,12800,49,3,6,24,24,209,quiesced,true,0.0000
band0_depth2_s6,rapid,12,oracle,25600,49,3,6,24,24,209,quiesced,true,0.0000
band0_depth2_s6,rapid,12,oracle,51200,49,3,6,24,24,209,quiesced,true,0.0000
band0_depth2_s6,rapid,12,oracle,102400,49,3,6,24,24,209,quiesced,true,0.0000
band0_depth2_s6,rapid,12,oracle,204800,49,3,6,24,24,209,quiesced,true,0.0000
band0_depth2_s7,rapid,21,unguided,25,25,2,62,30,30,337,app_budget,false,0.0000
band0_depth2_s7,rapid,21,unguided,50,49,3,62,30,30,337,quiesced,false,0.0000
band0_depth2_s7,rapid,21,unguided,100,49,3,62,30,30,337,quiesced,true,0.0000
band0_depth2_s7,rapid,21,unguided,200,49,3,62,30,30,337,quiesced,true,0.0000
band0_depth2_s7,rapid,21,unguided,400,49,3,62,30,30,337,quiesced,true,0.0000
band0_depth2_s7,rapid,21,unguided,800,49,3,62,30,30,337,quiesced,true,0.0000
band0_depth2_s7,rapid,21,unguided,1600,49,3,62,30,30,337,quiesced,true,0.0000
band0_depth2_s7,rapid,21,unguided,3200,49,3,62,30,30,337,quiesced,true,0.0000
band0_depth2_s7,rapid,21,unguided,6400,49,3,62,30,30,337,quiesced,true,0.0000
band0_depth2_s7,rapid,21,unguided,12800,49,3,62,30,30,337,quiesced,true,0.0000
band0_depth2_s7,rapid,21,unguided,25600,49,3,62,30,30,337,quiesced,true,0.0000
band0_depth2_s7,rapid,21,unguided,51200,49,3,62,30,30,337,quiesced,true,0.0000
band0_depth2_s7,rapid,21,unguided,102400,49,3,62,30,30,337,quiesced,true,0.0000
band0_depth2_s7,rapid,21,unguided,204800,49,3,62,30,30,337,quiesced,true,0.0000
band0_depth2_s7,rapid,21,oracle,25,25,2,6,30,30,337,app_budget,false,0.0000
band0_depth2_s7,rapid,21,oracle,50,49,3,6,30,30,337,quiesced,false,0.0000
band0_depth2_s7,rapid,21,oracle,100,49,3,6,30,30,337,quiesced,true,0.0000
band0_depth2_s7,rapid,21,oracle,200,49,3,6,30,30,337,quiesced,true,0.0000
band0_depth2_s7,rapid,21,oracle,400,49,3,6,30,30,337,quiesced,true,0.0000
band0_depth2_s7,rapid,21,oracle,800,49,3,6,30,30,337,quiesced,true,0.0000
band0_depth2_s7,rapid,21,oracle,1600,49,3,6,30,30,337,quiesced,true,0.0000
band0_depth2_s7,rapid,21,oracle,3200,49,3,6,30,30,337,quiesced,true,0.0000
band0_depth2_s7,rapid,21,oracle,6400,49,3,6,30,30,337,quiesced,true,0.0000
band0_depth2_s7,rapid,21,oracle,12800,49,3,6,30,30,337,quiesced,true,0.0000
band0_depth2_s7,rapid,21,oracle,25600,49,3,6,30,30,337,quiesced,true,0.0000
band0_depth2_s7,rapid,21,oracle,51200,49,3,6,30,30,337,quiesced,true,0.0000
band0_depth2_s7,rapid,21,oracle,102400,49,3,6,30,30,337,quiesced,true,0.0000
band0_depth2_s7,rapid,21,oracle,204800,49,3,6,30,30,337,quiesced,true,0.0000
band0_depth2_s8,blitz,7,unguided,25,25,2,62,19,19,0,app_budget,false,0.0000
band0_depth2_s8,blitz,7,unguided,50,50,3,62,24,24,0,app_budget,false,0.0000
band0_depth2_s8,blitz,7,unguided,100,100,4,62,39,39,0,app_budget,false,0.0000
band0_depth2_s8,blitz,7,unguided,200,200,5,62,64,64,0,app_budget,false,0.0000
band0_depth2_s8,blitz,7,unguided,400,400,7,62,90,90,0,app_budget,false,0.0000
band0_depth2_s8,blitz,7,unguided,800,800,9,62,129,129,0,app_budget,false,0.0000
band0_depth2_s8,blitz,7,unguided,1600,1513,11,62,199,199,0,class_cap,false,0.0000
band0_depth2_s8,blitz,7,unguided,3200,1513,11,62,199,199,0,class_cap,true,0.0000
band0_depth2_s8,blitz,7,unguided,6400,1513,11,62,199,199,0,class_cap,true,0.0000
band0_depth2_s8,blitz,7,unguided,12800,1513,11,62,199,199,0,class_cap,true,0.0000
band0_depth2_s8,blitz,7,unguided,25600,1513,11,62,199,199,0,class_cap,true,0.0000
band0_depth2_s8,blitz,7,unguided,51200,1513,11,62,199,199,0,class_cap,true,0.0000
band0_depth2_s8,blitz,7,unguided,102400,1513,11,62,199,199,0,class_cap,true,0.0000
band0_depth2_s8,blitz,7,unguided,204800,1513,11,62,199,199,0,class_cap,true,0.0000
band0_depth2_s8,blitz,7,oracle,25,25,2,7,22,22,0,app_budget,false,0.0000
band0_depth2_s8,blitz,7,oracle,50,50,3,7,27,27,0,app_budget,false,0.0000
band0_depth2_s8,blitz,7,oracle,100,100,5,7,42,42,0,app_budget,false,0.0000
band0_depth2_s8,blitz,7,oracle,200,200,7,7,64,64,0,app_budget,false,0.0000
band0_depth2_s8,blitz,7,oracle,400,400,9,7,94,94,0,app_budget,false,0.0000
band0_depth2_s8,blitz,7,oracle,800,800,12,7,124,124,0,app_budget,false,0.0000
band0_depth2_s8,blitz,7,oracle,1600,1600,16,7,184,184,0,app_budget,false,0.0000
band0_depth2_s8,blitz,7,oracle,3200,2242,18,7,218,218,0,class_cap,false,0.0000
band0_depth2_s8,blitz,7,oracle,6400,2242,18,7,218,218,0,class_cap,true,0.0000
band0_depth2_s8,blitz,7,oracle,12800,2242,18,7,218,218,0,class_cap,true,0.0000
band0_depth2_s8,blitz,7,oracle,25600,2242,18,7,218,218,0,class_cap,true,0.0000
band0_depth2_s8,blitz,7,oracle,51200,2242,18,7,218,218,0,class_cap,true,0.0000
band0_depth2_s8,blitz,7,oracle,102400,2242,18,7,218,218,0,class_cap,true,0.0000
band0_depth2_s8,blitz,7,oracle,204800,2242,18,7,218,218,0,class_cap,true,0.0000
band0_depth2_s9,blitz,8,unguided,25,25,4,62,14,14,73,app_budget,false,0.0000
band0_depth2_s9,blitz,8,unguided,50,34,5,62,14,14,73,quiesced,false,0.0000
band0_depth2_s9,blitz,8,unguided,100,34,5,62,14,14,73,quiesced,true,0.0000
band0_depth2_s9,blitz,8,unguided,200,34,5,62,14,14,73,quiesced,true,0.0000
band0_depth2_s9,blitz,8,unguided,400,34,5,62,14,14,73,quiesced,true,0.0000
band0_depth2_s9,blitz,8,unguided,800,34,5,62,14,14,73,quiesced,true,0.0000
band0_depth2_s9,blitz,8,unguided,1600,34,5,62,14,14,73,quiesced,true,0.0000
band0_depth2_s9,blitz,8,unguided,3200,34,5,62,14,14,73,quiesced,true,0.0000
band0_depth2_s9,blitz,8,unguided,6400,34,5,62,14,14,73,quiesced,true,0.0000
band0_depth2_s9,blitz,8,unguided,12800,34,5,62,14,14,73,quiesced,true,0.0000
band0_depth2_s9,blitz,8,unguided,25600,34,5,62,14,14,73,quiesced,true,0.0000
band0_depth2_s9,blitz,8,unguided,51200,34,5,62,14,14,73,quiesced,true,0.0000
band0_depth2_s9,blitz,8,unguided,102400,34,5,62,14,14,73,quiesced,true,0.0000
band0_depth2_s9,blitz,8,unguided,204800,34,5,62,14,14,73,quiesced,true,0.0000
band0_depth2_s9,blitz,8,oracle,25,25,4,4,14,14,73,app_budget,false,0.0000
band0_depth2_s9,blitz,8,oracle,50,34,5,4,14,14,73,quiesced,false,0.0000
band0_depth2_s9,blitz,8,oracle,100,34,5,4,14,14,73,quiesced,true,0.0000
band0_depth2_s9,blitz,8,oracle,200,34,5,4,14,14,73,quiesced,true,0.0000
band0_depth2_s9,blitz,8,oracle,400,34,5,4,14,14,73,quiesced,true,0.0000
band0_depth2_s9,blitz,8,oracle,800,34,5,4,14,14,73,quiesced,true,0.0000
band0_depth2_s9,blitz,8,oracle,1600,34,5,4,14,14,73,quiesced,true,0.0000
band0_depth2_s9,blitz,8,oracle,3200,34,5,4,14,14,73,quiesced,true,0.0000
band0_depth2_s9,blitz,8,oracle,6400,34,5,4,14,14,73,quiesced,true,0.0000
band0_depth2_s9,blitz,8,oracle,12800,34,5,4,14,14,73,quiesced,true,0.0000
band0_depth2_s9,blitz,8,oracle,25600,34,5,4,14,14,73,quiesced,true,0.0000
band0_depth2_s9,blitz,8,oracle,51200,34,5,4,14,14,73,quiesced,true,0.0000
band0_depth2_s9,blitz,8,oracle,102400,34,5,4,14,14,73,quiesced,true,0.0000
band0_depth2_s9,blitz,8,oracle,204800,34,5,4,14,14,73,quiesced,true,0.0000
band0_depth2_s10,blitz,6,unguided,25,8,2,62,8,8,6,quiesced,false,0.0000
band0_depth2_s10,blitz,6,unguided,50,8,2,62,8,8,6,quiesced,true,0.0000
band0_depth2_s10,blitz,6,unguided,100,8,2,62,8,8,6,quiesced,true,0.0000
band0_depth2_s10,blitz,6,unguided,200,8,2,62,8,8,6,quiesced,true,0.0000
band0_depth2_s10,blitz,6,unguided,400,8,2,62,8,8,6,quiesced,true,0.0000
band0_depth2_s10,blitz,6,unguided,800,8,2,62,8,8,6,quiesced,true,0.0000
band0_depth2_s10,blitz,6,unguided,1600,8,2,62,8,8,6,quiesced,true,0.0000
band0_depth2_s10,blitz,6,unguided,3200,8,2,62,8,8,6,quiesced,true,0.0000
band0_depth2_s10,blitz,6,unguided,6400,8,2,62,8,8,6,quiesced,true,0.0000
band0_depth2_s10,blitz,6,unguided,12800,8,2,62,8,8,6,quiesced,true,0.0000
band0_depth2_s10,blitz,6,unguided,25600,8,2,62,8,8,6,quiesced,true,0.0000
band0_depth2_s10,blitz,6,unguided,51200,8,2,62,8,8,6,quiesced,true,0.0000
band0_depth2_s10,blitz,6,unguided,102400,8,2,62,8,8,6,quiesced,true,0.0000
band0_depth2_s10,blitz,6,unguided,204800,8,2,62,8,8,6,quiesced,true,0.0000
band0_depth2_s10,blitz,6,oracle,25,8,2,2,8,8,6,quiesced,false,0.0000
band0_depth2_s10,blitz,6,oracle,50,8,2,2,8,8,6,quiesced,true,0.0000
band0_depth2_s10,blitz,6,oracle,100,8,2,2,8,8,6,quiesced,true,0.0000
band0_depth2_s10,blitz,6,oracle,200,8,2,2,8,8,6,quiesced,true,0.0000
band0_depth2_s10,blitz,6,oracle,400,8,2,2,8,8,6,quiesced,true,0.0000
band0_depth2_s10,blitz,6,oracle,800,8,2,2,8,8,6,quiesced,true,0.0000
band0_depth2_s10,blitz,6,oracle,1600,8,2,2,8,8,6,quiesced,true,0.0000
band0_depth2_s10,blitz,6,oracle,3200,8,2,2,8,8,6,quiesced,true,0.0000
band0_depth2_s10,blitz,6,oracle,6400,8,2,2,8,8,6,quiesced,true,0.0000
band0_depth2_s10,blitz,6,oracle,12800,8,2,2,8,8,6,quiesced,true,0.0000
band0_depth2_s10,blitz,6,oracle,25600,8,2,2,8,8,6,quiesced,true,0.0000
band0_depth2_s10,blitz,6,oracle,51200,8,2,2,8,8,6,quiesced,true,0.0000
band0_depth2_s10,blitz,6,oracle,102400,8,2,2,8,8,6,quiesced,true,0.0000
band0_depth2_s10,blitz,6,oracle,204800,8,2,2,8,8,6,quiesced,true,0.0000
band0_depth2_s11,blitz,10,unguided,25,25,2,62,22,22,128,app_budget,false,0.0000
band0_depth2_s11,blitz,10,unguided,50,50,3,62,28,28,128,app_budget,false,0.0000
band0_depth2_s11,blitz,10,unguided,100,100,4,62,37,37,128,app_budget,false,0.0000
band0_depth2_s11,blitz,10,unguided,200,200,5,62,54,54,128,app_budget,false,0.0000
band0_depth2_s11,blitz,10,unguided,400,400,6,62,83,83,128,app_budget,false,0.0000
band0_depth2_s11,blitz,10,unguided,800,800,8,62,136,136,128,app_budget,false,0.0000
band0_depth2_s11,blitz,10,unguided,1600,1600,10,62,211,211,128,app_budget,false,0.0000
band0_depth2_s11,blitz,10,unguided,3200,2227,11,62,251,251,128,class_cap,false,0.0000
band0_depth2_s11,blitz,10,unguided,6400,2227,11,62,251,251,128,class_cap,true,0.0000
band0_depth2_s11,blitz,10,unguided,12800,2227,11,62,251,251,128,class_cap,true,0.0000
band0_depth2_s11,blitz,10,unguided,25600,2227,11,62,251,251,128,class_cap,true,0.0000
band0_depth2_s11,blitz,10,unguided,51200,2227,11,62,251,251,128,class_cap,true,0.0000
band0_depth2_s11,blitz,10,unguided,102400,2227,11,62,251,251,128,class_cap,true,0.0000
band0_depth2_s11,blitz,10,unguided,204800,2227,11,62,251,251,128,class_cap,true,0.0000
band0_depth2_s11,blitz,10,oracle,25,25,2,8,22,22,128,app_budget,false,0.0000
band0_depth2_s11,blitz,10,oracle,50,50,3,8,28,28,128,app_budget,false,0.0000
band0_depth2_s11,blitz,10,oracle,100,100,4,8,35,35,128,app_budget,false,0.0000
band0_depth2_s11,blitz,10,oracle,200,200,5,8,46,46,128,app_budget,false,0.0000
band0_depth2_s11,blitz,10,oracle,400,400,7,8,62,62,128,app_budget,false,0.0000
band0_depth2_s11,blitz,10,oracle,800,800,9,8,89,89,128,app_budget,false,0.0000
band0_depth2_s11,blitz,10,oracle,1600,1600,12,8,130,130,128,app_budget,false,0.0000
band0_depth2_s11,blitz,10,oracle,3200,2414,14,8,150,150,128,class_cap,false,0.0000
band0_depth2_s11,blitz,10,oracle,6400,2414,14,8,150,150,128,class_cap,true,0.0000
band0_depth2_s11,blitz,10,oracle,12800,2414,14,8,150,150,128,class_cap,true,0.0000
band0_depth2_s11,blitz,10,oracle,25600,2414,14,8,150,150,128,class_cap,true,0.0000
band0_depth2_s11,blitz,10,oracle,51200,2414,14,8,150,150,128,class_cap,true,0.0000
band0_depth2_s11,blitz,10,oracle,102400,2414,14,8,150,150,128,class_cap,true,0.0000
band0_depth2_s11,blitz,10,oracle,204800,2414,14,8,150,150,128,class_cap,true,0.0000
band0_depth2_s12,rapid,20,unguided,25,25,2,62,27,27,56,app_budget,false,0.0000
band0_depth2_s12,rapid,20,unguided,50,44,3,62,27,27,56,quiesced,false,0.0000
band0_depth2_s12,rapid,20,unguided,100,44,3,62,27,27,56,quiesced,true,0.0000
band0_depth2_s12,rapid,20,unguided,200,44,3,62,27,27,56,quiesced,true,0.0000
band0_depth2_s12,rapid,20,unguided,400,44,3,62,27,27,56,quiesced,true,0.0000
band0_depth2_s12,rapid,20,unguided,800,44,3,62,27,27,56,quiesced,true,0.0000
band0_depth2_s12,rapid,20,unguided,1600,44,3,62,27,27,56,quiesced,true,0.0000
band0_depth2_s12,rapid,20,unguided,3200,44,3,62,27,27,56,quiesced,true,0.0000
band0_depth2_s12,rapid,20,unguided,6400,44,3,62,27,27,56,quiesced,true,0.0000
band0_depth2_s12,rapid,20,unguided,12800,44,3,62,27,27,56,quiesced,true,0.0000
band0_depth2_s12,rapid,20,unguided,25600,44,3,62,27,27,56,quiesced,true,0.0000
band0_depth2_s12,rapid,20,unguided,51200,44,3,62,27,27,56,quiesced,true,0.0000
band0_depth2_s12,rapid,20,unguided,102400,44,3,62,27,27,56,quiesced,true,0.0000
band0_depth2_s12,rapid,20,unguided,204800,44,3,62,27,27,56,quiesced,true,0.0000
band0_depth2_s12,rapid,20,oracle,25,25,2,7,27,27,56,app_budget,false,0.0000
band0_depth2_s12,rapid,20,oracle,50,44,3,7,27,27,56,quiesced,false,0.0000
band0_depth2_s12,rapid,20,oracle,100,44,3,7,27,27,56,quiesced,true,0.0000
band0_depth2_s12,rapid,20,oracle,200,44,3,7,27,27,56,quiesced,true,0.0000
band0_depth2_s12,rapid,20,oracle,400,44,3,7,27,27,56,quiesced,true,0.0000
band0_depth2_s12,rapid,20,oracle,800,44,3,7,27,27,56,quiesced,true,0.0000
band0_depth2_s12,rapid,20,oracle,1600,44,3,7,27,27,56,quiesced,true,0.0000
band0_depth2_s12,rapid,20,oracle,3200,44,3,7,27,27,56,quiesced,true,0.0000
band0_depth2_s12,rapid,20,oracle,6400,44,3,7,27,27,56,quiesced,true,0.0000
band0_depth2_s12,rapid,20,oracle,12800,44,3,7,27,27,56,quiesced,true,0.0000
band0_depth2_s12,rapid,20,oracle,25600,44,3,7,27,27,56,quiesced,true,0.0000
band0_depth2_s12,rapid,20,oracle,51200,44,3,7,27,27,56,quiesced,true,0.0000
band0_depth2_s12,rapid,20,oracle,102400,44,3,7,27,27,56,quiesced,true,0.0000
band0_depth2_s12,rapid,20,oracle,204800,44,3,7,27,27,56,quiesced,true,0.0000
band0_depth2_s13,blitz,10,unguided,25,13,2,62,12,12,204,quiesced,false,0.0000
band0_depth2_s13,blitz,10,unguided,50,13,2,62,12,12,204,quiesced,true,0.0000
band0_depth2_s13,blitz,10,unguided,100,13,2,62,12,12,204,quiesced,true,0.0000
band0_depth2_s13,blitz,10,unguided,200,13,2,62,12,12,204,quiesced,true,0.0000
band0_depth2_s13,blitz,10,unguided,400,13,2,62,12,12,204,quiesced,true,0.0000
band0_depth2_s13,blitz,10,unguided,800,13,2,62,12,12,204,quiesced,true,0.0000
band0_depth2_s13,blitz,10,unguided,1600,13,2,62,12,12,204,quiesced,true,0.0000
band0_depth2_s13,blitz,10,unguided,3200,13,2,62,12,12,204,quiesced,true,0.0000
band0_depth2_s13,blitz,10,unguided,6400,13,2,62,12,12,204,quiesced,true,0.0000
band0_depth2_s13,blitz,10,unguided,12800,13,2,62,12,12,204,quiesced,true,0.0000
band0_depth2_s13,blitz,10,unguided,25600,13,2,62,12,12,204,quiesced,true,0.0000
band0_depth2_s13,blitz,10,unguided,51200,13,2,62,12,12,204,quiesced,true,0.0000
band0_depth2_s13,blitz,10,unguided,102400,13,2,62,12,12,204,quiesced,true,0.0000
band0_depth2_s13,blitz,10,unguided,204800,13,2,62,12,12,204,quiesced,true,0.0000
band0_depth2_s13,blitz,10,oracle,25,13,2,3,12,12,204,quiesced,false,0.0000
band0_depth2_s13,blitz,10,oracle,50,13,2,3,12,12,204,quiesced,true,0.0000
band0_depth2_s13,blitz,10,oracle,100,13,2,3,12,12,204,quiesced,true,0.0000
band0_depth2_s13,blitz,10,oracle,200,13,2,3,12,12,204,quiesced,true,0.0000
band0_depth2_s13,blitz,10,oracle,400,13,2,3,12,12,204,quiesced,true,0.0000
band0_depth2_s13,blitz,10,oracle,800,13,2,3,12,12,204,quiesced,true,0.0000
band0_depth2_s13,blitz,10,oracle,1600,13,2,3,12,12,204,quiesced,true,0.0000
band0_depth2_s13,blitz,10,oracle,3200,13,2,3,12,12,204,quiesced,true,0.0000
band0_depth2_s13,blitz,10,oracle,6400,13,2,3,12,12,204,quiesced,true,0.0000
band0_depth2_s13,blitz,10,oracle,12800,13,2,3,12,12,204,quiesced,true,0.0000
band0_depth2_s13,blitz,10,oracle,25600,13,2,3,12,12,204,quiesced,true,0.0000
band0_depth2_s13,blitz,10,oracle,51200,13,2,3,12,12,204,quiesced,true,0.0000
band0_depth2_s13,blitz,10,oracle,102400,13,2,3,12,12,204,quiesced,true,0.0000
band0_depth2_s13,blitz,10,oracle,204800,13,2,3,12,12,204,quiesced,true,0.0000
band0_depth2_s14,blitz,10,unguided,25,14,2,62,14,14,33,quiesced,false,0.0000
band0_depth2_s14,blitz,10,unguided,50,14,2,62,14,14,33,quiesced,true,0.0000
band0_depth2_s14,blitz,10,unguided,100,14,2,62,14,14,33,quiesced,true,0.0000
band0_depth2_s14,blitz,10,unguided,200,14,2,62,14,14,33,quiesced,true,0.0000
band0_depth2_s14,blitz,10,unguided,400,14,2,62,14,14,33,quiesced,true,0.0000
band0_depth2_s14,blitz,10,unguided,800,14,2,62,14,14,33,quiesced,true,0.0000
band0_depth2_s14,blitz,10,unguided,1600,14,2,62,14,14,33,quiesced,true,0.0000
band0_depth2_s14,blitz,10,unguided,3200,14,2,62,14,14,33,quiesced,true,0.0000
band0_depth2_s14,blitz,10,unguided,6400,14,2,62,14,14,33,quiesced,true,0.0000
band0_depth2_s14,blitz,10,unguided,12800,14,2,62,14,14,33,quiesced,true,0.0000
band0_depth2_s14,blitz,10,unguided,25600,14,2,62,14,14,33,quiesced,true,0.0000
band0_depth2_s14,blitz,10,unguided,51200,14,2,62,14,14,33,quiesced,true,0.0000
band0_depth2_s14,blitz,10,unguided,102400,14,2,62,14,14,33,quiesced,true,0.0000
band0_depth2_s14,blitz,10,unguided,204800,14,2,62,14,14,33,quiesced,true,0.0000
band0_depth2_s14,blitz,10,oracle,25,14,2,5,14,14,33,quiesced,false,0.0000
band0_depth2_s14,blitz,10,oracle,50,14,2,5,14,14,33,quiesced,true,0.0000
band0_depth2_s14,blitz,10,oracle,100,14,2,5,14,14,33,quiesced,true,0.0000
band0_depth2_s14,blitz,10,oracle,200,14,2,5,14,14,33,quiesced,true,0.0000
band0_depth2_s14,blitz,10,oracle,400,14,2,5,14,14,33,quiesced,true,0.0000
band0_depth2_s14,blitz,10,oracle,800,14,2,5,14,14,33,quiesced,true,0.0000
band0_depth2_s14,blitz,10,oracle,1600,14,2,5,14,14,33,quiesced,true,0.0000
band0_depth2_s14,blitz,10,oracle,3200,14,2,5,14,14,33,quiesced,true,0.0000
band0_depth2_s14,blitz,10,oracle,6400,14,2,5,14,14,33,quiesced,true,0.0000
band0_depth2_s14,blitz,10,oracle,12800,14,2,5,14,14,33,quiesced,true,0.0000
band0_depth2_s14,blitz,10,oracle,25600,14,2,5,14,14,33,quiesced,true,0.0000
band0_depth2_s14,blitz,10,oracle,51200,14,2,5,14,14,33,quiesced,true,0.0000
band0_depth2_s14,blitz,10,oracle,102400,14,2,5,14,14,33,quiesced,true,0.0000
band0_depth2_s14,blitz,10,oracle,204800,14,2,5,14,14,33,quiesced,true,0.0000
band0_depth2_s15,blitz,6,unguided,25,10,2,62,8,8,74,quiesced,false,0.0000
band0_depth2_s15,blitz,6,unguided,50,10,2,62,8,8,74,quiesced,true,0.0000
band0_depth2_s15,blitz,6,unguided,100,10,2,62,8,8,74,quiesced,true,0.0000
band0_depth2_s15,blitz,6,unguided,200,10,2,62,8,8,74,quiesced,true,0.0000
band0_depth2_s15,blitz,6,unguided,400,10,2,62,8,8,74,quiesced,true,0.0000
band0_depth2_s15,blitz,6,unguided,800,10,2,62,8,8,74,quiesced,true,0.0000
band0_depth2_s15,blitz,6,unguided,1600,10,2,62,8,8,74,quiesced,true,0.0000
band0_depth2_s15,blitz,6,unguided,3200,10,2,62,8,8,74,quiesced,true,0.0000
band0_depth2_s15,blitz,6,unguided,6400,10,2,62,8,8,74,quiesced,true,0.0000
band0_depth2_s15,blitz,6,unguided,12800,10,2,62,8,8,74,quiesced,true,0.0000
band0_depth2_s15,blitz,6,unguided,25600,10,2,62,8,8,74,quiesced,true,0.0000
band0_depth2_s15,blitz,6,unguided,51200,10,2,62,8,8,74,quiesced,true,0.0000
band0_depth2_s15,blitz,6,unguided,102400,10,2,62,8,8,74,quiesced,true,0.0000
band0_depth2_s15,blitz,6,unguided,204800,10,2,62,8,8,74,quiesced,true,0.0000
band0_depth2_s15,blitz,6,oracle,25,10,2,3,8,8,74,quiesced,false,0.0000
band0_depth2_s15,blitz,6,oracle,50,10,2,3,8,8,74,quiesced,true,0.0000
band0_depth2_s15,blitz,6,oracle,100,10,2,3,8,8,74,quiesced,true,0.0000
band0_depth2_s15,blitz,6,oracle,200,10,2,3,8,8,74,quiesced,true,0.0000
band0_depth2_s15,blitz,6,oracle,400,10,2,3,8,8,74,quiesced,true,0.0000
band0_depth2_s15,blitz,6,oracle,800,10,2,3,8,8,74,quiesced,true,0.0000
band0_depth2_s15,blitz,6,oracle,1600,10,2,3,8,8,74,quiesced,true,0.0000
band0_depth2_s15,blitz,6,oracle,3200,10,2,3,8,8,74,quiesced,true,0.0000
band0_depth2_s15,blitz,6,oracle,6400,10,2,3,8,8,74,quiesced,true,0.0000
band0_depth2_s15,blitz,6,oracle,12800,10,2,3,8,8,74,quiesced,true,0.0000
band0_depth2_s15,blitz,6,oracle,25600,10,2,3,8,8,74,quiesced,true,0.0000
band0_depth2_s15,blitz,6,oracle,51200,10,2,3,8,8,74,quiesced,true,0.0000
band0_depth2_s15,blitz,6,oracle,102400,10,2,3,8,8,74,quiesced,true,0.0000
band0_depth2_s15,blitz,6,oracle,204800,10,2,3,8,8,74,quiesced,true,0.0000
band0_depth2_s16,blitz,7,unguided,25,10,2,62,8,8,162,quiesced,false,0.0000
band0_depth2_s16,blitz,7,unguided,50,10,2,62,8,8,162,quiesced,true,0.0000
band0_depth2_s16,blitz,7,unguided,100,10,2,62,8,8,162,quiesced,true,0.0000
band0_depth2_s16,blitz,7,unguided,200,10,2,62,8,8,162,quiesced,true,0.0000
band0_depth2_s16,blitz,7,unguided,400,10,2,62,8,8,162,quiesced,true,0.0000
band0_depth2_s16,blitz,7,unguided,800,10,2,62,8,8,162,quiesced,true,0.0000
band0_depth2_s16,blitz,7,unguided,1600,10,2,62,8,8,162,quiesced,true,0.0000
band0_depth2_s16,blitz,7,unguided,3200,10,2,62,8,8,162,quiesced,true,0.0000
band0_depth2_s16,blitz,7,unguided,6400,10,2,62,8,8,162,quiesced,true,0.0000
band0_depth2_s16,blitz,7,unguided,12800,10,2,62,8,8,162,quiesced,true,0.0000
band0_depth2_s16,blitz,7,unguided,25600,10,2,62,8,8,162,quiesced,true,0.0000
band0_depth2_s16,blitz,7,unguided,51200,10,2,62,8,8,162,quiesced,true,0.0000
band0_depth2_s16,blitz,7,unguided,102400,10,2,62,8,8,162,quiesced,true,0.0000
band0_depth2_s16,blitz,7,unguided,204800,10,2,62,8,8,162,quiesced,true,0.0000
band0_depth2_s16,blitz,7,oracle,25,10,2,2,8,8,162,quiesced,false,0.0000
band0_depth2_s16,blitz,7,oracle,50,10,2,2,8,8,162,quiesced,true,0.0000
band0_depth2_s16,blitz,7,oracle,100,10,2,2,8,8,162,quiesced,true,0.0000
band0_depth2_s16,blitz,7,oracle,200,10,2,2,8,8,162,quiesced,true,0.0000
band0_depth2_s16,blitz,7,oracle,400,10,2,2,8,8,162,quiesced,true,0.0000
band0_depth2_s16,blitz,7,oracle,800,10,2,2,8,8,162,quiesced,true,0.0000
band0_depth2_s16,blitz,7,oracle,1600,10,2,2,8,8,162,quiesced,true,0.0000
band0_depth2_s16,blitz,7,oracle,3200,10,2,2,8,8,162,quiesced,true,0.0000
band0_depth2_s16,blitz,7,oracle,6400,10,2,2,8,8,162,quiesced,true,0.0000
band0_depth2_s16,blitz,7,oracle,12800,10,2,2,8,8,162,quiesced,true,0.0000
band0_depth2_s16,blitz,7,oracle,25600,10,2,2,8,8,162,quiesced,true,0.0000
band0_depth2_s16,blitz,7,oracle,51200,10,2,2,8,8,162,quiesced,true,0.0000
band0_depth2_s16,blitz,7,oracle,102400,10,2,2,8,8,162,quiesced,true,0.0000
band0_depth2_s16,blitz,7,oracle,204800,10,2,2,8,8,162,quiesced,true,0.0000
band0_depth2_s17,blitz,7,unguided,25,8,2,62,10,10,94,quiesced,false,0.0000
band0_depth2_s17,blitz,7,unguided,50,8,2,62,10,10,94,quiesced,true,0.0000
band0_depth2_s17,blitz,7,unguided,100,8,2,62,10,10,94,quiesced,true,0.0000
band0_depth2_s17,blitz,7,unguided,200,8,2,62,10,10,94,quiesced,true,0.0000
band0_depth2_s17,blitz,7,unguided,400,8,2,62,10,10,94,quiesced,true,0.0000
band0_depth2_s17,blitz,7,unguided,800,8,2,62,10,10,94,quiesced,true,0.0000
band0_depth2_s17,blitz,7,unguided,1600,8,2,62,10,10,94,quiesced,true,0.0000
band0_depth2_s17,blitz,7,unguided,3200,8,2,62,10,10,94,quiesced,true,0.0000
band0_depth2_s17,blitz,7,unguided,6400,8,2,62,10,10,94,quiesced,true,0.0000
band0_depth2_s17,blitz,7,unguided,12800,8,2,62,10,10,94,quiesced,true,0.0000
band0_depth2_s17,blitz,7,unguided,25600,8,2,62,10,10,94,quiesced,true,0.0000
band0_depth2_s17,blitz,7,unguided,51200,8,2,62,10,10,94,quiesced,true,0.0000
band0_depth2_s17,blitz,7,unguided,102400,8,2,62,10,10,94,quiesced,true,0.0000
band0_depth2_s17,blitz,7,unguided,204800,8,2,62,10,10,94,quiesced,true,0.0000
band0_depth2_s17,blitz,7,oracle,25,8,2,3,10,10,94,quiesced,false,0.0000
band0_depth2_s17,blitz,7,oracle,50,8,2,3,10,10,94,quiesced,true,0.0000
band0_depth2_s17,blitz,7,oracle,100,8,2,3,10,10,94,quiesced,true,0.0000
band0_depth2_s17,blitz,7,oracle,200,8,2,3,10,10,94,quiesced,true,0.0000
band0_depth2_s17,blitz,7,oracle,400,8,2,3,10,10,94,quiesced,true,0.0000
band0_depth2_s17,blitz,7,oracle,800,8,2,3,10,10,94,quiesced,true,0.0000
band0_depth2_s17,blitz,7,oracle,1600,8,2,3,10,10,94,quiesced,true,0.0000
band0_depth2_s17,blitz,7,oracle,3200,8,2,3,10,10,94,quiesced,true,0.0000
band0_depth2_s17,blitz,7,oracle,6400,8,2,3,10,10,94,quiesced,true,0.0000
band0_depth2_s17,blitz,7,oracle,12800,8,2,3,10,10,94,quiesced,true,0.0000
band0_depth2_s17,blitz,7,oracle,25600,8,2,3,10,10,94,quiesced,true,0.0000
band0_depth2_s17,blitz,7,oracle,51200,8,2,3,10,10,94,quiesced,true,0.0000
band0_depth2_s17,blitz,7,oracle,102400,8,2,3,10,10,94,quiesced,true,0.0000
band0_depth2_s17,blitz,7,oracle,204800,8,2,3,10,10,94,quiesced,true,0.0000
band0_depth2_s18,rapid,15,unguided,25,21,2,62,24,24,48,quiesced,false,0.0000
band0_depth2_s18,rapid,15,unguided,50,21,2,62,24,24,48,quiesced,true,0.0000
band0_depth2_s18,rapid,15,unguided,100,21,2,62,24,24,48,quiesced,true,0.0000
band0_depth2_s18,rapid,15,unguided,200,21,2,62,24,24,48,quiesced,true,0.0000
band0_depth2_s18,rapid,15,unguided,400,21,2,62,24,24,48,quiesced,true,0.0000
band0_depth2_s18,rapid,15,unguided,800,21,2,62,24,24,48,quiesced,true,0.0000
band0_depth2_s18,rapid,15,unguided,1600,21,2,62,24,24,48,quiesced,true,0.0000
band0_depth2_s18,rapid,15,unguided,3200,21,2,62,24,24,48,quiesced,true,0.0000
band0_depth2_s18,rapid,15,unguided,6400,21,2,62,24,24,48,quiesced,true,0.0000
band0_depth2_s18,rapid,15,unguided,12800,21,2,62,24,24,48,quiesced,true,0.0000
band0_depth2_s18,rapid,15,unguided,25600,21,2,62,24,24,48,quiesced,true,0.0000
band0_depth2_s18,rapid,15,unguided,51200,21,2,62,24,24,48,quiesced,true,0.0000
band0_depth2_s18,rapid,15,unguided,102400,21,2,62,24,24,48,quiesced,true,0.0000
band0_depth2_s18,rapid,15,unguided,204800,21,2,62,24,24,48,quiesced,true,0.0000
band0_depth2_s18,rapid,15,oracle,25,21,2,7,24,24,48,quiesced,false,0.0000
band0_depth2_s18,rapid,15,oracle,50,21,2,7,24,24,48,quiesced,true,0.0000
band0_depth2_s18,rapid,15,oracle,100,21,2,7,24,24,48,quiesced,true,0.0000
band0_depth2_s18,rapid,15,oracle,200,21,2,7,24,24,48,quiesced,true,0.0000
band0_depth2_s18,rapid,15,oracle,400,21,2,7,24,24,48,quiesced,true,0.0000
band0_depth2_s18,rapid,15,oracle,800,21,2,7,24,24,48,quiesced,true,0.0000
band0_depth2_s18,rapid,15,oracle,1600,21,2,7,24,24,48,quiesced,true,0.0000
band0_depth2_s18,rapid,15,oracle,3200,21,2,7,24,24,48,quiesced,true,0.0000
band0_depth2_s18,rapid,15,oracle,6400,21,2,7,24,24,48,quiesced,true,0.0000
band0_depth2_s18,rapid,15,oracle,12800,21,2,7,24,24,48,quiesced,true,0.0000
band0_depth2_s18,rapid,15,oracle,25600,21,2,7,24,24,48,quiesced,true,0.0000
band0_depth2_s18,rapid,15,oracle,51200,21,2,7,24,24,48,quiesced,true,0.0000
band0_depth2_s18,rapid,15,oracle,102400,21,2,7,24,24,48,quiesced,true,0.0000
band0_depth2_s18,rapid,15,oracle,204800,21,2,7,24,24,48,quiesced,true,0.0000
band0_depth2_s19,blitz,9,unguided,25,15,2,62,12,12,7,quiesced,false,0.0000
band0_depth2_s19,blitz,9,unguided,50,15,2,62,12,12,7,quiesced,true,0.0000
band0_depth2_s19,blitz,9,unguided,100,15,2,62,12,12,7,quiesced,true,0.0000
band0_depth2_s19,blitz,9,unguided,200,15,2,62,12,12,7,quiesced,true,0.0000
band0_depth2_s19,blitz,9,unguided,400,15,2,62,12,12,7,quiesced,true,0.0000
band0_depth2_s19,blitz,9,unguided,800,15,2,62,12,12,7,quiesced,true,0.0000
band0_depth2_s19,blitz,9,unguided,1600,15,2,62,12,12,7,quiesced,true,0.0000
band0_depth2_s19,blitz,9,unguided,3200,15,2,62,12,12,7,quiesced,true,0.0000
band0_depth2_s19,blitz,9,unguided,6400,15,2,62,12,12,7,quiesced,true,0.0000
band0_depth2_s19,blitz,9,unguided,12800,15,2,62,12,12,7,quiesced,true,0.0000
band0_depth2_s19,blitz,9,unguided,25600,15,2,62,12,12,7,quiesced,true,0.0000
band0_depth2_s19,blitz,9,unguided,51200,15,2,62,12,12,7,quiesced,true,0.0000
band0_depth2_s19,blitz,9,unguided,102400,15,2,62,12,12,7,quiesced,true,0.0000
band0_depth2_s19,blitz,9,unguided,204800,15,2,62,12,12,7,quiesced,true,0.0000
band0_depth2_s19,blitz,9,oracle,25,15,2,4,12,12,7,quiesced,false,0.0000
band0_depth2_s19,blitz,9,oracle,50,15,2,4,12,12,7,quiesced,true,0.0000
band0_depth2_s19,blitz,9,oracle,100,15,2,4,12,12,7,quiesced,true,0.0000
band0_depth2_s19,blitz,9,oracle,200,15,2,4,12,12,7,quiesced,true,0.0000
band0_depth2_s19,blitz,9,oracle,400,15,2,4,12,12,7,quiesced,true,0.0000
band0_depth2_s19,blitz,9,oracle,800,15,2,4,12,12,7,quiesced,true,0.0000
band0_depth2_s19,blitz,9,oracle,1600,15,2,4,12,12,7,quiesced,true,0.0000
band0_depth2_s19,blitz,9,oracle,3200,15,2,4,12,12,7,quiesced,true,0.0000
band0_depth2_s19,blitz,9,oracle,6400,15,2,4,12,12,7,quiesced,true,0.0000
band0_depth2_s19,blitz,9,oracle,12800,15,2,4,12,12,7,quiesced,true,0.0000
band0_depth2_s19,blitz,9,oracle,25600,15,2,4,12,12,7,quiesced,true,0.0000
band0_depth2_s19,blitz,9,oracle,51200,15,2,4,12,12,7,quiesced,true,0.0000
band0_depth2_s19,blitz,9,oracle,102400,15,2,4,12,12,7,quiesced,true,0.0000
band0_depth2_s19,blitz,9,oracle,204800,15,2,4,12,12,7,quiesced,true,0.0000
band0_depth2_s20,rapid,13,unguided,25,20,2,62,17,17,28,quiesced,false,0.0000
band0_depth2_s20,rapid,13,unguided,50,20,2,62,17,17,28,quiesced,true,0.0000
band0_depth2_s20,rapid,13,unguided,100,20,2,62,17,17,28,quiesced,true,0.0000
band0_depth2_s20,rapid,13,unguided,200,20,2,62,17,17,28,quiesced,true,0.0000
band0_depth2_s20,rapid,13,unguided,400,20,2,62,17,17,28,quiesced,true,0.0000
band0_depth2_s20,rapid,13,unguided,800,20,2,62,17,17,28,quiesced,true,0.0000
band0_depth2_s20,rapid,13,unguided,1600,20,2,62,17,17,28,quiesced,true,0.0000
band0_depth2_s20,rapid,13,unguided,3200,20,2,62,17,17,28,quiesced,true,0.0000
band0_depth2_s20,rapid,13,unguided,6400,20,2,62,17,17,28,quiesced,true,0.0000
band0_depth2_s20,rapid,13,unguided,12800,20,2,62,17,17,28,quiesced,true,0.0000
band0_depth2_s20,rapid,13,unguided,25600,20,2,62,17,17,28,quiesced,true,0.0000
band0_depth2_s20,rapid,13,unguided,51200,20,2,62,17,17,28,quiesced,true,0.0000
band0_depth2_s20,rapid,13,unguided,102400,20,2,62,17,17,28,quiesced,true,0.0000
band0_depth2_s20,rapid,13,unguided,204800,20,2,62,17,17,28,quiesced,true,0.0000
band0_depth2_s20,rapid,13,oracle,25,20,2,5,17,17,28,quiesced,false,0.0000
band0_depth2_s20,rapid,13,oracle,50,20,2,5,17,17,28,quiesced,true,0.0000
band0_depth2_s20,rapid,13,oracle,100,20,2,5,17,17,28,quiesced,true,0.0000
band0_depth2_s20,rapid,13,oracle,200,20,2,5,17,17,28,quiesced,true,0.0000
band0_depth2_s20,rapid,13,oracle,400,20,2,5,17,17,28,quiesced,true,0.0000
band0_depth2_s20,rapid,13,oracle,800,20,2,5,17,17,28,quiesced,true,0.0000
band0_depth2_s20,rapid,13,oracle,1600,20,2,5,17,17,28,quiesced,true,0.0000
band0_depth2_s20,rapid,13,oracle,3200,20,2,5,17,17,28,quiesced,true,0.0000
band0_depth2_s20,rapid,13,oracle,6400,20,2,5,17,17,28,quiesced,true,0.0000
band0_depth2_s20,rapid,13,oracle,12800,20,2,5,17,17,28,quiesced,true,0.0000
band0_depth2_s20,rapid,13,oracle,25600,20,2,5,17,17,28,quiesced,true,0.0000
band0_depth2_s20,rapid,13,oracle,51200,20,2,5,17,17,28,quiesced,true,0.0000
band0_depth2_s20,rapid,13,oracle,102400,20,2,5,17,17,28,quiesced,true,0.0000
band0_depth2_s20,rapid,13,oracle,204800,20,2,5,17,17,28,quiesced,true,0.0000
band0_depth2_s21,rapid,13,unguided,25,25,2,62,34,34,88,app_budget,false,0.0000
band0_depth2_s21,rapid,13,unguided,50,50,3,62,42,42,88,app_budget,false,0.0000
band0_depth2_s21,rapid,13,unguided,100,100,4,62,43,43,88,app_budget,false,0.0000
band0_depth2_s21,rapid,13,unguided,200,155,5,62,43,43,88,quiesced,false,0.0000
band0_depth2_s21,rapid,13,unguided,400,155,5,62,43,43,88,quiesced,true,0.0000
band0_depth2_s21,rapid,13,unguided,800,155,5,62,43,43,88,quiesced,true,0.0000
band0_depth2_s21,rapid,13,unguided,1600,155,5,62,43,43,88,quiesced,true,0.0000
band0_depth2_s21,rapid,13,unguided,3200,155,5,62,43,43,88,quiesced,true,0.0000
band0_depth2_s21,rapid,13,unguided,6400,155,5,62,43,43,88,quiesced,true,0.0000
band0_depth2_s21,rapid,13,unguided,12800,155,5,62,43,43,88,quiesced,true,0.0000
band0_depth2_s21,rapid,13,unguided,25600,155,5,62,43,43,88,quiesced,true,0.0000
band0_depth2_s21,rapid,13,unguided,51200,155,5,62,43,43,88,quiesced,true,0.0000
band0_depth2_s21,rapid,13,unguided,102400,155,5,62,43,43,88,quiesced,true,0.0000
band0_depth2_s21,rapid,13,unguided,204800,155,5,62,43,43,88,quiesced,true,0.0000
band0_depth2_s21,rapid,13,oracle,25,25,2,10,34,34,88,app_budget,false,0.0000
band0_depth2_s21,rapid,13,oracle,50,50,3,10,42,42,88,app_budget,false,0.0000
band0_depth2_s21,rapid,13,oracle,100,100,4,10,43,43,88,app_budget,false,0.0000
band0_depth2_s21,rapid,13,oracle,200,151,5,10,43,43,88,quiesced,false,0.0000
band0_depth2_s21,rapid,13,oracle,400,151,5,10,43,43,88,quiesced,true,0.0000
band0_depth2_s21,rapid,13,oracle,800,151,5,10,43,43,88,quiesced,true,0.0000
band0_depth2_s21,rapid,13,oracle,1600,151,5,10,43,43,88,quiesced,true,0.0000
band0_depth2_s21,rapid,13,oracle,3200,151,5,10,43,43,88,quiesced,true,0.0000
band0_depth2_s21,rapid,13,oracle,6400,151,5,10,43,43,88,quiesced,true,0.0000
band0_depth2_s21,rapid,13,oracle,12800,151,5,10,43,43,88,quiesced,true,0.0000
band0_depth2_s21,rapid,13,oracle,25600,151,5,10,43,43,88,quiesced,true,0.0000
band0_depth2_s21,rapid,13,oracle,51200,151,5,10,43,43,88,quiesced,true,0.0000
band0_depth2_s21,rapid,13,oracle,102400,151,5,10,43,43,88,quiesced,true,0.0000
band0_depth2_s21,rapid,13,oracle,204800,151,5,10,43,43,88,quiesced,true,0.0000
band1_depth3_s0,rapid,21,unguided,25,25,2,62,33,33,206,app_budget,false,0.0000
band1_depth3_s0,rapid,21,unguided,50,50,3,62,37,37,206,app_budget,false,0.0000
band1_depth3_s0,rapid,21,unguided,100,86,4,62,37,37,206,quiesced,false,0.0000
band1_depth3_s0,rapid,21,unguided,200,86,4,62,37,37,206,quiesced,true,0.0000
band1_depth3_s0,rapid,21,unguided,400,86,4,62,37,37,206,quiesced,true,0.0000
band1_depth3_s0,rapid,21,unguided,800,86,4,62,37,37,206,quiesced,true,0.0000
band1_depth3_s0,rapid,21,unguided,1600,86,4,62,37,37,206,quiesced,true,0.0000
band1_depth3_s0,rapid,21,unguided,3200,86,4,62,37,37,206,quiesced,true,0.0000
band1_depth3_s0,rapid,21,unguided,6400,86,4,62,37,37,206,quiesced,true,0.0000
band1_depth3_s0,rapid,21,unguided,12800,86,4,62,37,37,206,quiesced,true,0.0000
band1_depth3_s0,rapid,21,unguided,25600,86,4,62,37,37,206,quiesced,true,0.0000
band1_depth3_s0,rapid,21,unguided,51200,86,4,62,37,37,206,quiesced,true,0.0000
band1_depth3_s0,rapid,21,unguided,102400,86,4,62,37,37,206,quiesced,true,0.0000
band1_depth3_s0,rapid,21,unguided,204800,86,4,62,37,37,206,quiesced,true,0.0000
band1_depth3_s0,rapid,21,oracle,25,25,2,8,33,33,206,app_budget,false,0.0000
band1_depth3_s0,rapid,21,oracle,50,50,3,8,37,37,206,app_budget,false,0.0000
band1_depth3_s0,rapid,21,oracle,100,86,4,8,37,37,206,quiesced,false,0.0000
band1_depth3_s0,rapid,21,oracle,200,86,4,8,37,37,206,quiesced,true,0.0000
band1_depth3_s0,rapid,21,oracle,400,86,4,8,37,37,206,quiesced,true,0.0000
band1_depth3_s0,rapid,21,oracle,800,86,4,8,37,37,206,quiesced,true,0.0000
band1_depth3_s0,rapid,21,oracle,1600,86,4,8,37,37,206,quiesced,true,0.0000
band1_depth3_s0,rapid,21,oracle,3200,86,4,8,37,37,206,quiesced,true,0.0000
band1_depth3_s0,rapid,21,oracle,6400,86,4,8,37,37,206,quiesced,true,0.0000
band1_depth3_s0,rapid,21,oracle,12800,86,4,8,37,37,206,quiesced,true,0.0000
band1_depth3_s0,rapid,21,oracle,25600,86,4,8,37,37,206,quiesced,true,0.0000
band1_depth3_s0,rapid,21,oracle,51200,86,4,8,37,37,206,quiesced,true,0.0000
band1_depth3_s0,rapid,21,oracle,102400,86,4,8,37,37,206,quiesced,true,0.0000
band1_depth3_s0,rapid,21,oracle,204800,86,4,8,37,37,206,quiesced,true,0.0000
band1_depth3_s1,blitz,7,unguided,25,6,2,62,8,8,160,quiesced,false,0.0000
band1_depth3_s1,blitz,7,unguided,50,6,2,62,8,8,160,quiesced,true,0.0000
band1_depth3_s1,blitz,7,unguided,100,6,2,62,8,8,160,quiesced,true,0.0000
band1_depth3_s1,blitz,7,unguided,200,6,2,62,8,8,160,quiesced,true,0.0000
band1_depth3_s1,blitz,7,unguided,400,6,2,62,8,8,160,quiesced,true,0.0000
band1_depth3_s1,blitz,7,unguided,800,6,2,62,8,8,160,quiesced,true,0.0000
band1_depth3_s1,blitz,7,unguided,1600,6,2,62,8,8,160,quiesced,true,0.0000
band1_depth3_s1,blitz,7,unguided,3200,6,2,62,8,8,160,quiesced,true,0.0000
band1_depth3_s1,blitz,7,unguided,6400,6,2,62,8,8,160,quiesced,true,0.0000
band1_depth3_s1,blitz,7,unguided,12800,6,2,62,8,8,160,quiesced,true,0.0000
band1_depth3_s1,blitz,7,unguided,25600,6,2,62,8,8,160,quiesced,true,0.0000
band1_depth3_s1,blitz,7,unguided,51200,6,2,62,8,8,160,quiesced,true,0.0000
band1_depth3_s1,blitz,7,unguided,102400,6,2,62,8,8,160,quiesced,true,0.0000
band1_depth3_s1,blitz,7,unguided,204800,6,2,62,8,8,160,quiesced,true,0.0000
band1_depth3_s1,blitz,7,oracle,25,6,2,1,8,8,160,quiesced,false,0.0000
band1_depth3_s1,blitz,7,oracle,50,6,2,1,8,8,160,quiesced,true,0.0000
band1_depth3_s1,blitz,7,oracle,100,6,2,1,8,8,160,quiesced,true,0.0000
band1_depth3_s1,blitz,7,oracle,200,6,2,1,8,8,160,quiesced,true,0.0000
band1_depth3_s1,blitz,7,oracle,400,6,2,1,8,8,160,quiesced,true,0.0000
band1_depth3_s1,blitz,7,oracle,800,6,2,1,8,8,160,quiesced,true,0.0000
band1_depth3_s1,blitz,7,oracle,1600,6,2,1,8,8,160,quiesced,true,0.0000
band1_depth3_s1,blitz,7,oracle,3200,6,2,1,8,8,160,quiesced,true,0.0000
band1_depth3_s1,blitz,7,oracle,6400,6,2,1,8,8,160,quiesced,true,0.0000
band1_depth3_s1,blitz,7,oracle,12800,6,2,1,8,8,160,quiesced,true,0.0000
band1_depth3_s1,blitz,7,oracle,25600,6,2,1,8,8,160,quiesced,true,0.0000
band1_depth3_s1,blitz,7,oracle,51200,6,2,1,8,8,160,quiesced,true,0.0000
band1_depth3_s1,blitz,7,oracle,102400,6,2,1,8,8,160,quiesced,true,0.0000
band1_depth3_s1,blitz,7,oracle,204800,6,2,1,8,8,160,quiesced,true,0.0000
band1_depth3_s2,rapid,31,unguided,25,25,1,62,45,45,193,app_budget,false,2.1164
band1_depth3_s2,rapid,31,unguided,50,50,2,62,47,47,189,app_budget,false,0.0000
band1_depth3_s2,rapid,31,unguided,100,100,3,62,54,54,189,app_budget,false,0.0000
band1_depth3_s2,rapid,31,unguided,200,200,5,62,57,57,189,app_budget,false,0.0000
band1_depth3_s2,rapid,31,unguided,400,268,6,62,57,57,189,quiesced,false,0.0000
band1_depth3_s2,rapid,31,unguided,800,268,6,62,57,57,189,quiesced,true,0.0000
band1_depth3_s2,rapid,31,unguided,1600,268,6,62,57,57,189,quiesced,true,0.0000
band1_depth3_s2,rapid,31,unguided,3200,268,6,62,57,57,189,quiesced,true,0.0000
band1_depth3_s2,rapid,31,unguided,6400,268,6,62,57,57,189,quiesced,true,0.0000
band1_depth3_s2,rapid,31,unguided,12800,268,6,62,57,57,189,quiesced,true,0.0000
band1_depth3_s2,rapid,31,unguided,25600,268,6,62,57,57,189,quiesced,true,0.0000
band1_depth3_s2,rapid,31,unguided,51200,268,6,62,57,57,189,quiesced,true,0.0000
band1_depth3_s2,rapid,31,unguided,102400,268,6,62,57,57,189,quiesced,true,0.0000
band1_depth3_s2,rapid,31,unguided,204800,268,6,62,57,57,189,quiesced,true,0.0000
band1_depth3_s2,rapid,31,oracle,25,25,1,10,46,46,193,app_budget,false,2.1164
band1_depth3_s2,rapid,31,oracle,50,50,2,10,48,48,189,app_budget,false,0.0000
band1_depth3_s2,rapid,31,oracle,100,100,3,10,54,54,189,app_budget,false,0.0000
band1_depth3_s2,rapid,31,oracle,200,200,5,10,57,57,189,app_budget,false,0.0000
band1_depth3_s2,rapid,31,oracle,400,263,6,10,57,57,189,quiesced,false,0.0000
band1_depth3_s2,rapid,31,oracle,800,263,6,10,57,57,189,quiesced,true,0.0000
band1_depth3_s2,rapid,31,oracle,1600,263,6,10,57,57,189,quiesced,true,0.0000
band1_depth3_s2,rapid,31,oracle,3200,263,6,10,57,57,189,quiesced,true,0.0000
band1_depth3_s2,rapid,31,oracle,6400,263,6,10,57,57,189,quiesced,true,0.0000
band1_depth3_s2,rapid,31,oracle,12800,263,6,10,57,57,189,quiesced,true,0.0000
band1_depth3_s2,rapid,31,oracle,25600,263,6,10,57,57,189,quiesced,true,0.0000
band1_depth3_s2,rapid,31,oracle,51200,263,6,10,57,57,189,quiesced,true,0.0000
band1_depth3_s2,rapid,31,oracle,102400,263,6,10,57,57,189,quiesced,true,0.0000
band1_depth3_s2,rapid,31,oracle,204800,263,6,10,57,57,189,quiesced,true,0.0000
band1_depth3_s3,rapid,27,unguided,25,25,1,62,55,55,309,app_budget,false,6.5517
band1_depth3_s3,rapid,27,unguided,50,50,2,62,62,62,306,app_budget,false,5.5172
band1_depth3_s3,rapid,27,unguided,100,100,3,62,69,69,302,app_budget,false,4.1379
band1_depth3_s3,rapid,27,unguided,200,200,4,62,89,89,302,app_budget,false,4.1379
band1_depth3_s3,rapid,27,unguided,400,400,5,62,157,157,290,app_budget,false,0.0000
band1_depth3_s3,rapid,27,unguided,800,800,7,62,251,251,290,app_budget,false,0.0000
band1_depth3_s3,rapid,27,unguided,1600,1600,9,62,277,277,290,app_budget,false,0.0000
band1_depth3_s3,rapid,27,unguided,3200,2597,11,62,278,278,290,quiesced,false,0.0000
band1_depth3_s3,rapid,27,unguided,6400,2597,11,62,278,278,290,quiesced,true,0.0000
band1_depth3_s3,rapid,27,unguided,12800,2597,11,62,278,278,290,quiesced,true,0.0000
band1_depth3_s3,rapid,27,unguided,25600,2597,11,62,278,278,290,quiesced,true,0.0000
band1_depth3_s3,rapid,27,unguided,51200,2597,11,62,278,278,290,quiesced,true,0.0000
band1_depth3_s3,rapid,27,unguided,102400,2597,11,62,278,278,290,quiesced,true,0.0000
band1_depth3_s3,rapid,27,unguided,204800,2597,11,62,278,278,290,quiesced,true,0.0000
band1_depth3_s3,rapid,27,oracle,25,25,1,11,55,55,309,app_budget,false,6.5517
band1_depth3_s3,rapid,27,oracle,50,50,2,11,62,62,306,app_budget,false,5.5172
band1_depth3_s3,rapid,27,oracle,100,100,3,11,69,69,302,app_budget,false,4.1379
band1_depth3_s3,rapid,27,oracle,200,200,4,11,93,93,302,app_budget,false,4.1379
band1_depth3_s3,rapid,27,oracle,400,400,5,11,159,159,290,app_budget,false,0.0000
band1_depth3_s3,rapid,27,oracle,800,800,7,11,255,255,290,app_budget,false,0.0000
band1_depth3_s3,rapid,27,oracle,1600,1600,9,11,277,277,290,app_budget,false,0.0000
band1_depth3_s3,rapid,27,oracle,3200,2589,11,11,278,278,290,quiesced,false,0.0000
band1_depth3_s3,rapid,27,oracle,6400,2589,11,11,278,278,290,quiesced,true,0.0000
band1_depth3_s3,rapid,27,oracle,12800,2589,11,11,278,278,290,quiesced,true,0.0000
band1_depth3_s3,rapid,27,oracle,25600,2589,11,11,278,278,290,quiesced,true,0.0000
band1_depth3_s3,rapid,27,oracle,51200,2589,11,11,278,278,290,quiesced,true,0.0000
band1_depth3_s3,rapid,27,oracle,102400,2589,11,11,278,278,290,quiesced,true,0.0000
band1_depth3_s3,rapid,27,oracle,204800,2589,11,11,278,278,290,quiesced,true,0.0000
band1_depth3_s4,rapid,30,unguided,25,25,1,62,49,49,376,app_budget,false,110.0559
band1_depth3_s4,rapid,30,unguided,50,50,2,62,54,54,372,app_budget,false,107.8212
band1_depth3_s4,rapid,30,unguided,100,100,3,62,59,59,372,app_budget,false,107.8212
band1_depth3_s4,rapid,30,unguided,200,200,4,62,96,96,187,app_budget,false,4.4693
band1_depth3_s4,rapid,30,unguided,400,400,5,62,148,148,179,app_budget,false,0.0000
band1_depth3_s4,rapid,30,unguided,800,800,7,62,152,152,179,app_budget,false,0.0000
band1_depth3_s4,rapid,30,unguided,1600,1028,8,62,152,152,179,quiesced,false,0.0000
band1_depth3_s4,rapid,30,unguided,3200,1028,8,62,152,152,179,quiesced,true,0.0000
band1_depth3_s4,rapid,30,unguided,6400,1028,8,62,152,152,179,quiesced,true,0.0000
band1_depth3_s4,rapid,30,unguided,12800,1028,8,62,152,152,179,quiesced,true,0.0000
band1_depth3_s4,rapid,30,unguided,25600,1028,8,62,152,152,179,quiesced,true,0.0000
band1_depth3_s4,rapid,30,unguided,51200,1028,8,62,152,152,179,quiesced,true,0.0000
band1_depth3_s4,rapid,30,unguided,102400,1028,8,62,152,152,179,quiesced,true,0.0000
band1_depth3_s4,rapid,30,unguided,204800,1028,8,62,152,152,179,quiesced,true,0.0000
band1_depth3_s4,rapid,30,oracle,25,25,1,13,49,49,376,app_budget,false,110.0559
band1_depth3_s4,rapid,30,oracle,50,50,2,13,54,54,372,app_budget,false,107.8212
band1_depth3_s4,rapid,30,oracle,100,100,3,13,61,61,367,app_budget,false,105.0279
band1_depth3_s4,rapid,30,oracle,200,200,4,13,96,96,187,app_budget,false,4.4693
band1_depth3_s4,rapid,30,oracle,400,400,6,13,148,148,179,app_budget,false,0.0000
band1_depth3_s4,rapid,30,oracle,800,800,8,13,151,151,179,app_budget,false,0.0000
band1_depth3_s4,rapid,30,oracle,1600,1017,9,13,151,151,179,quiesced,false,0.0000
band1_depth3_s4,rapid,30,oracle,3200,1017,9,13,151,151,179,quiesced,true,0.0000
band1_depth3_s4,rapid,30,oracle,6400,1017,9,13,151,151,179,quiesced,true,0.0000
band1_depth3_s4,rapid,30,oracle,12800,1017,9,13,151,151,179,quiesced,true,0.0000
band1_depth3_s4,rapid,30,oracle,25600,1017,9,13,151,151,179,quiesced,true,0.0000
band1_depth3_s4,rapid,30,oracle,51200,1017,9,13,151,151,179,quiesced,true,0.0000
band1_depth3_s4,rapid,30,oracle,102400,1017,9,13,151,151,179,quiesced,true,0.0000
band1_depth3_s4,rapid,30,oracle,204800,1017,9,13,151,151,179,quiesced,true,0.0000
band1_depth3_s5,rapid,18,unguided,25,25,2,62,30,30,54,app_budget,false,0.0000
band1_depth3_s5,rapid,18,unguided,50,50,3,62,31,31,54,app_budget,false,0.0000
band1_depth3_s5,rapid,18,unguided,100,79,4,62,31,31,54,quiesced,false,0.0000
band1_depth3_s5,rapid,18,unguided,200,79,4,62,31,31,54,quiesced,true,0.0000
band1_depth3_s5,rapid,18,unguided,400,79,4,62,31,31,54,quiesced,true,0.0000
band1_depth3_s5,rapid,18,unguided,800,79,4,62,31,31,54,quiesced,true,0.0000
band1_depth3_s5,rapid,18,unguided,1600,79,4,62,31,31,54,quiesced,true,0.0000
band1_depth3_s5,rapid,18,unguided,3200,79,4,62,31,31,54,quiesced,true,0.0000
band1_depth3_s5,rapid,18,unguided,6400,79,4,62,31,31,54,quiesced,true,0.0000
band1_depth3_s5,rapid,18,unguided,12800,79,4,62,31,31,54,quiesced,true,0.0000
band1_depth3_s5,rapid,18,unguided,25600,79,4,62,31,31,54,quiesced,true,0.0000
band1_depth3_s5,rapid,18,unguided,51200,79,4,62,31,31,54,quiesced,true,0.0000
band1_depth3_s5,rapid,18,unguided,102400,79,4,62,31,31,54,quiesced,true,0.0000
band1_depth3_s5,rapid,18,unguided,204800,79,4,62,31,31,54,quiesced,true,0.0000
band1_depth3_s5,rapid,18,oracle,25,25,2,7,30,30,54,app_budget,false,0.0000
band1_depth3_s5,rapid,18,oracle,50,50,3,7,31,31,54,app_budget,false,0.0000
band1_depth3_s5,rapid,18,oracle,100,79,4,7,31,31,54,quiesced,false,0.0000
band1_depth3_s5,rapid,18,oracle,200,79,4,7,31,31,54,quiesced,true,0.0000
band1_depth3_s5,rapid,18,oracle,400,79,4,7,31,31,54,quiesced,true,0.0000
band1_depth3_s5,rapid,18,oracle,800,79,4,7,31,31,54,quiesced,true,0.0000
band1_depth3_s5,rapid,18,oracle,1600,79,4,7,31,31,54,quiesced,true,0.0000
band1_depth3_s5,rapid,18,oracle,3200,79,4,7,31,31,54,quiesced,true,0.0000
band1_depth3_s5,rapid,18,oracle,6400,79,4,7,31,31,54,quiesced,true,0.0000
band1_depth3_s5,rapid,18,oracle,12800,79,4,7,31,31,54,quiesced,true,0.0000
band1_depth3_s5,rapid,18,oracle,25600,79,4,7,31,31,54,quiesced,true,0.0000
band1_depth3_s5,rapid,18,oracle,51200,79,4,7,31,31,54,quiesced,true,0.0000
band1_depth3_s5,rapid,18,oracle,102400,79,4,7,31,31,54,quiesced,true,0.0000
band1_depth3_s5,rapid,18,oracle,204800,79,4,7,31,31,54,quiesced,true,0.0000
band1_depth3_s6,rapid,21,unguided,25,25,2,62,26,26,286,app_budget,false,0.0000
band1_depth3_s6,rapid,21,unguided,50,44,3,62,26,26,286,quiesced,false,0.0000
band1_depth3_s6,rapid,21,unguided,100,44,3,62,26,26,286,quiesced,true,0.0000
band1_depth3_s6,rapid,21,unguided,200,44,3,62,26,26,286,quiesced,true,0.0000
band1_depth3_s6,rapid,21,unguided,400,44,3,62,26,26,286,quiesced,true,0.0000
band1_depth3_s6,rapid,21,unguided,800,44,3,62,26,26,286,quiesced,true,0.0000
band1_depth3_s6,rapid,21,unguided,1600,44,3,62,26,26,286,quiesced,true,0.0000
band1_depth3_s6,rapid,21,unguided,3200,44,3,62,26,26,286,quiesced,true,0.0000
band1_depth3_s6,rapid,21,unguided,6400,44,3,62,26,26,286,quiesced,true,0.0000
band1_depth3_s6,rapid,21,unguided,12800,44,3,62,26,26,286,quiesced,true,0.0000
band1_depth3_s6,rapid,21,unguided,25600,44,3,62,26,26,286,quiesced,true,0.0000
band1_depth3_s6,rapid,21,unguided,51200,44,3,62,26,26,286,quiesced,true,0.0000
band1_depth3_s6,rapid,21,unguided,102400,44,3,62,26,26,286,quiesced,true,0.0000
band1_depth3_s6,rapid,21,unguided,204800,44,3,62,26,26,286,quiesced,true,0.0000
band1_depth3_s6,rapid,21,oracle,25,25,2,7,26,26,286,app_budget,false,0.0000
band1_depth3_s6,rapid,21,oracle,50,44,3,7,26,26,286,quiesced,false,0.0000
band1_depth3_s6,rapid,21,oracle,100,44,3,7,26,26,286,quiesced,true,0.0000
band1_depth3_s6,rapid,21,oracle,200,44,3,7,26,26,286,quiesced,true,0.0000
band1_depth3_s6,rapid,21,oracle,400,44,3,7,26,26,286,quiesced,true,0.0000
band1_depth3_s6,rapid,21,oracle,800,44,3,7,26,26,286,quiesced,true,0.0000
band1_depth3_s6,rapid,21,oracle,1600,44,3,7,26,26,286,quiesced,true,0.0000
band1_depth3_s6,rapid,21,oracle,3200,44,3,7,26,26,286,quiesced,true,0.0000
band1_depth3_s6,rapid,21,oracle,6400,44,3,7,26,26,286,quiesced,true,0.0000
band1_depth3_s6,rapid,21,oracle,12800,44,3,7,26,26,286,quiesced,true,0.0000
band1_depth3_s6,rapid,21,oracle,25600,44,3,7,26,26,286,quiesced,true,0.0000
band1_depth3_s6,rapid,21,oracle,51200,44,3,7,26,26,286,quiesced,true,0.0000
band1_depth3_s6,rapid,21,oracle,102400,44,3,7,26,26,286,quiesced,true,0.0000
band1_depth3_s6,rapid,21,oracle,204800,44,3,7,26,26,286,quiesced,true,0.0000
band1_depth3_s7,rapid,28,unguided,25,25,1,62,47,47,561,app_budget,false,201.6129
band1_depth3_s7,rapid,28,unguided,50,50,2,62,53,53,557,app_budget,false,199.4624
band1_depth3_s7,rapid,28,unguided,100,100,3,62,60,60,557,app_budget,false,199.4624
band1_depth3_s7,rapid,28,unguided,200,200,4,62,85,85,557,app_budget,false,199.4624
band1_depth3_s7,rapid,28,unguided,400,400,5,62,144,144,190,app_budget,false,2.1505
band1_depth3_s7,rapid,28,unguided,800,800,7,62,204,204,186,app_budget,false,0.0000
band1_depth3_s7,rapid,28,unguided,1600,1215,8,62,204,204,186,quiesced,false,0.0000
band1_depth3_s7,rapid,28,unguided,3200,1215,8,62,204,204,186,quiesced,true,0.0000
band1_depth3_s7,rapid,28,unguided,6400,1215,8,62,204,204,186,quiesced,true,0.0000
band1_depth3_s7,rapid,28,unguided,12800,1215,8,62,204,204,186,quiesced,true,0.0000
band1_depth3_s7,rapid,28,unguided,25600,1215,8,62,204,204,186,quiesced,true,0.0000
band1_depth3_s7,rapid,28,unguided,51200,1215,8,62,204,204,186,quiesced,true,0.0000
band1_depth3_s7,rapid,28,unguided,102400,1215,8,62,204,204,186,quiesced,true,0.0000
band1_depth3_s7,rapid,28,unguided,204800,1215,8,62,204,204,186,quiesced,true,0.0000
band1_depth3_s7,rapid,28,oracle,25,25,1,16,47,47,561,app_budget,false,201.6129
band1_depth3_s7,rapid,28,oracle,50,50,2,16,53,53,557,app_budget,false,199.4624
band1_depth3_s7,rapid,28,oracle,100,100,3,16,60,60,557,app_budget,false,199.4624
band1_depth3_s7,rapid,28,oracle,200,200,4,16,85,85,557,app_budget,false,199.4624
band1_depth3_s7,rapid,28,oracle,400,400,5,16,144,144,190,app_budget,false,2.1505
band1_depth3_s7,rapid,28,oracle,800,800,7,16,204,204,186,app_budget,false,0.0000
band1_depth3_s7,rapid,28,oracle,1600,1215,8,16,204,204,186,quiesced,false,0.0000
band1_depth3_s7,rapid,28,oracle,3200,1215,8,16,204,204,186,quiesced,true,0.0000
band1_depth3_s7,rapid,28,oracle,6400,1215,8,16,204,204,186,quiesced,true,0.0000
band1_depth3_s7,rapid,28,oracle,12800,1215,8,16,204,204,186,quiesced,true,0.0000
band1_depth3_s7,rapid,28,oracle,25600,1215,8,16,204,204,186,quiesced,true,0.0000
band1_depth3_s7,rapid,28,oracle,51200,1215,8,16,204,204,186,quiesced,true,0.0000
band1_depth3_s7,rapid,28,oracle,102400,1215,8,16,204,204,186,quiesced,true,0.0000
band1_depth3_s7,rapid,28,oracle,204800,1215,8,16,204,204,186,quiesced,true,0.0000
band1_depth3_s8,rapid,21,unguided,25,25,2,62,27,27,234,app_budget,false,0.0000
band1_depth3_s8,rapid,21,unguided,50,45,3,62,27,27,234,quiesced,false,0.0000
band1_depth3_s8,rapid,21,unguided,100,45,3,62,27,27,234,quiesced,true,0.0000
band1_depth3_s8,rapid,21,unguided,200,45,3,62,27,27,234,quiesced,true,0.0000
band1_depth3_s8,rapid,21,unguided,400,45,3,62,27,27,234,quiesced,true,0.0000
band1_depth3_s8,rapid,21,unguided,800,45,3,62,27,27,234,quiesced,true,0.0000
band1_depth3_s8,rapid,21,unguided,1600,45,3,62,27,27,234,quiesced,true,0.0000
band1_depth3_s8,rapid,21,unguided,3200,45,3,62,27,27,234,quiesced,true,0.0000
band1_depth3_s8,rapid,21,unguided,6400,45,3,62,27,27,234,quiesced,true,0.0000
band1_depth3_s8,rapid,21,unguided,12800,45,3,62,27,27,234,quiesced,true,0.0000
band1_depth3_s8,rapid,21,unguided,25600,45,3,62,27,27,234,quiesced,true,0.0000
band1_depth3_s8,rapid,21,unguided,51200,45,3,62,27,27,234,quiesced,true,0.0000
band1_depth3_s8,rapid,21,unguided,102400,45,3,62,27,27,234,quiesced,true,0.0000
band1_depth3_s8,rapid,21,unguided,204800,45,3,62,27,27,234,quiesced,true,0.0000
band1_depth3_s8,rapid,21,oracle,25,25,2,6,27,27,234,app_budget,false,0.0000
band1_depth3_s8,rapid,21,oracle,50,45,3,6,27,27,234,quiesced,false,0.0000
band1_depth3_s8,rapid,21,oracle,100,45,3,6,27,27,234,quiesced,true,0.0000
band1_depth3_s8,rapid,21,oracle,200,45,3,6,27,27,234,quiesced,true,0.0000
band1_depth3_s8,rapid,21,oracle,400,45,3,6,27,27,234,quiesced,true,0.0000
band1_depth3_s8,rapid,21,oracle,800,45,3,6,27,27,234,quiesced,true,0.0000
band1_depth3_s8,rapid,21,oracle,1600,45,3,6,27,27,234,quiesced,true,0.0000
band1_depth3_s8,rapid,21,oracle,3200,45,3,6,27,27,234,quiesced,true,0.0000
band1_depth3_s8,rapid,21,oracle,6400,45,3,6,27,27,234,quiesced,true,0.0000
band1_depth3_s8,rapid,21,oracle,12800,45,3,6,27,27,234,quiesced,true,0.0000
band1_depth3_s8,rapid,21,oracle,25600,45,3,6,27,27,234,quiesced,true,0.0000
band1_depth3_s8,rapid,21,oracle,51200,45,3,6,27,27,234,quiesced,true,0.0000
band1_depth3_s8,rapid,21,oracle,102400,45,3,6,27,27,234,quiesced,true,0.0000
band1_depth3_s8,rapid,21,oracle,204800,45,3,6,27,27,234,quiesced,true,0.0000
band1_depth3_s9,blitz,9,unguided,25,11,2,62,11,11,216,quiesced,false,0.0000
band1_depth3_s9,blitz,9,unguided,50,11,2,62,11,11,216,quiesced,true,0.0000
band1_depth3_s9,blitz,9,unguided,100,11,2,62,11,11,216,quiesced,true,0.0000
band1_depth3_s9,blitz,9,unguided,200,11,2,62,11,11,216,quiesced,true,0.0000
band1_depth3_s9,blitz,9,unguided,400,11,2,62,11,11,216,quiesced,true,0.0000
band1_depth3_s9,blitz,9,unguided,800,11,2,62,11,11,216,quiesced,true,0.0000
band1_depth3_s9,blitz,9,unguided,1600,11,2,62,11,11,216,quiesced,true,0.0000
band1_depth3_s9,blitz,9,unguided,3200,11,2,62,11,11,216,quiesced,true,0.0000
band1_depth3_s9,blitz,9,unguided,6400,11,2,62,11,11,216,quiesced,true,0.0000
band1_depth3_s9,blitz,9,unguided,12800,11,2,62,11,11,216,quiesced,true,0.0000
band1_depth3_s9,blitz,9,unguided,25600,11,2,62,11,11,216,quiesced,true,0.0000
band1_depth3_s9,blitz,9,unguided,51200,11,2,62,11,11,216,quiesced,true,0.0000
band1_depth3_s9,blitz,9,unguided,102400,11,2,62,11,11,216,quiesced,true,0.0000
band1_depth3_s9,blitz,9,unguided,204800,11,2,62,11,11,216,quiesced,true,0.0000
band1_depth3_s9,blitz,9,oracle,25,11,2,3,11,11,216,quiesced,false,0.0000
band1_depth3_s9,blitz,9,oracle,50,11,2,3,11,11,216,quiesced,true,0.0000
band1_depth3_s9,blitz,9,oracle,100,11,2,3,11,11,216,quiesced,true,0.0000
band1_depth3_s9,blitz,9,oracle,200,11,2,3,11,11,216,quiesced,true,0.0000
band1_depth3_s9,blitz,9,oracle,400,11,2,3,11,11,216,quiesced,true,0.0000
band1_depth3_s9,blitz,9,oracle,800,11,2,3,11,11,216,quiesced,true,0.0000
band1_depth3_s9,blitz,9,oracle,1600,11,2,3,11,11,216,quiesced,true,0.0000
band1_depth3_s9,blitz,9,oracle,3200,11,2,3,11,11,216,quiesced,true,0.0000
band1_depth3_s9,blitz,9,oracle,6400,11,2,3,11,11,216,quiesced,true,0.0000
band1_depth3_s9,blitz,9,oracle,12800,11,2,3,11,11,216,quiesced,true,0.0000
band1_depth3_s9,blitz,9,oracle,25600,11,2,3,11,11,216,quiesced,true,0.0000
band1_depth3_s9,blitz,9,oracle,51200,11,2,3,11,11,216,quiesced,true,0.0000
band1_depth3_s9,blitz,9,oracle,102400,11,2,3,11,11,216,quiesced,true,0.0000
band1_depth3_s9,blitz,9,oracle,204800,11,2,3,11,11,216,quiesced,true,0.0000
band1_depth3_s10,rapid,22,unguided,25,25,2,62,35,35,164,app_budget,false,0.0000
band1_depth3_s10,rapid,22,unguided,50,50,3,62,39,39,164,app_budget,false,0.0000
band1_depth3_s10,rapid,22,unguided,100,90,4,62,39,39,164,quiesced,false,0.0000
band1_depth3_s10,rapid,22,unguided,200,90,4,62,39,39,164,quiesced,true,0.0000
band1_depth3_s10,rapid,22,unguided,400,90,4,62,39,39,164,quiesced,true,0.0000
band1_depth3_s10,rapid,22,unguided,800,90,4,62,39,39,164,quiesced,true,0.0000
band1_depth3_s10,rapid,22,unguided,1600,90,4,62,39,39,164,quiesced,true,0.0000
band1_depth3_s10,rapid,22,unguided,3200,90,4,62,39,39,164,quiesced,true,0.0000
band1_depth3_s10,rapid,22,unguided,6400,90,4,62,39,39,164,quiesced,true,0.0000
band1_depth3_s10,rapid,22,unguided,12800,90,4,62,39,39,164,quiesced,true,0.0000
band1_depth3_s10,rapid,22,unguided,25600,90,4,62,39,39,164,quiesced,true,0.0000
band1_depth3_s10,rapid,22,unguided,51200,90,4,62,39,39,164,quiesced,true,0.0000
band1_depth3_s10,rapid,22,unguided,102400,90,4,62,39,39,164,quiesced,true,0.0000
band1_depth3_s10,rapid,22,unguided,204800,90,4,62,39,39,164,quiesced,true,0.0000
band1_depth3_s10,rapid,22,oracle,25,25,2,8,35,35,164,app_budget,false,0.0000
band1_depth3_s10,rapid,22,oracle,50,50,3,8,39,39,164,app_budget,false,0.0000
band1_depth3_s10,rapid,22,oracle,100,90,4,8,39,39,164,quiesced,false,0.0000
band1_depth3_s10,rapid,22,oracle,200,90,4,8,39,39,164,quiesced,true,0.0000
band1_depth3_s10,rapid,22,oracle,400,90,4,8,39,39,164,quiesced,true,0.0000
band1_depth3_s10,rapid,22,oracle,800,90,4,8,39,39,164,quiesced,true,0.0000
band1_depth3_s10,rapid,22,oracle,1600,90,4,8,39,39,164,quiesced,true,0.0000
band1_depth3_s10,rapid,22,oracle,3200,90,4,8,39,39,164,quiesced,true,0.0000
band1_depth3_s10,rapid,22,oracle,6400,90,4,8,39,39,164,quiesced,true,0.0000
band1_depth3_s10,rapid,22,oracle,12800,90,4,8,39,39,164,quiesced,true,0.0000
band1_depth3_s10,rapid,22,oracle,25600,90,4,8,39,39,164,quiesced,true,0.0000
band1_depth3_s10,rapid,22,oracle,51200,90,4,8,39,39,164,quiesced,true,0.0000
band1_depth3_s10,rapid,22,oracle,102400,90,4,8,39,39,164,quiesced,true,0.0000
band1_depth3_s10,rapid,22,oracle,204800,90,4,8,39,39,164,quiesced,true,0.0000
band1_depth3_s11,rapid,31,unguided,25,25,2,62,34,34,190,app_budget,false,0.0000
band1_depth3_s11,rapid,31,unguided,50,50,3,62,34,34,190,app_budget,false,0.0000
band1_depth3_s11,rapid,31,unguided,100,77,4,62,34,34,190,quiesced,false,0.0000
band1_depth3_s11,rapid,31,unguided,200,77,4,62,34,34,190,quiesced,true,0.0000
band1_depth3_s11,rapid,31,unguided,400,77,4,62,34,34,190,quiesced,true,0.0000
band1_depth3_s11,rapid,31,unguided,800,77,4,62,34,34,190,quiesced,true,0.0000
band1_depth3_s11,rapid,31,unguided,1600,77,4,62,34,34,190,quiesced,true,0.0000
band1_depth3_s11,rapid,31,unguided,3200,77,4,62,34,34,190,quiesced,true,0.0000
band1_depth3_s11,rapid,31,unguided,6400,77,4,62,34,34,190,quiesced,true,0.0000
band1_depth3_s11,rapid,31,unguided,12800,77,4,62,34,34,190,quiesced,true,0.0000
band1_depth3_s11,rapid,31,unguided,25600,77,4,62,34,34,190,quiesced,true,0.0000
band1_depth3_s11,rapid,31,unguided,51200,77,4,62,34,34,190,quiesced,true,0.0000
band1_depth3_s11,rapid,31,unguided,102400,77,4,62,34,34,190,quiesced,true,0.0000
band1_depth3_s11,rapid,31,unguided,204800,77,4,62,34,34,190,quiesced,true,0.0000
band1_depth3_s11,rapid,31,oracle,25,25,2,8,34,34,190,app_budget,false,0.0000
band1_depth3_s11,rapid,31,oracle,50,50,3,8,34,34,190,app_budget,false,0.0000
band1_depth3_s11,rapid,31,oracle,100,77,4,8,34,34,190,quiesced,false,0.0000
band1_depth3_s11,rapid,31,oracle,200,77,4,8,34,34,190,quiesced,true,0.0000
band1_depth3_s11,rapid,31,oracle,400,77,4,8,34,34,190,quiesced,true,0.0000
band1_depth3_s11,rapid,31,oracle,800,77,4,8,34,34,190,quiesced,true,0.0000
band1_depth3_s11,rapid,31,oracle,1600,77,4,8,34,34,190,quiesced,true,0.0000
band1_depth3_s11,rapid,31,oracle,3200,77,4,8,34,34,190,quiesced,true,0.0000
band1_depth3_s11,rapid,31,oracle,6400,77,4,8,34,34,190,quiesced,true,0.0000
band1_depth3_s11,rapid,31,oracle,12800,77,4,8,34,34,190,quiesced,true,0.0000
band1_depth3_s11,rapid,31,oracle,25600,77,4,8,34,34,190,quiesced,true,0.0000
band1_depth3_s11,rapid,31,oracle,51200,77,4,8,34,34,190,quiesced,true,0.0000
band1_depth3_s11,rapid,31,oracle,102400,77,4,8,34,34,190,quiesced,true,0.0000
band1_depth3_s11,rapid,31,oracle,204800,77,4,8,34,34,190,quiesced,true,0.0000
band1_depth3_s12,rapid,23,unguided,25,25,2,62,39,39,219,app_budget,false,0.0000
band1_depth3_s12,rapid,23,unguided,50,50,3,62,45,45,219,app_budget,false,0.0000
band1_depth3_s12,rapid,23,unguided,100,100,4,62,45,45,219,app_budget,false,0.0000
band1_depth3_s12,rapid,23,unguided,200,155,5,62,45,45,219,quiesced,false,0.0000
band1_depth3_s12,rapid,23,unguided,400,155,5,62,45,45,219,quiesced,true,0.0000
band1_depth3_s12,rapid,23,unguided,800,155,5,62,45,45,219,quiesced,true,0.0000
band1_depth3_s12,rapid,23,unguided,1600,155,5,62,45,45,219,quiesced,true,0.0000
band1_depth3_s12,rapid,23,unguided,3200,155,5,62,45,45,219,quiesced,true,0.0000
band1_depth3_s12,rapid,23,unguided,6400,155,5,62,45,45,219,quiesced,true,0.0000
band1_depth3_s12,rapid,23,unguided,12800,155,5,62,45,45,219,quiesced,true,0.0000
band1_depth3_s12,rapid,23,unguided,25600,155,5,62,45,45,219,quiesced,true,0.0000
band1_depth3_s12,rapid,23,unguided,51200,155,5,62,45,45,219,quiesced,true,0.0000
band1_depth3_s12,rapid,23,unguided,102400,155,5,62,45,45,219,quiesced,true,0.0000
band1_depth3_s12,rapid,23,unguided,204800,155,5,62,45,45,219,quiesced,true,0.0000
band1_depth3_s12,rapid,23,oracle,25,25,2,10,39,39,219,app_budget,false,0.0000
band1_depth3_s12,rapid,23,oracle,50,50,3,10,45,45,219,app_budget,false,0.0000
band1_depth3_s12,rapid,23,oracle,100,100,4,10,45,45,219,app_budget,false,0.0000
band1_depth3_s12,rapid,23,oracle,200,151,5,10,45,45,219,quiesced,false,0.0000
band1_depth3_s12,rapid,23,oracle,400,151,5,10,45,45,219,quiesced,true,0.0000
band1_depth3_s12,rapid,23,oracle,800,151,5,10,45,45,219,quiesced,true,0.0000
band1_depth3_s12,rapid,23,oracle,1600,151,5,10,45,45,219,quiesced,true,0.0000
band1_depth3_s12,rapid,23,oracle,3200,151,5,10,45,45,219,quiesced,true,0.0000
band1_depth3_s12,rapid,23,oracle,6400,151,5,10,45,45,219,quiesced,true,0.0000
band1_depth3_s12,rapid,23,oracle,12800,151,5,10,45,45,219,quiesced,true,0.0000
band1_depth3_s12,rapid,23,oracle,25600,151,5,10,45,45,219,quiesced,true,0.0000
band1_depth3_s12,rapid,23,oracle,51200,151,5,10,45,45,219,quiesced,true,0.0000
band1_depth3_s12,rapid,23,oracle,102400,151,5,10,45,45,219,quiesced,true,0.0000
band1_depth3_s12,rapid,23,oracle,204800,151,5,10,45,45,219,quiesced,true,0.0000
band1_depth3_s13,rapid,13,unguided,25,25,2,62,31,31,20,app_budget,false,0.0000
band1_depth3_s13,rapid,13,unguided,50,50,3,62,38,38,20,app_budget,false,0.0000
band1_depth3_s13,rapid,13,unguided,100,100,4,62,47,47,20,app_budget,false,0.0000
band1_depth3_s13,rapid,13,unguided,200,200,6,62,62,62,20,app_budget,false,0.0000
band1_depth3_s13,rapid,13,unguided,400,400,8,62,64,64,20,app_budget,false,0.0000
band1_depth3_s13,rapid,13,unguided,800,502,9,62,64,64,20,quiesced,false,0.0000
band1_depth3_s13,rapid,13,unguided,1600,502,9,62,64,64,20,quiesced,true,0.0000
band1_depth3_s13,rapid,13,unguided,3200,502,9,62,64,64,20,quiesced,true,0.0000
band1_depth3_s13,rapid,13,unguided,6400,502,9,62,64,64,20,quiesced,true,0.0000
band1_depth3_s13,rapid,13,unguided,12800,502,9,62,64,64,20,quiesced,true,0.0000
band1_depth3_s13,rapid,13,unguided,25600,502,9,62,64,64,20,quiesced,true,0.0000
band1_depth3_s13,rapid,13,unguided,51200,502,9,62,64,64,20,quiesced,true,0.0000
band1_depth3_s13,rapid,13,unguided,102400,502,9,62,64,64,20,quiesced,true,0.0000
band1_depth3_s13,rapid,13,unguided,204800,502,9,62,64,64,20,quiesced,true,0.0000
band1_depth3_s13,rapid,13,oracle,25,25,2,6,31,31,20,app_budget,false,0.0000
band1_depth3_s13,rapid,13,oracle,50,50,3,6,38,38,20,app_budget,false,0.0000
band1_depth3_s13,rapid,13,oracle,100,100,4,6,47,47,20,app_budget,false,0.0000
band1_depth3_s13,rapid,13,oracle,200,200,6,6,62,62,20,app_budget,false,0.0000
band1_depth3_s13,rapid,13,oracle,400,400,8,6,64,64,20,app_budget,false,0.0000
band1_depth3_s13,rapid,13,oracle,800,502,9,6,64,64,20,quiesced,false,0.0000
band1_depth3_s13,rapid,13,oracle,1600,502,9,6,64,64,20,quiesced,true,0.0000
band1_depth3_s13,rapid,13,oracle,3200,502,9,6,64,64,20,quiesced,true,0.0000
band1_depth3_s13,rapid,13,oracle,6400,502,9,6,64,64,20,quiesced,true,0.0000
band1_depth3_s13,rapid,13,oracle,12800,502,9,6,64,64,20,quiesced,true,0.0000
band1_depth3_s13,rapid,13,oracle,25600,502,9,6,64,64,20,quiesced,true,0.0000
band1_depth3_s13,rapid,13,oracle,51200,502,9,6,64,64,20,quiesced,true,0.0000
band1_depth3_s13,rapid,13,oracle,102400,502,9,6,64,64,20,quiesced,true,0.0000
band1_depth3_s13,rapid,13,oracle,204800,502,9,6,64,64,20,quiesced,true,0.0000
band1_depth3_s14,rapid,14,unguided,25,25,2,62,19,19,28,app_budget,false,0.0000
band1_depth3_s14,rapid,14,unguided,50,41,3,62,19,19,28,quiesced,false,0.0000
band1_depth3_s14,rapid,14,unguided,100,41,3,62,19,19,28,quiesced,true,0.0000
band1_depth3_s14,rapid,14,unguided,200,41,3,62,19,19,28,quiesced,true,0.0000
band1_depth3_s14,rapid,14,unguided,400,41,3,62,19,19,28,quiesced,true,0.0000
band1_depth3_s14,rapid,14,unguided,800,41,3,62,19,19,28,quiesced,true,0.0000
band1_depth3_s14,rapid,14,unguided,1600,41,3,62,19,19,28,quiesced,true,0.0000
band1_depth3_s14,rapid,14,unguided,3200,41,3,62,19,19,28,quiesced,true,0.0000
band1_depth3_s14,rapid,14,unguided,6400,41,3,62,19,19,28,quiesced,true,0.0000
band1_depth3_s14,rapid,14,unguided,12800,41,3,62,19,19,28,quiesced,true,0.0000
band1_depth3_s14,rapid,14,unguided,25600,41,3,62,19,19,28,quiesced,true,0.0000
band1_depth3_s14,rapid,14,unguided,51200,41,3,62,19,19,28,quiesced,true,0.0000
band1_depth3_s14,rapid,14,unguided,102400,41,3,62,19,19,28,quiesced,true,0.0000
band1_depth3_s14,rapid,14,unguided,204800,41,3,62,19,19,28,quiesced,true,0.0000
band1_depth3_s14,rapid,14,oracle,25,23,2,7,19,19,28,quiesced,false,0.0000
band1_depth3_s14,rapid,14,oracle,50,23,2,7,19,19,28,quiesced,true,0.0000
band1_depth3_s14,rapid,14,oracle,100,23,2,7,19,19,28,quiesced,true,0.0000
band1_depth3_s14,rapid,14,oracle,200,23,2,7,19,19,28,quiesced,true,0.0000
band1_depth3_s14,rapid,14,oracle,400,23,2,7,19,19,28,quiesced,true,0.0000
band1_depth3_s14,rapid,14,oracle,800,23,2,7,19,19,28,quiesced,true,0.0000
band1_depth3_s14,rapid,14,oracle,1600,23,2,7,19,19,28,quiesced,true,0.0000
band1_depth3_s14,rapid,14,oracle,3200,23,2,7,19,19,28,quiesced,true,0.0000
band1_depth3_s14,rapid,14,oracle,6400,23,2,7,19,19,28,quiesced,true,0.0000
band1_depth3_s14,rapid,14,oracle,12800,23,2,7,19,19,28,quiesced,true,0.0000
band1_depth3_s14,rapid,14,oracle,25600,23,2,7,19,19,28,quiesced,true,0.0000
band1_depth3_s14,rapid,14,oracle,51200,23,2,7,19,19,28,quiesced,true,0.0000
band1_depth3_s14,rapid,14,oracle,102400,23,2,7,19,19,28,quiesced,true,0.0000
band1_depth3_s14,rapid,14,oracle,204800,23,2,7,19,19,28,quiesced,true,0.0000
band1_depth3_s15,rapid,15,unguided,25,25,2,62,35,35,95,app_budget,false,20.2532
band1_depth3_s15,rapid,15,unguided,50,50,3,62,36,36,80,app_budget,false,1.2658
band1_depth3_s15,rapid,15,unguided,100,100,5,62,38,38,79,app_budget,false,0.0000
band1_depth3_s15,rapid,15,unguided,200,129,6,62,38,38,79,quiesced,false,0.0000
band1_depth3_s15,rapid,15,unguided,400,129,6,62,38,38,79,quiesced,true,0.0000
band1_depth3_s15,rapid,15,unguided,800,129,6,62,38,38,79,quiesced,true,0.0000
band1_depth3_s15,rapid,15,unguided,1600,129,6,62,38,38,79,quiesced,true,0.0000
band1_depth3_s15,rapid,15,unguided,3200,129,6,62,38,38,79,quiesced,true,0.0000
band1_depth3_s15,rapid,15,unguided,6400,129,6,62,38,38,79,quiesced,true,0.0000
band1_depth3_s15,rapid,15,unguided,12800,129,6,62,38,38,79,quiesced,true,0.0000
band1_depth3_s15,rapid,15,unguided,25600,129,6,62,38,38,79,quiesced,true,0.0000
band1_depth3_s15,rapid,15,unguided,51200,129,6,62,38,38,79,quiesced,true,0.0000
band1_depth3_s15,rapid,15,unguided,102400,129,6,62,38,38,79,quiesced,true,0.0000
band1_depth3_s15,rapid,15,unguided,204800,129,6,62,38,38,79,quiesced,true,0.0000
band1_depth3_s15,rapid,15,oracle,25,25,2,10,35,35,95,app_budget,false,20.2532
band1_depth3_s15,rapid,15,oracle,50,50,3,10,36,36,80,app_budget,false,1.2658
band1_depth3_s15,rapid,15,oracle,100,100,5,10,38,38,79,app_budget,false,0.0000
band1_depth3_s15,rapid,15,oracle,200,129,6,10,38,38,79,quiesced,false,0.0000
band1_depth3_s15,rapid,15,oracle,400,129,6,10,38,38,79,quiesced,true,0.0000
band1_depth3_s15,rapid,15,oracle,800,129,6,10,38,38,79,quiesced,true,0.0000
band1_depth3_s15,rapid,15,oracle,1600,129,6,10,38,38,79,quiesced,true,0.0000
band1_depth3_s15,rapid,15,oracle,3200,129,6,10,38,38,79,quiesced,true,0.0000
band1_depth3_s15,rapid,15,oracle,6400,129,6,10,38,38,79,quiesced,true,0.0000
band1_depth3_s15,rapid,15,oracle,12800,129,6,10,38,38,79,quiesced,true,0.0000
band1_depth3_s15,rapid,15,oracle,25600,129,6,10,38,38,79,quiesced,true,0.0000
band1_depth3_s15,rapid,15,oracle,51200,129,6,10,38,38,79,quiesced,true,0.0000
band1_depth3_s15,rapid,15,oracle,102400,129,6,10,38,38,79,quiesced,true,0.0000
band1_depth3_s15,rapid,15,oracle,204800,129,6,10,38,38,79,quiesced,true,0.0000
band1_depth3_s16,rapid,16,unguided,25,20,2,62,18,18,151,quiesced,false,0.0000
band1_depth3_s16,rapid,16,unguided,50,20,2,62,18,18,151,quiesced,true,0.0000
band1_depth3_s16,rapid,16,unguided,100,20,2,62,18,18,151,quiesced,true,0.0000
band1_depth3_s16,rapid,16,unguided,200,20,2,62,18,18,151,quiesced,true,0.0000
band1_depth3_s16,rapid,16,unguided,400,20,2,62,18,18,151,quiesced,true,0.0000
band1_depth3_s16,rapid,16,unguided,800,20,2,62,18,18,151,quiesced,true,0.0000
band1_depth3_s16,rapid,16,unguided,1600,20,2,62,18,18,151,quiesced,true,0.0000
band1_depth3_s16,rapid,16,unguided,3200,20,2,62,18,18,151,quiesced,true,0.0000
band1_depth3_s16,rapid,16,unguided,6400,20,2,62,18,18,151,quiesced,true,0.0000
band1_depth3_s16,rapid,16,unguided,12800,20,2,62,18,18,151,quiesced,true,0.0000
band1_depth3_s16,rapid,16,unguided,25600,20,2,62,18,18,151,quiesced,true,0.0000
band1_depth3_s16,rapid,16,unguided,51200,20,2,62,18,18,151,quiesced,true,0.0000
band1_depth3_s16,rapid,16,unguided,102400,20,2,62,18,18,151,quiesced,true,0.0000
band1_depth3_s16,rapid,16,unguided,204800,20,2,62,18,18,151,quiesced,true,0.0000
band1_depth3_s16,rapid,16,oracle,25,20,2,6,18,18,151,quiesced,false,0.0000
band1_depth3_s16,rapid,16,oracle,50,20,2,6,18,18,151,quiesced,true,0.0000
band1_depth3_s16,rapid,16,oracle,100,20,2,6,18,18,151,quiesced,true,0.0000
band1_depth3_s16,rapid,16,oracle,200,20,2,6,18,18,151,quiesced,true,0.0000
band1_depth3_s16,rapid,16,oracle,400,20,2,6,18,18,151,quiesced,true,0.0000
band1_depth3_s16,rapid,16,oracle,800,20,2,6,18,18,151,quiesced,true,0.0000
band1_depth3_s16,rapid,16,oracle,1600,20,2,6,18,18,151,quiesced,true,0.0000
band1_depth3_s16,rapid,16,oracle,3200,20,2,6,18,18,151,quiesced,true,0.0000
band1_depth3_s16,rapid,16,oracle,6400,20,2,6,18,18,151,quiesced,true,0.0000
band1_depth3_s16,rapid,16,oracle,12800,20,2,6,18,18,151,quiesced,true,0.0000
band1_depth3_s16,rapid,16,oracle,25600,20,2,6,18,18,151,quiesced,true,0.0000
band1_depth3_s16,rapid,16,oracle,51200,20,2,6,18,18,151,quiesced,true,0.0000
band1_depth3_s16,rapid,16,oracle,102400,20,2,6,18,18,151,quiesced,true,0.0000
band1_depth3_s16,rapid,16,oracle,204800,20,2,6,18,18,151,quiesced,true,0.0000
band1_depth3_s17,rapid,13,unguided,25,25,3,62,20,20,102,app_budget,false,4.0816
band1_depth3_s17,rapid,13,unguided,50,50,5,62,21,21,98,app_budget,false,0.0000
band1_depth3_s17,rapid,13,unguided,100,71,6,62,21,21,98,quiesced,false,0.0000
band1_depth3_s17,rapid,13,unguided,200,71,6,62,21,21,98,quiesced,true,0.0000
band1_depth3_s17,rapid,13,unguided,400,71,6,62,21,21,98,quiesced,true,0.0000
band1_depth3_s17,rapid,13,unguided,800,71,6,62,21,21,98,quiesced,true,0.0000
band1_depth3_s17,rapid,13,unguided,1600,71,6,62,21,21,98,quiesced,true,0.0000
band1_depth3_s17,rapid,13,unguided,3200,71,6,62,21,21,98,quiesced,true,0.0000
band1_depth3_s17,rapid,13,unguided,6400,71,6,62,21,21,98,quiesced,true,0.0000
band1_depth3_s17,rapid,13,unguided,12800,71,6,62,21,21,98,quiesced,true,0.0000
band1_depth3_s17,rapid,13,unguided,25600,71,6,62,21,21,98,quiesced,true,0.0000
band1_depth3_s17,rapid,13,unguided,51200,71,6,62,21,21,98,quiesced,true,0.0000
band1_depth3_s17,rapid,13,unguided,102400,71,6,62,21,21,98,quiesced,true,0.0000
band1_depth3_s17,rapid,13,unguided,204800,71,6,62,21,21,98,quiesced,true,0.0000
band1_depth3_s17,rapid,13,oracle,25,25,3,5,20,20,102,app_budget,false,4.0816
band1_depth3_s17,rapid,13,oracle,50,50,5,5,21,21,98,app_budget,false,0.0000
band1_depth3_s17,rapid,13,oracle,100,71,6,5,21,21,98,quiesced,false,0.0000
band1_depth3_s17,rapid,13,oracle,200,71,6,5,21,21,98,quiesced,true,0.0000
band1_depth3_s17,rapid,13,oracle,400,71,6,5,21,21,98,quiesced,true,0.0000
band1_depth3_s17,rapid,13,oracle,800,71,6,5,21,21,98,quiesced,true,0.0000
band1_depth3_s17,rapid,13,oracle,1600,71,6,5,21,21,98,quiesced,true,0.0000
band1_depth3_s17,rapid,13,oracle,3200,71,6,5,21,21,98,quiesced,true,0.0000
band1_depth3_s17,rapid,13,oracle,6400,71,6,5,21,21,98,quiesced,true,0.0000
band1_depth3_s17,rapid,13,oracle,12800,71,6,5,21,21,98,quiesced,true,0.0000
band1_depth3_s17,rapid,13,oracle,25600,71,6,5,21,21,98,quiesced,true,0.0000
band1_depth3_s17,rapid,13,oracle,51200,71,6,5,21,21,98,quiesced,true,0.0000
band1_depth3_s17,rapid,13,oracle,102400,71,6,5,21,21,98,quiesced,true,0.0000
band1_depth3_s17,rapid,13,oracle,204800,71,6,5,21,21,98,quiesced,true,0.0000
band1_depth3_s18,rapid,21,unguided,25,25,1,62,43,43,409,app_budget,false,1536.0000
band1_depth3_s18,rapid,21,unguided,50,50,2,62,49,49,405,app_budget,false,1520.0000
band1_depth3_s18,rapid,21,unguided,100,100,3,62,49,49,401,app_budget,false,1504.0000
band1_depth3_s18,rapid,21,unguided,200,200,4,62,86,86,401,app_budget,false,1504.0000
band1_depth3_s18,rapid,21,unguided,400,400,5,62,165,165,401,app_budget,false,1504.0000
band1_depth3_s18,rapid,21,unguided,800,800,6,62,243,243,401,app_budget,false,1504.0000
band1_depth3_s18,rapid,21,unguided,1600,1600,7,62,378,378,401,app_budget,false,1504.0000
band1_depth3_s18,rapid,21,unguided,3200,3200,8,62,693,693,39,app_budget,false,56.0000
band1_depth3_s18,rapid,21,unguided,6400,5411,9,62,1033,1033,25,class_cap,false,0.0000
band1_depth3_s18,rapid,21,unguided,12800,5411,9,62,1033,1033,25,class_cap,true,0.0000
band1_depth3_s18,rapid,21,unguided,25600,5411,9,62,1033,1033,25,class_cap,true,0.0000
band1_depth3_s18,rapid,21,unguided,51200,5411,9,62,1033,1033,25,class_cap,true,0.0000
band1_depth3_s18,rapid,21,unguided,102400,5411,9,62,1033,1033,25,class_cap,true,0.0000
band1_depth3_s18,rapid,21,unguided,204800,5411,9,62,1033,1033,25,class_cap,true,0.0000
band1_depth3_s18,rapid,21,oracle,25,25,1,20,43,43,409,app_budget,false,1536.0000
band1_depth3_s18,rapid,21,oracle,50,50,2,20,49,49,405,app_budget,false,1520.0000
band1_depth3_s18,rapid,21,oracle,100,100,3,20,49,49,401,app_budget,false,1504.0000
band1_depth3_s18,rapid,21,oracle,200,200,4,20,86,86,401,app_budget,false,1504.0000
band1_depth3_s18,rapid,21,oracle,400,400,5,20,165,165,401,app_budget,false,1504.0000
band1_depth3_s18,rapid,21,oracle,800,800,6,20,243,243,401,app_budget,false,1504.0000
band1_depth3_s18,rapid,21,oracle,1600,1600,7,20,378,378,401,app_budget,false,1504.0000
band1_depth3_s18,rapid,21,oracle,3200,3200,8,20,693,693,39,app_budget,false,56.0000
band1_depth3_s18,rapid,21,oracle,6400,5411,9,20,1033,1033,25,class_cap,false,0.0000
band1_depth3_s18,rapid,21,oracle,12800,5411,9,20,1033,1033,25,class_cap,true,0.0000
band1_depth3_s18,rapid,21,oracle,25600,5411,9,20,1033,1033,25,class_cap,true,0.0000
band1_depth3_s18,rapid,21,oracle,51200,5411,9,20,1033,1033,25,class_cap,true,0.0000
band1_depth3_s18,rapid,21,oracle,102400,5411,9,20,1033,1033,25,class_cap,true,0.0000
band1_depth3_s18,rapid,21,oracle,204800,5411,9,20,1033,1033,25,class_cap,true,0.0000
band1_depth3_s19,rapid,17,unguided,25,25,2,62,25,25,113,app_budget,false,0.0000
band1_depth3_s19,rapid,17,unguided,50,40,3,62,25,25,113,quiesced,false,0.0000
band1_depth3_s19,rapid,17,unguided,100,40,3,62,25,25,113,quiesced,true,0.0000
band1_depth3_s19,rapid,17,unguided,200,40,3,62,25,25,113,quiesced,true,0.0000
band1_depth3_s19,rapid,17,unguided,400,40,3,62,25,25,113,quiesced,true,0.0000
band1_depth3_s19,rapid,17,unguided,800,40,3,62,25,25,113,quiesced,true,0.0000
band1_depth3_s19,rapid,17,unguided,1600,40,3,62,25,25,113,quiesced,true,0.0000
band1_depth3_s19,rapid,17,unguided,3200,40,3,62,25,25,113,quiesced,true,0.0000
band1_depth3_s19,rapid,17,unguided,6400,40,3,62,25,25,113,quiesced,true,0.0000
band1_depth3_s19,rapid,17,unguided,12800,40,3,62,25,25,113,quiesced,true,0.0000
band1_depth3_s19,rapid,17,unguided,25600,40,3,62,25,25,113,quiesced,true,0.0000
band1_depth3_s19,rapid,17,unguided,51200,40,3,62,25,25,113,quiesced,true,0.0000
band1_depth3_s19,rapid,17,unguided,102400,40,3,62,25,25,113,quiesced,true,0.0000
band1_depth3_s19,rapid,17,unguided,204800,40,3,62,25,25,113,quiesced,true,0.0000
band1_depth3_s19,rapid,17,oracle,25,25,2,7,25,25,113,app_budget,false,0.0000
band1_depth3_s19,rapid,17,oracle,50,40,3,7,25,25,113,quiesced,false,0.0000
band1_depth3_s19,rapid,17,oracle,100,40,3,7,25,25,113,quiesced,true,0.0000
band1_depth3_s19,rapid,17,oracle,200,40,3,7,25,25,113,quiesced,true,0.0000
band1_depth3_s19,rapid,17,oracle,400,40,3,7,25,25,113,quiesced,true,0.0000
band1_depth3_s19,rapid,17,oracle,800,40,3,7,25,25,113,quiesced,true,0.0000
band1_depth3_s19,rapid,17,oracle,1600,40,3,7,25,25,113,quiesced,true,0.0000
band1_depth3_s19,rapid,17,oracle,3200,40,3,7,25,25,113,quiesced,true,0.0000
band1_depth3_s19,rapid,17,oracle,6400,40,3,7,25,25,113,quiesced,true,0.0000
band1_depth3_s19,rapid,17,oracle,12800,40,3,7,25,25,113,quiesced,true,0.0000
band1_depth3_s19,rapid,17,oracle,25600,40,3,7,25,25,113,quiesced,true,0.0000
band1_depth3_s19,rapid,17,oracle,51200,40,3,7,25,25,113,quiesced,true,0.0000
band1_depth3_s19,rapid,17,oracle,102400,40,3,7,25,25,113,quiesced,true,0.0000
band1_depth3_s19,rapid,17,oracle,204800,40,3,7,25,25,113,quiesced,true,0.0000
band1_depth3_s20,rapid,13,unguided,25,22,2,62,18,18,143,quiesced,false,0.0000
band1_depth3_s20,rapid,13,unguided,50,22,2,62,18,18,143,quiesced,true,0.0000
band1_depth3_s20,rapid,13,unguided,100,22,2,62,18,18,143,quiesced,true,0.0000
band1_depth3_s20,rapid,13,unguided,200,22,2,62,18,18,143,quiesced,true,0.0000
band1_depth3_s20,rapid,13,unguided,400,22,2,62,18,18,143,quiesced,true,0.0000
band1_depth3_s20,rapid,13,unguided,800,22,2,62,18,18,143,quiesced,true,0.0000
band1_depth3_s20,rapid,13,unguided,1600,22,2,62,18,18,143,quiesced,true,0.0000
band1_depth3_s20,rapid,13,unguided,3200,22,2,62,18,18,143,quiesced,true,0.0000
band1_depth3_s20,rapid,13,unguided,6400,22,2,62,18,18,143,quiesced,true,0.0000
band1_depth3_s20,rapid,13,unguided,12800,22,2,62,18,18,143,quiesced,true,0.0000
band1_depth3_s20,rapid,13,unguided,25600,22,2,62,18,18,143,quiesced,true,0.0000
band1_depth3_s20,rapid,13,unguided,51200,22,2,62,18,18,143,quiesced,true,0.0000
band1_depth3_s20,rapid,13,unguided,102400,22,2,62,18,18,143,quiesced,true,0.0000
band1_depth3_s20,rapid,13,unguided,204800,22,2,62,18,18,143,quiesced,true,0.0000
band1_depth3_s20,rapid,13,oracle,25,22,2,6,18,18,143,quiesced,false,0.0000
band1_depth3_s20,rapid,13,oracle,50,22,2,6,18,18,143,quiesced,true,0.0000
band1_depth3_s20,rapid,13,oracle,100,22,2,6,18,18,143,quiesced,true,0.0000
band1_depth3_s20,rapid,13,oracle,200,22,2,6,18,18,143,quiesced,true,0.0000
band1_depth3_s20,rapid,13,oracle,400,22,2,6,18,18,143,quiesced,true,0.0000
band1_depth3_s20,rapid,13,oracle,800,22,2,6,18,18,143,quiesced,true,0.0000
band1_depth3_s20,rapid,13,oracle,1600,22,2,6,18,18,143,quiesced,true,0.0000
band1_depth3_s20,rapid,13,oracle,3200,22,2,6,18,18,143,quiesced,true,0.0000
band1_depth3_s20,rapid,13,oracle,6400,22,2,6,18,18,143,quiesced,true,0.0000
band1_depth3_s20,rapid,13,oracle,12800,22,2,6,18,18,143,quiesced,true,0.0000
band1_depth3_s20,rapid,13,oracle,25600,22,2,6,18,18,143,quiesced,true,0.0000
band1_depth3_s20,rapid,13,oracle,51200,22,2,6,18,18,143,quiesced,true,0.0000
band1_depth3_s20,rapid,13,oracle,102400,22,2,6,18,18,143,quiesced,true,0.0000
band1_depth3_s20,rapid,13,oracle,204800,22,2,6,18,18,143,quiesced,true,0.0000
band1_depth3_s21,rapid,18,unguided,25,25,2,62,39,39,111,app_budget,false,0.0000
band1_depth3_s21,rapid,18,unguided,50,50,3,62,44,44,111,app_budget,false,0.0000
band1_depth3_s21,rapid,18,unguided,100,100,5,62,46,46,111,app_budget,false,0.0000
band1_depth3_s21,rapid,18,unguided,200,139,6,62,46,46,111,quiesced,false,0.0000
band1_depth3_s21,rapid,18,unguided,400,139,6,62,46,46,111,quiesced,true,0.0000
band1_depth3_s21,rapid,18,unguided,800,139,6,62,46,46,111,quiesced,true,0.0000
band1_depth3_s21,rapid,18,unguided,1600,139,6,62,46,46,111,quiesced,true,0.0000
band1_depth3_s21,rapid,18,unguided,3200,139,6,62,46,46,111,quiesced,true,0.0000
band1_depth3_s21,rapid,18,unguided,6400,139,6,62,46,46,111,quiesced,true,0.0000
band1_depth3_s21,rapid,18,unguided,12800,139,6,62,46,46,111,quiesced,true,0.0000
band1_depth3_s21,rapid,18,unguided,25600,139,6,62,46,46,111,quiesced,true,0.0000
band1_depth3_s21,rapid,18,unguided,51200,139,6,62,46,46,111,quiesced,true,0.0000
band1_depth3_s21,rapid,18,unguided,102400,139,6,62,46,46,111,quiesced,true,0.0000
band1_depth3_s21,rapid,18,unguided,204800,139,6,62,46,46,111,quiesced,true,0.0000
band1_depth3_s21,rapid,18,oracle,25,25,2,10,39,39,111,app_budget,false,0.0000
band1_depth3_s21,rapid,18,oracle,50,50,3,10,44,44,111,app_budget,false,0.0000
band1_depth3_s21,rapid,18,oracle,100,100,5,10,46,46,111,app_budget,false,0.0000
band1_depth3_s21,rapid,18,oracle,200,137,6,10,46,46,111,quiesced,false,0.0000
band1_depth3_s21,rapid,18,oracle,400,137,6,10,46,46,111,quiesced,true,0.0000
band1_depth3_s21,rapid,18,oracle,800,137,6,10,46,46,111,quiesced,true,0.0000
band1_depth3_s21,rapid,18,oracle,1600,137,6,10,46,46,111,quiesced,true,0.0000
band1_depth3_s21,rapid,18,oracle,3200,137,6,10,46,46,111,quiesced,true,0.0000
band1_depth3_s21,rapid,18,oracle,6400,137,6,10,46,46,111,quiesced,true,0.0000
band1_depth3_s21,rapid,18,oracle,12800,137,6,10,46,46,111,quiesced,true,0.0000
band1_depth3_s21,rapid,18,oracle,25600,137,6,10,46,46,111,quiesced,true,0.0000
band1_depth3_s21,rapid,18,oracle,51200,137,6,10,46,46,111,quiesced,true,0.0000
band1_depth3_s21,rapid,18,oracle,102400,137,6,10,46,46,111,quiesced,true,0.0000
band1_depth3_s21,rapid,18,oracle,204800,137,6,10,46,46,111,quiesced,true,0.0000
band2_depth4_s0,rapid,26,unguided,25,25,2,62,40,40,180,app_budget,false,0.0000
band2_depth4_s0,rapid,26,unguided,50,50,3,62,44,44,180,app_budget,false,0.0000
band2_depth4_s0,rapid,26,unguided,100,96,4,62,44,44,180,quiesced,false,0.0000
band2_depth4_s0,rapid,26,unguided,200,96,4,62,44,44,180,quiesced,true,0.0000
band2_depth4_s0,rapid,26,unguided,400,96,4,62,44,44,180,quiesced,true,0.0000
band2_depth4_s0,rapid,26,unguided,800,96,4,62,44,44,180,quiesced,true,0.0000
band2_depth4_s0,rapid,26,unguided,1600,96,4,62,44,44,180,quiesced,true,0.0000
band2_depth4_s0,rapid,26,unguided,3200,96,4,62,44,44,180,quiesced,true,0.0000
band2_depth4_s0,rapid,26,unguided,6400,96,4,62,44,44,180,quiesced,true,0.0000
band2_depth4_s0,rapid,26,unguided,12800,96,4,62,44,44,180,quiesced,true,0.0000
band2_depth4_s0,rapid,26,unguided,25600,96,4,62,44,44,180,quiesced,true,0.0000
band2_depth4_s0,rapid,26,unguided,51200,96,4,62,44,44,180,quiesced,true,0.0000
band2_depth4_s0,rapid,26,unguided,102400,96,4,62,44,44,180,quiesced,true,0.0000
band2_depth4_s0,rapid,26,unguided,204800,96,4,62,44,44,180,quiesced,true,0.0000
band2_depth4_s0,rapid,26,oracle,25,25,2,8,40,40,180,app_budget,false,0.0000
band2_depth4_s0,rapid,26,oracle,50,50,3,8,44,44,180,app_budget,false,0.0000
band2_depth4_s0,rapid,26,oracle,100,96,4,8,44,44,180,quiesced,false,0.0000
band2_depth4_s0,rapid,26,oracle,200,96,4,8,44,44,180,quiesced,true,0.0000
band2_depth4_s0,rapid,26,oracle,400,96,4,8,44,44,180,quiesced,true,0.0000
band2_depth4_s0,rapid,26,oracle,800,96,4,8,44,44,180,quiesced,true,0.0000
band2_depth4_s0,rapid,26,oracle,1600,96,4,8,44,44,180,quiesced,true,0.0000
band2_depth4_s0,rapid,26,oracle,3200,96,4,8,44,44,180,quiesced,true,0.0000
band2_depth4_s0,rapid,26,oracle,6400,96,4,8,44,44,180,quiesced,true,0.0000
band2_depth4_s0,rapid,26,oracle,12800,96,4,8,44,44,180,quiesced,true,0.0000
band2_depth4_s0,rapid,26,oracle,25600,96,4,8,44,44,180,quiesced,true,0.0000
band2_depth4_s0,rapid,26,oracle,51200,96,4,8,44,44,180,quiesced,true,0.0000
band2_depth4_s0,rapid,26,oracle,102400,96,4,8,44,44,180,quiesced,true,0.0000
band2_depth4_s0,rapid,26,oracle,204800,96,4,8,44,44,180,quiesced,true,0.0000
band2_depth4_s1,rapid,30,unguided,25,25,1,62,52,52,457,app_budget,false,2.9279
band2_depth4_s1,rapid,30,unguided,50,50,2,62,57,57,453,app_budget,false,2.0270
band2_depth4_s1,rapid,30,unguided,100,100,3,62,69,69,453,app_budget,false,2.0270
band2_depth4_s1,rapid,30,unguided,200,200,4,62,93,93,453,app_budget,false,2.0270
band2_depth4_s1,rapid,30,unguided,400,400,5,62,179,179,453,app_budget,false,2.0270
band2_depth4_s1,rapid,30,unguided,800,800,6,62,290,290,448,app_budget,false,0.9009
band2_depth4_s1,rapid,30,unguided,1600,1600,8,62,450,450,444,app_budget,false,0.0000
band2_depth4_s1,rapid,30,unguided,3200,3200,10,62,537,537,444,app_budget,false,0.0000
band2_depth4_s1,rapid,30,unguided,6400,6400,13,62,564,564,444,app_budget,false,0.0000
band2_depth4_s1,rapid,30,unguided,12800,7566,14,62,564,564,444,quiesced,false,0.0000
band2_depth4_s1,rapid,30,unguided,25600,7566,14,62,564,564,444,quiesced,true,0.0000
band2_depth4_s1,rapid,30,unguided,51200,7566,14,62,564,564,444,quiesced,true,0.0000
band2_depth4_s1,rapid,30,unguided,102400,7566,14,62,564,564,444,quiesced,true,0.0000
band2_depth4_s1,rapid,30,unguided,204800,7566,14,62,564,564,444,quiesced,true,0.0000
band2_depth4_s1,rapid,30,oracle,25,25,1,10,52,52,457,app_budget,false,2.9279
band2_depth4_s1,rapid,30,oracle,50,50,2,10,57,57,453,app_budget,false,2.0270
band2_depth4_s1,rapid,30,oracle,100,100,3,10,69,69,453,app_budget,false,2.0270
band2_depth4_s1,rapid,30,oracle,200,200,4,10,93,93,453,app_budget,false,2.0270
band2_depth4_s1,rapid,30,oracle,400,400,5,10,179,179,453,app_budget,false,2.0270
band2_depth4_s1,rapid,30,oracle,800,800,6,10,290,290,448,app_budget,false,0.9009
band2_depth4_s1,rapid,30,oracle,1600,1600,8,10,450,450,444,app_budget,false,0.0000
band2_depth4_s1,rapid,30,oracle,3200,3200,10,10,537,537,444,app_budget,false,0.0000
band2_depth4_s1,rapid,30,oracle,6400,6400,13,10,564,564,444,app_budget,false,0.0000
band2_depth4_s1,rapid,30,oracle,12800,7564,14,10,564,564,444,quiesced,false,0.0000
band2_depth4_s1,rapid,30,oracle,25600,7564,14,10,564,564,444,quiesced,true,0.0000
band2_depth4_s1,rapid,30,oracle,51200,7564,14,10,564,564,444,quiesced,true,0.0000
band2_depth4_s1,rapid,30,oracle,102400,7564,14,10,564,564,444,quiesced,true,0.0000
band2_depth4_s1,rapid,30,oracle,204800,7564,14,10,564,564,444,quiesced,true,0.0000
band2_depth4_s2,rapid,20,unguided,25,25,2,62,31,31,296,app_budget,false,0.0000
band2_depth4_s2,rapid,20,unguided,50,50,3,62,31,31,296,app_budget,false,0.0000
band2_depth4_s2,rapid,20,unguided,100,81,4,62,31,31,296,quiesced,false,0.0000
band2_depth4_s2,rapid,20,unguided,200,81,4,62,31,31,296,quiesced,true,0.0000
band2_depth4_s2,rapid,20,unguided,400,81,4,62,31,31,296,quiesced,true,0.0000
band2_depth4_s2,rapid,20,unguided,800,81,4,62,31,31,296,quiesced,true,0.0000
band2_depth4_s2,rapid,20,unguided,1600,81,4,62,31,31,296,quiesced,true,0.0000
band2_depth4_s2,rapid,20,unguided,3200,81,4,62,31,31,296,quiesced,true,0.0000
band2_depth4_s2,rapid,20,unguided,6400,81,4,62,31,31,296,quiesced,true,0.0000
band2_depth4_s2,rapid,20,unguided,12800,81,4,62,31,31,296,quiesced,true,0.0000
band2_depth4_s2,rapid,20,unguided,25600,81,4,62,31,31,296,quiesced,true,0.0000
band2_depth4_s2,rapid,20,unguided,51200,81,4,62,31,31,296,quiesced,true,0.0000
band2_depth4_s2,rapid,20,unguided,102400,81,4,62,31,31,296,quiesced,true,0.0000
band2_depth4_s2,rapid,20,unguided,204800,81,4,62,31,31,296,quiesced,true,0.0000
band2_depth4_s2,rapid,20,oracle,25,25,2,9,31,31,296,app_budget,false,0.0000
band2_depth4_s2,rapid,20,oracle,50,50,3,9,31,31,296,app_budget,false,0.0000
band2_depth4_s2,rapid,20,oracle,100,76,4,9,31,31,296,quiesced,false,0.0000
band2_depth4_s2,rapid,20,oracle,200,76,4,9,31,31,296,quiesced,true,0.0000
band2_depth4_s2,rapid,20,oracle,400,76,4,9,31,31,296,quiesced,true,0.0000
band2_depth4_s2,rapid,20,oracle,800,76,4,9,31,31,296,quiesced,true,0.0000
band2_depth4_s2,rapid,20,oracle,1600,76,4,9,31,31,296,quiesced,true,0.0000
band2_depth4_s2,rapid,20,oracle,3200,76,4,9,31,31,296,quiesced,true,0.0000
band2_depth4_s2,rapid,20,oracle,6400,76,4,9,31,31,296,quiesced,true,0.0000
band2_depth4_s2,rapid,20,oracle,12800,76,4,9,31,31,296,quiesced,true,0.0000
band2_depth4_s2,rapid,20,oracle,25600,76,4,9,31,31,296,quiesced,true,0.0000
band2_depth4_s2,rapid,20,oracle,51200,76,4,9,31,31,296,quiesced,true,0.0000
band2_depth4_s2,rapid,20,oracle,102400,76,4,9,31,31,296,quiesced,true,0.0000
band2_depth4_s2,rapid,20,oracle,204800,76,4,9,31,31,296,quiesced,true,0.0000
band2_depth4_s3,classical,53,unguided,25,25,1,62,67,67,1004,app_budget,false,65.9504
band2_depth4_s3,classical,53,unguided,50,50,2,62,72,72,998,app_budget,false,64.9587
band2_depth4_s3,classical,53,unguided,100,100,3,62,74,74,990,app_budget,false,63.6364
band2_depth4_s3,classical,53,unguided,200,200,4,62,121,121,981,app_budget,false,62.1488
band2_depth4_s3,classical,53,unguided,400,400,5,62,213,213,981,app_budget,false,62.1488
band2_depth4_s3,classical,53,unguided,800,800,6,62,304,304,981,app_budget,false,62.1488
band2_depth4_s3,classical,53,unguided,1600,1600,8,62,528,528,605,app_budget,false,0.0000
band2_depth4_s3,classical,53,unguided,3200,3200,10,62,683,683,605,app_budget,false,0.0000
band2_depth4_s3,classical,53,unguided,6400,6400,13,62,732,732,605,app_budget,false,0.0000
band2_depth4_s3,classical,53,unguided,12800,10787,16,62,737,737,605,quiesced,false,0.0000
band2_depth4_s3,classical,53,unguided,25600,10787,16,62,737,737,605,quiesced,true,0.0000
band2_depth4_s3,classical,53,unguided,51200,10787,16,62,737,737,605,quiesced,true,0.0000
band2_depth4_s3,classical,53,unguided,102400,10787,16,62,737,737,605,quiesced,true,0.0000
band2_depth4_s3,classical,53,unguided,204800,10787,16,62,737,737,605,quiesced,true,0.0000
band2_depth4_s3,classical,53,oracle,25,25,1,16,67,67,1004,app_budget,false,65.9504
band2_depth4_s3,classical,53,oracle,50,50,2,16,72,72,998,app_budget,false,64.9587
band2_depth4_s3,classical,53,oracle,100,100,3,16,74,74,990,app_budget,false,63.6364
band2_depth4_s3,classical,53,oracle,200,200,4,16,121,121,981,app_budget,false,62.1488
band2_depth4_s3,classical,53,oracle,400,400,5,16,213,213,981,app_budget,false,62.1488
band2_depth4_s3,classical,53,oracle,800,800,6,16,305,305,981,app_budget,false,62.1488
band2_depth4_s3,classical,53,oracle,1600,1600,8,16,528,528,605,app_budget,false,0.0000
band2_depth4_s3,classical,53,oracle,3200,3200,10,16,697,697,605,app_budget,false,0.0000
band2_depth4_s3,classical,53,oracle,6400,6400,13,16,733,733,605,app_budget,false,0.0000
band2_depth4_s3,classical,53,oracle,12800,10692,16,16,737,737,605,quiesced,false,0.0000
band2_depth4_s3,classical,53,oracle,25600,10692,16,16,737,737,605,quiesced,true,0.0000
band2_depth4_s3,classical,53,oracle,51200,10692,16,16,737,737,605,quiesced,true,0.0000
band2_depth4_s3,classical,53,oracle,102400,10692,16,16,737,737,605,quiesced,true,0.0000
band2_depth4_s3,classical,53,oracle,204800,10692,16,16,737,737,605,quiesced,true,0.0000
band2_depth4_s4,rapid,15,unguided,25,19,2,62,18,18,228,quiesced,false,0.0000
band2_depth4_s4,rapid,15,unguided,50,19,2,62,18,18,228,quiesced,true,0.0000
band2_depth4_s4,rapid,15,unguided,100,19,2,62,18,18,228,quiesced,true,0.0000
band2_depth4_s4,rapid,15,unguided,200,19,2,62,18,18,228,quiesced,true,0.0000
band2_depth4_s4,rapid,15,unguided,400,19,2,62,18,18,228,quiesced,true,0.0000
band2_depth4_s4,rapid,15,unguided,800,19,2,62,18,18,228,quiesced,true,0.0000
band2_depth4_s4,rapid,15,unguided,1600,19,2,62,18,18,228,quiesced,true,0.0000
band2_depth4_s4,rapid,15,unguided,3200,19,2,62,18,18,228,quiesced,true,0.0000
band2_depth4_s4,rapid,15,unguided,6400,19,2,62,18,18,228,quiesced,true,0.0000
band2_depth4_s4,rapid,15,unguided,12800,19,2,62,18,18,228,quiesced,true,0.0000
band2_depth4_s4,rapid,15,unguided,25600,19,2,62,18,18,228,quiesced,true,0.0000
band2_depth4_s4,rapid,15,unguided,51200,19,2,62,18,18,228,quiesced,true,0.0000
band2_depth4_s4,rapid,15,unguided,102400,19,2,62,18,18,228,quiesced,true,0.0000
band2_depth4_s4,rapid,15,unguided,204800,19,2,62,18,18,228,quiesced,true,0.0000
band2_depth4_s4,rapid,15,oracle,25,19,2,5,18,18,228,quiesced,false,0.0000
band2_depth4_s4,rapid,15,oracle,50,19,2,5,18,18,228,quiesced,true,0.0000
band2_depth4_s4,rapid,15,oracle,100,19,2,5,18,18,228,quiesced,true,0.0000
band2_depth4_s4,rapid,15,oracle,200,19,2,5,18,18,228,quiesced,true,0.0000
band2_depth4_s4,rapid,15,oracle,400,19,2,5,18,18,228,quiesced,true,0.0000
band2_depth4_s4,rapid,15,oracle,800,19,2,5,18,18,228,quiesced,true,0.0000
band2_depth4_s4,rapid,15,oracle,1600,19,2,5,18,18,228,quiesced,true,0.0000
band2_depth4_s4,rapid,15,oracle,3200,19,2,5,18,18,228,quiesced,true,0.0000
band2_depth4_s4,rapid,15,oracle,6400,19,2,5,18,18,228,quiesced,true,0.0000
band2_depth4_s4,rapid,15,oracle,12800,19,2,5,18,18,228,quiesced,true,0.0000
band2_depth4_s4,rapid,15,oracle,25600,19,2,5,18,18,228,quiesced,true,0.0000
band2_depth4_s4,rapid,15,oracle,51200,19,2,5,18,18,228,quiesced,true,0.0000
band2_depth4_s4,rapid,15,oracle,102400,19,2,5,18,18,228,quiesced,true,0.0000
band2_depth4_s4,rapid,15,oracle,204800,19,2,5,18,18,228,quiesced,true,0.0000
band2_depth4_s5,rapid,29,unguided,25,25,2,62,48,48,100,app_budget,false,0.0000
band2_depth4_s5,rapid,29,unguided,50,50,3,62,53,53,100,app_budget,false,0.0000
band2_depth4_s5,rapid,29,unguided,100,100,5,62,58,58,100,app_budget,false,0.0000
band2_depth4_s5,rapid,29,unguided,200,200,7,62,63,63,100,app_budget,false,0.0000
band2_depth4_s5,rapid,29,unguided,400,260,8,62,63,63,100,quiesced,false,0.0000
band2_depth4_s5,rapid,29,unguided,800,260,8,62,63,63,100,quiesced,true,0.0000
band2_depth4_s5,rapid,29,unguided,1600,260,8,62,63,63,100,quiesced,true,0.0000
band2_depth4_s5,rapid,29,unguided,3200,260,8,62,63,63,100,quiesced,true,0.0000
band2_depth4_s5,rapid,29,unguided,6400,260,8,62,63,63,100,quiesced,true,0.0000
band2_depth4_s5,rapid,29,unguided,12800,260,8,62,63,63,100,quiesced,true,0.0000
band2_depth4_s5,rapid,29,unguided,25600,260,8,62,63,63,100,quiesced,true,0.0000
band2_depth4_s5,rapid,29,unguided,51200,260,8,62,63,63,100,quiesced,true,0.0000
band2_depth4_s5,rapid,29,unguided,102400,260,8,62,63,63,100,quiesced,true,0.0000
band2_depth4_s5,rapid,29,unguided,204800,260,8,62,63,63,100,quiesced,true,0.0000
band2_depth4_s5,rapid,29,oracle,25,25,2,10,48,48,100,app_budget,false,0.0000
band2_depth4_s5,rapid,29,oracle,50,50,3,10,53,53,100,app_budget,false,0.0000
band2_depth4_s5,rapid,29,oracle,100,100,5,10,56,56,100,app_budget,false,0.0000
band2_depth4_s5,rapid,29,oracle,200,200,7,10,57,57,100,app_budget,false,0.0000
band2_depth4_s5,rapid,29,oracle,400,251,8,10,57,57,100,quiesced,false,0.0000
band2_depth4_s5,rapid,29,oracle,800,251,8,10,57,57,100,quiesced,true,0.0000
band2_depth4_s5,rapid,29,oracle,1600,251,8,10,57,57,100,quiesced,true,0.0000
band2_depth4_s5,rapid,29,oracle,3200,251,8,10,57,57,100,quiesced,true,0.0000
band2_depth4_s5,rapid,29,oracle,6400,251,8,10,57,57,100,quiesced,true,0.0000
band2_depth4_s5,rapid,29,oracle,12800,251,8,10,57,57,100,quiesced,true,0.0000
band2_depth4_s5,rapid,29,oracle,25600,251,8,10,57,57,100,quiesced,true,0.0000
band2_depth4_s5,rapid,29,oracle,51200,251,8,10,57,57,100,quiesced,true,0.0000
band2_depth4_s5,rapid,29,oracle,102400,251,8,10,57,57,100,quiesced,true,0.0000
band2_depth4_s5,rapid,29,oracle,204800,251,8,10,57,57,100,quiesced,true,0.0000
band2_depth4_s6,rapid,24,unguided,25,25,2,62,34,34,166,app_budget,false,0.0000
band2_depth4_s6,rapid,24,unguided,50,43,3,62,34,34,166,quiesced,false,0.0000
band2_depth4_s6,rapid,24,unguided,100,43,3,62,34,34,166,quiesced,true,0.0000
band2_depth4_s6,rapid,24,unguided,200,43,3,62,34,34,166,quiesced,true,0.0000
band2_depth4_s6,rapid,24,unguided,400,43,3,62,34,34,166,quiesced,true,0.0000
band2_depth4_s6,rapid,24,unguided,800,43,3,62,34,34,166,quiesced,true,0.0000
band2_depth4_s6,rapid,24,unguided,1600,43,3,62,34,34,166,quiesced,true,0.0000
band2_depth4_s6,rapid,24,unguided,3200,43,3,62,34,34,166,quiesced,true,0.0000
band2_depth4_s6,rapid,24,unguided,6400,43,3,62,34,34,166,quiesced,true,0.0000
band2_depth4_s6,rapid,24,unguided,12800,43,3,62,34,34,166,quiesced,true,0.0000
band2_depth4_s6,rapid,24,unguided,25600,43,3,62,34,34,166,quiesced,true,0.0000
band2_depth4_s6,rapid,24,unguided,51200,43,3,62,34,34,166,quiesced,true,0.0000
band2_depth4_s6,rapid,24,unguided,102400,43,3,62,34,34,166,quiesced,true,0.0000
band2_depth4_s6,rapid,24,unguided,204800,43,3,62,34,34,166,quiesced,true,0.0000
band2_depth4_s6,rapid,24,oracle,25,25,2,7,34,34,166,app_budget,false,0.0000
band2_depth4_s6,rapid,24,oracle,50,43,3,7,34,34,166,quiesced,false,0.0000
band2_depth4_s6,rapid,24,oracle,100,43,3,7,34,34,166,quiesced,true,0.0000
band2_depth4_s6,rapid,24,oracle,200,43,3,7,34,34,166,quiesced,true,0.0000
band2_depth4_s6,rapid,24,oracle,400,43,3,7,34,34,166,quiesced,true,0.0000
band2_depth4_s6,rapid,24,oracle,800,43,3,7,34,34,166,quiesced,true,0.0000
band2_depth4_s6,rapid,24,oracle,1600,43,3,7,34,34,166,quiesced,true,0.0000
band2_depth4_s6,rapid,24,oracle,3200,43,3,7,34,34,166,quiesced,true,0.0000
band2_depth4_s6,rapid,24,oracle,6400,43,3,7,34,34,166,quiesced,true,0.0000
band2_depth4_s6,rapid,24,oracle,12800,43,3,7,34,34,166,quiesced,true,0.0000
band2_depth4_s6,rapid,24,oracle,25600,43,3,7,34,34,166,quiesced,true,0.0000
band2_depth4_s6,rapid,24,oracle,51200,43,3,7,34,34,166,quiesced,true,0.0000
band2_depth4_s6,rapid,24,oracle,102400,43,3,7,34,34,166,quiesced,true,0.0000
band2_depth4_s6,rapid,24,oracle,204800,43,3,7,34,34,166,quiesced,true,0.0000
band2_depth4_s7,rapid,34,unguided,25,25,1,62,56,56,894,app_budget,false,529.5775
band2_depth4_s7,rapid,34,unguided,50,50,2,62,62,62,890,app_budget,false,526.7606
band2_depth4_s7,rapid,34,unguided,100,100,3,62,68,68,890,app_budget,false,526.7606
band2_depth4_s7,rapid,34,unguided,200,200,4,62,100,100,890,app_budget,false,526.7606
band2_depth4_s7,rapid,34,unguided,400,400,5,62,160,160,165,app_budget,false,16.1972
band2_depth4_s7,rapid,34,unguided,800,800,7,62,251,251,142,app_budget,false,0.0000
band2_depth4_s7,rapid,34,unguided,1600,1600,9,62,268,268,142,app_budget,false,0.0000
band2_depth4_s7,rapid,34,unguided,3200,2526,11,62,269,269,142,quiesced,false,0.0000
band2_depth4_s7,rapid,34,unguided,6400,2526,11,62,269,269,142,quiesced,true,0.0000
band2_depth4_s7,rapid,34,unguided,12800,2526,11,62,269,269,142,quiesced,true,0.0000
band2_depth4_s7,rapid,34,unguided,25600,2526,11,62,269,269,142,quiesced,true,0.0000
band2_depth4_s7,rapid,34,unguided,51200,2526,11,62,269,269,142,quiesced,true,0.0000
band2_depth4_s7,rapid,34,unguided,102400,2526,11,62,269,269,142,quiesced,true,0.0000
band2_depth4_s7,rapid,34,unguided,204800,2526,11,62,269,269,142,quiesced,true,0.0000
band2_depth4_s7,rapid,34,oracle,25,25,1,15,56,56,894,app_budget,false,529.5775
band2_depth4_s7,rapid,34,oracle,50,50,2,15,62,62,890,app_budget,false,526.7606
band2_depth4_s7,rapid,34,oracle,100,100,3,15,68,68,890,app_budget,false,526.7606
band2_depth4_s7,rapid,34,oracle,200,200,4,15,100,100,890,app_budget,false,526.7606
band2_depth4_s7,rapid,34,oracle,400,400,5,15,161,161,161,app_budget,false,13.3803
band2_depth4_s7,rapid,34,oracle,800,800,7,15,251,251,142,app_budget,false,0.0000
band2_depth4_s7,rapid,34,oracle,1600,1600,9,15,268,268,142,app_budget,false,0.0000
band2_depth4_s7,rapid,34,oracle,3200,2500,11,15,269,269,142,quiesced,false,0.0000
band2_depth4_s7,rapid,34,oracle,6400,2500,11,15,269,269,142,quiesced,true,0.0000
band2_depth4_s7,rapid,34,oracle,12800,2500,11,15,269,269,142,quiesced,true,0.0000
band2_depth4_s7,rapid,34,oracle,25600,2500,11,15,269,269,142,quiesced,true,0.0000
band2_depth4_s7,rapid,34,oracle,51200,2500,11,15,269,269,142,quiesced,true,0.0000
band2_depth4_s7,rapid,34,oracle,102400,2500,11,15,269,269,142,quiesced,true,0.0000
band2_depth4_s7,rapid,34,oracle,204800,2500,11,15,269,269,142,quiesced,true,0.0000
band2_depth4_s8,rapid,11,unguided,25,25,2,62,24,24,23,app_budget,false,0.0000
band2_depth4_s8,rapid,11,unguided,50,49,3,62,24,24,23,quiesced,false,0.0000
band2_depth4_s8,rapid,11,unguided,100,49,3,62,24,24,23,quiesced,true,0.0000
band2_depth4_s8,rapid,11,unguided,200,49,3,62,24,24,23,quiesced,true,0.0000
band2_depth4_s8,rapid,11,unguided,400,49,3,62,24,24,23,quiesced,true,0.0000
band2_depth4_s8,rapid,11,unguided,800,49,3,62,24,24,23,quiesced,true,0.0000
band2_depth4_s8,rapid,11,unguided,1600,49,3,62,24,24,23,quiesced,true,0.0000
band2_depth4_s8,rapid,11,unguided,3200,49,3,62,24,24,23,quiesced,true,0.0000
band2_depth4_s8,rapid,11,unguided,6400,49,3,62,24,24,23,quiesced,true,0.0000
band2_depth4_s8,rapid,11,unguided,12800,49,3,62,24,24,23,quiesced,true,0.0000
band2_depth4_s8,rapid,11,unguided,25600,49,3,62,24,24,23,quiesced,true,0.0000
band2_depth4_s8,rapid,11,unguided,51200,49,3,62,24,24,23,quiesced,true,0.0000
band2_depth4_s8,rapid,11,unguided,102400,49,3,62,24,24,23,quiesced,true,0.0000
band2_depth4_s8,rapid,11,unguided,204800,49,3,62,24,24,23,quiesced,true,0.0000
band2_depth4_s8,rapid,11,oracle,25,25,2,8,24,24,23,app_budget,false,0.0000
band2_depth4_s8,rapid,11,oracle,50,47,3,8,24,24,23,quiesced,false,0.0000
band2_depth4_s8,rapid,11,oracle,100,47,3,8,24,24,23,quiesced,true,0.0000
band2_depth4_s8,rapid,11,oracle,200,47,3,8,24,24,23,quiesced,true,0.0000
band2_depth4_s8,rapid,11,oracle,400,47,3,8,24,24,23,quiesced,true,0.0000
band2_depth4_s8,rapid,11,oracle,800,47,3,8,24,24,23,quiesced,true,0.0000
band2_depth4_s8,rapid,11,oracle,1600,47,3,8,24,24,23,quiesced,true,0.0000
band2_depth4_s8,rapid,11,oracle,3200,47,3,8,24,24,23,quiesced,true,0.0000
band2_depth4_s8,rapid,11,oracle,6400,47,3,8,24,24,23,quiesced,true,0.0000
band2_depth4_s8,rapid,11,oracle,12800,47,3,8,24,24,23,quiesced,true,0.0000
band2_depth4_s8,rapid,11,oracle,25600,47,3,8,24,24,23,quiesced,true,0.0000
band2_depth4_s8,rapid,11,oracle,51200,47,3,8,24,24,23,quiesced,true,0.0000
band2_depth4_s8,rapid,11,oracle,102400,47,3,8,24,24,23,quiesced,true,0.0000
band2_depth4_s8,rapid,11,oracle,204800,47,3,8,24,24,23,quiesced,true,0.0000
band2_depth4_s9,rapid,20,unguided,25,25,1,62,46,46,232,app_budget,false,1.7544
band2_depth4_s9,rapid,20,unguided,50,50,2,62,56,56,232,app_budget,false,1.7544
band2_depth4_s9,rapid,20,unguided,100,100,3,62,59,59,232,app_budget,false,1.7544
band2_depth4_s9,rapid,20,unguided,200,200,5,62,80,80,228,app_budget,false,0.0000
band2_depth4_s9,rapid,20,unguided,400,400,7,62,158,158,228,app_budget,false,0.0000
band2_depth4_s9,rapid,20,unguided,800,800,8,62,329,329,228,app_budget,false,0.0000
band2_depth4_s9,rapid,20,unguided,1600,1600,9,62,736,736,228,app_budget,false,0.0000
band2_depth4_s9,rapid,20,unguided,3200,3200,10,62,1344,1344,228,app_budget,false,0.0000
band2_depth4_s9,rapid,20,unguided,6400,5601,11,62,1901,1901,228,class_cap,false,0.0000
band2_depth4_s9,rapid,20,unguided,12800,5601,11,62,1901,1901,228,class_cap,true,0.0000
band2_depth4_s9,rapid,20,unguided,25600,5601,11,62,1901,1901,228,class_cap,true,0.0000
band2_depth4_s9,rapid,20,unguided,51200,5601,11,62,1901,1901,228,class_cap,true,0.0000
band2_depth4_s9,rapid,20,unguided,102400,5601,11,62,1901,1901,228,class_cap,true,0.0000
band2_depth4_s9,rapid,20,unguided,204800,5601,11,62,1901,1901,228,class_cap,true,0.0000
band2_depth4_s9,rapid,20,oracle,25,25,1,19,47,47,228,app_budget,false,0.0000
band2_depth4_s9,rapid,20,oracle,50,50,2,19,57,57,228,app_budget,false,0.0000
band2_depth4_s9,rapid,20,oracle,100,100,3,19,60,60,228,app_budget,false,0.0000
band2_depth4_s9,rapid,20,oracle,200,200,5,19,80,80,228,app_budget,false,0.0000
band2_depth4_s9,rapid,20,oracle,400,400,7,19,143,143,228,app_budget,false,0.0000
band2_depth4_s9,rapid,20,oracle,800,800,9,19,280,280,228,app_budget,false,0.0000
band2_depth4_s9,rapid,20,oracle,1600,1600,11,19,453,453,228,app_budget,false,0.0000
band2_depth4_s9,rapid,20,oracle,3200,3200,14,19,472,472,228,app_budget,false,0.0000
band2_depth4_s9,rapid,20,oracle,6400,3989,15,19,472,472,228,quiesced,false,0.0000
band2_depth4_s9,rapid,20,oracle,12800,3989,15,19,472,472,228,quiesced,true,0.0000
band2_depth4_s9,rapid,20,oracle,25600,3989,15,19,472,472,228,quiesced,true,0.0000
band2_depth4_s9,rapid,20,oracle,51200,3989,15,19,472,472,228,quiesced,true,0.0000
band2_depth4_s9,rapid,20,oracle,102400,3989,15,19,472,472,228,quiesced,true,0.0000
band2_depth4_s9,rapid,20,oracle,204800,3989,15,19,472,472,228,quiesced,true,0.0000
band2_depth4_s10,blitz,8,unguided,25,9,2,62,8,8,97,quiesced,false,0.0000
band2_depth4_s10,blitz,8,unguided,50,9,2,62,8,8,97,quiesced,true,0.0000
band2_depth4_s10,blitz,8,unguided,100,9,2,62,8,8,97,quiesced,true,0.0000
band2_depth4_s10,blitz,8,unguided,200,9,2,62,8,8,97,quiesced,true,0.0000
band2_depth4_s10,blitz,8,unguided,400,9,2,62,8,8,97,quiesced,true,0.0000
band2_depth4_s10,blitz,8,unguided,800,9,2,62,8,8,97,quiesced,true,0.0000
band2_depth4_s10,blitz,8,unguided,1600,9,2,62,8,8,97,quiesced,true,0.0000
band2_depth4_s10,blitz,8,unguided,3200,9,2,62,8,8,97,quiesced,true,0.0000
band2_depth4_s10,blitz,8,unguided,6400,9,2,62,8,8,97,quiesced,true,0.0000
band2_depth4_s10,blitz,8,unguided,12800,9,2,62,8,8,97,quiesced,true,0.0000
band2_depth4_s10,blitz,8,unguided,25600,9,2,62,8,8,97,quiesced,true,0.0000
band2_depth4_s10,blitz,8,unguided,51200,9,2,62,8,8,97,quiesced,true,0.0000
band2_depth4_s10,blitz,8,unguided,102400,9,2,62,8,8,97,quiesced,true,0.0000
band2_depth4_s10,blitz,8,unguided,204800,9,2,62,8,8,97,quiesced,true,0.0000
band2_depth4_s10,blitz,8,oracle,25,9,2,3,8,8,97,quiesced,false,0.0000
band2_depth4_s10,blitz,8,oracle,50,9,2,3,8,8,97,quiesced,true,0.0000
band2_depth4_s10,blitz,8,oracle,100,9,2,3,8,8,97,quiesced,true,0.0000
band2_depth4_s10,blitz,8,oracle,200,9,2,3,8,8,97,quiesced,true,0.0000
band2_depth4_s10,blitz,8,oracle,400,9,2,3,8,8,97,quiesced,true,0.0000
band2_depth4_s10,blitz,8,oracle,800,9,2,3,8,8,97,quiesced,true,0.0000
band2_depth4_s10,blitz,8,oracle,1600,9,2,3,8,8,97,quiesced,true,0.0000
band2_depth4_s10,blitz,8,oracle,3200,9,2,3,8,8,97,quiesced,true,0.0000
band2_depth4_s10,blitz,8,oracle,6400,9,2,3,8,8,97,quiesced,true,0.0000
band2_depth4_s10,blitz,8,oracle,12800,9,2,3,8,8,97,quiesced,true,0.0000
band2_depth4_s10,blitz,8,oracle,25600,9,2,3,8,8,97,quiesced,true,0.0000
band2_depth4_s10,blitz,8,oracle,51200,9,2,3,8,8,97,quiesced,true,0.0000
band2_depth4_s10,blitz,8,oracle,102400,9,2,3,8,8,97,quiesced,true,0.0000
band2_depth4_s10,blitz,8,oracle,204800,9,2,3,8,8,97,quiesced,true,0.0000
band2_depth4_s11,blitz,8,unguided,25,9,2,62,10,10,210,quiesced,false,0.0000
band2_depth4_s11,blitz,8,unguided,50,9,2,62,10,10,210,quiesced,true,0.0000
band2_depth4_s11,blitz,8,unguided,100,9,2,62,10,10,210,quiesced,true,0.0000
band2_depth4_s11,blitz,8,unguided,200,9,2,62,10,10,210,quiesced,true,0.0000
band2_depth4_s11,blitz,8,unguided,400,9,2,62,10,10,210,quiesced,true,0.0000
band2_depth4_s11,blitz,8,unguided,800,9,2,62,10,10,210,quiesced,true,0.0000
band2_depth4_s11,blitz,8,unguided,1600,9,2,62,10,10,210,quiesced,true,0.0000
band2_depth4_s11,blitz,8,unguided,3200,9,2,62,10,10,210,quiesced,true,0.0000
band2_depth4_s11,blitz,8,unguided,6400,9,2,62,10,10,210,quiesced,true,0.0000
band2_depth4_s11,blitz,8,unguided,12800,9,2,62,10,10,210,quiesced,true,0.0000
band2_depth4_s11,blitz,8,unguided,25600,9,2,62,10,10,210,quiesced,true,0.0000
band2_depth4_s11,blitz,8,unguided,51200,9,2,62,10,10,210,quiesced,true,0.0000
band2_depth4_s11,blitz,8,unguided,102400,9,2,62,10,10,210,quiesced,true,0.0000
band2_depth4_s11,blitz,8,unguided,204800,9,2,62,10,10,210,quiesced,true,0.0000
band2_depth4_s11,blitz,8,oracle,25,9,2,3,10,10,210,quiesced,false,0.0000
band2_depth4_s11,blitz,8,oracle,50,9,2,3,10,10,210,quiesced,true,0.0000
band2_depth4_s11,blitz,8,oracle,100,9,2,3,10,10,210,quiesced,true,0.0000
band2_depth4_s11,blitz,8,oracle,200,9,2,3,10,10,210,quiesced,true,0.0000
band2_depth4_s11,blitz,8,oracle,400,9,2,3,10,10,210,quiesced,true,0.0000
band2_depth4_s11,blitz,8,oracle,800,9,2,3,10,10,210,quiesced,true,0.0000
band2_depth4_s11,blitz,8,oracle,1600,9,2,3,10,10,210,quiesced,true,0.0000
band2_depth4_s11,blitz,8,oracle,3200,9,2,3,10,10,210,quiesced,true,0.0000
band2_depth4_s11,blitz,8,oracle,6400,9,2,3,10,10,210,quiesced,true,0.0000
band2_depth4_s11,blitz,8,oracle,12800,9,2,3,10,10,210,quiesced,true,0.0000
band2_depth4_s11,blitz,8,oracle,25600,9,2,3,10,10,210,quiesced,true,0.0000
band2_depth4_s11,blitz,8,oracle,51200,9,2,3,10,10,210,quiesced,true,0.0000
band2_depth4_s11,blitz,8,oracle,102400,9,2,3,10,10,210,quiesced,true,0.0000
band2_depth4_s11,blitz,8,oracle,204800,9,2,3,10,10,210,quiesced,true,0.0000
band2_depth4_s12,rapid,20,unguided,25,25,2,62,28,28,157,app_budget,false,0.0000
band2_depth4_s12,rapid,20,unguided,50,50,3,62,28,28,157,app_budget,false,0.0000
band2_depth4_s12,rapid,20,unguided,100,75,4,62,28,28,157,quiesced,false,0.0000
band2_depth4_s12,rapid,20,unguided,200,75,4,62,28,28,157,quiesced,true,0.0000
band2_depth4_s12,rapid,20,unguided,400,75,4,62,28,28,157,quiesced,true,0.0000
band2_depth4_s12,rapid,20,unguided,800,75,4,62,28,28,157,quiesced,true,0.0000
band2_depth4_s12,rapid,20,unguided,1600,75,4,62,28,28,157,quiesced,true,0.0000
band2_depth4_s12,rapid,20,unguided,3200,75,4,62,28,28,157,quiesced,true,0.0000
band2_depth4_s12,rapid,20,unguided,6400,75,4,62,28,28,157,quiesced,true,0.0000
band2_depth4_s12,rapid,20,unguided,12800,75,4,62,28,28,157,quiesced,true,0.0000
band2_depth4_s12,rapid,20,unguided,25600,75,4,62,28,28,157,quiesced,true,0.0000
band2_depth4_s12,rapid,20,unguided,51200,75,4,62,28,28,157,quiesced,true,0.0000
band2_depth4_s12,rapid,20,unguided,102400,75,4,62,28,28,157,quiesced,true,0.0000
band2_depth4_s12,rapid,20,unguided,204800,75,4,62,28,28,157,quiesced,true,0.0000
band2_depth4_s12,rapid,20,oracle,25,25,2,7,28,28,157,app_budget,false,0.0000
band2_depth4_s12,rapid,20,oracle,50,50,3,7,28,28,157,app_budget,false,0.0000
band2_depth4_s12,rapid,20,oracle,100,75,4,7,28,28,157,quiesced,false,0.0000
band2_depth4_s12,rapid,20,oracle,200,75,4,7,28,28,157,quiesced,true,0.0000
band2_depth4_s12,rapid,20,oracle,400,75,4,7,28,28,157,quiesced,true,0.0000
band2_depth4_s12,rapid,20,oracle,800,75,4,7,28,28,157,quiesced,true,0.0000
band2_depth4_s12,rapid,20,oracle,1600,75,4,7,28,28,157,quiesced,true,0.0000
band2_depth4_s12,rapid,20,oracle,3200,75,4,7,28,28,157,quiesced,true,0.0000
band2_depth4_s12,rapid,20,oracle,6400,75,4,7,28,28,157,quiesced,true,0.0000
band2_depth4_s12,rapid,20,oracle,12800,75,4,7,28,28,157,quiesced,true,0.0000
band2_depth4_s12,rapid,20,oracle,25600,75,4,7,28,28,157,quiesced,true,0.0000
band2_depth4_s12,rapid,20,oracle,51200,75,4,7,28,28,157,quiesced,true,0.0000
band2_depth4_s12,rapid,20,oracle,102400,75,4,7,28,28,157,quiesced,true,0.0000
band2_depth4_s12,rapid,20,oracle,204800,75,4,7,28,28,157,quiesced,true,0.0000
band2_depth4_s13,rapid,23,unguided,25,25,2,62,30,30,310,app_budget,false,0.0000
band2_depth4_s13,rapid,23,unguided,50,47,3,62,30,30,310,quiesced,false,0.0000
band2_depth4_s13,rapid,23,unguided,100,47,3,62,30,30,310,quiesced,true,0.0000
band2_depth4_s13,rapid,23,unguided,200,47,3,62,30,30,310,quiesced,true,0.0000
band2_depth4_s13,rapid,23,unguided,400,47,3,62,30,30,310,quiesced,true,0.0000
band2_depth4_s13,rapid,23,unguided,800,47,3,62,30,30,310,quiesced,true,0.0000
band2_depth4_s13,rapid,23,unguided,1600,47,3,62,30,30,310,quiesced,true,0.0000
band2_depth4_s13,rapid,23,unguided,3200,47,3,62,30,30,310,quiesced,true,0.0000
band2_depth4_s13,rapid,23,unguided,6400,47,3,62,30,30,310,quiesced,true,0.0000
band2_depth4_s13,rapid,23,unguided,12800,47,3,62,30,30,310,quiesced,true,0.0000
band2_depth4_s13,rapid,23,unguided,25600,47,3,62,30,30,310,quiesced,true,0.0000
band2_depth4_s13,rapid,23,unguided,51200,47,3,62,30,30,310,quiesced,true,0.0000
band2_depth4_s13,rapid,23,unguided,102400,47,3,62,30,30,310,quiesced,true,0.0000
band2_depth4_s13,rapid,23,unguided,204800,47,3,62,30,30,310,quiesced,true,0.0000
band2_depth4_s13,rapid,23,oracle,25,25,2,6,30,30,310,app_budget,false,0.0000
band2_depth4_s13,rapid,23,oracle,50,47,3,6,30,30,310,quiesced,false,0.0000
band2_depth4_s13,rapid,23,oracle,100,47,3,6,30,30,310,quiesced,true,0.0000
band2_depth4_s13,rapid,23,oracle,200,47,3,6,30,30,310,quiesced,true,0.0000
band2_depth4_s13,rapid,23,oracle,400,47,3,6,30,30,310,quiesced,true,0.0000
band2_depth4_s13,rapid,23,oracle,800,47,3,6,30,30,310,quiesced,true,0.0000
band2_depth4_s13,rapid,23,oracle,1600,47,3,6,30,30,310,quiesced,true,0.0000
band2_depth4_s13,rapid,23,oracle,3200,47,3,6,30,30,310,quiesced,true,0.0000
band2_depth4_s13,rapid,23,oracle,6400,47,3,6,30,30,310,quiesced,true,0.0000
band2_depth4_s13,rapid,23,oracle,12800,47,3,6,30,30,310,quiesced,true,0.0000
band2_depth4_s13,rapid,23,oracle,25600,47,3,6,30,30,310,quiesced,true,0.0000
band2_depth4_s13,rapid,23,oracle,51200,47,3,6,30,30,310,quiesced,true,0.0000
band2_depth4_s13,rapid,23,oracle,102400,47,3,6,30,30,310,quiesced,true,0.0000
band2_depth4_s13,rapid,23,oracle,204800,47,3,6,30,30,310,quiesced,true,0.0000
band2_depth4_s14,rapid,15,unguided,25,22,2,62,20,20,32,quiesced,false,0.0000
band2_depth4_s14,rapid,15,unguided,50,22,2,62,20,20,32,quiesced,true,0.0000
band2_depth4_s14,rapid,15,unguided,100,22,2,62,20,20,32,quiesced,true,0.0000
band2_depth4_s14,rapid,15,unguided,200,22,2,62,20,20,32,quiesced,true,0.0000
band2_depth4_s14,rapid,15,unguided,400,22,2,62,20,20,32,quiesced,true,0.0000
band2_depth4_s14,rapid,15,unguided,800,22,2,62,20,20,32,quiesced,true,0.0000
band2_depth4_s14,rapid,15,unguided,1600,22,2,62,20,20,32,quiesced,true,0.0000
band2_depth4_s14,rapid,15,unguided,3200,22,2,62,20,20,32,quiesced,true,0.0000
band2_depth4_s14,rapid,15,unguided,6400,22,2,62,20,20,32,quiesced,true,0.0000
band2_depth4_s14,rapid,15,unguided,12800,22,2,62,20,20,32,quiesced,true,0.0000
band2_depth4_s14,rapid,15,unguided,25600,22,2,62,20,20,32,quiesced,true,0.0000
band2_depth4_s14,rapid,15,unguided,51200,22,2,62,20,20,32,quiesced,true,0.0000
band2_depth4_s14,rapid,15,unguided,102400,22,2,62,20,20,32,quiesced,true,0.0000
band2_depth4_s14,rapid,15,unguided,204800,22,2,62,20,20,32,quiesced,true,0.0000
band2_depth4_s14,rapid,15,oracle,25,22,2,5,20,20,32,quiesced,false,0.0000
band2_depth4_s14,rapid,15,oracle,50,22,2,5,20,20,32,quiesced,true,0.0000
band2_depth4_s14,rapid,15,oracle,100,22,2,5,20,20,32,quiesced,true,0.0000
band2_depth4_s14,rapid,15,oracle,200,22,2,5,20,20,32,quiesced,true,0.0000
band2_depth4_s14,rapid,15,oracle,400,22,2,5,20,20,32,quiesced,true,0.0000
band2_depth4_s14,rapid,15,oracle,800,22,2,5,20,20,32,quiesced,true,0.0000
band2_depth4_s14,rapid,15,oracle,1600,22,2,5,20,20,32,quiesced,true,0.0000
band2_depth4_s14,rapid,15,oracle,3200,22,2,5,20,20,32,quiesced,true,0.0000
band2_depth4_s14,rapid,15,oracle,6400,22,2,5,20,20,32,quiesced,true,0.0000
band2_depth4_s14,rapid,15,oracle,12800,22,2,5,20,20,32,quiesced,true,0.0000
band2_depth4_s14,rapid,15,oracle,25600,22,2,5,20,20,32,quiesced,true,0.0000
band2_depth4_s14,rapid,15,oracle,51200,22,2,5,20,20,32,quiesced,true,0.0000
band2_depth4_s14,rapid,15,oracle,102400,22,2,5,20,20,32,quiesced,true,0.0000
band2_depth4_s14,rapid,15,oracle,204800,22,2,5,20,20,32,quiesced,true,0.0000
band2_depth4_s15,rapid,45,unguided,25,25,1,62,57,57,502,app_budget,false,59.8726
band2_depth4_s15,rapid,45,unguided,50,50,2,62,57,57,498,app_budget,false,58.5987
band2_depth4_s15,rapid,45,unguided,100,100,3,62,62,62,318,app_budget,false,1.2739
band2_depth4_s15,rapid,45,unguided,200,200,5,62,63,63,314,app_budget,false,0.0000
band2_depth4_s15,rapid,45,unguided,400,256,6,62,63,63,314,quiesced,false,0.0000
band2_depth4_s15,rapid,45,unguided,800,256,6,62,63,63,314,quiesced,true,0.0000
band2_depth4_s15,rapid,45,unguided,1600,256,6,62,63,63,314,quiesced,true,0.0000
band2_depth4_s15,rapid,45,unguided,3200,256,6,62,63,63,314,quiesced,true,0.0000
band2_depth4_s15,rapid,45,unguided,6400,256,6,62,63,63,314,quiesced,true,0.0000
band2_depth4_s15,rapid,45,unguided,12800,256,6,62,63,63,314,quiesced,true,0.0000
band2_depth4_s15,rapid,45,unguided,25600,256,6,62,63,63,314,quiesced,true,0.0000
band2_depth4_s15,rapid,45,unguided,51200,256,6,62,63,63,314,quiesced,true,0.0000
band2_depth4_s15,rapid,45,unguided,102400,256,6,62,63,63,314,quiesced,true,0.0000
band2_depth4_s15,rapid,45,unguided,204800,256,6,62,63,63,314,quiesced,true,0.0000
band2_depth4_s15,rapid,45,oracle,25,25,1,9,57,57,502,app_budget,false,59.8726
band2_depth4_s15,rapid,45,oracle,50,50,2,9,57,57,498,app_budget,false,58.5987
band2_depth4_s15,rapid,45,oracle,100,100,3,9,62,62,318,app_budget,false,1.2739
band2_depth4_s15,rapid,45,oracle,200,200,5,9,63,63,314,app_budget,false,0.0000
band2_depth4_s15,rapid,45,oracle,400,256,6,9,63,63,314,quiesced,false,0.0000
band2_depth4_s15,rapid,45,oracle,800,256,6,9,63,63,314,quiesced,true,0.0000
band2_depth4_s15,rapid,45,oracle,1600,256,6,9,63,63,314,quiesced,true,0.0000
band2_depth4_s15,rapid,45,oracle,3200,256,6,9,63,63,314,quiesced,true,0.0000
band2_depth4_s15,rapid,45,oracle,6400,256,6,9,63,63,314,quiesced,true,0.0000
band2_depth4_s15,rapid,45,oracle,12800,256,6,9,63,63,314,quiesced,true,0.0000
band2_depth4_s15,rapid,45,oracle,25600,256,6,9,63,63,314,quiesced,true,0.0000
band2_depth4_s15,rapid,45,oracle,51200,256,6,9,63,63,314,quiesced,true,0.0000
band2_depth4_s15,rapid,45,oracle,102400,256,6,9,63,63,314,quiesced,true,0.0000
band2_depth4_s15,rapid,45,oracle,204800,256,6,9,63,63,314,quiesced,true,0.0000
band2_depth4_s16,rapid,22,unguided,25,25,2,62,30,30,128,app_budget,false,0.0000
band2_depth4_s16,rapid,22,unguided,50,44,3,62,30,30,128,quiesced,false,0.0000
band2_depth4_s16,rapid,22,unguided,100,44,3,62,30,30,128,quiesced,true,0.0000
band2_depth4_s16,rapid,22,unguided,200,44,3,62,30,30,128,quiesced,true,0.0000
band2_depth4_s16,rapid,22,unguided,400,44,3,62,30,30,128,quiesced,true,0.0000
band2_depth4_s16,rapid,22,unguided,800,44,3,62,30,30,128,quiesced,true,0.0000
band2_depth4_s16,rapid,22,unguided,1600,44,3,62,30,30,128,quiesced,true,0.0000
band2_depth4_s16,rapid,22,unguided,3200,44,3,62,30,30,128,quiesced,true,0.0000
band2_depth4_s16,rapid,22,unguided,6400,44,3,62,30,30,128,quiesced,true,0.0000
band2_depth4_s16,rapid,22,unguided,12800,44,3,62,30,30,128,quiesced,true,0.0000
band2_depth4_s16,rapid,22,unguided,25600,44,3,62,30,30,128,quiesced,true,0.0000
band2_depth4_s16,rapid,22,unguided,51200,44,3,62,30,30,128,quiesced,true,0.0000
band2_depth4_s16,rapid,22,unguided,102400,44,3,62,30,30,128,quiesced,true,0.0000
band2_depth4_s16,rapid,22,unguided,204800,44,3,62,30,30,128,quiesced,true,0.0000
band2_depth4_s16,rapid,22,oracle,25,25,2,7,30,30,128,app_budget,false,0.0000
band2_depth4_s16,rapid,22,oracle,50,44,3,7,30,30,128,quiesced,false,0.0000
band2_depth4_s16,rapid,22,oracle,100,44,3,7,30,30,128,quiesced,true,0.0000
band2_depth4_s16,rapid,22,oracle,200,44,3,7,30,30,128,quiesced,true,0.0000
band2_depth4_s16,rapid,22,oracle,400,44,3,7,30,30,128,quiesced,true,0.0000
band2_depth4_s16,rapid,22,oracle,800,44,3,7,30,30,128,quiesced,true,0.0000
band2_depth4_s16,rapid,22,oracle,1600,44,3,7,30,30,128,quiesced,true,0.0000
band2_depth4_s16,rapid,22,oracle,3200,44,3,7,30,30,128,quiesced,true,0.0000
band2_depth4_s16,rapid,22,oracle,6400,44,3,7,30,30,128,quiesced,true,0.0000
band2_depth4_s16,rapid,22,oracle,12800,44,3,7,30,30,128,quiesced,true,0.0000
band2_depth4_s16,rapid,22,oracle,25600,44,3,7,30,30,128,quiesced,true,0.0000
band2_depth4_s16,rapid,22,oracle,51200,44,3,7,30,30,128,quiesced,true,0.0000
band2_depth4_s16,rapid,22,oracle,102400,44,3,7,30,30,128,quiesced,true,0.0000
band2_depth4_s16,rapid,22,oracle,204800,44,3,7,30,30,128,quiesced,true,0.0000
band2_depth4_s17,rapid,19,unguided,25,25,2,62,25,25,126,app_budget,false,0.0000
band2_depth4_s17,rapid,19,unguided,50,42,3,62,25,25,126,quiesced,false,0.0000
band2_depth4_s17,rapid,19,unguided,100,42,3,62,25,25,126,quiesced,true,0.0000
band2_depth4_s17,rapid,19,unguided,200,42,3,62,25,25,126,quiesced,true,0.0000
band2_depth4_s17,rapid,19,unguided,400,42,3,62,25,25,126,quiesced,true,0.0000
band2_depth4_s17,rapid,19,unguided,800,42,3,62,25,25,126,quiesced,true,0.0000
band2_depth4_s17,rapid,19,unguided,1600,42,3,62,25,25,126,quiesced,true,0.0000
band2_depth4_s17,rapid,19,unguided,3200,42,3,62,25,25,126,quiesced,true,0.0000
band2_depth4_s17,rapid,19,unguided,6400,42,3,62,25,25,126,quiesced,true,0.0000
band2_depth4_s17,rapid,19,unguided,12800,42,3,62,25,25,126,quiesced,true,0.0000
band2_depth4_s17,rapid,19,unguided,25600,42,3,62,25,25,126,quiesced,true,0.0000
band2_depth4_s17,rapid,19,unguided,51200,42,3,62,25,25,126,quiesced,true,0.0000
band2_depth4_s17,rapid,19,unguided,102400,42,3,62,25,25,126,quiesced,true,0.0000
band2_depth4_s17,rapid,19,unguided,204800,42,3,62,25,25,126,quiesced,true,0.0000
band2_depth4_s17,rapid,19,oracle,25,25,2,6,25,25,126,app_budget,false,0.0000
band2_depth4_s17,rapid,19,oracle,50,42,3,6,25,25,126,quiesced,false,0.0000
band2_depth4_s17,rapid,19,oracle,100,42,3,6,25,25,126,quiesced,true,0.0000
band2_depth4_s17,rapid,19,oracle,200,42,3,6,25,25,126,quiesced,true,0.0000
band2_depth4_s17,rapid,19,oracle,400,42,3,6,25,25,126,quiesced,true,0.0000
band2_depth4_s17,rapid,19,oracle,800,42,3,6,25,25,126,quiesced,true,0.0000
band2_depth4_s17,rapid,19,oracle,1600,42,3,6,25,25,126,quiesced,true,0.0000
band2_depth4_s17,rapid,19,oracle,3200,42,3,6,25,25,126,quiesced,true,0.0000
band2_depth4_s17,rapid,19,oracle,6400,42,3,6,25,25,126,quiesced,true,0.0000
band2_depth4_s17,rapid,19,oracle,12800,42,3,6,25,25,126,quiesced,true,0.0000
band2_depth4_s17,rapid,19,oracle,25600,42,3,6,25,25,126,quiesced,true,0.0000
band2_depth4_s17,rapid,19,oracle,51200,42,3,6,25,25,126,quiesced,true,0.0000
band2_depth4_s17,rapid,19,oracle,102400,42,3,6,25,25,126,quiesced,true,0.0000
band2_depth4_s17,rapid,19,oracle,204800,42,3,6,25,25,126,quiesced,true,0.0000
band2_depth4_s18,rapid,32,unguided,25,25,1,62,54,54,589,app_budget,false,49.4924
band2_depth4_s18,rapid,32,unguided,50,50,2,62,60,60,589,app_budget,false,49.4924
band2_depth4_s18,rapid,32,unguided,100,100,3,62,77,77,589,app_budget,false,49.4924
band2_depth4_s18,rapid,32,unguided,200,200,4,62,102,102,589,app_budget,false,49.4924
band2_depth4_s18,rapid,32,unguided,400,400,5,62,170,170,583,app_budget,false,47.9695
band2_depth4_s18,rapid,32,unguided,800,800,6,62,262,262,394,app_budget,false,0.0000
band2_depth4_s18,rapid,32,unguided,1600,1600,8,62,366,366,394,app_budget,false,0.0000
band2_depth4_s18,rapid,32,unguided,3200,3200,11,62,369,369,394,app_budget,false,0.0000
band2_depth4_s18,rapid,32,unguided,6400,3871,12,62,369,369,394,quiesced,false,0.0000
band2_depth4_s18,rapid,32,unguided,12800,3871,12,62,369,369,394,quiesced,true,0.0000
band2_depth4_s18,rapid,32,unguided,25600,3871,12,62,369,369,394,quiesced,true,0.0000
band2_depth4_s18,rapid,32,unguided,51200,3871,12,62,369,369,394,quiesced,true,0.0000
band2_depth4_s18,rapid,32,unguided,102400,3871,12,62,369,369,394,quiesced,true,0.0000
band2_depth4_s18,rapid,32,unguided,204800,3871,12,62,369,369,394,quiesced,true,0.0000
band2_depth4_s18,rapid,32,oracle,25,25,1,13,56,56,583,app_budget,false,47.9695
band2_depth4_s18,rapid,32,oracle,50,50,2,13,62,62,583,app_budget,false,47.9695
band2_depth4_s18,rapid,32,oracle,100,100,3,13,79,79,583,app_budget,false,47.9695
band2_depth4_s18,rapid,32,oracle,200,200,4,13,104,104,583,app_budget,false,47.9695
band2_depth4_s18,rapid,32,oracle,400,400,5,13,172,172,398,app_budget,false,1.0152
band2_depth4_s18,rapid,32,oracle,800,800,6,13,265,265,394,app_budget,false,0.0000
band2_depth4_s18,rapid,32,oracle,1600,1600,8,13,366,366,394,app_budget,false,0.0000
band2_depth4_s18,rapid,32,oracle,3200,3200,11,13,369,369,394,app_budget,false,0.0000
band2_depth4_s18,rapid,32,oracle,6400,3867,12,13,369,369,394,quiesced,false,0.0000
band2_depth4_s18,rapid,32,oracle,12800,3867,12,13,369,369,394,quiesced,true,0.0000
band2_depth4_s18,rapid,32,oracle,25600,3867,12,13,369,369,394,quiesced,true,0.0000
band2_depth4_s18,rapid,32,oracle,51200,3867,12,13,369,369,394,quiesced,true,0.0000
band2_depth4_s18,rapid,32,oracle,102400,3867,12,13,369,369,394,quiesced,true,0.0000
band2_depth4_s18,rapid,32,oracle,204800,3867,12,13,369,369,394,quiesced,true,0.0000
band2_depth4_s19,rapid,35,unguided,25,25,1,62,50,50,168,app_budget,false,4.3478
band2_depth4_s19,rapid,35,unguided,50,50,2,62,52,52,165,app_budget,false,2.4845
band2_depth4_s19,rapid,35,unguided,100,100,3,62,57,57,161,app_budget,false,0.0000
band2_depth4_s19,rapid,35,unguided,200,157,4,62,57,57,161,quiesced,false,0.0000
band2_depth4_s19,rapid,35,unguided,400,157,4,62,57,57,161,quiesced,true,0.0000
band2_depth4_s19,rapid,35,unguided,800,157,4,62,57,57,161,quiesced,true,0.0000
band2_depth4_s19,rapid,35,unguided,1600,157,4,62,57,57,161,quiesced,true,0.0000
band2_depth4_s19,rapid,35,unguided,3200,157,4,62,57,57,161,quiesced,true,0.0000
band2_depth4_s19,rapid,35,unguided,6400,157,4,62,57,57,161,quiesced,true,0.0000
band2_depth4_s19,rapid,35,unguided,12800,157,4,62,57,57,161,quiesced,true,0.0000
band2_depth4_s19,rapid,35,unguided,25600,157,4,62,57,57,161,quiesced,true,0.0000
band2_depth4_s19,rapid,35,unguided,51200,157,4,62,57,57,161,quiesced,true,0.0000
band2_depth4_s19,rapid,35,unguided,102400,157,4,62,57,57,161,quiesced,true,0.0000
band2_depth4_s19,rapid,35,unguided,204800,157,4,62,57,57,161,quiesced,true,0.0000
band2_depth4_s19,rapid,35,oracle,25,25,1,9,50,50,168,app_budget,false,4.3478
band2_depth4_s19,rapid,35,oracle,50,50,2,9,52,52,165,app_budget,false,2.4845
band2_depth4_s19,rapid,35,oracle,100,100,3,9,57,57,161,app_budget,false,0.0000
band2_depth4_s19,rapid,35,oracle,200,157,4,9,57,57,161,quiesced,false,0.0000
band2_depth4_s19,rapid,35,oracle,400,157,4,9,57,57,161,quiesced,true,0.0000
band2_depth4_s19,rapid,35,oracle,800,157,4,9,57,57,161,quiesced,true,0.0000
band2_depth4_s19,rapid,35,oracle,1600,157,4,9,57,57,161,quiesced,true,0.0000
band2_depth4_s19,rapid,35,oracle,3200,157,4,9,57,57,161,quiesced,true,0.0000
band2_depth4_s19,rapid,35,oracle,6400,157,4,9,57,57,161,quiesced,true,0.0000
band2_depth4_s19,rapid,35,oracle,12800,157,4,9,57,57,161,quiesced,true,0.0000
band2_depth4_s19,rapid,35,oracle,25600,157,4,9,57,57,161,quiesced,true,0.0000
band2_depth4_s19,rapid,35,oracle,51200,157,4,9,57,57,161,quiesced,true,0.0000
band2_depth4_s19,rapid,35,oracle,102400,157,4,9,57,57,161,quiesced,true,0.0000
band2_depth4_s19,rapid,35,oracle,204800,157,4,9,57,57,161,quiesced,true,0.0000
band2_depth4_s20,blitz,10,unguided,25,24,3,62,14,14,136,quiesced,false,0.0000
band2_depth4_s20,blitz,10,unguided,50,24,3,62,14,14,136,quiesced,true,0.0000
band2_depth4_s20,blitz,10,unguided,100,24,3,62,14,14,136,quiesced,true,0.0000
band2_depth4_s20,blitz,10,unguided,200,24,3,62,14,14,136,quiesced,true,0.0000
band2_depth4_s20,blitz,10,unguided,400,24,3,62,14,14,136,quiesced,true,0.0000
band2_depth4_s20,blitz,10,unguided,800,24,3,62,14,14,136,quiesced,true,0.0000
band2_depth4_s20,blitz,10,unguided,1600,24,3,62,14,14,136,quiesced,true,0.0000
band2_depth4_s20,blitz,10,unguided,3200,24,3,62,14,14,136,quiesced,true,0.0000
band2_depth4_s20,blitz,10,unguided,6400,24,3,62,14,14,136,quiesced,true,0.0000
band2_depth4_s20,blitz,10,unguided,12800,24,3,62,14,14,136,quiesced,true,0.0000
band2_depth4_s20,blitz,10,unguided,25600,24,3,62,14,14,136,quiesced,true,0.0000
band2_depth4_s20,blitz,10,unguided,51200,24,3,62,14,14,136,quiesced,true,0.0000
band2_depth4_s20,blitz,10,unguided,102400,24,3,62,14,14,136,quiesced,true,0.0000
band2_depth4_s20,blitz,10,unguided,204800,24,3,62,14,14,136,quiesced,true,0.0000
band2_depth4_s20,blitz,10,oracle,25,19,3,5,14,14,136,quiesced,false,0.0000
band2_depth4_s20,blitz,10,oracle,50,19,3,5,14,14,136,quiesced,true,0.0000
band2_depth4_s20,blitz,10,oracle,100,19,3,5,14,14,136,quiesced,true,0.0000
band2_depth4_s20,blitz,10,oracle,200,19,3,5,14,14,136,quiesced,true,0.0000
band2_depth4_s20,blitz,10,oracle,400,19,3,5,14,14,136,quiesced,true,0.0000
band2_depth4_s20,blitz,10,oracle,800,19,3,5,14,14,136,quiesced,true,0.0000
band2_depth4_s20,blitz,10,oracle,1600,19,3,5,14,14,136,quiesced,true,0.0000
band2_depth4_s20,blitz,10,oracle,3200,19,3,5,14,14,136,quiesced,true,0.0000
band2_depth4_s20,blitz,10,oracle,6400,19,3,5,14,14,136,quiesced,true,0.0000
band2_depth4_s20,blitz,10,oracle,12800,19,3,5,14,14,136,quiesced,true,0.0000
band2_depth4_s20,blitz,10,oracle,25600,19,3,5,14,14,136,quiesced,true,0.0000
band2_depth4_s20,blitz,10,oracle,51200,19,3,5,14,14,136,quiesced,true,0.0000
band2_depth4_s20,blitz,10,oracle,102400,19,3,5,14,14,136,quiesced,true,0.0000
band2_depth4_s20,blitz,10,oracle,204800,19,3,5,14,14,136,quiesced,true,0.0000
band2_depth4_s21,rapid,16,unguided,25,25,3,62,18,18,164,app_budget,false,0.0000
band2_depth4_s21,rapid,16,unguided,50,37,4,62,18,18,164,quiesced,false,0.0000
band2_depth4_s21,rapid,16,unguided,100,37,4,62,18,18,164,quiesced,true,0.0000
band2_depth4_s21,rapid,16,unguided,200,37,4,62,18,18,164,quiesced,true,0.0000
band2_depth4_s21,rapid,16,unguided,400,37,4,62,18,18,164,quiesced,true,0.0000
band2_depth4_s21,rapid,16,unguided,800,37,4,62,18,18,164,quiesced,true,0.0000
band2_depth4_s21,rapid,16,unguided,1600,37,4,62,18,18,164,quiesced,true,0.0000
band2_depth4_s21,rapid,16,unguided,3200,37,4,62,18,18,164,quiesced,true,0.0000
band2_depth4_s21,rapid,16,unguided,6400,37,4,62,18,18,164,quiesced,true,0.0000
band2_depth4_s21,rapid,16,unguided,12800,37,4,62,18,18,164,quiesced,true,0.0000
band2_depth4_s21,rapid,16,unguided,25600,37,4,62,18,18,164,quiesced,true,0.0000
band2_depth4_s21,rapid,16,unguided,51200,37,4,62,18,18,164,quiesced,true,0.0000
band2_depth4_s21,rapid,16,unguided,102400,37,4,62,18,18,164,quiesced,true,0.0000
band2_depth4_s21,rapid,16,unguided,204800,37,4,62,18,18,164,quiesced,true,0.0000
band2_depth4_s21,rapid,16,oracle,25,25,3,4,18,18,164,app_budget,false,0.0000
band2_depth4_s21,rapid,16,oracle,50,37,4,4,18,18,164,quiesced,false,0.0000
band2_depth4_s21,rapid,16,oracle,100,37,4,4,18,18,164,quiesced,true,0.0000
band2_depth4_s21,rapid,16,oracle,200,37,4,4,18,18,164,quiesced,true,0.0000
band2_depth4_s21,rapid,16,oracle,400,37,4,4,18,18,164,quiesced,true,0.0000
band2_depth4_s21,rapid,16,oracle,800,37,4,4,18,18,164,quiesced,true,0.0000
band2_depth4_s21,rapid,16,oracle,1600,37,4,4,18,18,164,quiesced,true,0.0000
band2_depth4_s21,rapid,16,oracle,3200,37,4,4,18,18,164,quiesced,true,0.0000
band2_depth4_s21,rapid,16,oracle,6400,37,4,4,18,18,164,quiesced,true,0.0000
band2_depth4_s21,rapid,16,oracle,12800,37,4,4,18,18,164,quiesced,true,0.0000
band2_depth4_s21,rapid,16,oracle,25600,37,4,4,18,18,164,quiesced,true,0.0000
band2_depth4_s21,rapid,16,oracle,51200,37,4,4,18,18,164,quiesced,true,0.0000
band2_depth4_s21,rapid,16,oracle,102400,37,4,4,18,18,164,quiesced,true,0.0000
band2_depth4_s21,rapid,16,oracle,204800,37,4,4,18,18,164,quiesced,true,0.0000
band3_depth5_s0,rapid,40,unguided,25,25,2,62,49,49,449,app_budget,false,0.8989
band3_depth5_s0,rapid,40,unguided,50,50,3,62,52,52,445,app_budget,false,0.0000
band3_depth5_s0,rapid,40,unguided,100,100,5,62,54,54,445,app_budget,false,0.0000
band3_depth5_s0,rapid,40,unguided,200,148,6,62,54,54,445,quiesced,false,0.0000
band3_depth5_s0,rapid,40,unguided,400,148,6,62,54,54,445,quiesced,true,0.0000
band3_depth5_s0,rapid,40,unguided,800,148,6,62,54,54,445,quiesced,true,0.0000
band3_depth5_s0,rapid,40,unguided,1600,148,6,62,54,54,445,quiesced,true,0.0000
band3_depth5_s0,rapid,40,unguided,3200,148,6,62,54,54,445,quiesced,true,0.0000
band3_depth5_s0,rapid,40,unguided,6400,148,6,62,54,54,445,quiesced,true,0.0000
band3_depth5_s0,rapid,40,unguided,12800,148,6,62,54,54,445,quiesced,true,0.0000
band3_depth5_s0,rapid,40,unguided,25600,148,6,62,54,54,445,quiesced,true,0.0000
band3_depth5_s0,rapid,40,unguided,51200,148,6,62,54,54,445,quiesced,true,0.0000
band3_depth5_s0,rapid,40,unguided,102400,148,6,62,54,54,445,quiesced,true,0.0000
band3_depth5_s0,rapid,40,unguided,204800,148,6,62,54,54,445,quiesced,true,0.0000
band3_depth5_s0,rapid,40,oracle,25,25,2,8,49,49,449,app_budget,false,0.8989
band3_depth5_s0,rapid,40,oracle,50,50,3,8,52,52,445,app_budget,false,0.0000
band3_depth5_s0,rapid,40,oracle,100,100,5,8,54,54,445,app_budget,false,0.0000
band3_depth5_s0,rapid,40,oracle,200,148,6,8,54,54,445,quiesced,false,0.0000
band3_depth5_s0,rapid,40,oracle,400,148,6,8,54,54,445,quiesced,true,0.0000
band3_depth5_s0,rapid,40,oracle,800,148,6,8,54,54,445,quiesced,true,0.0000
band3_depth5_s0,rapid,40,oracle,1600,148,6,8,54,54,445,quiesced,true,0.0000
band3_depth5_s0,rapid,40,oracle,3200,148,6,8,54,54,445,quiesced,true,0.0000
band3_depth5_s0,rapid,40,oracle,6400,148,6,8,54,54,445,quiesced,true,0.0000
band3_depth5_s0,rapid,40,oracle,12800,148,6,8,54,54,445,quiesced,true,0.0000
band3_depth5_s0,rapid,40,oracle,25600,148,6,8,54,54,445,quiesced,true,0.0000
band3_depth5_s0,rapid,40,oracle,51200,148,6,8,54,54,445,quiesced,true,0.0000
band3_depth5_s0,rapid,40,oracle,102400,148,6,8,54,54,445,quiesced,true,0.0000
band3_depth5_s0,rapid,40,oracle,204800,148,6,8,54,54,445,quiesced,true,0.0000
band3_depth5_s1,rapid,14,unguided,25,20,2,62,17,17,264,quiesced,false,0.0000
band3_depth5_s1,rapid,14,unguided,50,20,2,62,17,17,264,quiesced,true,0.0000
band3_depth5_s1,rapid,14,unguided,100,20,2,62,17,17,264,quiesced,true,0.0000
band3_depth5_s1,rapid,14,unguided,200,20,2,62,17,17,264,quiesced,true,0.0000
band3_depth5_s1,rapid,14,unguided,400,20,2,62,17,17,264,quiesced,true,0.0000
band3_depth5_s1,rapid,14,unguided,800,20,2,62,17,17,264,quiesced,true,0.0000
band3_depth5_s1,rapid,14,unguided,1600,20,2,62,17,17,264,quiesced,true,0.0000
band3_depth5_s1,rapid,14,unguided,3200,20,2,62,17,17,264,quiesced,true,0.0000
band3_depth5_s1,rapid,14,unguided,6400,20,2,62,17,17,264,quiesced,true,0.0000
band3_depth5_s1,rapid,14,unguided,12800,20,2,62,17,17,264,quiesced,true,0.0000
band3_depth5_s1,rapid,14,unguided,25600,20,2,62,17,17,264,quiesced,true,0.0000
band3_depth5_s1,rapid,14,unguided,51200,20,2,62,17,17,264,quiesced,true,0.0000
band3_depth5_s1,rapid,14,unguided,102400,20,2,62,17,17,264,quiesced,true,0.0000
band3_depth5_s1,rapid,14,unguided,204800,20,2,62,17,17,264,quiesced,true,0.0000
band3_depth5_s1,rapid,14,oracle,25,20,2,3,17,17,264,quiesced,false,0.0000
band3_depth5_s1,rapid,14,oracle,50,20,2,3,17,17,264,quiesced,true,0.0000
band3_depth5_s1,rapid,14,oracle,100,20,2,3,17,17,264,quiesced,true,0.0000
band3_depth5_s1,rapid,14,oracle,200,20,2,3,17,17,264,quiesced,true,0.0000
band3_depth5_s1,rapid,14,oracle,400,20,2,3,17,17,264,quiesced,true,0.0000
band3_depth5_s1,rapid,14,oracle,800,20,2,3,17,17,264,quiesced,true,0.0000
band3_depth5_s1,rapid,14,oracle,1600,20,2,3,17,17,264,quiesced,true,0.0000
band3_depth5_s1,rapid,14,oracle,3200,20,2,3,17,17,264,quiesced,true,0.0000
band3_depth5_s1,rapid,14,oracle,6400,20,2,3,17,17,264,quiesced,true,0.0000
band3_depth5_s1,rapid,14,oracle,12800,20,2,3,17,17,264,quiesced,true,0.0000
band3_depth5_s1,rapid,14,oracle,25600,20,2,3,17,17,264,quiesced,true,0.0000
band3_depth5_s1,rapid,14,oracle,51200,20,2,3,17,17,264,quiesced,true,0.0000
band3_depth5_s1,rapid,14,oracle,102400,20,2,3,17,17,264,quiesced,true,0.0000
band3_depth5_s1,rapid,14,oracle,204800,20,2,3,17,17,264,quiesced,true,0.0000
band3_depth5_s2,rapid,30,unguided,25,25,2,62,39,39,363,app_budget,false,0.8333
band3_depth5_s2,rapid,30,unguided,50,50,3,62,40,40,360,app_budget,false,0.0000
band3_depth5_s2,rapid,30,unguided,100,82,4,62,40,40,360,quiesced,false,0.0000
band3_depth5_s2,rapid,30,unguided,200,82,4,62,40,40,360,quiesced,true,0.0000
band3_depth5_s2,rapid,30,unguided,400,82,4,62,40,40,360,quiesced,true,0.0000
band3_depth5_s2,rapid,30,unguided,800,82,4,62,40,40,360,quiesced,true,0.0000
band3_depth5_s2,rapid,30,unguided,1600,82,4,62,40,40,360,quiesced,true,0.0000
band3_depth5_s2,rapid,30,unguided,3200,82,4,62,40,40,360,quiesced,true,0.0000
band3_depth5_s2,rapid,30,unguided,6400,82,4,62,40,40,360,quiesced,true,0.0000
band3_depth5_s2,rapid,30,unguided,12800,82,4,62,40,40,360,quiesced,true,0.0000
band3_depth5_s2,rapid,30,unguided,25600,82,4,62,40,40,360,quiesced,true,0.0000
band3_depth5_s2,rapid,30,unguided,51200,82,4,62,40,40,360,quiesced,true,0.0000
band3_depth5_s2,rapid,30,unguided,102400,82,4,62,40,40,360,quiesced,true,0.0000
band3_depth5_s2,rapid,30,unguided,204800,82,4,62,40,40,360,quiesced,true,0.0000
band3_depth5_s2,rapid,30,oracle,25,25,2,6,39,39,363,app_budget,false,0.8333
band3_depth5_s2,rapid,30,oracle,50,50,3,6,40,40,360,app_budget,false,0.0000
band3_depth5_s2,rapid,30,oracle,100,82,4,6,40,40,360,quiesced,false,0.0000
band3_depth5_s2,rapid,30,oracle,200,82,4,6,40,40,360,quiesced,true,0.0000
band3_depth5_s2,rapid,30,oracle,400,82,4,6,40,40,360,quiesced,true,0.0000
band3_depth5_s2,rapid,30,oracle,800,82,4,6,40,40,360,quiesced,true,0.0000
band3_depth5_s2,rapid,30,oracle,1600,82,4,6,40,40,360,quiesced,true,0.0000
band3_depth5_s2,rapid,30,oracle,3200,82,4,6,40,40,360,quiesced,true,0.0000
band3_depth5_s2,rapid,30,oracle,6400,82,4,6,40,40,360,quiesced,true,0.0000
band3_depth5_s2,rapid,30,oracle,12800,82,4,6,40,40,360,quiesced,true,0.0000
band3_depth5_s2,rapid,30,oracle,25600,82,4,6,40,40,360,quiesced,true,0.0000
band3_depth5_s2,rapid,30,oracle,51200,82,4,6,40,40,360,quiesced,true,0.0000
band3_depth5_s2,rapid,30,oracle,102400,82,4,6,40,40,360,quiesced,true,0.0000
band3_depth5_s2,rapid,30,oracle,204800,82,4,6,40,40,360,quiesced,true,0.0000
band3_depth5_s3,rapid,41,unguided,25,25,2,62,57,57,560,app_budget,false,1.2658
band3_depth5_s3,rapid,41,unguided,50,50,3,62,60,60,557,app_budget,false,0.7233
band3_depth5_s3,rapid,41,unguided,100,100,5,62,63,63,553,app_budget,false,0.0000
band3_depth5_s3,rapid,41,unguided,200,200,7,62,64,64,553,app_budget,false,0.0000
band3_depth5_s3,rapid,41,unguided,400,253,8,62,64,64,553,quiesced,false,0.0000
band3_depth5_s3,rapid,41,unguided,800,253,8,62,64,64,553,quiesced,true,0.0000
band3_depth5_s3,rapid,41,unguided,1600,253,8,62,64,64,553,quiesced,true,0.0000
band3_depth5_s3,rapid,41,unguided,3200,253,8,62,64,64,553,quiesced,true,0.0000
band3_depth5_s3,rapid,41,unguided,6400,253,8,62,64,64,553,quiesced,true,0.0000
band3_depth5_s3,rapid,41,unguided,12800,253,8,62,64,64,553,quiesced,true,0.0000
band3_depth5_s3,rapid,41,unguided,25600,253,8,62,64,64,553,quiesced,true,0.0000
band3_depth5_s3,rapid,41,unguided,51200,253,8,62,64,64,553,quiesced,true,0.0000
band3_depth5_s3,rapid,41,unguided,102400,253,8,62,64,64,553,quiesced,true,0.0000
band3_depth5_s3,rapid,41,unguided,204800,253,8,62,64,64,553,quiesced,true,0.0000
band3_depth5_s3,rapid,41,oracle,25,25,2,10,57,57,560,app_budget,false,1.2658
band3_depth5_s3,rapid,41,oracle,50,50,3,10,60,60,557,app_budget,false,0.7233
band3_depth5_s3,rapid,41,oracle,100,100,5,10,63,63,553,app_budget,false,0.0000
band3_depth5_s3,rapid,41,oracle,200,200,7,10,64,64,553,app_budget,false,0.0000
band3_depth5_s3,rapid,41,oracle,400,251,8,10,64,64,553,quiesced,false,0.0000
band3_depth5_s3,rapid,41,oracle,800,251,8,10,64,64,553,quiesced,true,0.0000
band3_depth5_s3,rapid,41,oracle,1600,251,8,10,64,64,553,quiesced,true,0.0000
band3_depth5_s3,rapid,41,oracle,3200,251,8,10,64,64,553,quiesced,true,0.0000
band3_depth5_s3,rapid,41,oracle,6400,251,8,10,64,64,553,quiesced,true,0.0000
band3_depth5_s3,rapid,41,oracle,12800,251,8,10,64,64,553,quiesced,true,0.0000
band3_depth5_s3,rapid,41,oracle,25600,251,8,10,64,64,553,quiesced,true,0.0000
band3_depth5_s3,rapid,41,oracle,51200,251,8,10,64,64,553,quiesced,true,0.0000
band3_depth5_s3,rapid,41,oracle,102400,251,8,10,64,64,553,quiesced,true,0.0000
band3_depth5_s3,rapid,41,oracle,204800,251,8,10,64,64,553,quiesced,true,0.0000
band3_depth5_s4,blitz,9,unguided,25,11,2,62,12,12,144,quiesced,false,0.0000
band3_depth5_s4,blitz,9,unguided,50,11,2,62,12,12,144,quiesced,true,0.0000
band3_depth5_s4,blitz,9,unguided,100,11,2,62,12,12,144,quiesced,true,0.0000
band3_depth5_s4,blitz,9,unguided,200,11,2,62,12,12,144,quiesced,true,0.0000
band3_depth5_s4,blitz,9,unguided,400,11,2,62,12,12,144,quiesced,true,0.0000
band3_depth5_s4,blitz,9,unguided,800,11,2,62,12,12,144,quiesced,true,0.0000
band3_depth5_s4,blitz,9,unguided,1600,11,2,62,12,12,144,quiesced,true,0.0000
band3_depth5_s4,blitz,9,unguided,3200,11,2,62,12,12,144,quiesced,true,0.0000
band3_depth5_s4,blitz,9,unguided,6400,11,2,62,12,12,144,quiesced,true,0.0000
band3_depth5_s4,blitz,9,unguided,12800,11,2,62,12,12,144,quiesced,true,0.0000
band3_depth5_s4,blitz,9,unguided,25600,11,2,62,12,12,144,quiesced,true,0.0000
band3_depth5_s4,blitz,9,unguided,51200,11,2,62,12,12,144,quiesced,true,0.0000
band3_depth5_s4,blitz,9,unguided,102400,11,2,62,12,12,144,quiesced,true,0.0000
band3_depth5_s4,blitz,9,unguided,204800,11,2,62,12,12,144,quiesced,true,0.0000
band3_depth5_s4,blitz,9,oracle,25,11,2,3,12,12,144,quiesced,false,0.0000
band3_depth5_s4,blitz,9,oracle,50,11,2,3,12,12,144,quiesced,true,0.0000
band3_depth5_s4,blitz,9,oracle,100,11,2,3,12,12,144,quiesced,true,0.0000
band3_depth5_s4,blitz,9,oracle,200,11,2,3,12,12,144,quiesced,true,0.0000
band3_depth5_s4,blitz,9,oracle,400,11,2,3,12,12,144,quiesced,true,0.0000
band3_depth5_s4,blitz,9,oracle,800,11,2,3,12,12,144,quiesced,true,0.0000
band3_depth5_s4,blitz,9,oracle,1600,11,2,3,12,12,144,quiesced,true,0.0000
band3_depth5_s4,blitz,9,oracle,3200,11,2,3,12,12,144,quiesced,true,0.0000
band3_depth5_s4,blitz,9,oracle,6400,11,2,3,12,12,144,quiesced,true,0.0000
band3_depth5_s4,blitz,9,oracle,12800,11,2,3,12,12,144,quiesced,true,0.0000
band3_depth5_s4,blitz,9,oracle,25600,11,2,3,12,12,144,quiesced,true,0.0000
band3_depth5_s4,blitz,9,oracle,51200,11,2,3,12,12,144,quiesced,true,0.0000
band3_depth5_s4,blitz,9,oracle,102400,11,2,3,12,12,144,quiesced,true,0.0000
band3_depth5_s4,blitz,9,oracle,204800,11,2,3,12,12,144,quiesced,true,0.0000
band3_depth5_s5,classical,75,unguided,25,25,1,62,83,83,1450,app_budget,false,127.6295
band3_depth5_s5,classical,75,unguided,50,50,2,62,84,84,1446,app_budget,false,127.0016
band3_depth5_s5,classical,75,unguided,100,100,3,62,84,84,1446,app_budget,false,127.0016
band3_depth5_s5,classical,75,unguided,200,200,4,62,154,154,1428,app_budget,false,124.1758
band3_depth5_s5,classical,75,unguided,400,400,5,62,277,277,1428,app_budget,false,124.1758
band3_depth5_s5,classical,75,unguided,800,800,6,62,390,390,1428,app_budget,false,124.1758
band3_depth5_s5,classical,75,unguided,1600,1600,7,62,742,742,1428,app_budget,false,124.1758
band3_depth5_s5,classical,75,unguided,3200,3200,8,62,1573,1573,1428,app_budget,false,124.1758
band3_depth5_s5,classical,75,unguided,6400,6400,9,62,2679,2679,1428,app_budget,false,124.1758
band3_depth5_s5,classical,75,unguided,12800,12800,10,62,4411,4411,851,app_budget,false,33.5950
band3_depth5_s5,classical,75,unguided,25600,15525,11,62,4523,4523,637,class_cap,false,0.0000
band3_depth5_s5,classical,75,unguided,51200,15525,11,62,4523,4523,637,class_cap,true,0.0000
band3_depth5_s5,classical,75,unguided,102400,15525,11,62,4523,4523,637,class_cap,true,0.0000
band3_depth5_s5,classical,75,unguided,204800,15525,11,62,4523,4523,637,class_cap,true,0.0000
band3_depth5_s5,classical,75,oracle,25,25,1,20,83,83,1450,app_budget,false,127.6295
band3_depth5_s5,classical,75,oracle,50,50,2,20,84,84,1446,app_budget,false,127.0016
band3_depth5_s5,classical,75,oracle,100,100,3,20,84,84,1446,app_budget,false,127.0016
band3_depth5_s5,classical,75,oracle,200,200,4,20,154,154,1428,app_budget,false,124.1758
band3_depth5_s5,classical,75,oracle,400,400,5,20,277,277,1428,app_budget,false,124.1758
band3_depth5_s5,classical,75,oracle,800,800,6,20,390,390,1428,app_budget,false,124.1758
band3_depth5_s5,classical,75,oracle,1600,1600,7,20,742,742,1428,app_budget,false,124.1758
band3_depth5_s5,classical,75,oracle,3200,3200,8,20,1573,1573,1428,app_budget,false,124.1758
band3_depth5_s5,classical,75,oracle,6400,6400,9,20,2679,2679,1428,app_budget,false,124.1758
band3_depth5_s5,classical,75,oracle,12800,12800,10,20,4411,4411,851,app_budget,false,33.5950
band3_depth5_s5,classical,75,oracle,25600,15525,11,20,4523,4523,637,class_cap,false,0.0000
band3_depth5_s5,classical,75,oracle,51200,15525,11,20,4523,4523,637,class_cap,true,0.0000
band3_depth5_s5,classical,75,oracle,102400,15525,11,20,4523,4523,637,class_cap,true,0.0000
band3_depth5_s5,classical,75,oracle,204800,15525,11,20,4523,4523,637,class_cap,true,0.0000
band3_depth5_s6,rapid,27,unguided,25,25,1,62,57,57,628,app_budget,false,881.2500
band3_depth5_s6,rapid,27,unguided,50,50,2,62,69,69,625,app_budget,false,876.5625
band3_depth5_s6,rapid,27,unguided,100,100,3,62,73,73,621,app_budget,false,870.3125
band3_depth5_s6,rapid,27,unguided,200,200,4,62,111,111,621,app_budget,false,870.3125
band3_depth5_s6,rapid,27,unguided,400,400,5,62,164,164,621,app_budget,false,870.3125
band3_depth5_s6,rapid,27,unguided,800,800,6,62,271,271,74,app_budget,false,15.6250
band3_depth5_s6,rapid,27,unguided,1600,1600,8,62,368,368,64,app_budget,false,0.0000
band3_depth5_s6,rapid,27,unguided,3200,2983,10,62,376,376,64,quiesced,false,0.0000
band3_depth5_s6,rapid,27,unguided,6400,2983,10,62,376,376,64,quiesced,true,0.0000
band3_depth5_s6,rapid,27,unguided,12800,2983,10,62,376,376,64,quiesced,true,0.0000
band3_depth5_s6,rapid,27,unguided,25600,2983,10,62,376,376,64,quiesced,true,0.0000
band3_depth5_s6,rapid,27,unguided,51200,2983,10,62,376,376,64,quiesced,true,0.0000
band3_depth5_s6,rapid,27,unguided,102400,2983,10,62,376,376,64,quiesced,true,0.0000
band3_depth5_s6,rapid,27,unguided,204800,2983,10,62,376,376,64,quiesced,true,0.0000
band3_depth5_s6,rapid,27,oracle,25,25,1,17,57,57,628,app_budget,false,881.2500
band3_depth5_s6,rapid,27,oracle,50,50,2,17,69,69,625,app_budget,false,876.5625
band3_depth5_s6,rapid,27,oracle,100,100,3,17,73,73,621,app_budget,false,870.3125
band3_depth5_s6,rapid,27,oracle,200,200,4,17,111,111,621,app_budget,false,870.3125
band3_depth5_s6,rapid,27,oracle,400,400,5,17,165,165,621,app_budget,false,870.3125
band3_depth5_s6,rapid,27,oracle,800,800,6,17,274,274,74,app_budget,false,15.6250
band3_depth5_s6,rapid,27,oracle,1600,1600,8,17,371,371,64,app_budget,false,0.0000
band3_depth5_s6,rapid,27,oracle,3200,2951,10,17,375,375,64,quiesced,false,0.0000
band3_depth5_s6,rapid,27,oracle,6400,2951,10,17,375,375,64,quiesced,true,0.0000
band3_depth5_s6,rapid,27,oracle,12800,2951,10,17,375,375,64,quiesced,true,0.0000
band3_depth5_s6,rapid,27,oracle,25600,2951,10,17,375,375,64,quiesced,true,0.0000
band3_depth5_s6,rapid,27,oracle,51200,2951,10,17,375,375,64,quiesced,true,0.0000
band3_depth5_s6,rapid,27,oracle,102400,2951,10,17,375,375,64,quiesced,true,0.0000
band3_depth5_s6,rapid,27,oracle,204800,2951,10,17,375,375,64,quiesced,true,0.0000
band3_depth5_s7,rapid,15,unguided,25,25,2,62,27,27,32,app_budget,false,0.0000
band3_depth5_s7,rapid,15,unguided,50,50,3,62,27,27,32,app_budget,false,0.0000
band3_depth5_s7,rapid,15,unguided,100,82,4,62,27,27,32,quiesced,false,0.0000
band3_depth5_s7,rapid,15,unguided,200,82,4,62,27,27,32,quiesced,true,0.0000
band3_depth5_s7,rapid,15,unguided,400,82,4,62,27,27,32,quiesced,true,0.0000
band3_depth5_s7,rapid,15,unguided,800,82,4,62,27,27,32,quiesced,true,0.0000
band3_depth5_s7,rapid,15,unguided,1600,82,4,62,27,27,32,quiesced,true,0.0000
band3_depth5_s7,rapid,15,unguided,3200,82,4,62,27,27,32,quiesced,true,0.0000
band3_depth5_s7,rapid,15,unguided,6400,82,4,62,27,27,32,quiesced,true,0.0000
band3_depth5_s7,rapid,15,unguided,12800,82,4,62,27,27,32,quiesced,true,0.0000
band3_depth5_s7,rapid,15,unguided,25600,82,4,62,27,27,32,quiesced,true,0.0000
band3_depth5_s7,rapid,15,unguided,51200,82,4,62,27,27,32,quiesced,true,0.0000
band3_depth5_s7,rapid,15,unguided,102400,82,4,62,27,27,32,quiesced,true,0.0000
band3_depth5_s7,rapid,15,unguided,204800,82,4,62,27,27,32,quiesced,true,0.0000
band3_depth5_s7,rapid,15,oracle,25,25,2,7,27,27,32,app_budget,false,0.0000
band3_depth5_s7,rapid,15,oracle,50,50,3,7,27,27,32,app_budget,false,0.0000
band3_depth5_s7,rapid,15,oracle,100,80,4,7,27,27,32,quiesced,false,0.0000
band3_depth5_s7,rapid,15,oracle,200,80,4,7,27,27,32,quiesced,true,0.0000
band3_depth5_s7,rapid,15,oracle,400,80,4,7,27,27,32,quiesced,true,0.0000
band3_depth5_s7,rapid,15,oracle,800,80,4,7,27,27,32,quiesced,true,0.0000
band3_depth5_s7,rapid,15,oracle,1600,80,4,7,27,27,32,quiesced,true,0.0000
band3_depth5_s7,rapid,15,oracle,3200,80,4,7,27,27,32,quiesced,true,0.0000
band3_depth5_s7,rapid,15,oracle,6400,80,4,7,27,27,32,quiesced,true,0.0000
band3_depth5_s7,rapid,15,oracle,12800,80,4,7,27,27,32,quiesced,true,0.0000
band3_depth5_s7,rapid,15,oracle,25600,80,4,7,27,27,32,quiesced,true,0.0000
band3_depth5_s7,rapid,15,oracle,51200,80,4,7,27,27,32,quiesced,true,0.0000
band3_depth5_s7,rapid,15,oracle,102400,80,4,7,27,27,32,quiesced,true,0.0000
band3_depth5_s7,rapid,15,oracle,204800,80,4,7,27,27,32,quiesced,true,0.0000
band3_depth5_s8,blitz,6,unguided,25,8,2,62,7,7,144,quiesced,false,0.0000
band3_depth5_s8,blitz,6,unguided,50,8,2,62,7,7,144,quiesced,true,0.0000
band3_depth5_s8,blitz,6,unguided,100,8,2,62,7,7,144,quiesced,true,0.0000
band3_depth5_s8,blitz,6,unguided,200,8,2,62,7,7,144,quiesced,true,0.0000
band3_depth5_s8,blitz,6,unguided,400,8,2,62,7,7,144,quiesced,true,0.0000
band3_depth5_s8,blitz,6,unguided,800,8,2,62,7,7,144,quiesced,true,0.0000
band3_depth5_s8,blitz,6,unguided,1600,8,2,62,7,7,144,quiesced,true,0.0000
band3_depth5_s8,blitz,6,unguided,3200,8,2,62,7,7,144,quiesced,true,0.0000
band3_depth5_s8,blitz,6,unguided,6400,8,2,62,7,7,144,quiesced,true,0.0000
band3_depth5_s8,blitz,6,unguided,12800,8,2,62,7,7,144,quiesced,true,0.0000
band3_depth5_s8,blitz,6,unguided,25600,8,2,62,7,7,144,quiesced,true,0.0000
band3_depth5_s8,blitz,6,unguided,51200,8,2,62,7,7,144,quiesced,true,0.0000
band3_depth5_s8,blitz,6,unguided,102400,8,2,62,7,7,144,quiesced,true,0.0000
band3_depth5_s8,blitz,6,unguided,204800,8,2,62,7,7,144,quiesced,true,0.0000
band3_depth5_s8,blitz,6,oracle,25,8,2,2,7,7,144,quiesced,false,0.0000
band3_depth5_s8,blitz,6,oracle,50,8,2,2,7,7,144,quiesced,true,0.0000
band3_depth5_s8,blitz,6,oracle,100,8,2,2,7,7,144,quiesced,true,0.0000
band3_depth5_s8,blitz,6,oracle,200,8,2,2,7,7,144,quiesced,true,0.0000
band3_depth5_s8,blitz,6,oracle,400,8,2,2,7,7,144,quiesced,true,0.0000
band3_depth5_s8,blitz,6,oracle,800,8,2,2,7,7,144,quiesced,true,0.0000
band3_depth5_s8,blitz,6,oracle,1600,8,2,2,7,7,144,quiesced,true,0.0000
band3_depth5_s8,blitz,6,oracle,3200,8,2,2,7,7,144,quiesced,true,0.0000
band3_depth5_s8,blitz,6,oracle,6400,8,2,2,7,7,144,quiesced,true,0.0000
band3_depth5_s8,blitz,6,oracle,12800,8,2,2,7,7,144,quiesced,true,0.0000
band3_depth5_s8,blitz,6,oracle,25600,8,2,2,7,7,144,quiesced,true,0.0000
band3_depth5_s8,blitz,6,oracle,51200,8,2,2,7,7,144,quiesced,true,0.0000
band3_depth5_s8,blitz,6,oracle,102400,8,2,2,7,7,144,quiesced,true,0.0000
band3_depth5_s8,blitz,6,oracle,204800,8,2,2,7,7,144,quiesced,true,0.0000
band3_depth5_s9,rapid,46,unguided,25,25,1,62,60,60,1059,app_budget,false,918.2692
band3_depth5_s9,rapid,46,unguided,50,50,2,62,63,63,1052,app_budget,false,911.5385
band3_depth5_s9,rapid,46,unguided,100,100,3,62,72,72,1048,app_budget,false,907.6923
band3_depth5_s9,rapid,46,unguided,200,200,5,62,97,97,124,app_budget,false,19.2308
band3_depth5_s9,rapid,46,unguided,400,400,7,62,114,114,104,app_budget,false,0.0000
band3_depth5_s9,rapid,46,unguided,800,800,10,62,176,176,104,app_budget,false,0.0000
band3_depth5_s9,rapid,46,unguided,1600,1600,13,62,233,233,104,app_budget,false,0.0000
band3_depth5_s9,rapid,46,unguided,3200,3200,17,62,262,262,104,app_budget,false,0.0000
band3_depth5_s9,rapid,46,unguided,6400,4121,19,62,263,263,104,quiesced,false,0.0000
band3_depth5_s9,rapid,46,unguided,12800,4121,19,62,263,263,104,quiesced,true,0.0000
band3_depth5_s9,rapid,46,unguided,25600,4121,19,62,263,263,104,quiesced,true,0.0000
band3_depth5_s9,rapid,46,unguided,51200,4121,19,62,263,263,104,quiesced,true,0.0000
band3_depth5_s9,rapid,46,unguided,102400,4121,19,62,263,263,104,quiesced,true,0.0000
band3_depth5_s9,rapid,46,unguided,204800,4121,19,62,263,263,104,quiesced,true,0.0000
band3_depth5_s9,rapid,46,oracle,25,25,1,17,60,60,1059,app_budget,false,918.2692
band3_depth5_s9,rapid,46,oracle,50,50,2,17,63,63,1052,app_budget,false,911.5385
band3_depth5_s9,rapid,46,oracle,100,100,3,17,72,72,1048,app_budget,false,907.6923
band3_depth5_s9,rapid,46,oracle,200,200,5,17,97,97,124,app_budget,false,19.2308
band3_depth5_s9,rapid,46,oracle,400,400,7,17,114,114,104,app_budget,false,0.0000
band3_depth5_s9,rapid,46,oracle,800,800,10,17,162,162,104,app_budget,false,0.0000
band3_depth5_s9,rapid,46,oracle,1600,1600,13,17,225,225,104,app_budget,false,0.0000
band3_depth5_s9,rapid,46,oracle,3200,3200,17,17,249,249,104,app_budget,false,0.0000
band3_depth5_s9,rapid,46,oracle,6400,3631,18,17,249,249,104,quiesced,false,0.0000
band3_depth5_s9,rapid,46,oracle,12800,3631,18,17,249,249,104,quiesced,true,0.0000
band3_depth5_s9,rapid,46,oracle,25600,3631,18,17,249,249,104,quiesced,true,0.0000
band3_depth5_s9,rapid,46,oracle,51200,3631,18,17,249,249,104,quiesced,true,0.0000
band3_depth5_s9,rapid,46,oracle,102400,3631,18,17,249,249,104,quiesced,true,0.0000
band3_depth5_s9,rapid,46,oracle,204800,3631,18,17,249,249,104,quiesced,true,0.0000
band3_depth5_s10,rapid,17,unguided,25,19,2,62,21,21,399,quiesced,false,0.0000
band3_depth5_s10,rapid,17,unguided,50,19,2,62,21,21,399,quiesced,true,0.0000
band3_depth5_s10,rapid,17,unguided,100,19,2,62,21,21,399,quiesced,true,0.0000
band3_depth5_s10,rapid,17,unguided,200,19,2,62,21,21,399,quiesced,true,0.0000
band3_depth5_s10,rapid,17,unguided,400,19,2,62,21,21,399,quiesced,true,0.0000
band3_depth5_s10,rapid,17,unguided,800,19,2,62,21,21,399,quiesced,true,0.0000
band3_depth5_s10,rapid,17,unguided,1600,19,2,62,21,21,399,quiesced,true,0.0000
band3_depth5_s10,rapid,17,unguided,3200,19,2,62,21,21,399,quiesced,true,0.0000
band3_depth5_s10,rapid,17,unguided,6400,19,2,62,21,21,399,quiesced,true,0.0000
band3_depth5_s10,rapid,17,unguided,12800,19,2,62,21,21,399,quiesced,true,0.0000
band3_depth5_s10,rapid,17,unguided,25600,19,2,62,21,21,399,quiesced,true,0.0000
band3_depth5_s10,rapid,17,unguided,51200,19,2,62,21,21,399,quiesced,true,0.0000
band3_depth5_s10,rapid,17,unguided,102400,19,2,62,21,21,399,quiesced,true,0.0000
band3_depth5_s10,rapid,17,unguided,204800,19,2,62,21,21,399,quiesced,true,0.0000
band3_depth5_s10,rapid,17,oracle,25,19,2,4,21,21,399,quiesced,false,0.0000
band3_depth5_s10,rapid,17,oracle,50,19,2,4,21,21,399,quiesced,true,0.0000
band3_depth5_s10,rapid,17,oracle,100,19,2,4,21,21,399,quiesced,true,0.0000
band3_depth5_s10,rapid,17,oracle,200,19,2,4,21,21,399,quiesced,true,0.0000
band3_depth5_s10,rapid,17,oracle,400,19,2,4,21,21,399,quiesced,true,0.0000
band3_depth5_s10,rapid,17,oracle,800,19,2,4,21,21,399,quiesced,true,0.0000
band3_depth5_s10,rapid,17,oracle,1600,19,2,4,21,21,399,quiesced,true,0.0000
band3_depth5_s10,rapid,17,oracle,3200,19,2,4,21,21,399,quiesced,true,0.0000
band3_depth5_s10,rapid,17,oracle,6400,19,2,4,21,21,399,quiesced,true,0.0000
band3_depth5_s10,rapid,17,oracle,12800,19,2,4,21,21,399,quiesced,true,0.0000
band3_depth5_s10,rapid,17,oracle,25600,19,2,4,21,21,399,quiesced,true,0.0000
band3_depth5_s10,rapid,17,oracle,51200,19,2,4,21,21,399,quiesced,true,0.0000
band3_depth5_s10,rapid,17,oracle,102400,19,2,4,21,21,399,quiesced,true,0.0000
band3_depth5_s10,rapid,17,oracle,204800,19,2,4,21,21,399,quiesced,true,0.0000
band3_depth5_s11,rapid,24,unguided,25,25,2,62,34,34,200,app_budget,false,3.6269
band3_depth5_s11,rapid,24,unguided,50,50,3,62,36,36,197,app_budget,false,2.0725
band3_depth5_s11,rapid,24,unguided,100,100,5,62,37,37,193,app_budget,false,0.0000
band3_depth5_s11,rapid,24,unguided,200,135,6,62,37,37,193,quiesced,false,0.0000
band3_depth5_s11,rapid,24,unguided,400,135,6,62,37,37,193,quiesced,true,0.0000
band3_depth5_s11,rapid,24,unguided,800,135,6,62,37,37,193,quiesced,true,0.0000
band3_depth5_s11,rapid,24,unguided,1600,135,6,62,37,37,193,quiesced,true,0.0000
band3_depth5_s11,rapid,24,unguided,3200,135,6,62,37,37,193,quiesced,true,0.0000
band3_depth5_s11,rapid,24,unguided,6400,135,6,62,37,37,193,quiesced,true,0.0000
band3_depth5_s11,rapid,24,unguided,12800,135,6,62,37,37,193,quiesced,true,0.0000
band3_depth5_s11,rapid,24,unguided,25600,135,6,62,37,37,193,quiesced,true,0.0000
band3_depth5_s11,rapid,24,unguided,51200,135,6,62,37,37,193,quiesced,true,0.0000
band3_depth5_s11,rapid,24,unguided,102400,135,6,62,37,37,193,quiesced,true,0.0000
band3_depth5_s11,rapid,24,unguided,204800,135,6,62,37,37,193,quiesced,true,0.0000
band3_depth5_s11,rapid,24,oracle,25,25,2,9,34,34,200,app_budget,false,3.6269
band3_depth5_s11,rapid,24,oracle,50,50,3,9,36,36,197,app_budget,false,2.0725
band3_depth5_s11,rapid,24,oracle,100,100,5,9,37,37,193,app_budget,false,0.0000
band3_depth5_s11,rapid,24,oracle,200,135,6,9,37,37,193,quiesced,false,0.0000
band3_depth5_s11,rapid,24,oracle,400,135,6,9,37,37,193,quiesced,true,0.0000
band3_depth5_s11,rapid,24,oracle,800,135,6,9,37,37,193,quiesced,true,0.0000
band3_depth5_s11,rapid,24,oracle,1600,135,6,9,37,37,193,quiesced,true,0.0000
band3_depth5_s11,rapid,24,oracle,3200,135,6,9,37,37,193,quiesced,true,0.0000
band3_depth5_s11,rapid,24,oracle,6400,135,6,9,37,37,193,quiesced,true,0.0000
band3_depth5_s11,rapid,24,oracle,12800,135,6,9,37,37,193,quiesced,true,0.0000
band3_depth5_s11,rapid,24,oracle,25600,135,6,9,37,37,193,quiesced,true,0.0000
band3_depth5_s11,rapid,24,oracle,51200,135,6,9,37,37,193,quiesced,true,0.0000
band3_depth5_s11,rapid,24,oracle,102400,135,6,9,37,37,193,quiesced,true,0.0000
band3_depth5_s11,rapid,24,oracle,204800,135,6,9,37,37,193,quiesced,true,0.0000
band3_depth5_s12,blitz,9,unguided,25,16,2,62,11,11,78,quiesced,false,0.0000
band3_depth5_s12,blitz,9,unguided,50,16,2,62,11,11,78,quiesced,true,0.0000
band3_depth5_s12,blitz,9,unguided,100,16,2,62,11,11,78,quiesced,true,0.0000
band3_depth5_s12,blitz,9,unguided,200,16,2,62,11,11,78,quiesced,true,0.0000
band3_depth5_s12,blitz,9,unguided,400,16,2,62,11,11,78,quiesced,true,0.0000
band3_depth5_s12,blitz,9,unguided,800,16,2,62,11,11,78,quiesced,true,0.0000
band3_depth5_s12,blitz,9,unguided,1600,16,2,62,11,11,78,quiesced,true,0.0000
band3_depth5_s12,blitz,9,unguided,3200,16,2,62,11,11,78,quiesced,true,0.0000
band3_depth5_s12,blitz,9,unguided,6400,16,2,62,11,11,78,quiesced,true,0.0000
band3_depth5_s12,blitz,9,unguided,12800,16,2,62,11,11,78,quiesced,true,0.0000
band3_depth5_s12,blitz,9,unguided,25600,16,2,62,11,11,78,quiesced,true,0.0000
band3_depth5_s12,blitz,9,unguided,51200,16,2,62,11,11,78,quiesced,true,0.0000
band3_depth5_s12,blitz,9,unguided,102400,16,2,62,11,11,78,quiesced,true,0.0000
band3_depth5_s12,blitz,9,unguided,204800,16,2,62,11,11,78,quiesced,true,0.0000
band3_depth5_s12,blitz,9,oracle,25,16,2,3,11,11,78,quiesced,false,0.0000
band3_depth5_s12,blitz,9,oracle,50,16,2,3,11,11,78,quiesced,true,0.0000
band3_depth5_s12,blitz,9,oracle,100,16,2,3,11,11,78,quiesced,true,0.0000
band3_depth5_s12,blitz,9,oracle,200,16,2,3,11,11,78,quiesced,true,0.0000
band3_depth5_s12,blitz,9,oracle,400,16,2,3,11,11,78,quiesced,true,0.0000
band3_depth5_s12,blitz,9,oracle,800,16,2,3,11,11,78,quiesced,true,0.0000
band3_depth5_s12,blitz,9,oracle,1600,16,2,3,11,11,78,quiesced,true,0.0000
band3_depth5_s12,blitz,9,oracle,3200,16,2,3,11,11,78,quiesced,true,0.0000
band3_depth5_s12,blitz,9,oracle,6400,16,2,3,11,11,78,quiesced,true,0.0000
band3_depth5_s12,blitz,9,oracle,12800,16,2,3,11,11,78,quiesced,true,0.0000
band3_depth5_s12,blitz,9,oracle,25600,16,2,3,11,11,78,quiesced,true,0.0000
band3_depth5_s12,blitz,9,oracle,51200,16,2,3,11,11,78,quiesced,true,0.0000
band3_depth5_s12,blitz,9,oracle,102400,16,2,3,11,11,78,quiesced,true,0.0000
band3_depth5_s12,blitz,9,oracle,204800,16,2,3,11,11,78,quiesced,true,0.0000
band3_depth5_s13,rapid,25,unguided,25,25,2,62,34,34,142,app_budget,false,0.0000
band3_depth5_s13,rapid,25,unguided,50,47,3,62,34,34,142,quiesced,false,0.0000
band3_depth5_s13,rapid,25,unguided,100,47,3,62,34,34,142,quiesced,true,0.0000
band3_depth5_s13,rapid,25,unguided,200,47,3,62,34,34,142,quiesced,true,0.0000
band3_depth5_s13,rapid,25,unguided,400,47,3,62,34,34,142,quiesced,true,0.0000
band3_depth5_s13,rapid,25,unguided,800,47,3,62,34,34,142,quiesced,true,0.0000
band3_depth5_s13,rapid,25,unguided,1600,47,3,62,34,34,142,quiesced,true,0.0000
band3_depth5_s13,rapid,25,unguided,3200,47,3,62,34,34,142,quiesced,true,0.0000
band3_depth5_s13,rapid,25,unguided,6400,47,3,62,34,34,142,quiesced,true,0.0000
band3_depth5_s13,rapid,25,unguided,12800,47,3,62,34,34,142,quiesced,true,0.0000
band3_depth5_s13,rapid,25,unguided,25600,47,3,62,34,34,142,quiesced,true,0.0000
band3_depth5_s13,rapid,25,unguided,51200,47,3,62,34,34,142,quiesced,true,0.0000
band3_depth5_s13,rapid,25,unguided,102400,47,3,62,34,34,142,quiesced,true,0.0000
band3_depth5_s13,rapid,25,unguided,204800,47,3,62,34,34,142,quiesced,true,0.0000
band3_depth5_s13,rapid,25,oracle,25,25,2,7,34,34,142,app_budget,false,0.0000
band3_depth5_s13,rapid,25,oracle,50,47,3,7,34,34,142,quiesced,false,0.0000
band3_depth5_s13,rapid,25,oracle,100,47,3,7,34,34,142,quiesced,true,0.0000
band3_depth5_s13,rapid,25,oracle,200,47,3,7,34,34,142,quiesced,true,0.0000
band3_depth5_s13,rapid,25,oracle,400,47,3,7,34,34,142,quiesced,true,0.0000
band3_depth5_s13,rapid,25,oracle,800,47,3,7,34,34,142,quiesced,true,0.0000
band3_depth5_s13,rapid,25,oracle,1600,47,3,7,34,34,142,quiesced,true,0.0000
band3_depth5_s13,rapid,25,oracle,3200,47,3,7,34,34,142,quiesced,true,0.0000
band3_depth5_s13,rapid,25,oracle,6400,47,3,7,34,34,142,quiesced,true,0.0000
band3_depth5_s13,rapid,25,oracle,12800,47,3,7,34,34,142,quiesced,true,0.0000
band3_depth5_s13,rapid,25,oracle,25600,47,3,7,34,34,142,quiesced,true,0.0000
band3_depth5_s13,rapid,25,oracle,51200,47,3,7,34,34,142,quiesced,true,0.0000
band3_depth5_s13,rapid,25,oracle,102400,47,3,7,34,34,142,quiesced,true,0.0000
band3_depth5_s13,rapid,25,oracle,204800,47,3,7,34,34,142,quiesced,true,0.0000
band3_depth5_s14,rapid,33,unguided,25,25,2,62,41,41,152,app_budget,false,0.0000
band3_depth5_s14,rapid,33,unguided,50,50,3,62,41,41,152,app_budget,false,0.0000
band3_depth5_s14,rapid,33,unguided,100,82,4,62,41,41,152,quiesced,false,0.0000
band3_depth5_s14,rapid,33,unguided,200,82,4,62,41,41,152,quiesced,true,0.0000
band3_depth5_s14,rapid,33,unguided,400,82,4,62,41,41,152,quiesced,true,0.0000
band3_depth5_s14,rapid,33,unguided,800,82,4,62,41,41,152,quiesced,true,0.0000
band3_depth5_s14,rapid,33,unguided,1600,82,4,62,41,41,152,quiesced,true,0.0000
band3_depth5_s14,rapid,33,unguided,3200,82,4,62,41,41,152,quiesced,true,0.0000
band3_depth5_s14,rapid,33,unguided,6400,82,4,62,41,41,152,quiesced,true,0.0000
band3_depth5_s14,rapid,33,unguided,12800,82,4,62,41,41,152,quiesced,true,0.0000
band3_depth5_s14,rapid,33,unguided,25600,82,4,62,41,41,152,quiesced,true,0.0000
band3_depth5_s14,rapid,33,unguided,51200,82,4,62,41,41,152,quiesced,true,0.0000
band3_depth5_s14,rapid,33,unguided,102400,82,4,62,41,41,152,quiesced,true,0.0000
band3_depth5_s14,rapid,33,unguided,204800,82,4,62,41,41,152,quiesced,true,0.0000
band3_depth5_s14,rapid,33,oracle,25,25,2,6,41,41,152,app_budget,false,0.0000
band3_depth5_s14,rapid,33,oracle,50,50,3,6,41,41,152,app_budget,false,0.0000
band3_depth5_s14,rapid,33,oracle,100,82,4,6,41,41,152,quiesced,false,0.0000
band3_depth5_s14,rapid,33,oracle,200,82,4,6,41,41,152,quiesced,true,0.0000
band3_depth5_s14,rapid,33,oracle,400,82,4,6,41,41,152,quiesced,true,0.0000
band3_depth5_s14,rapid,33,oracle,800,82,4,6,41,41,152,quiesced,true,0.0000
band3_depth5_s14,rapid,33,oracle,1600,82,4,6,41,41,152,quiesced,true,0.0000
band3_depth5_s14,rapid,33,oracle,3200,82,4,6,41,41,152,quiesced,true,0.0000
band3_depth5_s14,rapid,33,oracle,6400,82,4,6,41,41,152,quiesced,true,0.0000
band3_depth5_s14,rapid,33,oracle,12800,82,4,6,41,41,152,quiesced,true,0.0000
band3_depth5_s14,rapid,33,oracle,25600,82,4,6,41,41,152,quiesced,true,0.0000
band3_depth5_s14,rapid,33,oracle,51200,82,4,6,41,41,152,quiesced,true,0.0000
band3_depth5_s14,rapid,33,oracle,102400,82,4,6,41,41,152,quiesced,true,0.0000
band3_depth5_s14,rapid,33,oracle,204800,82,4,6,41,41,152,quiesced,true,0.0000
band3_depth5_s15,rapid,22,unguided,25,25,2,62,33,33,189,app_budget,false,0.0000
band3_depth5_s15,rapid,22,unguided,50,50,4,62,35,35,189,app_budget,false,0.0000
band3_depth5_s15,rapid,22,unguided,100,100,6,62,36,36,189,app_budget,false,0.0000
band3_depth5_s15,rapid,22,unguided,200,129,7,62,36,36,189,quiesced,false,0.0000
band3_depth5_s15,rapid,22,unguided,400,129,7,62,36,36,189,quiesced,true,0.0000
band3_depth5_s15,rapid,22,unguided,800,129,7,62,36,36,189,quiesced,true,0.0000
band3_depth5_s15,rapid,22,unguided,1600,129,7,62,36,36,189,quiesced,true,0.0000
band3_depth5_s15,rapid,22,unguided,3200,129,7,62,36,36,189,quiesced,true,0.0000
band3_depth5_s15,rapid,22,unguided,6400,129,7,62,36,36,189,quiesced,true,0.0000
band3_depth5_s15,rapid,22,unguided,12800,129,7,62,36,36,189,quiesced,true,0.0000
band3_depth5_s15,rapid,22,unguided,25600,129,7,62,36,36,189,quiesced,true,0.0000
band3_depth5_s15,rapid,22,unguided,51200,129,7,62,36,36,189,quiesced,true,0.0000
band3_depth5_s15,rapid,22,unguided,102400,129,7,62,36,36,189,quiesced,true,0.0000
band3_depth5_s15,rapid,22,unguided,204800,129,7,62,36,36,189,quiesced,true,0.0000
band3_depth5_s15,rapid,22,oracle,25,25,2,8,33,33,189,app_budget,false,0.0000
band3_depth5_s15,rapid,22,oracle,50,47,3,8,33,33,189,quiesced,false,0.0000
band3_depth5_s15,rapid,22,oracle,100,47,3,8,33,33,189,quiesced,true,0.0000
band3_depth5_s15,rapid,22,oracle,200,47,3,8,33,33,189,quiesced,true,0.0000
band3_depth5_s15,rapid,22,oracle,400,47,3,8,33,33,189,quiesced,true,0.0000
band3_depth5_s15,rapid,22,oracle,800,47,3,8,33,33,189,quiesced,true,0.0000
band3_depth5_s15,rapid,22,oracle,1600,47,3,8,33,33,189,quiesced,true,0.0000
band3_depth5_s15,rapid,22,oracle,3200,47,3,8,33,33,189,quiesced,true,0.0000
band3_depth5_s15,rapid,22,oracle,6400,47,3,8,33,33,189,quiesced,true,0.0000
band3_depth5_s15,rapid,22,oracle,12800,47,3,8,33,33,189,quiesced,true,0.0000
band3_depth5_s15,rapid,22,oracle,25600,47,3,8,33,33,189,quiesced,true,0.0000
band3_depth5_s15,rapid,22,oracle,51200,47,3,8,33,33,189,quiesced,true,0.0000
band3_depth5_s15,rapid,22,oracle,102400,47,3,8,33,33,189,quiesced,true,0.0000
band3_depth5_s15,rapid,22,oracle,204800,47,3,8,33,33,189,quiesced,true,0.0000
band3_depth5_s16,rapid,15,unguided,25,21,2,62,19,19,147,quiesced,false,0.0000
band3_depth5_s16,rapid,15,unguided,50,21,2,62,19,19,147,quiesced,true,0.0000
band3_depth5_s16,rapid,15,unguided,100,21,2,62,19,19,147,quiesced,true,0.0000
band3_depth5_s16,rapid,15,unguided,200,21,2,62,19,19,147,quiesced,true,0.0000
band3_depth5_s16,rapid,15,unguided,400,21,2,62,19,19,147,quiesced,true,0.0000
band3_depth5_s16,rapid,15,unguided,800,21,2,62,19,19,147,quiesced,true,0.0000
band3_depth5_s16,rapid,15,unguided,1600,21,2,62,19,19,147,quiesced,true,0.0000
band3_depth5_s16,rapid,15,unguided,3200,21,2,62,19,19,147,quiesced,true,0.0000
band3_depth5_s16,rapid,15,unguided,6400,21,2,62,19,19,147,quiesced,true,0.0000
band3_depth5_s16,rapid,15,unguided,12800,21,2,62,19,19,147,quiesced,true,0.0000
band3_depth5_s16,rapid,15,unguided,25600,21,2,62,19,19,147,quiesced,true,0.0000
band3_depth5_s16,rapid,15,unguided,51200,21,2,62,19,19,147,quiesced,true,0.0000
band3_depth5_s16,rapid,15,unguided,102400,21,2,62,19,19,147,quiesced,true,0.0000
band3_depth5_s16,rapid,15,unguided,204800,21,2,62,19,19,147,quiesced,true,0.0000
band3_depth5_s16,rapid,15,oracle,25,21,2,5,19,19,147,quiesced,false,0.0000
band3_depth5_s16,rapid,15,oracle,50,21,2,5,19,19,147,quiesced,true,0.0000
band3_depth5_s16,rapid,15,oracle,100,21,2,5,19,19,147,quiesced,true,0.0000
band3_depth5_s16,rapid,15,oracle,200,21,2,5,19,19,147,quiesced,true,0.0000
band3_depth5_s16,rapid,15,oracle,400,21,2,5,19,19,147,quiesced,true,0.0000
band3_depth5_s16,rapid,15,oracle,800,21,2,5,19,19,147,quiesced,true,0.0000
band3_depth5_s16,rapid,15,oracle,1600,21,2,5,19,19,147,quiesced,true,0.0000
band3_depth5_s16,rapid,15,oracle,3200,21,2,5,19,19,147,quiesced,true,0.0000
band3_depth5_s16,rapid,15,oracle,6400,21,2,5,19,19,147,quiesced,true,0.0000
band3_depth5_s16,rapid,15,oracle,12800,21,2,5,19,19,147,quiesced,true,0.0000
band3_depth5_s16,rapid,15,oracle,25600,21,2,5,19,19,147,quiesced,true,0.0000
band3_depth5_s16,rapid,15,oracle,51200,21,2,5,19,19,147,quiesced,true,0.0000
band3_depth5_s16,rapid,15,oracle,102400,21,2,5,19,19,147,quiesced,true,0.0000
band3_depth5_s16,rapid,15,oracle,204800,21,2,5,19,19,147,quiesced,true,0.0000
band3_depth5_s17,rapid,17,unguided,25,25,2,62,27,27,253,app_budget,false,0.0000
band3_depth5_s17,rapid,17,unguided,50,50,4,62,28,28,253,app_budget,false,0.0000
band3_depth5_s17,rapid,17,unguided,100,70,5,62,28,28,253,quiesced,false,0.0000
band3_depth5_s17,rapid,17,unguided,200,70,5,62,28,28,253,quiesced,true,0.0000
band3_depth5_s17,rapid,17,unguided,400,70,5,62,28,28,253,quiesced,true,0.0000
band3_depth5_s17,rapid,17,unguided,800,70,5,62,28,28,253,quiesced,true,0.0000
band3_depth5_s17,rapid,17,unguided,1600,70,5,62,28,28,253,quiesced,true,0.0000
band3_depth5_s17,rapid,17,unguided,3200,70,5,62,28,28,253,quiesced,true,0.0000
band3_depth5_s17,rapid,17,unguided,6400,70,5,62,28,28,253,quiesced,true,0.0000
band3_depth5_s17,rapid,17,unguided,12800,70,5,62,28,28,253,quiesced,true,0.0000
band3_depth5_s17,rapid,17,unguided,25600,70,5,62,28,28,253,quiesced,true,0.0000
band3_depth5_s17,rapid,17,unguided,51200,70,5,62,28,28,253,quiesced,true,0.0000
band3_depth5_s17,rapid,17,unguided,102400,70,5,62,28,28,253,quiesced,true,0.0000
band3_depth5_s17,rapid,17,unguided,204800,70,5,62,28,28,253,quiesced,true,0.0000
band3_depth5_s17,rapid,17,oracle,25,25,3,6,28,28,253,app_budget,false,0.0000
band3_depth5_s17,rapid,17,oracle,50,43,4,6,28,28,253,quiesced,false,0.0000
band3_depth5_s17,rapid,17,oracle,100,43,4,6,28,28,253,quiesced,true,0.0000
band3_depth5_s17,rapid,17,oracle,200,43,4,6,28,28,253,quiesced,true,0.0000
band3_depth5_s17,rapid,17,oracle,400,43,4,6,28,28,253,quiesced,true,0.0000
band3_depth5_s17,rapid,17,oracle,800,43,4,6,28,28,253,quiesced,true,0.0000
band3_depth5_s17,rapid,17,oracle,1600,43,4,6,28,28,253,quiesced,true,0.0000
band3_depth5_s17,rapid,17,oracle,3200,43,4,6,28,28,253,quiesced,true,0.0000
band3_depth5_s17,rapid,17,oracle,6400,43,4,6,28,28,253,quiesced,true,0.0000
band3_depth5_s17,rapid,17,oracle,12800,43,4,6,28,28,253,quiesced,true,0.0000
band3_depth5_s17,rapid,17,oracle,25600,43,4,6,28,28,253,quiesced,true,0.0000
band3_depth5_s17,rapid,17,oracle,51200,43,4,6,28,28,253,quiesced,true,0.0000
band3_depth5_s17,rapid,17,oracle,102400,43,4,6,28,28,253,quiesced,true,0.0000
band3_depth5_s17,rapid,17,oracle,204800,43,4,6,28,28,253,quiesced,true,0.0000
band3_depth5_s18,classical,57,unguided,25,25,1,62,60,60,1339,app_budget,false,134.5009
band3_depth5_s18,classical,57,unguided,50,50,2,62,60,60,1335,app_budget,false,133.8004
band3_depth5_s18,classical,57,unguided,100,100,3,62,65,65,1335,app_budget,false,133.8004
band3_depth5_s18,classical,57,unguided,200,200,5,62,76,76,571,app_budget,false,0.0000
band3_depth5_s18,classical,57,unguided,400,342,7,62,78,78,571,quiesced,false,0.0000
band3_depth5_s18,classical,57,unguided,800,342,7,62,78,78,571,quiesced,true,0.0000
band3_depth5_s18,classical,57,unguided,1600,342,7,62,78,78,571,quiesced,true,0.0000
band3_depth5_s18,classical,57,unguided,3200,342,7,62,78,78,571,quiesced,true,0.0000
band3_depth5_s18,classical,57,unguided,6400,342,7,62,78,78,571,quiesced,true,0.0000
band3_depth5_s18,classical,57,unguided,12800,342,7,62,78,78,571,quiesced,true,0.0000
band3_depth5_s18,classical,57,unguided,25600,342,7,62,78,78,571,quiesced,true,0.0000
band3_depth5_s18,classical,57,unguided,51200,342,7,62,78,78,571,quiesced,true,0.0000
band3_depth5_s18,classical,57,unguided,102400,342,7,62,78,78,571,quiesced,true,0.0000
band3_depth5_s18,classical,57,unguided,204800,342,7,62,78,78,571,quiesced,true,0.0000
band3_depth5_s18,classical,57,oracle,25,25,1,12,61,61,1339,app_budget,false,134.5009
band3_depth5_s18,classical,57,oracle,50,50,2,12,61,61,1335,app_budget,false,133.8004
band3_depth5_s18,classical,57,oracle,100,100,3,12,66,66,1335,app_budget,false,133.8004
band3_depth5_s18,classical,57,oracle,200,200,5,12,76,76,571,app_budget,false,0.0000
band3_depth5_s18,classical,57,oracle,400,338,7,12,78,78,571,quiesced,false,0.0000
band3_depth5_s18,classical,57,oracle,800,338,7,12,78,78,571,quiesced,true,0.0000
band3_depth5_s18,classical,57,oracle,1600,338,7,12,78,78,571,quiesced,true,0.0000
band3_depth5_s18,classical,57,oracle,3200,338,7,12,78,78,571,quiesced,true,0.0000
band3_depth5_s18,classical,57,oracle,6400,338,7,12,78,78,571,quiesced,true,0.0000
band3_depth5_s18,classical,57,oracle,12800,338,7,12,78,78,571,quiesced,true,0.0000
band3_depth5_s18,classical,57,oracle,25600,338,7,12,78,78,571,quiesced,true,0.0000
band3_depth5_s18,classical,57,oracle,51200,338,7,12,78,78,571,quiesced,true,0.0000
band3_depth5_s18,classical,57,oracle,102400,338,7,12,78,78,571,quiesced,true,0.0000
band3_depth5_s18,classical,57,oracle,204800,338,7,12,78,78,571,quiesced,true,0.0000
band3_depth5_s19,classical,60,unguided,25,25,1,62,63,63,1190,app_budget,false,88.5895
band3_depth5_s19,classical,60,unguided,50,50,2,62,63,63,1190,app_budget,false,88.5895
band3_depth5_s19,classical,60,unguided,100,100,3,62,67,67,645,app_budget,false,2.2187
band3_depth5_s19,classical,60,unguided,200,200,5,62,69,69,631,app_budget,false,0.0000
band3_depth5_s19,classical,60,unguided,400,253,6,62,69,69,631,quiesced,false,0.0000
band3_depth5_s19,classical,60,unguided,800,253,6,62,69,69,631,quiesced,true,0.0000
band3_depth5_s19,classical,60,unguided,1600,253,6,62,69,69,631,quiesced,true,0.0000
band3_depth5_s19,classical,60,unguided,3200,253,6,62,69,69,631,quiesced,true,0.0000
band3_depth5_s19,classical,60,unguided,6400,253,6,62,69,69,631,quiesced,true,0.0000
band3_depth5_s19,classical,60,unguided,12800,253,6,62,69,69,631,quiesced,true,0.0000
band3_depth5_s19,classical,60,unguided,25600,253,6,62,69,69,631,quiesced,true,0.0000
band3_depth5_s19,classical,60,unguided,51200,253,6,62,69,69,631,quiesced,true,0.0000
band3_depth5_s19,classical,60,unguided,102400,253,6,62,69,69,631,quiesced,true,0.0000
band3_depth5_s19,classical,60,unguided,204800,253,6,62,69,69,631,quiesced,true,0.0000
band3_depth5_s19,classical,60,oracle,25,25,1,9,63,63,1190,app_budget,false,88.5895
band3_depth5_s19,classical,60,oracle,50,50,2,9,63,63,1190,app_budget,false,88.5895
band3_depth5_s19,classical,60,oracle,100,100,3,9,67,67,645,app_budget,false,2.2187
band3_depth5_s19,classical,60,oracle,200,200,5,9,69,69,631,app_budget,false,0.0000
band3_depth5_s19,classical,60,oracle,400,253,6,9,69,69,631,quiesced,false,0.0000
band3_depth5_s19,classical,60,oracle,800,253,6,9,69,69,631,quiesced,true,0.0000
band3_depth5_s19,classical,60,oracle,1600,253,6,9,69,69,631,quiesced,true,0.0000
band3_depth5_s19,classical,60,oracle,3200,253,6,9,69,69,631,quiesced,true,0.0000
band3_depth5_s19,classical,60,oracle,6400,253,6,9,69,69,631,quiesced,true,0.0000
band3_depth5_s19,classical,60,oracle,12800,253,6,9,69,69,631,quiesced,true,0.0000
band3_depth5_s19,classical,60,oracle,25600,253,6,9,69,69,631,quiesced,true,0.0000
band3_depth5_s19,classical,60,oracle,51200,253,6,9,69,69,631,quiesced,true,0.0000
band3_depth5_s19,classical,60,oracle,102400,253,6,9,69,69,631,quiesced,true,0.0000
band3_depth5_s19,classical,60,oracle,204800,253,6,9,69,69,631,quiesced,true,0.0000
band3_depth5_s20,rapid,38,unguided,25,25,1,62,57,57,635,app_budget,false,42.0582
band3_depth5_s20,rapid,38,unguided,50,50,2,62,59,59,635,app_budget,false,42.0582
band3_depth5_s20,rapid,38,unguided,100,100,3,62,63,63,635,app_budget,false,42.0582
band3_depth5_s20,rapid,38,unguided,200,200,5,62,72,72,447,app_budget,false,0.0000
band3_depth5_s20,rapid,38,unguided,400,279,6,62,72,72,447,quiesced,false,0.0000
band3_depth5_s20,rapid,38,unguided,800,279,6,62,72,72,447,quiesced,true,0.0000
band3_depth5_s20,rapid,38,unguided,1600,279,6,62,72,72,447,quiesced,true,0.0000
band3_depth5_s20,rapid,38,unguided,3200,279,6,62,72,72,447,quiesced,true,0.0000
band3_depth5_s20,rapid,38,unguided,6400,279,6,62,72,72,447,quiesced,true,0.0000
band3_depth5_s20,rapid,38,unguided,12800,279,6,62,72,72,447,quiesced,true,0.0000
band3_depth5_s20,rapid,38,unguided,25600,279,6,62,72,72,447,quiesced,true,0.0000
band3_depth5_s20,rapid,38,unguided,51200,279,6,62,72,72,447,quiesced,true,0.0000
band3_depth5_s20,rapid,38,unguided,102400,279,6,62,72,72,447,quiesced,true,0.0000
band3_depth5_s20,rapid,38,unguided,204800,279,6,62,72,72,447,quiesced,true,0.0000
band3_depth5_s20,rapid,38,oracle,25,25,1,10,58,58,455,app_budget,false,1.7897
band3_depth5_s20,rapid,38,oracle,50,50,2,10,60,60,455,app_budget,false,1.7897
band3_depth5_s20,rapid,38,oracle,100,100,3,10,64,64,455,app_budget,false,1.7897
band3_depth5_s20,rapid,38,oracle,200,200,5,10,72,72,447,app_budget,false,0.0000
band3_depth5_s20,rapid,38,oracle,400,275,6,10,72,72,447,quiesced,false,0.0000
band3_depth5_s20,rapid,38,oracle,800,275,6,10,72,72,447,quiesced,true,0.0000
band3_depth5_s20,rapid,38,oracle,1600,275,6,10,72,72,447,quiesced,true,0.0000
band3_depth5_s20,rapid,38,oracle,3200,275,6,10,72,72,447,quiesced,true,0.0000
band3_depth5_s20,rapid,38,oracle,6400,275,6,10,72,72,447,quiesced,true,0.0000
band3_depth5_s20,rapid,38,oracle,12800,275,6,10,72,72,447,quiesced,true,0.0000
band3_depth5_s20,rapid,38,oracle,25600,275,6,10,72,72,447,quiesced,true,0.0000
band3_depth5_s20,rapid,38,oracle,51200,275,6,10,72,72,447,quiesced,true,0.0000
band3_depth5_s20,rapid,38,oracle,102400,275,6,10,72,72,447,quiesced,true,0.0000
band3_depth5_s20,rapid,38,oracle,204800,275,6,10,72,72,447,quiesced,true,0.0000
band3_depth5_s21,rapid,26,unguided,25,25,2,62,35,35,307,app_budget,false,1.3201
band3_depth5_s21,rapid,26,unguided,50,50,3,62,36,36,303,app_budget,false,0.0000
band3_depth5_s21,rapid,26,unguided,100,79,4,62,36,36,303,quiesced,false,0.0000
band3_depth5_s21,rapid,26,unguided,200,79,4,62,36,36,303,quiesced,true,0.0000
band3_depth5_s21,rapid,26,unguided,400,79,4,62,36,36,303,quiesced,true,0.0000
band3_depth5_s21,rapid,26,unguided,800,79,4,62,36,36,303,quiesced,true,0.0000
band3_depth5_s21,rapid,26,unguided,1600,79,4,62,36,36,303,quiesced,true,0.0000
band3_depth5_s21,rapid,26,unguided,3200,79,4,62,36,36,303,quiesced,true,0.0000
band3_depth5_s21,rapid,26,unguided,6400,79,4,62,36,36,303,quiesced,true,0.0000
band3_depth5_s21,rapid,26,unguided,12800,79,4,62,36,36,303,quiesced,true,0.0000
band3_depth5_s21,rapid,26,unguided,25600,79,4,62,36,36,303,quiesced,true,0.0000
band3_depth5_s21,rapid,26,unguided,51200,79,4,62,36,36,303,quiesced,true,0.0000
band3_depth5_s21,rapid,26,unguided,102400,79,4,62,36,36,303,quiesced,true,0.0000
band3_depth5_s21,rapid,26,unguided,204800,79,4,62,36,36,303,quiesced,true,0.0000
band3_depth5_s21,rapid,26,oracle,25,25,2,6,35,35,307,app_budget,false,1.3201
band3_depth5_s21,rapid,26,oracle,50,50,3,6,36,36,303,app_budget,false,0.0000
band3_depth5_s21,rapid,26,oracle,100,79,4,6,36,36,303,quiesced,false,0.0000
band3_depth5_s21,rapid,26,oracle,200,79,4,6,36,36,303,quiesced,true,0.0000
band3_depth5_s21,rapid,26,oracle,400,79,4,6,36,36,303,quiesced,true,0.0000
band3_depth5_s21,rapid,26,oracle,800,79,4,6,36,36,303,quiesced,true,0.0000
band3_depth5_s21,rapid,26,oracle,1600,79,4,6,36,36,303,quiesced,true,0.0000
band3_depth5_s21,rapid,26,oracle,3200,79,4,6,36,36,303,quiesced,true,0.0000
band3_depth5_s21,rapid,26,oracle,6400,79,4,6,36,36,303,quiesced,true,0.0000
band3_depth5_s21,rapid,26,oracle,12800,79,4,6,36,36,303,quiesced,true,0.0000
band3_depth5_s21,rapid,26,oracle,25600,79,4,6,36,36,303,quiesced,true,0.0000
band3_depth5_s21,rapid,26,oracle,51200,79,4,6,36,36,303,quiesced,true,0.0000
band3_depth5_s21,rapid,26,oracle,102400,79,4,6,36,36,303,quiesced,true,0.0000
band3_depth5_s21,rapid,26,oracle,204800,79,4,6,36,36,303,quiesced,true,0.0000
band4_depth6_s0,rapid,25,unguided,25,25,2,62,32,32,250,app_budget,false,0.0000
band4_depth6_s0,rapid,25,unguided,50,46,3,62,32,32,250,quiesced,false,0.0000
band4_depth6_s0,rapid,25,unguided,100,46,3,62,32,32,250,quiesced,true,0.0000
band4_depth6_s0,rapid,25,unguided,200,46,3,62,32,32,250,quiesced,true,0.0000
band4_depth6_s0,rapid,25,unguided,400,46,3,62,32,32,250,quiesced,true,0.0000
band4_depth6_s0,rapid,25,unguided,800,46,3,62,32,32,250,quiesced,true,0.0000
band4_depth6_s0,rapid,25,unguided,1600,46,3,62,32,32,250,quiesced,true,0.0000
band4_depth6_s0,rapid,25,unguided,3200,46,3,62,32,32,250,quiesced,true,0.0000
band4_depth6_s0,rapid,25,unguided,6400,46,3,62,32,32,250,quiesced,true,0.0000
band4_depth6_s0,rapid,25,unguided,12800,46,3,62,32,32,250,quiesced,true,0.0000
band4_depth6_s0,rapid,25,unguided,25600,46,3,62,32,32,250,quiesced,true,0.0000
band4_depth6_s0,rapid,25,unguided,51200,46,3,62,32,32,250,quiesced,true,0.0000
band4_depth6_s0,rapid,25,unguided,102400,46,3,62,32,32,250,quiesced,true,0.0000
band4_depth6_s0,rapid,25,unguided,204800,46,3,62,32,32,250,quiesced,true,0.0000
band4_depth6_s0,rapid,25,oracle,25,25,2,5,32,32,250,app_budget,false,0.0000
band4_depth6_s0,rapid,25,oracle,50,46,3,5,32,32,250,quiesced,false,0.0000
band4_depth6_s0,rapid,25,oracle,100,46,3,5,32,32,250,quiesced,true,0.0000
band4_depth6_s0,rapid,25,oracle,200,46,3,5,32,32,250,quiesced,true,0.0000
band4_depth6_s0,rapid,25,oracle,400,46,3,5,32,32,250,quiesced,true,0.0000
band4_depth6_s0,rapid,25,oracle,800,46,3,5,32,32,250,quiesced,true,0.0000
band4_depth6_s0,rapid,25,oracle,1600,46,3,5,32,32,250,quiesced,true,0.0000
band4_depth6_s0,rapid,25,oracle,3200,46,3,5,32,32,250,quiesced,true,0.0000
band4_depth6_s0,rapid,25,oracle,6400,46,3,5,32,32,250,quiesced,true,0.0000
band4_depth6_s0,rapid,25,oracle,12800,46,3,5,32,32,250,quiesced,true,0.0000
band4_depth6_s0,rapid,25,oracle,25600,46,3,5,32,32,250,quiesced,true,0.0000
band4_depth6_s0,rapid,25,oracle,51200,46,3,5,32,32,250,quiesced,true,0.0000
band4_depth6_s0,rapid,25,oracle,102400,46,3,5,32,32,250,quiesced,true,0.0000
band4_depth6_s0,rapid,25,oracle,204800,46,3,5,32,32,250,quiesced,true,0.0000
band4_depth6_s1,rapid,24,unguided,25,25,2,62,32,32,242,app_budget,false,0.0000
band4_depth6_s1,rapid,24,unguided,50,47,3,62,32,32,242,quiesced,false,0.0000
band4_depth6_s1,rapid,24,unguided,100,47,3,62,32,32,242,quiesced,true,0.0000
band4_depth6_s1,rapid,24,unguided,200,47,3,62,32,32,242,quiesced,true,0.0000
band4_depth6_s1,rapid,24,unguided,400,47,3,62,32,32,242,quiesced,true,0.0000
band4_depth6_s1,rapid,24,unguided,800,47,3,62,32,32,242,quiesced,true,0.0000
band4_depth6_s1,rapid,24,unguided,1600,47,3,62,32,32,242,quiesced,true,0.0000
band4_depth6_s1,rapid,24,unguided,3200,47,3,62,32,32,242,quiesced,true,0.0000
band4_depth6_s1,rapid,24,unguided,6400,47,3,62,32,32,242,quiesced,true,0.0000
band4_depth6_s1,rapid,24,unguided,12800,47,3,62,32,32,242,quiesced,true,0.0000
band4_depth6_s1,rapid,24,unguided,25600,47,3,62,32,32,242,quiesced,true,0.0000
band4_depth6_s1,rapid,24,unguided,51200,47,3,62,32,32,242,quiesced,true,0.0000
band4_depth6_s1,rapid,24,unguided,102400,47,3,62,32,32,242,quiesced,true,0.0000
band4_depth6_s1,rapid,24,unguided,204800,47,3,62,32,32,242,quiesced,true,0.0000
band4_depth6_s1,rapid,24,oracle,25,25,2,8,32,32,242,app_budget,false,0.0000
band4_depth6_s1,rapid,24,oracle,50,47,3,8,32,32,242,quiesced,false,0.0000
band4_depth6_s1,rapid,24,oracle,100,47,3,8,32,32,242,quiesced,true,0.0000
band4_depth6_s1,rapid,24,oracle,200,47,3,8,32,32,242,quiesced,true,0.0000
band4_depth6_s1,rapid,24,oracle,400,47,3,8,32,32,242,quiesced,true,0.0000
band4_depth6_s1,rapid,24,oracle,800,47,3,8,32,32,242,quiesced,true,0.0000
band4_depth6_s1,rapid,24,oracle,1600,47,3,8,32,32,242,quiesced,true,0.0000
band4_depth6_s1,rapid,24,oracle,3200,47,3,8,32,32,242,quiesced,true,0.0000
band4_depth6_s1,rapid,24,oracle,6400,47,3,8,32,32,242,quiesced,true,0.0000
band4_depth6_s1,rapid,24,oracle,12800,47,3,8,32,32,242,quiesced,true,0.0000
band4_depth6_s1,rapid,24,oracle,25600,47,3,8,32,32,242,quiesced,true,0.0000
band4_depth6_s1,rapid,24,oracle,51200,47,3,8,32,32,242,quiesced,true,0.0000
band4_depth6_s1,rapid,24,oracle,102400,47,3,8,32,32,242,quiesced,true,0.0000
band4_depth6_s1,rapid,24,oracle,204800,47,3,8,32,32,242,quiesced,true,0.0000
band4_depth6_s2,classical,70,unguided,25,25,1,62,82,82,2014,app_budget,false,194.0146
band4_depth6_s2,classical,70,unguided,50,50,2,62,84,84,2011,app_budget,false,193.5766
band4_depth6_s2,classical,70,unguided,100,100,3,62,92,92,2007,app_budget,false,192.9927
band4_depth6_s2,classical,70,unguided,200,200,4,62,127,127,886,app_budget,false,29.3431
band4_depth6_s2,classical,70,unguided,400,400,6,62,171,171,685,app_budget,false,0.0000
band4_depth6_s2,classical,70,unguided,800,800,8,62,226,226,686,app_budget,false,0.1460
band4_depth6_s2,classical,70,unguided,1600,1473,10,62,237,237,686,quiesced,false,0.1460
band4_depth6_s2,classical,70,unguided,3200,1473,10,62,237,237,686,quiesced,true,0.1460
band4_depth6_s2,classical,70,unguided,6400,1473,10,62,237,237,686,quiesced,true,0.1460
band4_depth6_s2,classical,70,unguided,12800,1473,10,62,237,237,686,quiesced,true,0.1460
band4_depth6_s2,classical,70,unguided,25600,1473,10,62,237,237,686,quiesced,true,0.1460
band4_depth6_s2,classical,70,unguided,51200,1473,10,62,237,237,686,quiesced,true,0.1460
band4_depth6_s2,classical,70,unguided,102400,1473,10,62,237,237,686,quiesced,true,0.1460
band4_depth6_s2,classical,70,unguided,204800,1473,10,62,237,237,686,quiesced,true,0.1460
band4_depth6_s2,classical,70,oracle,25,25,1,15,82,82,2014,app_budget,false,194.0146
band4_depth6_s2,classical,70,oracle,50,50,2,15,84,84,2011,app_budget,false,193.5766
band4_depth6_s2,classical,70,oracle,100,100,3,15,92,92,2007,app_budget,false,192.9927
band4_depth6_s2,classical,70,oracle,200,200,4,15,127,127,886,app_budget,false,29.3431
band4_depth6_s2,classical,70,oracle,400,400,6,15,171,171,685,app_budget,false,0.0000
band4_depth6_s2,classical,70,oracle,800,800,8,15,213,213,686,app_budget,false,0.1460
band4_depth6_s2,classical,70,oracle,1600,1298,10,15,215,215,686,quiesced,false,0.1460
band4_depth6_s2,classical,70,oracle,3200,1298,10,15,215,215,686,quiesced,true,0.1460
band4_depth6_s2,classical,70,oracle,6400,1298,10,15,215,215,686,quiesced,true,0.1460
band4_depth6_s2,classical,70,oracle,12800,1298,10,15,215,215,686,quiesced,true,0.1460
band4_depth6_s2,classical,70,oracle,25600,1298,10,15,215,215,686,quiesced,true,0.1460
band4_depth6_s2,classical,70,oracle,51200,1298,10,15,215,215,686,quiesced,true,0.1460
band4_depth6_s2,classical,70,oracle,102400,1298,10,15,215,215,686,quiesced,true,0.1460
band4_depth6_s2,classical,70,oracle,204800,1298,10,15,215,215,686,quiesced,true,0.1460
band4_depth6_s3,classical,63,unguided,25,25,1,62,72,72,1338,app_budget,false,127.9387
band4_depth6_s3,classical,63,unguided,50,50,2,62,75,75,1338,app_budget,false,127.9387
band4_depth6_s3,classical,63,unguided,100,100,3,62,76,76,1338,app_budget,false,127.9387
band4_depth6_s3,classical,63,unguided,200,200,5,62,94,94,587,app_budget,false,0.0000
band4_depth6_s3,classical,63,unguided,400,282,6,62,94,94,587,quiesced,false,0.0000
band4_depth6_s3,classical,63,unguided,800,282,6,62,94,94,587,quiesced,true,0.0000
band4_depth6_s3,classical,63,unguided,1600,282,6,62,94,94,587,quiesced,true,0.0000
band4_depth6_s3,classical,63,unguided,3200,282,6,62,94,94,587,quiesced,true,0.0000
band4_depth6_s3,classical,63,unguided,6400,282,6,62,94,94,587,quiesced,true,0.0000
band4_depth6_s3,classical,63,unguided,12800,282,6,62,94,94,587,quiesced,true,0.0000
band4_depth6_s3,classical,63,unguided,25600,282,6,62,94,94,587,quiesced,true,0.0000
band4_depth6_s3,classical,63,unguided,51200,282,6,62,94,94,587,quiesced,true,0.0000
band4_depth6_s3,classical,63,unguided,102400,282,6,62,94,94,587,quiesced,true,0.0000
band4_depth6_s3,classical,63,unguided,204800,282,6,62,94,94,587,quiesced,true,0.0000
band4_depth6_s3,classical,63,oracle,25,25,1,12,72,72,1338,app_budget,false,127.9387
band4_depth6_s3,classical,63,oracle,50,50,2,12,75,75,1338,app_budget,false,127.9387
band4_depth6_s3,classical,63,oracle,100,100,3,12,76,76,1338,app_budget,false,127.9387
band4_depth6_s3,classical,63,oracle,200,200,5,12,94,94,587,app_budget,false,0.0000
band4_depth6_s3,classical,63,oracle,400,282,6,12,94,94,587,quiesced,false,0.0000
band4_depth6_s3,classical,63,oracle,800,282,6,12,94,94,587,quiesced,true,0.0000
band4_depth6_s3,classical,63,oracle,1600,282,6,12,94,94,587,quiesced,true,0.0000
band4_depth6_s3,classical,63,oracle,3200,282,6,12,94,94,587,quiesced,true,0.0000
band4_depth6_s3,classical,63,oracle,6400,282,6,12,94,94,587,quiesced,true,0.0000
band4_depth6_s3,classical,63,oracle,12800,282,6,12,94,94,587,quiesced,true,0.0000
band4_depth6_s3,classical,63,oracle,25600,282,6,12,94,94,587,quiesced,true,0.0000
band4_depth6_s3,classical,63,oracle,51200,282,6,12,94,94,587,quiesced,true,0.0000
band4_depth6_s3,classical,63,oracle,102400,282,6,12,94,94,587,quiesced,true,0.0000
band4_depth6_s3,classical,63,oracle,204800,282,6,12,94,94,587,quiesced,true,0.0000
band4_depth6_s4,rapid,13,unguided,25,25,2,62,23,23,27,app_budget,false,0.0000
band4_depth6_s4,rapid,13,unguided,50,50,4,62,24,24,27,app_budget,false,0.0000
band4_depth6_s4,rapid,13,unguided,100,71,5,62,24,24,27,quiesced,false,0.0000
band4_depth6_s4,rapid,13,unguided,200,71,5,62,24,24,27,quiesced,true,0.0000
band4_depth6_s4,rapid,13,unguided,400,71,5,62,24,24,27,quiesced,true,0.0000
band4_depth6_s4,rapid,13,unguided,800,71,5,62,24,24,27,quiesced,true,0.0000
band4_depth6_s4,rapid,13,unguided,1600,71,5,62,24,24,27,quiesced,true,0.0000
band4_depth6_s4,rapid,13,unguided,3200,71,5,62,24,24,27,quiesced,true,0.0000
band4_depth6_s4,rapid,13,unguided,6400,71,5,62,24,24,27,quiesced,true,0.0000
band4_depth6_s4,rapid,13,unguided,12800,71,5,62,24,24,27,quiesced,true,0.0000
band4_depth6_s4,rapid,13,unguided,25600,71,5,62,24,24,27,quiesced,true,0.0000
band4_depth6_s4,rapid,13,unguided,51200,71,5,62,24,24,27,quiesced,true,0.0000
band4_depth6_s4,rapid,13,unguided,102400,71,5,62,24,24,27,quiesced,true,0.0000
band4_depth6_s4,rapid,13,unguided,204800,71,5,62,24,24,27,quiesced,true,0.0000
band4_depth6_s4,rapid,13,oracle,25,25,2,8,23,23,27,app_budget,false,0.0000
band4_depth6_s4,rapid,13,oracle,50,50,4,8,24,24,27,app_budget,false,0.0000
band4_depth6_s4,rapid,13,oracle,100,69,5,8,24,24,27,quiesced,false,0.0000
band4_depth6_s4,rapid,13,oracle,200,69,5,8,24,24,27,quiesced,true,0.0000
band4_depth6_s4,rapid,13,oracle,400,69,5,8,24,24,27,quiesced,true,0.0000
band4_depth6_s4,rapid,13,oracle,800,69,5,8,24,24,27,quiesced,true,0.0000
band4_depth6_s4,rapid,13,oracle,1600,69,5,8,24,24,27,quiesced,true,0.0000
band4_depth6_s4,rapid,13,oracle,3200,69,5,8,24,24,27,quiesced,true,0.0000
band4_depth6_s4,rapid,13,oracle,6400,69,5,8,24,24,27,quiesced,true,0.0000
band4_depth6_s4,rapid,13,oracle,12800,69,5,8,24,24,27,quiesced,true,0.0000
band4_depth6_s4,rapid,13,oracle,25600,69,5,8,24,24,27,quiesced,true,0.0000
band4_depth6_s4,rapid,13,oracle,51200,69,5,8,24,24,27,quiesced,true,0.0000
band4_depth6_s4,rapid,13,oracle,102400,69,5,8,24,24,27,quiesced,true,0.0000
band4_depth6_s4,rapid,13,oracle,204800,69,5,8,24,24,27,quiesced,true,0.0000
band4_depth6_s5,rapid,34,unguided,25,25,1,62,49,49,391,app_budget,false,1.0336
band4_depth6_s5,rapid,34,unguided,50,50,2,62,52,52,387,app_budget,false,0.0000
band4_depth6_s5,rapid,34,unguided,100,100,3,62,54,54,387,app_budget,false,0.0000
band4_depth6_s5,rapid,34,unguided,200,200,5,62,56,56,387,app_budget,false,0.0000
band4_depth6_s5,rapid,34,unguided,400,257,6,62,56,56,387,quiesced,false,0.0000
band4_depth6_s5,rapid,34,unguided,800,257,6,62,56,56,387,quiesced,true,0.0000
band4_depth6_s5,rapid,34,unguided,1600,257,6,62,56,56,387,quiesced,true,0.0000
band4_depth6_s5,rapid,34,unguided,3200,257,6,62,56,56,387,quiesced,true,0.0000
band4_depth6_s5,rapid,34,unguided,6400,257,6,62,56,56,387,quiesced,true,0.0000
band4_depth6_s5,rapid,34,unguided,12800,257,6,62,56,56,387,quiesced,true,0.0000
band4_depth6_s5,rapid,34,unguided,25600,257,6,62,56,56,387,quiesced,true,0.0000
band4_depth6_s5,rapid,34,unguided,51200,257,6,62,56,56,387,quiesced,true,0.0000
band4_depth6_s5,rapid,34,unguided,102400,257,6,62,56,56,387,quiesced,true,0.0000
band4_depth6_s5,rapid,34,unguided,204800,257,6,62,56,56,387,quiesced,true,0.0000
band4_depth6_s5,rapid,34,oracle,25,25,1,9,49,49,391,app_budget,false,1.0336
band4_depth6_s5,rapid,34,oracle,50,50,2,9,52,52,387,app_budget,false,0.0000
band4_depth6_s5,rapid,34,oracle,100,100,3,9,54,54,387,app_budget,false,0.0000
band4_depth6_s5,rapid,34,oracle,200,200,5,9,56,56,387,app_budget,false,0.0000
band4_depth6_s5,rapid,34,oracle,400,257,6,9,56,56,387,quiesced,false,0.0000
band4_depth6_s5,rapid,34,oracle,800,257,6,9,56,56,387,quiesced,true,0.0000
band4_depth6_s5,rapid,34,oracle,1600,257,6,9,56,56,387,quiesced,true,0.0000
band4_depth6_s5,rapid,34,oracle,3200,257,6,9,56,56,387,quiesced,true,0.0000
band4_depth6_s5,rapid,34,oracle,6400,257,6,9,56,56,387,quiesced,true,0.0000
band4_depth6_s5,rapid,34,oracle,12800,257,6,9,56,56,387,quiesced,true,0.0000
band4_depth6_s5,rapid,34,oracle,25600,257,6,9,56,56,387,quiesced,true,0.0000
band4_depth6_s5,rapid,34,oracle,51200,257,6,9,56,56,387,quiesced,true,0.0000
band4_depth6_s5,rapid,34,oracle,102400,257,6,9,56,56,387,quiesced,true,0.0000
band4_depth6_s5,rapid,34,oracle,204800,257,6,9,56,56,387,quiesced,true,0.0000
band4_depth6_s6,rapid,25,unguided,25,25,2,62,32,32,181,app_budget,false,0.0000
band4_depth6_s6,rapid,25,unguided,50,49,3,62,32,32,181,quiesced,false,0.0000
band4_depth6_s6,rapid,25,unguided,100,49,3,62,32,32,181,quiesced,true,0.0000
band4_depth6_s6,rapid,25,unguided,200,49,3,62,32,32,181,quiesced,true,0.0000
band4_depth6_s6,rapid,25,unguided,400,49,3,62,32,32,181,quiesced,true,0.0000
band4_depth6_s6,rapid,25,unguided,800,49,3,62,32,32,181,quiesced,true,0.0000
band4_depth6_s6,rapid,25,unguided,1600,49,3,62,32,32,181,quiesced,true,0.0000
band4_depth6_s6,rapid,25,unguided,3200,49,3,62,32,32,181,quiesced,true,0.0000
band4_depth6_s6,rapid,25,unguided,6400,49,3,62,32,32,181,quiesced,true,0.0000
band4_depth6_s6,rapid,25,unguided,12800,49,3,62,32,32,181,quiesced,true,0.0000
band4_depth6_s6,rapid,25,unguided,25600,49,3,62,32,32,181,quiesced,true,0.0000
band4_depth6_s6,rapid,25,unguided,51200,49,3,62,32,32,181,quiesced,true,0.0000
band4_depth6_s6,rapid,25,unguided,102400,49,3,62,32,32,181,quiesced,true,0.0000
band4_depth6_s6,rapid,25,unguided,204800,49,3,62,32,32,181,quiesced,true,0.0000
band4_depth6_s6,rapid,25,oracle,25,25,2,6,32,32,181,app_budget,false,0.0000
band4_depth6_s6,rapid,25,oracle,50,49,3,6,32,32,181,quiesced,false,0.0000
band4_depth6_s6,rapid,25,oracle,100,49,3,6,32,32,181,quiesced,true,0.0000
band4_depth6_s6,rapid,25,oracle,200,49,3,6,32,32,181,quiesced,true,0.0000
band4_depth6_s6,rapid,25,oracle,400,49,3,6,32,32,181,quiesced,true,0.0000
band4_depth6_s6,rapid,25,oracle,800,49,3,6,32,32,181,quiesced,true,0.0000
band4_depth6_s6,rapid,25,oracle,1600,49,3,6,32,32,181,quiesced,true,0.0000
band4_depth6_s6,rapid,25,oracle,3200,49,3,6,32,32,181,quiesced,true,0.0000
band4_depth6_s6,rapid,25,oracle,6400,49,3,6,32,32,181,quiesced,true,0.0000
band4_depth6_s6,rapid,25,oracle,12800,49,3,6,32,32,181,quiesced,true,0.0000
band4_depth6_s6,rapid,25,oracle,25600,49,3,6,32,32,181,quiesced,true,0.0000
band4_depth6_s6,rapid,25,oracle,51200,49,3,6,32,32,181,quiesced,true,0.0000
band4_depth6_s6,rapid,25,oracle,102400,49,3,6,32,32,181,quiesced,true,0.0000
band4_depth6_s6,rapid,25,oracle,204800,49,3,6,32,32,181,quiesced,true,0.0000
band4_depth6_s7,rapid,33,unguided,25,25,1,62,51,51,701,app_budget,false,39.0873
band4_depth6_s7,rapid,33,unguided,50,50,2,62,56,56,698,app_budget,false,38.4921
band4_depth6_s7,rapid,33,unguided,100,100,3,62,61,61,694,app_budget,false,37.6984
band4_depth6_s7,rapid,33,unguided,200,200,5,62,80,80,504,app_budget,false,0.0000
band4_depth6_s7,rapid,33,unguided,400,400,7,62,129,129,504,app_budget,false,0.0000
band4_depth6_s7,rapid,33,unguided,800,800,9,62,323,323,504,app_budget,false,0.0000
band4_depth6_s7,rapid,33,unguided,1600,1600,10,62,604,604,504,app_budget,false,0.0000
band4_depth6_s7,rapid,33,unguided,3200,3200,11,62,1365,1365,504,app_budget,false,0.0000
band4_depth6_s7,rapid,33,unguided,6400,5075,12,62,1908,1908,504,class_cap,false,0.0000
band4_depth6_s7,rapid,33,unguided,12800,5075,12,62,1908,1908,504,class_cap,true,0.0000
band4_depth6_s7,rapid,33,unguided,25600,5075,12,62,1908,1908,504,class_cap,true,0.0000
band4_depth6_s7,rapid,33,unguided,51200,5075,12,62,1908,1908,504,class_cap,true,0.0000
band4_depth6_s7,rapid,33,unguided,102400,5075,12,62,1908,1908,504,class_cap,true,0.0000
band4_depth6_s7,rapid,33,unguided,204800,5075,12,62,1908,1908,504,class_cap,true,0.0000
band4_depth6_s7,rapid,33,oracle,25,25,1,17,52,52,698,app_budget,false,38.4921
band4_depth6_s7,rapid,33,oracle,50,50,2,17,57,57,695,app_budget,false,37.8968
band4_depth6_s7,rapid,33,oracle,100,100,3,17,62,62,691,app_budget,false,37.1032
band4_depth6_s7,rapid,33,oracle,200,200,5,17,80,80,504,app_budget,false,0.0000
band4_depth6_s7,rapid,33,oracle,400,400,7,17,102,102,504,app_budget,false,0.0000
band4_depth6_s7,rapid,33,oracle,800,695,9,17,118,118,504,quiesced,false,0.0000
band4_depth6_s7,rapid,33,oracle,1600,695,9,17,118,118,504,quiesced,true,0.0000
band4_depth6_s7,rapid,33,oracle,3200,695,9,17,118,118,504,quiesced,true,0.0000
band4_depth6_s7,rapid,33,oracle,6400,695,9,17,118,118,504,quiesced,true,0.0000
band4_depth6_s7,rapid,33,oracle,12800,695,9,17,118,118,504,quiesced,true,0.0000
band4_depth6_s7,rapid,33,oracle,25600,695,9,17,118,118,504,quiesced,true,0.0000
band4_depth6_s7,rapid,33,oracle,51200,695,9,17,118,118,504,quiesced,true,0.0000
band4_depth6_s7,rapid,33,oracle,102400,695,9,17,118,118,504,quiesced,true,0.0000
band4_depth6_s7,rapid,33,oracle,204800,695,9,17,118,118,504,quiesced,true,0.0000
band4_depth6_s8,rapid,26,unguided,25,25,2,62,35,35,523,app_budget,false,0.0000
band4_depth6_s8,rapid,26,unguided,50,50,3,62,35,35,523,app_budget,false,0.0000
band4_depth6_s8,rapid,26,unguided,100,75,4,62,35,35,523,quiesced,false,0.0000
band4_depth6_s8,rapid,26,unguided,200,75,4,62,35,35,523,quiesced,true,0.0000
band4_depth6_s8,rapid,26,unguided,400,75,4,62,35,35,523,quiesced,true,0.0000
band4_depth6_s8,rapid,26,unguided,800,75,4,62,35,35,523,quiesced,true,0.0000
band4_depth6_s8,rapid,26,unguided,1600,75,4,62,35,35,523,quiesced,true,0.0000
band4_depth6_s8,rapid,26,unguided,3200,75,4,62,35,35,523,quiesced,true,0.0000
band4_depth6_s8,rapid,26,unguided,6400,75,4,62,35,35,523,quiesced,true,0.0000
band4_depth6_s8,rapid,26,unguided,12800,75,4,62,35,35,523,quiesced,true,0.0000
band4_depth6_s8,rapid,26,unguided,25600,75,4,62,35,35,523,quiesced,true,0.0000
band4_depth6_s8,rapid,26,unguided,51200,75,4,62,35,35,523,quiesced,true,0.0000
band4_depth6_s8,rapid,26,unguided,102400,75,4,62,35,35,523,quiesced,true,0.0000
band4_depth6_s8,rapid,26,unguided,204800,75,4,62,35,35,523,quiesced,true,0.0000
band4_depth6_s8,rapid,26,oracle,25,25,2,8,35,35,523,app_budget,false,0.0000
band4_depth6_s8,rapid,26,oracle,50,50,3,8,35,35,523,app_budget,false,0.0000
band4_depth6_s8,rapid,26,oracle,100,75,4,8,35,35,523,quiesced,false,0.0000
band4_depth6_s8,rapid,26,oracle,200,75,4,8,35,35,523,quiesced,true,0.0000
band4_depth6_s8,rapid,26,oracle,400,75,4,8,35,35,523,quiesced,true,0.0000
band4_depth6_s8,rapid,26,oracle,800,75,4,8,35,35,523,quiesced,true,0.0000
band4_depth6_s8,rapid,26,oracle,1600,75,4,8,35,35,523,quiesced,true,0.0000
band4_depth6_s8,rapid,26,oracle,3200,75,4,8,35,35,523,quiesced,true,0.0000
band4_depth6_s8,rapid,26,oracle,6400,75,4,8,35,35,523,quiesced,true,0.0000
band4_depth6_s8,rapid,26,oracle,12800,75,4,8,35,35,523,quiesced,true,0.0000
band4_depth6_s8,rapid,26,oracle,25600,75,4,8,35,35,523,quiesced,true,0.0000
band4_depth6_s8,rapid,26,oracle,51200,75,4,8,35,35,523,quiesced,true,0.0000
band4_depth6_s8,rapid,26,oracle,102400,75,4,8,35,35,523,quiesced,true,0.0000
band4_depth6_s8,rapid,26,oracle,204800,75,4,8,35,35,523,quiesced,true,0.0000
band4_depth6_s9,rapid,34,unguided,25,25,1,62,47,47,394,app_budget,false,1.0256
band4_depth6_s9,rapid,34,unguided,50,50,2,62,48,48,390,app_budget,false,0.0000
band4_depth6_s9,rapid,34,unguided,100,93,3,62,48,48,390,quiesced,false,0.0000
band4_depth6_s9,rapid,34,unguided,200,93,3,62,48,48,390,quiesced,true,0.0000
band4_depth6_s9,rapid,34,unguided,400,93,3,62,48,48,390,quiesced,true,0.0000
band4_depth6_s9,rapid,34,unguided,800,93,3,62,48,48,390,quiesced,true,0.0000
band4_depth6_s9,rapid,34,unguided,1600,93,3,62,48,48,390,quiesced,true,0.0000
band4_depth6_s9,rapid,34,unguided,3200,93,3,62,48,48,390,quiesced,true,0.0000
band4_depth6_s9,rapid,34,unguided,6400,93,3,62,48,48,390,quiesced,true,0.0000
band4_depth6_s9,rapid,34,unguided,12800,93,3,62,48,48,390,quiesced,true,0.0000
band4_depth6_s9,rapid,34,unguided,25600,93,3,62,48,48,390,quiesced,true,0.0000
band4_depth6_s9,rapid,34,unguided,51200,93,3,62,48,48,390,quiesced,true,0.0000
band4_depth6_s9,rapid,34,unguided,102400,93,3,62,48,48,390,quiesced,true,0.0000
band4_depth6_s9,rapid,34,unguided,204800,93,3,62,48,48,390,quiesced,true,0.0000
band4_depth6_s9,rapid,34,oracle,25,25,1,8,47,47,394,app_budget,false,1.0256
band4_depth6_s9,rapid,34,oracle,50,50,2,8,48,48,390,app_budget,false,0.0000
band4_depth6_s9,rapid,34,oracle,100,93,3,8,48,48,390,quiesced,false,0.0000
band4_depth6_s9,rapid,34,oracle,200,93,3,8,48,48,390,quiesced,true,0.0000
band4_depth6_s9,rapid,34,oracle,400,93,3,8,48,48,390,quiesced,true,0.0000
band4_depth6_s9,rapid,34,oracle,800,93,3,8,48,48,390,quiesced,true,0.0000
band4_depth6_s9,rapid,34,oracle,1600,93,3,8,48,48,390,quiesced,true,0.0000
band4_depth6_s9,rapid,34,oracle,3200,93,3,8,48,48,390,quiesced,true,0.0000
band4_depth6_s9,rapid,34,oracle,6400,93,3,8,48,48,390,quiesced,true,0.0000
band4_depth6_s9,rapid,34,oracle,12800,93,3,8,48,48,390,quiesced,true,0.0000
band4_depth6_s9,rapid,34,oracle,25600,93,3,8,48,48,390,quiesced,true,0.0000
band4_depth6_s9,rapid,34,oracle,51200,93,3,8,48,48,390,quiesced,true,0.0000
band4_depth6_s9,rapid,34,oracle,102400,93,3,8,48,48,390,quiesced,true,0.0000
band4_depth6_s9,rapid,34,oracle,204800,93,3,8,48,48,390,quiesced,true,0.0000
band4_depth6_s10,classical,119,unguided,25,25,1,62,107,107,2196,app_budget,false,106.9746
band4_depth6_s10,classical,119,unguided,50,50,2,62,107,107,2196,app_budget,false,106.9746
band4_depth6_s10,classical,119,unguided,100,100,3,62,107,107,2196,app_budget,false,106.9746
band4_depth6_s10,classical,119,unguided,200,200,4,62,169,169,2196,app_budget,false,106.9746
band4_depth6_s10,classical,119,unguided,400,400,5,62,273,273,2196,app_budget,false,106.9746
band4_depth6_s10,classical,119,unguided,800,800,6,62,450,450,2187,app_budget,false,106.1263
band4_depth6_s10,classical,119,unguided,1600,1600,7,62,830,830,2187,app_budget,false,106.1263
band4_depth6_s10,classical,119,unguided,3200,3200,8,62,1547,1547,2196,app_budget,false,106.9746
band4_depth6_s10,classical,119,unguided,6400,6400,9,62,2760,2760,2196,app_budget,false,106.9746
band4_depth6_s10,classical,119,unguided,12800,12037,10,62,4506,4506,1061,class_cap,false,0.0000
band4_depth6_s10,classical,119,unguided,25600,12037,10,62,4506,4506,1061,class_cap,true,0.0000
band4_depth6_s10,classical,119,unguided,51200,12037,10,62,4506,4506,1061,class_cap,true,0.0000
band4_depth6_s10,classical,119,unguided,102400,12037,10,62,4506,4506,1061,class_cap,true,0.0000
band4_depth6_s10,classical,119,unguided,204800,12037,10,62,4506,4506,1061,class_cap,true,0.0000
band4_depth6_s10,classical,119,oracle,25,25,1,18,107,107,2196,app_budget,false,106.9746
band4_depth6_s10,classical,119,oracle,50,50,2,18,107,107,2196,app_budget,false,106.9746
band4_depth6_s10,classical,119,oracle,100,100,3,18,107,107,2196,app_budget,false,106.9746
band4_depth6_s10,classical,119,oracle,200,200,4,18,169,169,2196,app_budget,false,106.9746
band4_depth6_s10,classical,119,oracle,400,400,5,18,273,273,2196,app_budget,false,106.9746
band4_depth6_s10,classical,119,oracle,800,800,6,18,450,450,2187,app_budget,false,106.1263
band4_depth6_s10,classical,119,oracle,1600,1600,7,18,830,830,2187,app_budget,false,106.1263
band4_depth6_s10,classical,119,oracle,3200,3200,8,18,1547,1547,2196,app_budget,false,106.9746
band4_depth6_s10,classical,119,oracle,6400,6400,9,18,2760,2760,2196,app_budget,false,106.9746
band4_depth6_s10,classical,119,oracle,12800,12037,10,18,4506,4506,1061,class_cap,false,0.0000
band4_depth6_s10,classical,119,oracle,25600,12037,10,18,4506,4506,1061,class_cap,true,0.0000
band4_depth6_s10,classical,119,oracle,51200,12037,10,18,4506,4506,1061,class_cap,true,0.0000
band4_depth6_s10,classical,119,oracle,102400,12037,10,18,4506,4506,1061,class_cap,true,0.0000
band4_depth6_s10,classical,119,oracle,204800,12037,10,18,4506,4506,1061,class_cap,true,0.0000
band4_depth6_s11,rapid,26,unguided,25,25,2,62,37,37,638,app_budget,false,0.0000
band4_depth6_s11,rapid,26,unguided,50,46,3,62,37,37,638,quiesced,false,0.0000
band4_depth6_s11,rapid,26,unguided,100,46,3,62,37,37,638,quiesced,true,0.0000
band4_depth6_s11,rapid,26,unguided,200,46,3,62,37,37,638,quiesced,true,0.0000
band4_depth6_s11,rapid,26,unguided,400,46,3,62,37,37,638,quiesced,true,0.0000
band4_depth6_s11,rapid,26,unguided,800,46,3,62,37,37,638,quiesced,true,0.0000
band4_depth6_s11,rapid,26,unguided,1600,46,3,62,37,37,638,quiesced,true,0.0000
band4_depth6_s11,rapid,26,unguided,3200,46,3,62,37,37,638,quiesced,true,0.0000
band4_depth6_s11,rapid,26,unguided,6400,46,3,62,37,37,638,quiesced,true,0.0000
band4_depth6_s11,rapid,26,unguided,12800,46,3,62,37,37,638,quiesced,true,0.0000
band4_depth6_s11,rapid,26,unguided,25600,46,3,62,37,37,638,quiesced,true,0.0000
band4_depth6_s11,rapid,26,unguided,51200,46,3,62,37,37,638,quiesced,true,0.0000
band4_depth6_s11,rapid,26,unguided,102400,46,3,62,37,37,638,quiesced,true,0.0000
band4_depth6_s11,rapid,26,unguided,204800,46,3,62,37,37,638,quiesced,true,0.0000
band4_depth6_s11,rapid,26,oracle,25,25,2,7,37,37,638,app_budget,false,0.0000
band4_depth6_s11,rapid,26,oracle,50,46,3,7,37,37,638,quiesced,false,0.0000
band4_depth6_s11,rapid,26,oracle,100,46,3,7,37,37,638,quiesced,true,0.0000
band4_depth6_s11,rapid,26,oracle,200,46,3,7,37,37,638,quiesced,true,0.0000
band4_depth6_s11,rapid,26,oracle,400,46,3,7,37,37,638,quiesced,true,0.0000
band4_depth6_s11,rapid,26,oracle,800,46,3,7,37,37,638,quiesced,true,0.0000
band4_depth6_s11,rapid,26,oracle,1600,46,3,7,37,37,638,quiesced,true,0.0000
band4_depth6_s11,rapid,26,oracle,3200,46,3,7,37,37,638,quiesced,true,0.0000
band4_depth6_s11,rapid,26,oracle,6400,46,3,7,37,37,638,quiesced,true,0.0000
band4_depth6_s11,rapid,26,oracle,12800,46,3,7,37,37,638,quiesced,true,0.0000
band4_depth6_s11,rapid,26,oracle,25600,46,3,7,37,37,638,quiesced,true,0.0000
band4_depth6_s11,rapid,26,oracle,51200,46,3,7,37,37,638,quiesced,true,0.0000
band4_depth6_s11,rapid,26,oracle,102400,46,3,7,37,37,638,quiesced,true,0.0000
band4_depth6_s11,rapid,26,oracle,204800,46,3,7,37,37,638,quiesced,true,0.0000
band4_depth6_s12,rapid,44,unguided,25,25,2,62,51,51,763,app_budget,false,0.5270
band4_depth6_s12,rapid,44,unguided,50,50,3,62,51,51,759,app_budget,false,0.0000
band4_depth6_s12,rapid,44,unguided,100,83,4,62,51,51,759,quiesced,false,0.0000
band4_depth6_s12,rapid,44,unguided,200,83,4,62,51,51,759,quiesced,true,0.0000
band4_depth6_s12,rapid,44,unguided,400,83,4,62,51,51,759,quiesced,true,0.0000
band4_depth6_s12,rapid,44,unguided,800,83,4,62,51,51,759,quiesced,true,0.0000
band4_depth6_s12,rapid,44,unguided,1600,83,4,62,51,51,759,quiesced,true,0.0000
band4_depth6_s12,rapid,44,unguided,3200,83,4,62,51,51,759,quiesced,true,0.0000
band4_depth6_s12,rapid,44,unguided,6400,83,4,62,51,51,759,quiesced,true,0.0000
band4_depth6_s12,rapid,44,unguided,12800,83,4,62,51,51,759,quiesced,true,0.0000
band4_depth6_s12,rapid,44,unguided,25600,83,4,62,51,51,759,quiesced,true,0.0000
band4_depth6_s12,rapid,44,unguided,51200,83,4,62,51,51,759,quiesced,true,0.0000
band4_depth6_s12,rapid,44,unguided,102400,83,4,62,51,51,759,quiesced,true,0.0000
band4_depth6_s12,rapid,44,unguided,204800,83,4,62,51,51,759,quiesced,true,0.0000
band4_depth6_s12,rapid,44,oracle,25,25,2,7,51,51,763,app_budget,false,0.5270
band4_depth6_s12,rapid,44,oracle,50,50,3,7,51,51,759,app_budget,false,0.0000
band4_depth6_s12,rapid,44,oracle,100,83,4,7,51,51,759,quiesced,false,0.0000
band4_depth6_s12,rapid,44,oracle,200,83,4,7,51,51,759,quiesced,true,0.0000
band4_depth6_s12,rapid,44,oracle,400,83,4,7,51,51,759,quiesced,true,0.0000
band4_depth6_s12,rapid,44,oracle,800,83,4,7,51,51,759,quiesced,true,0.0000
band4_depth6_s12,rapid,44,oracle,1600,83,4,7,51,51,759,quiesced,true,0.0000
band4_depth6_s12,rapid,44,oracle,3200,83,4,7,51,51,759,quiesced,true,0.0000
band4_depth6_s12,rapid,44,oracle,6400,83,4,7,51,51,759,quiesced,true,0.0000
band4_depth6_s12,rapid,44,oracle,12800,83,4,7,51,51,759,quiesced,true,0.0000
band4_depth6_s12,rapid,44,oracle,25600,83,4,7,51,51,759,quiesced,true,0.0000
band4_depth6_s12,rapid,44,oracle,51200,83,4,7,51,51,759,quiesced,true,0.0000
band4_depth6_s12,rapid,44,oracle,102400,83,4,7,51,51,759,quiesced,true,0.0000
band4_depth6_s12,rapid,44,oracle,204800,83,4,7,51,51,759,quiesced,true,0.0000
band4_depth6_s13,classical,82,unguided,25,25,1,62,91,91,1515,app_budget,false,60.3175
band4_depth6_s13,classical,82,unguided,50,50,2,62,93,93,1509,app_budget,false,59.6825
band4_depth6_s13,classical,82,unguided,100,100,3,62,95,95,1506,app_budget,false,59.3651
band4_depth6_s13,classical,82,unguided,200,200,5,62,117,117,945,app_budget,false,0.0000
band4_depth6_s13,classical,82,unguided,400,400,7,62,152,152,945,app_budget,false,0.0000
band4_depth6_s13,classical,82,unguided,800,800,10,62,163,163,945,app_budget,false,0.0000
band4_depth6_s13,classical,82,unguided,1600,963,11,62,163,163,945,quiesced,false,0.0000
band4_depth6_s13,classical,82,unguided,3200,963,11,62,163,163,945,quiesced,true,0.0000
band4_depth6_s13,classical,82,unguided,6400,963,11,62,163,163,945,quiesced,true,0.0000
band4_depth6_s13,classical,82,unguided,12800,963,11,62,163,163,945,quiesced,true,0.0000
band4_depth6_s13,classical,82,unguided,25600,963,11,62,163,163,945,quiesced,true,0.0000
band4_depth6_s13,classical,82,unguided,51200,963,11,62,163,163,945,quiesced,true,0.0000
band4_depth6_s13,classical,82,unguided,102400,963,11,62,163,163,945,quiesced,true,0.0000
band4_depth6_s13,classical,82,unguided,204800,963,11,62,163,163,945,quiesced,true,0.0000
band4_depth6_s13,classical,82,oracle,25,25,1,12,91,91,1515,app_budget,false,60.3175
band4_depth6_s13,classical,82,oracle,50,50,2,12,93,93,1509,app_budget,false,59.6825
band4_depth6_s13,classical,82,oracle,100,100,3,12,95,95,1506,app_budget,false,59.3651
band4_depth6_s13,classical,82,oracle,200,200,5,12,117,117,945,app_budget,false,0.0000
band4_depth6_s13,classical,82,oracle,400,400,7,12,146,146,945,app_budget,false,0.0000
band4_depth6_s13,classical,82,oracle,800,662,9,12,149,149,945,quiesced,false,0.0000
band4_depth6_s13,classical,82,oracle,1600,662,9,12,149,149,945,quiesced,true,0.0000
band4_depth6_s13,classical,82,oracle,3200,662,9,12,149,149,945,quiesced,true,0.0000
band4_depth6_s13,classical,82,oracle,6400,662,9,12,149,149,945,quiesced,true,0.0000
band4_depth6_s13,classical,82,oracle,12800,662,9,12,149,149,945,quiesced,true,0.0000
band4_depth6_s13,classical,82,oracle,25600,662,9,12,149,149,945,quiesced,true,0.0000
band4_depth6_s13,classical,82,oracle,51200,662,9,12,149,149,945,quiesced,true,0.0000
band4_depth6_s13,classical,82,oracle,102400,662,9,12,149,149,945,quiesced,true,0.0000
band4_depth6_s13,classical,82,oracle,204800,662,9,12,149,149,945,quiesced,true,0.0000
band4_depth6_s14,rapid,20,unguided,25,25,2,62,27,27,129,app_budget,false,0.0000
band4_depth6_s14,rapid,20,unguided,50,43,3,62,27,27,129,quiesced,false,0.0000
band4_depth6_s14,rapid,20,unguided,100,43,3,62,27,27,129,quiesced,true,0.0000
band4_depth6_s14,rapid,20,unguided,200,43,3,62,27,27,129,quiesced,true,0.0000
band4_depth6_s14,rapid,20,unguided,400,43,3,62,27,27,129,quiesced,true,0.0000
band4_depth6_s14,rapid,20,unguided,800,43,3,62,27,27,129,quiesced,true,0.0000
band4_depth6_s14,rapid,20,unguided,1600,43,3,62,27,27,129,quiesced,true,0.0000
band4_depth6_s14,rapid,20,unguided,3200,43,3,62,27,27,129,quiesced,true,0.0000
band4_depth6_s14,rapid,20,unguided,6400,43,3,62,27,27,129,quiesced,true,0.0000
band4_depth6_s14,rapid,20,unguided,12800,43,3,62,27,27,129,quiesced,true,0.0000
band4_depth6_s14,rapid,20,unguided,25600,43,3,62,27,27,129,quiesced,true,0.0000
band4_depth6_s14,rapid,20,unguided,51200,43,3,62,27,27,129,quiesced,true,0.0000
band4_depth6_s14,rapid,20,unguided,102400,43,3,62,27,27,129,quiesced,true,0.0000
band4_depth6_s14,rapid,20,unguided,204800,43,3,62,27,27,129,quiesced,true,0.0000
band4_depth6_s14,rapid,20,oracle,25,25,2,6,27,27,129,app_budget,false,0.0000
band4_depth6_s14,rapid,20,oracle,50,43,3,6,27,27,129,quiesced,false,0.0000
band4_depth6_s14,rapid,20,oracle,100,43,3,6,27,27,129,quiesced,true,0.0000
band4_depth6_s14,rapid,20,oracle,200,43,3,6,27,27,129,quiesced,true,0.0000
band4_depth6_s14,rapid,20,oracle,400,43,3,6,27,27,129,quiesced,true,0.0000
band4_depth6_s14,rapid,20,oracle,800,43,3,6,27,27,129,quiesced,true,0.0000
band4_depth6_s14,rapid,20,oracle,1600,43,3,6,27,27,129,quiesced,true,0.0000
band4_depth6_s14,rapid,20,oracle,3200,43,3,6,27,27,129,quiesced,true,0.0000
band4_depth6_s14,rapid,20,oracle,6400,43,3,6,27,27,129,quiesced,true,0.0000
band4_depth6_s14,rapid,20,oracle,12800,43,3,6,27,27,129,quiesced,true,0.0000
band4_depth6_s14,rapid,20,oracle,25600,43,3,6,27,27,129,quiesced,true,0.0000
band4_depth6_s14,rapid,20,oracle,51200,43,3,6,27,27,129,quiesced,true,0.0000
band4_depth6_s14,rapid,20,oracle,102400,43,3,6,27,27,129,quiesced,true,0.0000
band4_depth6_s14,rapid,20,oracle,204800,43,3,6,27,27,129,quiesced,true,0.0000
band4_depth6_s15,rapid,16,unguided,25,23,2,62,20,20,111,quiesced,false,0.0000
band4_depth6_s15,rapid,16,unguided,50,23,2,62,20,20,111,quiesced,true,0.0000
band4_depth6_s15,rapid,16,unguided,100,23,2,62,20,20,111,quiesced,true,0.0000
band4_depth6_s15,rapid,16,unguided,200,23,2,62,20,20,111,quiesced,true,0.0000
band4_depth6_s15,rapid,16,unguided,400,23,2,62,20,20,111,quiesced,true,0.0000
band4_depth6_s15,rapid,16,unguided,800,23,2,62,20,20,111,quiesced,true,0.0000
band4_depth6_s15,rapid,16,unguided,1600,23,2,62,20,20,111,quiesced,true,0.0000
band4_depth6_s15,rapid,16,unguided,3200,23,2,62,20,20,111,quiesced,true,0.0000
band4_depth6_s15,rapid,16,unguided,6400,23,2,62,20,20,111,quiesced,true,0.0000
band4_depth6_s15,rapid,16,unguided,12800,23,2,62,20,20,111,quiesced,true,0.0000
band4_depth6_s15,rapid,16,unguided,25600,23,2,62,20,20,111,quiesced,true,0.0000
band4_depth6_s15,rapid,16,unguided,51200,23,2,62,20,20,111,quiesced,true,0.0000
band4_depth6_s15,rapid,16,unguided,102400,23,2,62,20,20,111,quiesced,true,0.0000
band4_depth6_s15,rapid,16,unguided,204800,23,2,62,20,20,111,quiesced,true,0.0000
band4_depth6_s15,rapid,16,oracle,25,23,2,5,20,20,111,quiesced,false,0.0000
band4_depth6_s15,rapid,16,oracle,50,23,2,5,20,20,111,quiesced,true,0.0000
band4_depth6_s15,rapid,16,oracle,100,23,2,5,20,20,111,quiesced,true,0.0000
band4_depth6_s15,rapid,16,oracle,200,23,2,5,20,20,111,quiesced,true,0.0000
band4_depth6_s15,rapid,16,oracle,400,23,2,5,20,20,111,quiesced,true,0.0000
band4_depth6_s15,rapid,16,oracle,800,23,2,5,20,20,111,quiesced,true,0.0000
band4_depth6_s15,rapid,16,oracle,1600,23,2,5,20,20,111,quiesced,true,0.0000
band4_depth6_s15,rapid,16,oracle,3200,23,2,5,20,20,111,quiesced,true,0.0000
band4_depth6_s15,rapid,16,oracle,6400,23,2,5,20,20,111,quiesced,true,0.0000
band4_depth6_s15,rapid,16,oracle,12800,23,2,5,20,20,111,quiesced,true,0.0000
band4_depth6_s15,rapid,16,oracle,25600,23,2,5,20,20,111,quiesced,true,0.0000
band4_depth6_s15,rapid,16,oracle,51200,23,2,5,20,20,111,quiesced,true,0.0000
band4_depth6_s15,rapid,16,oracle,102400,23,2,5,20,20,111,quiesced,true,0.0000
band4_depth6_s15,rapid,16,oracle,204800,23,2,5,20,20,111,quiesced,true,0.0000
band4_depth6_s16,classical,75,unguided,25,25,1,62,75,75,975,app_budget,false,138.9706
band4_depth6_s16,classical,75,unguided,50,50,2,62,76,76,971,app_budget,false,137.9902
band4_depth6_s16,classical,75,unguided,100,100,3,62,78,78,971,app_budget,false,137.9902
band4_depth6_s16,classical,75,unguided,200,200,5,62,115,115,408,app_budget,false,0.0000
band4_depth6_s16,classical,75,unguided,400,400,7,62,121,121,408,app_budget,false,0.0000
band4_depth6_s16,classical,75,unguided,800,529,8,62,121,121,408,quiesced,false,0.0000
band4_depth6_s16,classical,75,unguided,1600,529,8,62,121,121,408,quiesced,true,0.0000
band4_depth6_s16,classical,75,unguided,3200,529,8,62,121,121,408,quiesced,true,0.0000
band4_depth6_s16,classical,75,unguided,6400,529,8,62,121,121,408,quiesced,true,0.0000
band4_depth6_s16,classical,75,unguided,12800,529,8,62,121,121,408,quiesced,true,0.0000
band4_depth6_s16,classical,75,unguided,25600,529,8,62,121,121,408,quiesced,true,0.0000
band4_depth6_s16,classical,75,unguided,51200,529,8,62,121,121,408,quiesced,true,0.0000
band4_depth6_s16,classical,75,unguided,102400,529,8,62,121,121,408,quiesced,true,0.0000
band4_depth6_s16,classical,75,unguided,204800,529,8,62,121,121,408,quiesced,true,0.0000
band4_depth6_s16,classical,75,oracle,25,25,1,15,75,75,975,app_budget,false,138.9706
band4_depth6_s16,classical,75,oracle,50,50,2,15,76,76,971,app_budget,false,137.9902
band4_depth6_s16,classical,75,oracle,100,100,3,15,78,78,971,app_budget,false,137.9902
band4_depth6_s16,classical,75,oracle,200,200,5,15,115,115,408,app_budget,false,0.0000
band4_depth6_s16,classical,75,oracle,400,400,7,15,121,121,408,app_budget,false,0.0000
band4_depth6_s16,classical,75,oracle,800,525,8,15,121,121,408,quiesced,false,0.0000
band4_depth6_s16,classical,75,oracle,1600,525,8,15,121,121,408,quiesced,true,0.0000
band4_depth6_s16,classical,75,oracle,3200,525,8,15,121,121,408,quiesced,true,0.0000
band4_depth6_s16,classical,75,oracle,6400,525,8,15,121,121,408,quiesced,true,0.0000
band4_depth6_s16,classical,75,oracle,12800,525,8,15,121,121,408,quiesced,true,0.0000
band4_depth6_s16,classical,75,oracle,25600,525,8,15,121,121,408,quiesced,true,0.0000
band4_depth6_s16,classical,75,oracle,51200,525,8,15,121,121,408,quiesced,true,0.0000
band4_depth6_s16,classical,75,oracle,102400,525,8,15,121,121,408,quiesced,true,0.0000
band4_depth6_s16,classical,75,oracle,204800,525,8,15,121,121,408,quiesced,true,0.0000
band4_depth6_s17,rapid,13,unguided,25,21,2,62,17,17,26,quiesced,false,0.0000
band4_depth6_s17,rapid,13,unguided,50,21,2,62,17,17,26,quiesced,true,0.0000
band4_depth6_s17,rapid,13,unguided,100,21,2,62,17,17,26,quiesced,true,0.0000
band4_depth6_s17,rapid,13,unguided,200,21,2,62,17,17,26,quiesced,true,0.0000
band4_depth6_s17,rapid,13,unguided,400,21,2,62,17,17,26,quiesced,true,0.0000
band4_depth6_s17,rapid,13,unguided,800,21,2,62,17,17,26,quiesced,true,0.0000
band4_depth6_s17,rapid,13,unguided,1600,21,2,62,17,17,26,quiesced,true,0.0000
band4_depth6_s17,rapid,13,unguided,3200,21,2,62,17,17,26,quiesced,true,0.0000
band4_depth6_s17,rapid,13,unguided,6400,21,2,62,17,17,26,quiesced,true,0.0000
band4_depth6_s17,rapid,13,unguided,12800,21,2,62,17,17,26,quiesced,true,0.0000
band4_depth6_s17,rapid,13,unguided,25600,21,2,62,17,17,26,quiesced,true,0.0000
band4_depth6_s17,rapid,13,unguided,51200,21,2,62,17,17,26,quiesced,true,0.0000
band4_depth6_s17,rapid,13,unguided,102400,21,2,62,17,17,26,quiesced,true,0.0000
band4_depth6_s17,rapid,13,unguided,204800,21,2,62,17,17,26,quiesced,true,0.0000
band4_depth6_s17,rapid,13,oracle,25,21,2,4,17,17,26,quiesced,false,0.0000
band4_depth6_s17,rapid,13,oracle,50,21,2,4,17,17,26,quiesced,true,0.0000
band4_depth6_s17,rapid,13,oracle,100,21,2,4,17,17,26,quiesced,true,0.0000
band4_depth6_s17,rapid,13,oracle,200,21,2,4,17,17,26,quiesced,true,0.0000
band4_depth6_s17,rapid,13,oracle,400,21,2,4,17,17,26,quiesced,true,0.0000
band4_depth6_s17,rapid,13,oracle,800,21,2,4,17,17,26,quiesced,true,0.0000
band4_depth6_s17,rapid,13,oracle,1600,21,2,4,17,17,26,quiesced,true,0.0000
band4_depth6_s17,rapid,13,oracle,3200,21,2,4,17,17,26,quiesced,true,0.0000
band4_depth6_s17,rapid,13,oracle,6400,21,2,4,17,17,26,quiesced,true,0.0000
band4_depth6_s17,rapid,13,oracle,12800,21,2,4,17,17,26,quiesced,true,0.0000
band4_depth6_s17,rapid,13,oracle,25600,21,2,4,17,17,26,quiesced,true,0.0000
band4_depth6_s17,rapid,13,oracle,51200,21,2,4,17,17,26,quiesced,true,0.0000
band4_depth6_s17,rapid,13,oracle,102400,21,2,4,17,17,26,quiesced,true,0.0000
band4_depth6_s17,rapid,13,oracle,204800,21,2,4,17,17,26,quiesced,true,0.0000
band4_depth6_s18,classical,54,unguided,25,25,1,62,70,70,1343,app_budget,false,121.6172
band4_depth6_s18,classical,54,unguided,50,50,2,62,72,72,1340,app_budget,false,121.1221
band4_depth6_s18,classical,54,unguided,100,100,3,62,78,78,1336,app_budget,false,120.4620
band4_depth6_s18,classical,54,unguided,200,200,5,62,87,87,606,app_budget,false,0.0000
band4_depth6_s18,classical,54,unguided,400,277,6,62,87,87,606,quiesced,false,0.0000
band4_depth6_s18,classical,54,unguided,800,277,6,62,87,87,606,quiesced,true,0.0000
band4_depth6_s18,classical,54,unguided,1600,277,6,62,87,87,606,quiesced,true,0.0000
band4_depth6_s18,classical,54,unguided,3200,277,6,62,87,87,606,quiesced,true,0.0000
band4_depth6_s18,classical,54,unguided,6400,277,6,62,87,87,606,quiesced,true,0.0000
band4_depth6_s18,classical,54,unguided,12800,277,6,62,87,87,606,quiesced,true,0.0000
band4_depth6_s18,classical,54,unguided,25600,277,6,62,87,87,606,quiesced,true,0.0000
band4_depth6_s18,classical,54,unguided,51200,277,6,62,87,87,606,quiesced,true,0.0000
band4_depth6_s18,classical,54,unguided,102400,277,6,62,87,87,606,quiesced,true,0.0000
band4_depth6_s18,classical,54,unguided,204800,277,6,62,87,87,606,quiesced,true,0.0000
band4_depth6_s18,classical,54,oracle,25,25,1,12,71,71,1162,app_budget,false,91.7492
band4_depth6_s18,classical,54,oracle,50,50,2,12,73,73,1159,app_budget,false,91.2541
band4_depth6_s18,classical,54,oracle,100,100,3,12,79,79,1155,app_budget,false,90.5941
band4_depth6_s18,classical,54,oracle,200,200,5,12,87,87,606,app_budget,false,0.0000
band4_depth6_s18,classical,54,oracle,400,275,6,12,87,87,606,quiesced,false,0.0000
band4_depth6_s18,classical,54,oracle,800,275,6,12,87,87,606,quiesced,true,0.0000
band4_depth6_s18,classical,54,oracle,1600,275,6,12,87,87,606,quiesced,true,0.0000
band4_depth6_s18,classical,54,oracle,3200,275,6,12,87,87,606,quiesced,true,0.0000
band4_depth6_s18,classical,54,oracle,6400,275,6,12,87,87,606,quiesced,true,0.0000
band4_depth6_s18,classical,54,oracle,12800,275,6,12,87,87,606,quiesced,true,0.0000
band4_depth6_s18,classical,54,oracle,25600,275,6,12,87,87,606,quiesced,true,0.0000
band4_depth6_s18,classical,54,oracle,51200,275,6,12,87,87,606,quiesced,true,0.0000
band4_depth6_s18,classical,54,oracle,102400,275,6,12,87,87,606,quiesced,true,0.0000
band4_depth6_s18,classical,54,oracle,204800,275,6,12,87,87,606,quiesced,true,0.0000
band4_depth6_s19,rapid,24,unguided,25,25,2,62,31,31,391,app_budget,false,0.0000
band4_depth6_s19,rapid,24,unguided,50,45,3,62,31,31,391,quiesced,false,0.0000
band4_depth6_s19,rapid,24,unguided,100,45,3,62,31,31,391,quiesced,true,0.0000
band4_depth6_s19,rapid,24,unguided,200,45,3,62,31,31,391,quiesced,true,0.0000
band4_depth6_s19,rapid,24,unguided,400,45,3,62,31,31,391,quiesced,true,0.0000
band4_depth6_s19,rapid,24,unguided,800,45,3,62,31,31,391,quiesced,true,0.0000
band4_depth6_s19,rapid,24,unguided,1600,45,3,62,31,31,391,quiesced,true,0.0000
band4_depth6_s19,rapid,24,unguided,3200,45,3,62,31,31,391,quiesced,true,0.0000
band4_depth6_s19,rapid,24,unguided,6400,45,3,62,31,31,391,quiesced,true,0.0000
band4_depth6_s19,rapid,24,unguided,12800,45,3,62,31,31,391,quiesced,true,0.0000
band4_depth6_s19,rapid,24,unguided,25600,45,3,62,31,31,391,quiesced,true,0.0000
band4_depth6_s19,rapid,24,unguided,51200,45,3,62,31,31,391,quiesced,true,0.0000
band4_depth6_s19,rapid,24,unguided,102400,45,3,62,31,31,391,quiesced,true,0.0000
band4_depth6_s19,rapid,24,unguided,204800,45,3,62,31,31,391,quiesced,true,0.0000
band4_depth6_s19,rapid,24,oracle,25,25,2,7,31,31,391,app_budget,false,0.0000
band4_depth6_s19,rapid,24,oracle,50,45,3,7,31,31,391,quiesced,false,0.0000
band4_depth6_s19,rapid,24,oracle,100,45,3,7,31,31,391,quiesced,true,0.0000
band4_depth6_s19,rapid,24,oracle,200,45,3,7,31,31,391,quiesced,true,0.0000
band4_depth6_s19,rapid,24,oracle,400,45,3,7,31,31,391,quiesced,true,0.0000
band4_depth6_s19,rapid,24,oracle,800,45,3,7,31,31,391,quiesced,true,0.0000
band4_depth6_s19,rapid,24,oracle,1600,45,3,7,31,31,391,quiesced,true,0.0000
band4_depth6_s19,rapid,24,oracle,3200,45,3,7,31,31,391,quiesced,true,0.0000
band4_depth6_s19,rapid,24,oracle,6400,45,3,7,31,31,391,quiesced,true,0.0000
band4_depth6_s19,rapid,24,oracle,12800,45,3,7,31,31,391,quiesced,true,0.0000
band4_depth6_s19,rapid,24,oracle,25600,45,3,7,31,31,391,quiesced,true,0.0000
band4_depth6_s19,rapid,24,oracle,51200,45,3,7,31,31,391,quiesced,true,0.0000
band4_depth6_s19,rapid,24,oracle,102400,45,3,7,31,31,391,quiesced,true,0.0000
band4_depth6_s19,rapid,24,oracle,204800,45,3,7,31,31,391,quiesced,true,0.0000
band4_depth6_s20,classical,69,unguided,25,25,1,62,73,73,1565,app_budget,false,32.5148
band4_depth6_s20,classical,69,unguided,50,50,2,62,74,74,1558,app_budget,false,31.9221
band4_depth6_s20,classical,69,unguided,100,100,3,62,75,75,1554,app_budget,false,31.5834
band4_depth6_s20,classical,69,unguided,200,200,5,62,85,85,1181,app_budget,false,0.0000
band4_depth6_s20,classical,69,unguided,400,269,6,62,85,85,1181,quiesced,false,0.0000
band4_depth6_s20,classical,69,unguided,800,269,6,62,85,85,1181,quiesced,true,0.0000
band4_depth6_s20,classical,69,unguided,1600,269,6,62,85,85,1181,quiesced,true,0.0000
band4_depth6_s20,classical,69,unguided,3200,269,6,62,85,85,1181,quiesced,true,0.0000
band4_depth6_s20,classical,69,unguided,6400,269,6,62,85,85,1181,quiesced,true,0.0000
band4_depth6_s20,classical,69,unguided,12800,269,6,62,85,85,1181,quiesced,true,0.0000
band4_depth6_s20,classical,69,unguided,25600,269,6,62,85,85,1181,quiesced,true,0.0000
band4_depth6_s20,classical,69,unguided,51200,269,6,62,85,85,1181,quiesced,true,0.0000
band4_depth6_s20,classical,69,unguided,102400,269,6,62,85,85,1181,quiesced,true,0.0000
band4_depth6_s20,classical,69,unguided,204800,269,6,62,85,85,1181,quiesced,true,0.0000
band4_depth6_s20,classical,69,oracle,25,25,1,8,73,73,1565,app_budget,false,32.5148
band4_depth6_s20,classical,69,oracle,50,50,2,8,74,74,1558,app_budget,false,31.9221
band4_depth6_s20,classical,69,oracle,100,100,3,8,75,75,1554,app_budget,false,31.5834
band4_depth6_s20,classical,69,oracle,200,200,5,8,85,85,1181,app_budget,false,0.0000
band4_depth6_s20,classical,69,oracle,400,269,6,8,85,85,1181,quiesced,false,0.0000
band4_depth6_s20,classical,69,oracle,800,269,6,8,85,85,1181,quiesced,true,0.0000
band4_depth6_s20,classical,69,oracle,1600,269,6,8,85,85,1181,quiesced,true,0.0000
band4_depth6_s20,classical,69,oracle,3200,269,6,8,85,85,1181,quiesced,true,0.0000
band4_depth6_s20,classical,69,oracle,6400,269,6,8,85,85,1181,quiesced,true,0.0000
band4_depth6_s20,classical,69,oracle,12800,269,6,8,85,85,1181,quiesced,true,0.0000
band4_depth6_s20,classical,69,oracle,25600,269,6,8,85,85,1181,quiesced,true,0.0000
band4_depth6_s20,classical,69,oracle,51200,269,6,8,85,85,1181,quiesced,true,0.0000
band4_depth6_s20,classical,69,oracle,102400,269,6,8,85,85,1181,quiesced,true,0.0000
band4_depth6_s20,classical,69,oracle,204800,269,6,8,85,85,1181,quiesced,true,0.0000
band4_depth6_s21,rapid,22,unguided,25,25,2,62,28,28,231,app_budget,false,0.0000
band4_depth6_s21,rapid,22,unguided,50,44,3,62,28,28,231,quiesced,false,0.0000
band4_depth6_s21,rapid,22,unguided,100,44,3,62,28,28,231,quiesced,true,0.0000
band4_depth6_s21,rapid,22,unguided,200,44,3,62,28,28,231,quiesced,true,0.0000
band4_depth6_s21,rapid,22,unguided,400,44,3,62,28,28,231,quiesced,true,0.0000
band4_depth6_s21,rapid,22,unguided,800,44,3,62,28,28,231,quiesced,true,0.0000
band4_depth6_s21,rapid,22,unguided,1600,44,3,62,28,28,231,quiesced,true,0.0000
band4_depth6_s21,rapid,22,unguided,3200,44,3,62,28,28,231,quiesced,true,0.0000
band4_depth6_s21,rapid,22,unguided,6400,44,3,62,28,28,231,quiesced,true,0.0000
band4_depth6_s21,rapid,22,unguided,12800,44,3,62,28,28,231,quiesced,true,0.0000
band4_depth6_s21,rapid,22,unguided,25600,44,3,62,28,28,231,quiesced,true,0.0000
band4_depth6_s21,rapid,22,unguided,51200,44,3,62,28,28,231,quiesced,true,0.0000
band4_depth6_s21,rapid,22,unguided,102400,44,3,62,28,28,231,quiesced,true,0.0000
band4_depth6_s21,rapid,22,unguided,204800,44,3,62,28,28,231,quiesced,true,0.0000
band4_depth6_s21,rapid,22,oracle,25,25,2,5,28,28,231,app_budget,false,0.0000
band4_depth6_s21,rapid,22,oracle,50,44,3,5,28,28,231,quiesced,false,0.0000
band4_depth6_s21,rapid,22,oracle,100,44,3,5,28,28,231,quiesced,true,0.0000
band4_depth6_s21,rapid,22,oracle,200,44,3,5,28,28,231,quiesced,true,0.0000
band4_depth6_s21,rapid,22,oracle,400,44,3,5,28,28,231,quiesced,true,0.0000
band4_depth6_s21,rapid,22,oracle,800,44,3,5,28,28,231,quiesced,true,0.0000
band4_depth6_s21,rapid,22,oracle,1600,44,3,5,28,28,231,quiesced,true,0.0000
band4_depth6_s21,rapid,22,oracle,3200,44,3,5,28,28,231,quiesced,true,0.0000
band4_depth6_s21,rapid,22,oracle,6400,44,3,5,28,28,231,quiesced,true,0.0000
band4_depth6_s21,rapid,22,oracle,12800,44,3,5,28,28,231,quiesced,true,0.0000
band4_depth6_s21,rapid,22,oracle,25600,44,3,5,28,28,231,quiesced,true,0.0000
band4_depth6_s21,rapid,22,oracle,51200,44,3,5,28,28,231,quiesced,true,0.0000
band4_depth6_s21,rapid,22,oracle,102400,44,3,5,28,28,231,quiesced,true,0.0000
band4_depth6_s21,rapid,22,oracle,204800,44,3,5,28,28,231,quiesced,true,0.0000
band5_depth8_s0,rapid,11,unguided,25,11,2,62,13,13,284,quiesced,false,0.0000
band5_depth8_s0,rapid,11,unguided,50,11,2,62,13,13,284,quiesced,true,0.0000
band5_depth8_s0,rapid,11,unguided,100,11,2,62,13,13,284,quiesced,true,0.0000
band5_depth8_s0,rapid,11,unguided,200,11,2,62,13,13,284,quiesced,true,0.0000
band5_depth8_s0,rapid,11,unguided,400,11,2,62,13,13,284,quiesced,true,0.0000
band5_depth8_s0,rapid,11,unguided,800,11,2,62,13,13,284,quiesced,true,0.0000
band5_depth8_s0,rapid,11,unguided,1600,11,2,62,13,13,284,quiesced,true,0.0000
band5_depth8_s0,rapid,11,unguided,3200,11,2,62,13,13,284,quiesced,true,0.0000
band5_depth8_s0,rapid,11,unguided,6400,11,2,62,13,13,284,quiesced,true,0.0000
band5_depth8_s0,rapid,11,unguided,12800,11,2,62,13,13,284,quiesced,true,0.0000
band5_depth8_s0,rapid,11,unguided,25600,11,2,62,13,13,284,quiesced,true,0.0000
band5_depth8_s0,rapid,11,unguided,51200,11,2,62,13,13,284,quiesced,true,0.0000
band5_depth8_s0,rapid,11,unguided,102400,11,2,62,13,13,284,quiesced,true,0.0000
band5_depth8_s0,rapid,11,unguided,204800,11,2,62,13,13,284,quiesced,true,0.0000
band5_depth8_s0,rapid,11,oracle,25,11,2,3,13,13,284,quiesced,false,0.0000
band5_depth8_s0,rapid,11,oracle,50,11,2,3,13,13,284,quiesced,true,0.0000
band5_depth8_s0,rapid,11,oracle,100,11,2,3,13,13,284,quiesced,true,0.0000
band5_depth8_s0,rapid,11,oracle,200,11,2,3,13,13,284,quiesced,true,0.0000
band5_depth8_s0,rapid,11,oracle,400,11,2,3,13,13,284,quiesced,true,0.0000
band5_depth8_s0,rapid,11,oracle,800,11,2,3,13,13,284,quiesced,true,0.0000
band5_depth8_s0,rapid,11,oracle,1600,11,2,3,13,13,284,quiesced,true,0.0000
band5_depth8_s0,rapid,11,oracle,3200,11,2,3,13,13,284,quiesced,true,0.0000
band5_depth8_s0,rapid,11,oracle,6400,11,2,3,13,13,284,quiesced,true,0.0000
band5_depth8_s0,rapid,11,oracle,12800,11,2,3,13,13,284,quiesced,true,0.0000
band5_depth8_s0,rapid,11,oracle,25600,11,2,3,13,13,284,quiesced,true,0.0000
band5_depth8_s0,rapid,11,oracle,51200,11,2,3,13,13,284,quiesced,true,0.0000
band5_depth8_s0,rapid,11,oracle,102400,11,2,3,13,13,284,quiesced,true,0.0000
band5_depth8_s0,rapid,11,oracle,204800,11,2,3,13,13,284,quiesced,true,0.0000
band5_depth8_s1,classical,90,unguided,25,25,1,62,95,95,1784,app_budget,false,74.7307
band5_depth8_s1,classical,90,unguided,50,50,2,62,97,97,1781,app_budget,false,74.4368
band5_depth8_s1,classical,90,unguided,100,100,3,62,98,98,1777,app_budget,false,74.0451
band5_depth8_s1,classical,90,unguided,200,200,4,62,156,156,1212,app_budget,false,18.7071
band5_depth8_s1,classical,90,unguided,400,400,5,62,239,239,1037,app_budget,false,1.5671
band5_depth8_s1,classical,90,unguided,800,800,6,62,372,372,1021,app_budget,false,0.0000
band5_depth8_s1,classical,90,unguided,1600,1600,8,62,644,644,1021,app_budget,false,0.0000
band5_depth8_s1,classical,90,unguided,3200,3200,10,62,991,991,1021,app_budget,false,0.0000
band5_depth8_s1,classical,90,unguided,6400,6400,12,62,1201,1201,1021,app_budget,false,0.0000
band5_depth8_s1,classical,90,unguided,12800,12800,15,62,1234,1234,1021,app_budget,false,0.0000
band5_depth8_s1,classical,90,unguided,25600,14956,16,62,1234,1234,1021,quiesced,false,0.0000
band5_depth8_s1,classical,90,unguided,51200,14956,16,62,1234,1234,1021,quiesced,true,0.0000
band5_depth8_s1,classical,90,unguided,102400,14956,16,62,1234,1234,1021,quiesced,true,0.0000
band5_depth8_s1,classical,90,unguided,204800,14956,16,62,1234,1234,1021,quiesced,true,0.0000
band5_depth8_s1,classical,90,oracle,25,25,1,21,95,95,1784,app_budget,false,74.7307
band5_depth8_s1,classical,90,oracle,50,50,2,21,97,97,1781,app_budget,false,74.4368
band5_depth8_s1,classical,90,oracle,100,100,3,21,98,98,1777,app_budget,false,74.0451
band5_depth8_s1,classical,90,oracle,200,200,4,21,158,158,1033,app_budget,false,1.1753
band5_depth8_s1,classical,90,oracle,400,400,5,21,241,241,1033,app_budget,false,1.1753
band5_depth8_s1,classical,90,oracle,800,800,6,21,375,375,1021,app_budget,false,0.0000
band5_depth8_s1,classical,90,oracle,1600,1600,8,21,646,646,1021,app_budget,false,0.0000
band5_depth8_s1,classical,90,oracle,3200,3200,10,21,990,990,1021,app_budget,false,0.0000
band5_depth8_s1,classical,90,oracle,6400,6400,12,21,1199,1199,1021,app_budget,false,0.0000
band5_depth8_s1,classical,90,oracle,12800,12800,16,21,1232,1232,1021,app_budget,false,0.0000
band5_depth8_s1,classical,90,oracle,25600,14944,17,21,1232,1232,1021,quiesced,false,0.0000
band5_depth8_s1,classical,90,oracle,51200,14944,17,21,1232,1232,1021,quiesced,true,0.0000
band5_depth8_s1,classical,90,oracle,102400,14944,17,21,1232,1232,1021,quiesced,true,0.0000
band5_depth8_s1,classical,90,oracle,204800,14944,17,21,1232,1232,1021,quiesced,true,0.0000
band5_depth8_s2,classical,55,unguided,25,25,1,62,67,67,1413,app_budget,false,67.2189
band5_depth8_s2,classical,55,unguided,50,50,2,62,71,71,1410,app_budget,false,66.8639
band5_depth8_s2,classical,55,unguided,100,100,3,62,72,72,1406,app_budget,false,66.3905
band5_depth8_s2,classical,55,unguided,200,200,4,62,117,117,845,app_budget,false,0.0000
band5_depth8_s2,classical,55,unguided,400,400,5,62,193,193,845,app_budget,false,0.0000
band5_depth8_s2,classical,55,unguided,800,800,7,62,260,260,845,app_budget,false,0.0000
band5_depth8_s2,classical,55,unguided,1600,1600,9,62,285,285,845,app_budget,false,0.0000
band5_depth8_s2,classical,55,unguided,3200,2522,11,62,286,286,845,quiesced,false,0.0000
band5_depth8_s2,classical,55,unguided,6400,2522,11,62,286,286,845,quiesced,true,0.0000
band5_depth8_s2,classical,55,unguided,12800,2522,11,62,286,286,845,quiesced,true,0.0000
band5_depth8_s2,classical,55,unguided,25600,2522,11,62,286,286,845,quiesced,true,0.0000
band5_depth8_s2,classical,55,unguided,51200,2522,11,62,286,286,845,quiesced,true,0.0000
band5_depth8_s2,classical,55,unguided,102400,2522,11,62,286,286,845,quiesced,true,0.0000
band5_depth8_s2,classical,55,unguided,204800,2522,11,62,286,286,845,quiesced,true,0.0000
band5_depth8_s2,classical,55,oracle,25,25,1,14,67,67,1413,app_budget,false,67.2189
band5_depth8_s2,classical,55,oracle,50,50,2,14,71,71,1410,app_budget,false,66.8639
band5_depth8_s2,classical,55,oracle,100,100,3,14,72,72,1406,app_budget,false,66.3905
band5_depth8_s2,classical,55,oracle,200,200,4,14,117,117,845,app_budget,false,0.0000
band5_depth8_s2,classical,55,oracle,400,400,5,14,192,192,845,app_budget,false,0.0000
band5_depth8_s2,classical,55,oracle,800,800,7,14,242,242,845,app_budget,false,0.0000
band5_depth8_s2,classical,55,oracle,1600,1600,10,14,268,268,845,app_budget,false,0.0000
band5_depth8_s2,classical,55,oracle,3200,2014,11,14,268,268,845,quiesced,false,0.0000
band5_depth8_s2,classical,55,oracle,6400,2014,11,14,268,268,845,quiesced,true,0.0000
band5_depth8_s2,classical,55,oracle,12800,2014,11,14,268,268,845,quiesced,true,0.0000
band5_depth8_s2,classical,55,oracle,25600,2014,11,14,268,268,845,quiesced,true,0.0000
band5_depth8_s2,classical,55,oracle,51200,2014,11,14,268,268,845,quiesced,true,0.0000
band5_depth8_s2,classical,55,oracle,102400,2014,11,14,268,268,845,quiesced,true,0.0000
band5_depth8_s2,classical,55,oracle,204800,2014,11,14,268,268,845,quiesced,true,0.0000
band5_depth8_s3,rapid,41,unguided,25,25,2,62,55,55,836,app_budget,false,0.0000
band5_depth8_s3,rapid,41,unguided,50,50,3,62,57,57,836,app_budget,false,0.0000
band5_depth8_s3,rapid,41,unguided,100,100,5,62,59,59,836,app_budget,false,0.0000
band5_depth8_s3,rapid,41,unguided,200,149,6,62,59,59,836,quiesced,false,0.0000
band5_depth8_s3,rapid,41,unguided,400,149,6,62,59,59,836,quiesced,true,0.0000
band5_depth8_s3,rapid,41,unguided,800,149,6,62,59,59,836,quiesced,true,0.0000
band5_depth8_s3,rapid,41,unguided,1600,149,6,62,59,59,836,quiesced,true,0.0000
band5_depth8_s3,rapid,41,unguided,3200,149,6,62,59,59,836,quiesced,true,0.0000
band5_depth8_s3,rapid,41,unguided,6400,149,6,62,59,59,836,quiesced,true,0.0000
band5_depth8_s3,rapid,41,unguided,12800,149,6,62,59,59,836,quiesced,true,0.0000
band5_depth8_s3,rapid,41,unguided,25600,149,6,62,59,59,836,quiesced,true,0.0000
band5_depth8_s3,rapid,41,unguided,51200,149,6,62,59,59,836,quiesced,true,0.0000
band5_depth8_s3,rapid,41,unguided,102400,149,6,62,59,59,836,quiesced,true,0.0000
band5_depth8_s3,rapid,41,unguided,204800,149,6,62,59,59,836,quiesced,true,0.0000
band5_depth8_s3,rapid,41,oracle,25,25,2,7,55,55,836,app_budget,false,0.0000
band5_depth8_s3,rapid,41,oracle,50,50,3,7,57,57,836,app_budget,false,0.0000
band5_depth8_s3,rapid,41,oracle,100,100,5,7,59,59,836,app_budget,false,0.0000
band5_depth8_s3,rapid,41,oracle,200,149,6,7,59,59,836,quiesced,false,0.0000
band5_depth8_s3,rapid,41,oracle,400,149,6,7,59,59,836,quiesced,true,0.0000
band5_depth8_s3,rapid,41,oracle,800,149,6,7,59,59,836,quiesced,true,0.0000
band5_depth8_s3,rapid,41,oracle,1600,149,6,7,59,59,836,quiesced,true,0.0000
band5_depth8_s3,rapid,41,oracle,3200,149,6,7,59,59,836,quiesced,true,0.0000
band5_depth8_s3,rapid,41,oracle,6400,149,6,7,59,59,836,quiesced,true,0.0000
band5_depth8_s3,rapid,41,oracle,12800,149,6,7,59,59,836,quiesced,true,0.0000
band5_depth8_s3,rapid,41,oracle,25600,149,6,7,59,59,836,quiesced,true,0.0000
band5_depth8_s3,rapid,41,oracle,51200,149,6,7,59,59,836,quiesced,true,0.0000
band5_depth8_s3,rapid,41,oracle,102400,149,6,7,59,59,836,quiesced,true,0.0000
band5_depth8_s3,rapid,41,oracle,204800,149,6,7,59,59,836,quiesced,true,0.0000
band5_depth8_s4,classical,72,unguided,25,25,1,62,71,71,1412,app_budget,false,36.1620
band5_depth8_s4,classical,72,unguided,50,50,2,62,72,72,1408,app_budget,false,35.7763
band5_depth8_s4,classical,72,unguided,100,100,3,62,76,76,1408,app_budget,false,35.7763
band5_depth8_s4,classical,72,unguided,200,200,5,62,88,88,1041,app_budget,false,0.3857
band5_depth8_s4,classical,72,unguided,400,353,7,62,88,88,1037,quiesced,false,0.0000
band5_depth8_s4,classical,72,unguided,800,353,7,62,88,88,1037,quiesced,true,0.0000
band5_depth8_s4,classical,72,unguided,1600,353,7,62,88,88,1037,quiesced,true,0.0000
band5_depth8_s4,classical,72,unguided,3200,353,7,62,88,88,1037,quiesced,true,0.0000
band5_depth8_s4,classical,72,unguided,6400,353,7,62,88,88,1037,quiesced,true,0.0000
band5_depth8_s4,classical,72,unguided,12800,353,7,62,88,88,1037,quiesced,true,0.0000
band5_depth8_s4,classical,72,unguided,25600,353,7,62,88,88,1037,quiesced,true,0.0000
band5_depth8_s4,classical,72,unguided,51200,353,7,62,88,88,1037,quiesced,true,0.0000
band5_depth8_s4,classical,72,unguided,102400,353,7,62,88,88,1037,quiesced,true,0.0000
band5_depth8_s4,classical,72,unguided,204800,353,7,62,88,88,1037,quiesced,true,0.0000
band5_depth8_s4,classical,72,oracle,25,25,1,10,71,71,1412,app_budget,false,36.1620
band5_depth8_s4,classical,72,oracle,50,50,2,10,72,72,1408,app_budget,false,35.7763
band5_depth8_s4,classical,72,oracle,100,100,3,10,76,76,1408,app_budget,false,35.7763
band5_depth8_s4,classical,72,oracle,200,200,5,10,88,88,1041,app_budget,false,0.3857
band5_depth8_s4,classical,72,oracle,400,353,7,10,88,88,1037,quiesced,false,0.0000
band5_depth8_s4,classical,72,oracle,800,353,7,10,88,88,1037,quiesced,true,0.0000
band5_depth8_s4,classical,72,oracle,1600,353,7,10,88,88,1037,quiesced,true,0.0000
band5_depth8_s4,classical,72,oracle,3200,353,7,10,88,88,1037,quiesced,true,0.0000
band5_depth8_s4,classical,72,oracle,6400,353,7,10,88,88,1037,quiesced,true,0.0000
band5_depth8_s4,classical,72,oracle,12800,353,7,10,88,88,1037,quiesced,true,0.0000
band5_depth8_s4,classical,72,oracle,25600,353,7,10,88,88,1037,quiesced,true,0.0000
band5_depth8_s4,classical,72,oracle,51200,353,7,10,88,88,1037,quiesced,true,0.0000
band5_depth8_s4,classical,72,oracle,102400,353,7,10,88,88,1037,quiesced,true,0.0000
band5_depth8_s4,classical,72,oracle,204800,353,7,10,88,88,1037,quiesced,true,0.0000
band5_depth8_s5,rapid,24,unguided,25,25,2,62,30,30,414,app_budget,false,0.0000
band5_depth8_s5,rapid,24,unguided,50,45,3,62,30,30,414,quiesced,false,0.0000
band5_depth8_s5,rapid,24,unguided,100,45,3,62,30,30,414,quiesced,true,0.0000
band5_depth8_s5,rapid,24,unguided,200,45,3,62,30,30,414,quiesced,true,0.0000
band5_depth8_s5,rapid,24,unguided,400,45,3,62,30,30,414,quiesced,true,0.0000
band5_depth8_s5,rapid,24,unguided,800,45,3,62,30,30,414,quiesced,true,0.0000
band5_depth8_s5,rapid,24,unguided,1600,45,3,62,30,30,414,quiesced,true,0.0000
band5_depth8_s5,rapid,24,unguided,3200,45,3,62,30,30,414,quiesced,true,0.0000
band5_depth8_s5,rapid,24,unguided,6400,45,3,62,30,30,414,quiesced,true,0.0000
band5_depth8_s5,rapid,24,unguided,12800,45,3,62,30,30,414,quiesced,true,0.0000
band5_depth8_s5,rapid,24,unguided,25600,45,3,62,30,30,414,quiesced,true,0.0000
band5_depth8_s5,rapid,24,unguided,51200,45,3,62,30,30,414,quiesced,true,0.0000
band5_depth8_s5,rapid,24,unguided,102400,45,3,62,30,30,414,quiesced,true,0.0000
band5_depth8_s5,rapid,24,unguided,204800,45,3,62,30,30,414,quiesced,true,0.0000
band5_depth8_s5,rapid,24,oracle,25,25,2,6,30,30,414,app_budget,false,0.0000
band5_depth8_s5,rapid,24,oracle,50,45,3,6,30,30,414,quiesced,false,0.0000
band5_depth8_s5,rapid,24,oracle,100,45,3,6,30,30,414,quiesced,true,0.0000
band5_depth8_s5,rapid,24,oracle,200,45,3,6,30,30,414,quiesced,true,0.0000
band5_depth8_s5,rapid,24,oracle,400,45,3,6,30,30,414,quiesced,true,0.0000
band5_depth8_s5,rapid,24,oracle,800,45,3,6,30,30,414,quiesced,true,0.0000
band5_depth8_s5,rapid,24,oracle,1600,45,3,6,30,30,414,quiesced,true,0.0000
band5_depth8_s5,rapid,24,oracle,3200,45,3,6,30,30,414,quiesced,true,0.0000
band5_depth8_s5,rapid,24,oracle,6400,45,3,6,30,30,414,quiesced,true,0.0000
band5_depth8_s5,rapid,24,oracle,12800,45,3,6,30,30,414,quiesced,true,0.0000
band5_depth8_s5,rapid,24,oracle,25600,45,3,6,30,30,414,quiesced,true,0.0000
band5_depth8_s5,rapid,24,oracle,51200,45,3,6,30,30,414,quiesced,true,0.0000
band5_depth8_s5,rapid,24,oracle,102400,45,3,6,30,30,414,quiesced,true,0.0000
band5_depth8_s5,rapid,24,oracle,204800,45,3,6,30,30,414,quiesced,true,0.0000
band5_depth8_s6,rapid,32,unguided,25,25,2,62,45,45,488,app_budget,false,0.0000
band5_depth8_s6,rapid,32,unguided,50,50,3,62,46,46,488,app_budget,false,0.0000
band5_depth8_s6,rapid,32,unguided,100,92,4,62,46,46,488,quiesced,false,0.0000
band5_depth8_s6,rapid,32,unguided,200,92,4,62,46,46,488,quiesced,true,0.0000
band5_depth8_s6,rapid,32,unguided,400,92,4,62,46,46,488,quiesced,true,0.0000
band5_depth8_s6,rapid,32,unguided,800,92,4,62,46,46,488,quiesced,true,0.0000
band5_depth8_s6,rapid,32,unguided,1600,92,4,62,46,46,488,quiesced,true,0.0000
band5_depth8_s6,rapid,32,unguided,3200,92,4,62,46,46,488,quiesced,true,0.0000
band5_depth8_s6,rapid,32,unguided,6400,92,4,62,46,46,488,quiesced,true,0.0000
band5_depth8_s6,rapid,32,unguided,12800,92,4,62,46,46,488,quiesced,true,0.0000
band5_depth8_s6,rapid,32,unguided,25600,92,4,62,46,46,488,quiesced,true,0.0000
band5_depth8_s6,rapid,32,unguided,51200,92,4,62,46,46,488,quiesced,true,0.0000
band5_depth8_s6,rapid,32,unguided,102400,92,4,62,46,46,488,quiesced,true,0.0000
band5_depth8_s6,rapid,32,unguided,204800,92,4,62,46,46,488,quiesced,true,0.0000
band5_depth8_s6,rapid,32,oracle,25,25,2,6,45,45,488,app_budget,false,0.0000
band5_depth8_s6,rapid,32,oracle,50,50,3,6,46,46,488,app_budget,false,0.0000
band5_depth8_s6,rapid,32,oracle,100,90,4,6,46,46,488,quiesced,false,0.0000
band5_depth8_s6,rapid,32,oracle,200,90,4,6,46,46,488,quiesced,true,0.0000
band5_depth8_s6,rapid,32,oracle,400,90,4,6,46,46,488,quiesced,true,0.0000
band5_depth8_s6,rapid,32,oracle,800,90,4,6,46,46,488,quiesced,true,0.0000
band5_depth8_s6,rapid,32,oracle,1600,90,4,6,46,46,488,quiesced,true,0.0000
band5_depth8_s6,rapid,32,oracle,3200,90,4,6,46,46,488,quiesced,true,0.0000
band5_depth8_s6,rapid,32,oracle,6400,90,4,6,46,46,488,quiesced,true,0.0000
band5_depth8_s6,rapid,32,oracle,12800,90,4,6,46,46,488,quiesced,true,0.0000
band5_depth8_s6,rapid,32,oracle,25600,90,4,6,46,46,488,quiesced,true,0.0000
band5_depth8_s6,rapid,32,oracle,51200,90,4,6,46,46,488,quiesced,true,0.0000
band5_depth8_s6,rapid,32,oracle,102400,90,4,6,46,46,488,quiesced,true,0.0000
band5_depth8_s6,rapid,32,oracle,204800,90,4,6,46,46,488,quiesced,true,0.0000
band5_depth8_s7,classical,91,unguided,25,25,1,62,94,94,2181,app_budget,false,112.1595
band5_depth8_s7,classical,91,unguided,50,50,2,62,94,94,2181,app_budget,false,112.1595
band5_depth8_s7,classical,91,unguided,100,100,3,62,94,94,2178,app_budget,false,111.8677
band5_depth8_s7,classical,91,unguided,200,200,5,62,122,122,1028,app_budget,false,0.0000
band5_depth8_s7,classical,91,unguided,400,400,8,62,125,125,1028,app_budget,false,0.0000
band5_depth8_s7,classical,91,unguided,800,496,9,62,125,125,1028,quiesced,false,0.0000
band5_depth8_s7,classical,91,unguided,1600,496,9,62,125,125,1028,quiesced,true,0.0000
band5_depth8_s7,classical,91,unguided,3200,496,9,62,125,125,1028,quiesced,true,0.0000
band5_depth8_s7,classical,91,unguided,6400,496,9,62,125,125,1028,quiesced,true,0.0000
band5_depth8_s7,classical,91,unguided,12800,496,9,62,125,125,1028,quiesced,true,0.0000
band5_depth8_s7,classical,91,unguided,25600,496,9,62,125,125,1028,quiesced,true,0.0000
band5_depth8_s7,classical,91,unguided,51200,496,9,62,125,125,1028,quiesced,true,0.0000
band5_depth8_s7,classical,91,unguided,102400,496,9,62,125,125,1028,quiesced,true,0.0000
band5_depth8_s7,classical,91,unguided,204800,496,9,62,125,125,1028,quiesced,true,0.0000
band5_depth8_s7,classical,91,oracle,25,25,1,11,94,94,2181,app_budget,false,112.1595
band5_depth8_s7,classical,91,oracle,50,50,2,11,94,94,2181,app_budget,false,112.1595
band5_depth8_s7,classical,91,oracle,100,100,3,11,94,94,2178,app_budget,false,111.8677
band5_depth8_s7,classical,91,oracle,200,200,5,11,122,122,1028,app_budget,false,0.0000
band5_depth8_s7,classical,91,oracle,400,370,7,11,122,122,1028,quiesced,false,0.0000
band5_depth8_s7,classical,91,oracle,800,370,7,11,122,122,1028,quiesced,true,0.0000
band5_depth8_s7,classical,91,oracle,1600,370,7,11,122,122,1028,quiesced,true,0.0000
band5_depth8_s7,classical,91,oracle,3200,370,7,11,122,122,1028,quiesced,true,0.0000
band5_depth8_s7,classical,91,oracle,6400,370,7,11,122,122,1028,quiesced,true,0.0000
band5_depth8_s7,classical,91,oracle,12800,370,7,11,122,122,1028,quiesced,true,0.0000
band5_depth8_s7,classical,91,oracle,25600,370,7,11,122,122,1028,quiesced,true,0.0000
band5_depth8_s7,classical,91,oracle,51200,370,7,11,122,122,1028,quiesced,true,0.0000
band5_depth8_s7,classical,91,oracle,102400,370,7,11,122,122,1028,quiesced,true,0.0000
band5_depth8_s7,classical,91,oracle,204800,370,7,11,122,122,1028,quiesced,true,0.0000
band5_depth8_s8,rapid,37,unguided,25,25,2,62,50,50,653,app_budget,false,0.6163
band5_depth8_s8,rapid,37,unguided,50,50,3,62,51,51,649,app_budget,false,0.0000
band5_depth8_s8,rapid,37,unguided,100,100,4,62,55,55,649,app_budget,false,0.0000
band5_depth8_s8,rapid,37,unguided,200,154,5,62,55,55,649,quiesced,false,0.0000
band5_depth8_s8,rapid,37,unguided,400,154,5,62,55,55,649,quiesced,true,0.0000
band5_depth8_s8,rapid,37,unguided,800,154,5,62,55,55,649,quiesced,true,0.0000
band5_depth8_s8,rapid,37,unguided,1600,154,5,62,55,55,649,quiesced,true,0.0000
band5_depth8_s8,rapid,37,unguided,3200,154,5,62,55,55,649,quiesced,true,0.0000
band5_depth8_s8,rapid,37,unguided,6400,154,5,62,55,55,649,quiesced,true,0.0000
band5_depth8_s8,rapid,37,unguided,12800,154,5,62,55,55,649,quiesced,true,0.0000
band5_depth8_s8,rapid,37,unguided,25600,154,5,62,55,55,649,quiesced,true,0.0000
band5_depth8_s8,rapid,37,unguided,51200,154,5,62,55,55,649,quiesced,true,0.0000
band5_depth8_s8,rapid,37,unguided,102400,154,5,62,55,55,649,quiesced,true,0.0000
band5_depth8_s8,rapid,37,unguided,204800,154,5,62,55,55,649,quiesced,true,0.0000
band5_depth8_s8,rapid,37,oracle,25,25,2,9,50,50,653,app_budget,false,0.6163
band5_depth8_s8,rapid,37,oracle,50,50,3,9,51,51,649,app_budget,false,0.0000
band5_depth8_s8,rapid,37,oracle,100,100,4,9,55,55,649,app_budget,false,0.0000
band5_depth8_s8,rapid,37,oracle,200,154,5,9,55,55,649,quiesced,false,0.0000
band5_depth8_s8,rapid,37,oracle,400,154,5,9,55,55,649,quiesced,true,0.0000
band5_depth8_s8,rapid,37,oracle,800,154,5,9,55,55,649,quiesced,true,0.0000
band5_depth8_s8,rapid,37,oracle,1600,154,5,9,55,55,649,quiesced,true,0.0000
band5_depth8_s8,rapid,37,oracle,3200,154,5,9,55,55,649,quiesced,true,0.0000
band5_depth8_s8,rapid,37,oracle,6400,154,5,9,55,55,649,quiesced,true,0.0000
band5_depth8_s8,rapid,37,oracle,12800,154,5,9,55,55,649,quiesced,true,0.0000
band5_depth8_s8,rapid,37,oracle,25600,154,5,9,55,55,649,quiesced,true,0.0000
band5_depth8_s8,rapid,37,oracle,51200,154,5,9,55,55,649,quiesced,true,0.0000
band5_depth8_s8,rapid,37,oracle,102400,154,5,9,55,55,649,quiesced,true,0.0000
band5_depth8_s8,rapid,37,oracle,204800,154,5,9,55,55,649,quiesced,true,0.0000
band5_depth8_s9,rapid,11,unguided,25,16,2,62,15,15,133,quiesced,false,0.0000
band5_depth8_s9,rapid,11,unguided,50,16,2,62,15,15,133,quiesced,true,0.0000
band5_depth8_s9,rapid,11,unguided,100,16,2,62,15,15,133,quiesced,true,0.0000
band5_depth8_s9,rapid,11,unguided,200,16,2,62,15,15,133,quiesced,true,0.0000
band5_depth8_s9,rapid,11,unguided,400,16,2,62,15,15,133,quiesced,true,0.0000
band5_depth8_s9,rapid,11,unguided,800,16,2,62,15,15,133,quiesced,true,0.0000
band5_depth8_s9,rapid,11,unguided,1600,16,2,62,15,15,133,quiesced,true,0.0000
band5_depth8_s9,rapid,11,unguided,3200,16,2,62,15,15,133,quiesced,true,0.0000
band5_depth8_s9,rapid,11,unguided,6400,16,2,62,15,15,133,quiesced,true,0.0000
band5_depth8_s9,rapid,11,unguided,12800,16,2,62,15,15,133,quiesced,true,0.0000
band5_depth8_s9,rapid,11,unguided,25600,16,2,62,15,15,133,quiesced,true,0.0000
band5_depth8_s9,rapid,11,unguided,51200,16,2,62,15,15,133,quiesced,true,0.0000
band5_depth8_s9,rapid,11,unguided,102400,16,2,62,15,15,133,quiesced,true,0.0000
band5_depth8_s9,rapid,11,unguided,204800,16,2,62,15,15,133,quiesced,true,0.0000
band5_depth8_s9,rapid,11,oracle,25,16,2,4,15,15,133,quiesced,false,0.0000
band5_depth8_s9,rapid,11,oracle,50,16,2,4,15,15,133,quiesced,true,0.0000
band5_depth8_s9,rapid,11,oracle,100,16,2,4,15,15,133,quiesced,true,0.0000
band5_depth8_s9,rapid,11,oracle,200,16,2,4,15,15,133,quiesced,true,0.0000
band5_depth8_s9,rapid,11,oracle,400,16,2,4,15,15,133,quiesced,true,0.0000
band5_depth8_s9,rapid,11,oracle,800,16,2,4,15,15,133,quiesced,true,0.0000
band5_depth8_s9,rapid,11,oracle,1600,16,2,4,15,15,133,quiesced,true,0.0000
band5_depth8_s9,rapid,11,oracle,3200,16,2,4,15,15,133,quiesced,true,0.0000
band5_depth8_s9,rapid,11,oracle,6400,16,2,4,15,15,133,quiesced,true,0.0000
band5_depth8_s9,rapid,11,oracle,12800,16,2,4,15,15,133,quiesced,true,0.0000
band5_depth8_s9,rapid,11,oracle,25600,16,2,4,15,15,133,quiesced,true,0.0000
band5_depth8_s9,rapid,11,oracle,51200,16,2,4,15,15,133,quiesced,true,0.0000
band5_depth8_s9,rapid,11,oracle,102400,16,2,4,15,15,133,quiesced,true,0.0000
band5_depth8_s9,rapid,11,oracle,204800,16,2,4,15,15,133,quiesced,true,0.0000
band5_depth8_s10,rapid,22,unguided,25,25,2,62,29,29,295,app_budget,false,1.3746
band5_depth8_s10,rapid,22,unguided,50,50,3,62,30,30,291,app_budget,false,0.0000
band5_depth8_s10,rapid,22,unguided,100,77,4,62,30,30,291,quiesced,false,0.0000
band5_depth8_s10,rapid,22,unguided,200,77,4,62,30,30,291,quiesced,true,0.0000
band5_depth8_s10,rapid,22,unguided,400,77,4,62,30,30,291,quiesced,true,0.0000
band5_depth8_s10,rapid,22,unguided,800,77,4,62,30,30,291,quiesced,true,0.0000
band5_depth8_s10,rapid,22,unguided,1600,77,4,62,30,30,291,quiesced,true,0.0000
band5_depth8_s10,rapid,22,unguided,3200,77,4,62,30,30,291,quiesced,true,0.0000
band5_depth8_s10,rapid,22,unguided,6400,77,4,62,30,30,291,quiesced,true,0.0000
band5_depth8_s10,rapid,22,unguided,12800,77,4,62,30,30,291,quiesced,true,0.0000
band5_depth8_s10,rapid,22,unguided,25600,77,4,62,30,30,291,quiesced,true,0.0000
band5_depth8_s10,rapid,22,unguided,51200,77,4,62,30,30,291,quiesced,true,0.0000
band5_depth8_s10,rapid,22,unguided,102400,77,4,62,30,30,291,quiesced,true,0.0000
band5_depth8_s10,rapid,22,unguided,204800,77,4,62,30,30,291,quiesced,true,0.0000
band5_depth8_s10,rapid,22,oracle,25,25,2,5,29,29,295,app_budget,false,1.3746
band5_depth8_s10,rapid,22,oracle,50,50,3,5,30,30,291,app_budget,false,0.0000
band5_depth8_s10,rapid,22,oracle,100,77,4,5,30,30,291,quiesced,false,0.0000
band5_depth8_s10,rapid,22,oracle,200,77,4,5,30,30,291,quiesced,true,0.0000
band5_depth8_s10,rapid,22,oracle,400,77,4,5,30,30,291,quiesced,true,0.0000
band5_depth8_s10,rapid,22,oracle,800,77,4,5,30,30,291,quiesced,true,0.0000
band5_depth8_s10,rapid,22,oracle,1600,77,4,5,30,30,291,quiesced,true,0.0000
band5_depth8_s10,rapid,22,oracle,3200,77,4,5,30,30,291,quiesced,true,0.0000
band5_depth8_s10,rapid,22,oracle,6400,77,4,5,30,30,291,quiesced,true,0.0000
band5_depth8_s10,rapid,22,oracle,12800,77,4,5,30,30,291,quiesced,true,0.0000
band5_depth8_s10,rapid,22,oracle,25600,77,4,5,30,30,291,quiesced,true,0.0000
band5_depth8_s10,rapid,22,oracle,51200,77,4,5,30,30,291,quiesced,true,0.0000
band5_depth8_s10,rapid,22,oracle,102400,77,4,5,30,30,291,quiesced,true,0.0000
band5_depth8_s10,rapid,22,oracle,204800,77,4,5,30,30,291,quiesced,true,0.0000
band5_depth8_s11,classical,116,unguided,25,25,1,62,111,111,2479,app_budget,false,112.9725
band5_depth8_s11,classical,116,unguided,50,50,2,62,112,112,2475,app_budget,false,112.6289
band5_depth8_s11,classical,116,unguided,100,100,3,62,112,112,2475,app_budget,false,112.6289
band5_depth8_s11,classical,116,unguided,200,200,4,62,189,189,2461,app_budget,false,111.4261
band5_depth8_s11,classical,116,unguided,400,400,5,62,334,334,2461,app_budget,false,111.4261
band5_depth8_s11,classical,116,unguided,800,800,6,62,608,608,2461,app_budget,false,111.4261
band5_depth8_s11,classical,116,unguided,1600,1600,7,62,1092,1092,2461,app_budget,false,111.4261
band5_depth8_s11,classical,116,unguided,3200,3200,8,62,1657,1657,2461,app_budget,false,111.4261
band5_depth8_s11,classical,116,unguided,6400,6400,9,62,2416,2416,2461,app_budget,false,111.4261
band5_depth8_s11,classical,116,unguided,12800,11881,10,62,4858,4858,1164,class_cap,false,0.0000
band5_depth8_s11,classical,116,unguided,25600,11881,10,62,4858,4858,1164,class_cap,true,0.0000
band5_depth8_s11,classical,116,unguided,51200,11881,10,62,4858,4858,1164,class_cap,true,0.0000
band5_depth8_s11,classical,116,unguided,102400,11881,10,62,4858,4858,1164,class_cap,true,0.0000
band5_depth8_s11,classical,116,unguided,204800,11881,10,62,4858,4858,1164,class_cap,true,0.0000
band5_depth8_s11,classical,116,oracle,25,25,1,17,111,111,2479,app_budget,false,112.9725
band5_depth8_s11,classical,116,oracle,50,50,2,17,112,112,2475,app_budget,false,112.6289
band5_depth8_s11,classical,116,oracle,100,100,3,17,112,112,2475,app_budget,false,112.6289
band5_depth8_s11,classical,116,oracle,200,200,4,17,189,189,2461,app_budget,false,111.4261
band5_depth8_s11,classical,116,oracle,400,400,5,17,334,334,2461,app_budget,false,111.4261
band5_depth8_s11,classical,116,oracle,800,800,6,17,608,608,2461,app_budget,false,111.4261
band5_depth8_s11,classical,116,oracle,1600,1600,7,17,1092,1092,2461,app_budget,false,111.4261
band5_depth8_s11,classical,116,oracle,3200,3200,8,17,1657,1657,2461,app_budget,false,111.4261
band5_depth8_s11,classical,116,oracle,6400,6400,9,17,2416,2416,2461,app_budget,false,111.4261
band5_depth8_s11,classical,116,oracle,12800,11881,10,17,4858,4858,1164,class_cap,false,0.0000
band5_depth8_s11,classical,116,oracle,25600,11881,10,17,4858,4858,1164,class_cap,true,0.0000
band5_depth8_s11,classical,116,oracle,51200,11881,10,17,4858,4858,1164,class_cap,true,0.0000
band5_depth8_s11,classical,116,oracle,102400,11881,10,17,4858,4858,1164,class_cap,true,0.0000
band5_depth8_s11,classical,116,oracle,204800,11881,10,17,4858,4858,1164,class_cap,true,0.0000
band5_depth8_s12,classical,53,unguided,25,25,1,62,69,69,650,app_budget,false,3.5032
band5_depth8_s12,classical,53,unguided,50,50,2,62,70,70,650,app_budget,false,3.5032
band5_depth8_s12,classical,53,unguided,100,100,3,62,76,76,650,app_budget,false,3.5032
band5_depth8_s12,classical,53,unguided,200,200,5,62,83,83,628,app_budget,false,0.0000
band5_depth8_s12,classical,53,unguided,400,267,6,62,83,83,628,quiesced,false,0.0000
band5_depth8_s12,classical,53,unguided,800,267,6,62,83,83,628,quiesced,true,0.0000
band5_depth8_s12,classical,53,unguided,1600,267,6,62,83,83,628,quiesced,true,0.0000
band5_depth8_s12,classical,53,unguided,3200,267,6,62,83,83,628,quiesced,true,0.0000
band5_depth8_s12,classical,53,unguided,6400,267,6,62,83,83,628,quiesced,true,0.0000
band5_depth8_s12,classical,53,unguided,12800,267,6,62,83,83,628,quiesced,true,0.0000
band5_depth8_s12,classical,53,unguided,25600,267,6,62,83,83,628,quiesced,true,0.0000
band5_depth8_s12,classical,53,unguided,51200,267,6,62,83,83,628,quiesced,true,0.0000
band5_depth8_s12,classical,53,unguided,102400,267,6,62,83,83,628,quiesced,true,0.0000
band5_depth8_s12,classical,53,unguided,204800,267,6,62,83,83,628,quiesced,true,0.0000
band5_depth8_s12,classical,53,oracle,25,25,1,15,69,69,650,app_budget,false,3.5032
band5_depth8_s12,classical,53,oracle,50,50,2,15,70,70,650,app_budget,false,3.5032
band5_depth8_s12,classical,53,oracle,100,100,3,15,77,77,640,app_budget,false,1.9108
band5_depth8_s12,classical,53,oracle,200,200,5,15,83,83,628,app_budget,false,0.0000
band5_depth8_s12,classical,53,oracle,400,265,6,15,83,83,628,quiesced,false,0.0000
band5_depth8_s12,classical,53,oracle,800,265,6,15,83,83,628,quiesced,true,0.0000
band5_depth8_s12,classical,53,oracle,1600,265,6,15,83,83,628,quiesced,true,0.0000
band5_depth8_s12,classical,53,oracle,3200,265,6,15,83,83,628,quiesced,true,0.0000
band5_depth8_s12,classical,53,oracle,6400,265,6,15,83,83,628,quiesced,true,0.0000
band5_depth8_s12,classical,53,oracle,12800,265,6,15,83,83,628,quiesced,true,0.0000
band5_depth8_s12,classical,53,oracle,25600,265,6,15,83,83,628,quiesced,true,0.0000
band5_depth8_s12,classical,53,oracle,51200,265,6,15,83,83,628,quiesced,true,0.0000
band5_depth8_s12,classical,53,oracle,102400,265,6,15,83,83,628,quiesced,true,0.0000
band5_depth8_s12,classical,53,oracle,204800,265,6,15,83,83,628,quiesced,true,0.0000
band5_depth8_s13,classical,107,unguided,25,25,1,62,101,101,2386,app_budget,false,46.6503
band5_depth8_s13,classical,107,unguided,50,50,2,62,101,101,2386,app_budget,false,46.6503
band5_depth8_s13,classical,107,unguided,100,100,3,62,101,101,2386,app_budget,false,46.6503
band5_depth8_s13,classical,107,unguided,200,200,5,62,129,129,1627,app_budget,false,0.0000
band5_depth8_s13,classical,107,unguided,400,400,7,62,137,137,1627,app_budget,false,0.0000
band5_depth8_s13,classical,107,unguided,800,504,8,62,137,137,1627,quiesced,false,0.0000
band5_depth8_s13,classical,107,unguided,1600,504,8,62,137,137,1627,quiesced,true,0.0000
band5_depth8_s13,classical,107,unguided,3200,504,8,62,137,137,1627,quiesced,true,0.0000
band5_depth8_s13,classical,107,unguided,6400,504,8,62,137,137,1627,quiesced,true,0.0000
band5_depth8_s13,classical,107,unguided,12800,504,8,62,137,137,1627,quiesced,true,0.0000
band5_depth8_s13,classical,107,unguided,25600,504,8,62,137,137,1627,quiesced,true,0.0000
band5_depth8_s13,classical,107,unguided,51200,504,8,62,137,137,1627,quiesced,true,0.0000
band5_depth8_s13,classical,107,unguided,102400,504,8,62,137,137,1627,quiesced,true,0.0000
band5_depth8_s13,classical,107,unguided,204800,504,8,62,137,137,1627,quiesced,true,0.0000
band5_depth8_s13,classical,107,oracle,25,25,1,15,101,101,2386,app_budget,false,46.6503
band5_depth8_s13,classical,107,oracle,50,50,2,15,101,101,2386,app_budget,false,46.6503
band5_depth8_s13,classical,107,oracle,100,100,3,15,101,101,2386,app_budget,false,46.6503
band5_depth8_s13,classical,107,oracle,200,200,5,15,129,129,1627,app_budget,false,0.0000
band5_depth8_s13,classical,107,oracle,400,400,7,15,137,137,1627,app_budget,false,0.0000
band5_depth8_s13,classical,107,oracle,800,504,8,15,137,137,1627,quiesced,false,0.0000
band5_depth8_s13,classical,107,oracle,1600,504,8,15,137,137,1627,quiesced,true,0.0000
band5_depth8_s13,classical,107,oracle,3200,504,8,15,137,137,1627,quiesced,true,0.0000
band5_depth8_s13,classical,107,oracle,6400,504,8,15,137,137,1627,quiesced,true,0.0000
band5_depth8_s13,classical,107,oracle,12800,504,8,15,137,137,1627,quiesced,true,0.0000
band5_depth8_s13,classical,107,oracle,25600,504,8,15,137,137,1627,quiesced,true,0.0000
band5_depth8_s13,classical,107,oracle,51200,504,8,15,137,137,1627,quiesced,true,0.0000
band5_depth8_s13,classical,107,oracle,102400,504,8,15,137,137,1627,quiesced,true,0.0000
band5_depth8_s13,classical,107,oracle,204800,504,8,15,137,137,1627,quiesced,true,0.0000
band5_depth8_s14,classical,54,unguided,25,25,1,62,65,65,1110,app_budget,false,50.2030
band5_depth8_s14,classical,54,unguided,50,50,2,62,67,67,1107,app_budget,false,49.7970
band5_depth8_s14,classical,54,unguided,100,100,3,62,68,68,1103,app_budget,false,49.2558
band5_depth8_s14,classical,54,unguided,200,200,5,62,71,71,739,app_budget,false,0.0000
band5_depth8_s14,classical,54,unguided,400,258,6,62,71,71,739,quiesced,false,0.0000
band5_depth8_s14,classical,54,unguided,800,258,6,62,71,71,739,quiesced,true,0.0000
band5_depth8_s14,classical,54,unguided,1600,258,6,62,71,71,739,quiesced,true,0.0000
band5_depth8_s14,classical,54,unguided,3200,258,6,62,71,71,739,quiesced,true,0.0000
band5_depth8_s14,classical,54,unguided,6400,258,6,62,71,71,739,quiesced,true,0.0000
band5_depth8_s14,classical,54,unguided,12800,258,6,62,71,71,739,quiesced,true,0.0000
band5_depth8_s14,classical,54,unguided,25600,258,6,62,71,71,739,quiesced,true,0.0000
band5_depth8_s14,classical,54,unguided,51200,258,6,62,71,71,739,quiesced,true,0.0000
band5_depth8_s14,classical,54,unguided,102400,258,6,62,71,71,739,quiesced,true,0.0000
band5_depth8_s14,classical,54,unguided,204800,258,6,62,71,71,739,quiesced,true,0.0000
band5_depth8_s14,classical,54,oracle,25,25,1,8,65,65,1110,app_budget,false,50.2030
band5_depth8_s14,classical,54,oracle,50,50,2,8,67,67,1107,app_budget,false,49.7970
band5_depth8_s14,classical,54,oracle,100,100,3,8,68,68,1103,app_budget,false,49.2558
band5_depth8_s14,classical,54,oracle,200,200,5,8,71,71,739,app_budget,false,0.0000
band5_depth8_s14,classical,54,oracle,400,258,6,8,71,71,739,quiesced,false,0.0000
band5_depth8_s14,classical,54,oracle,800,258,6,8,71,71,739,quiesced,true,0.0000
band5_depth8_s14,classical,54,oracle,1600,258,6,8,71,71,739,quiesced,true,0.0000
band5_depth8_s14,classical,54,oracle,3200,258,6,8,71,71,739,quiesced,true,0.0000
band5_depth8_s14,classical,54,oracle,6400,258,6,8,71,71,739,quiesced,true,0.0000
band5_depth8_s14,classical,54,oracle,12800,258,6,8,71,71,739,quiesced,true,0.0000
band5_depth8_s14,classical,54,oracle,25600,258,6,8,71,71,739,quiesced,true,0.0000
band5_depth8_s14,classical,54,oracle,51200,258,6,8,71,71,739,quiesced,true,0.0000
band5_depth8_s14,classical,54,oracle,102400,258,6,8,71,71,739,quiesced,true,0.0000
band5_depth8_s14,classical,54,oracle,204800,258,6,8,71,71,739,quiesced,true,0.0000
band5_depth8_s15,classical,102,unguided,25,25,1,62,107,107,2317,app_budget,false,105.2259
band5_depth8_s15,classical,102,unguided,50,50,2,62,109,109,2303,app_budget,false,103.9858
band5_depth8_s15,classical,102,unguided,100,100,3,62,110,110,2299,app_budget,false,103.6315
band5_depth8_s15,classical,102,unguided,200,200,4,62,178,178,2285,app_budget,false,102.3915
band5_depth8_s15,classical,102,unguided,400,400,5,62,275,275,2285,app_budget,false,102.3915
band5_depth8_s15,classical,102,unguided,800,800,6,62,448,448,2285,app_budget,false,102.3915
band5_depth8_s15,classical,102,unguided,1600,1600,7,62,805,805,2285,app_budget,false,102.3915
band5_depth8_s15,classical,102,unguided,3200,3200,8,62,1353,1353,2285,app_budget,false,102.3915
band5_depth8_s15,classical,102,unguided,6400,6400,9,62,2189,2189,2285,app_budget,false,102.3915
band5_depth8_s15,classical,102,unguided,12800,12800,10,62,3997,3997,1364,app_budget,false,20.8149
band5_depth8_s15,classical,102,unguided,25600,16931,11,62,4253,4253,1129,class_cap,false,0.0000
band5_depth8_s15,classical,102,unguided,51200,16931,11,62,4253,4253,1129,class_cap,true,0.0000
band5_depth8_s15,classical,102,unguided,102400,16931,11,62,4253,4253,1129,class_cap,true,0.0000
band5_depth8_s15,classical,102,unguided,204800,16931,11,62,4253,4253,1129,class_cap,true,0.0000
band5_depth8_s15,classical,102,oracle,25,25,1,22,107,107,2317,app_budget,false,105.2259
band5_depth8_s15,classical,102,oracle,50,50,2,22,109,109,2303,app_budget,false,103.9858
band5_depth8_s15,classical,102,oracle,100,100,3,22,110,110,2299,app_budget,false,103.6315
band5_depth8_s15,classical,102,oracle,200,200,4,22,178,178,2285,app_budget,false,102.3915
band5_depth8_s15,classical,102,oracle,400,400,5,22,275,275,2285,app_budget,false,102.3915
band5_depth8_s15,classical,102,oracle,800,800,6,22,448,448,2285,app_budget,false,102.3915
band5_depth8_s15,classical,102,oracle,1600,1600,7,22,805,805,2285,app_budget,false,102.3915
band5_depth8_s15,classical,102,oracle,3200,3200,8,22,1353,1353,2285,app_budget,false,102.3915
band5_depth8_s15,classical,102,oracle,6400,6400,9,22,2189,2189,2285,app_budget,false,102.3915
band5_depth8_s15,classical,102,oracle,12800,12800,10,22,3997,3997,1364,app_budget,false,20.8149
band5_depth8_s15,classical,102,oracle,25600,16931,11,22,4253,4253,1129,class_cap,false,0.0000
band5_depth8_s15,classical,102,oracle,51200,16931,11,22,4253,4253,1129,class_cap,true,0.0000
band5_depth8_s15,classical,102,oracle,102400,16931,11,22,4253,4253,1129,class_cap,true,0.0000
band5_depth8_s15,classical,102,oracle,204800,16931,11,22,4253,4253,1129,class_cap,true,0.0000
band5_depth8_s16,classical,66,unguided,25,25,1,62,81,81,1251,app_budget,false,88.1203
band5_depth8_s16,classical,66,unguided,50,50,2,62,84,84,1247,app_budget,false,87.5188
band5_depth8_s16,classical,66,unguided,100,100,3,62,85,85,1247,app_budget,false,87.5188
band5_depth8_s16,classical,66,unguided,200,200,4,62,133,133,869,app_budget,false,30.6767
band5_depth8_s16,classical,66,unguided,400,400,5,62,214,214,669,app_budget,false,0.6015
band5_depth8_s16,classical,66,unguided,800,800,7,62,289,289,665,app_budget,false,0.0000
band5_depth8_s16,classical,66,unguided,1600,1600,9,62,321,321,665,app_budget,false,0.0000
band5_depth8_s16,classical,66,unguided,3200,2580,11,62,322,322,665,quiesced,false,0.0000
band5_depth8_s16,classical,66,unguided,6400,2580,11,62,322,322,665,quiesced,true,0.0000
band5_depth8_s16,classical,66,unguided,12800,2580,11,62,322,322,665,quiesced,true,0.0000
band5_depth8_s16,classical,66,unguided,25600,2580,11,62,322,322,665,quiesced,true,0.0000
band5_depth8_s16,classical,66,unguided,51200,2580,11,62,322,322,665,quiesced,true,0.0000
band5_depth8_s16,classical,66,unguided,102400,2580,11,62,322,322,665,quiesced,true,0.0000
band5_depth8_s16,classical,66,unguided,204800,2580,11,62,322,322,665,quiesced,true,0.0000
band5_depth8_s16,classical,66,oracle,25,25,1,16,81,81,1251,app_budget,false,88.1203
band5_depth8_s16,classical,66,oracle,50,50,2,16,84,84,1247,app_budget,false,87.5188
band5_depth8_s16,classical,66,oracle,100,100,3,16,85,85,1247,app_budget,false,87.5188
band5_depth8_s16,classical,66,oracle,200,200,4,16,133,133,869,app_budget,false,30.6767
band5_depth8_s16,classical,66,oracle,400,400,5,16,217,217,669,app_budget,false,0.6015
band5_depth8_s16,classical,66,oracle,800,800,7,16,289,289,665,app_budget,false,0.0000
band5_depth8_s16,classical,66,oracle,1600,1600,9,16,321,321,665,app_budget,false,0.0000
band5_depth8_s16,classical,66,oracle,3200,2554,11,16,322,322,665,quiesced,false,0.0000
band5_depth8_s16,classical,66,oracle,6400,2554,11,16,322,322,665,quiesced,true,0.0000
band5_depth8_s16,classical,66,oracle,12800,2554,11,16,322,322,665,quiesced,true,0.0000
band5_depth8_s16,classical,66,oracle,25600,2554,11,16,322,322,665,quiesced,true,0.0000
band5_depth8_s16,classical,66,oracle,51200,2554,11,16,322,322,665,quiesced,true,0.0000
band5_depth8_s16,classical,66,oracle,102400,2554,11,16,322,322,665,quiesced,true,0.0000
band5_depth8_s16,classical,66,oracle,204800,2554,11,16,322,322,665,quiesced,true,0.0000
band5_depth8_s17,rapid,28,unguided,25,25,2,62,40,40,456,app_budget,false,0.0000
band5_depth8_s17,rapid,28,unguided,50,50,3,62,44,44,456,app_budget,false,0.0000
band5_depth8_s17,rapid,28,unguided,100,88,4,62,44,44,456,quiesced,false,0.0000
band5_depth8_s17,rapid,28,unguided,200,88,4,62,44,44,456,quiesced,true,0.0000
band5_depth8_s17,rapid,28,unguided,400,88,4,62,44,44,456,quiesced,true,0.0000
band5_depth8_s17,rapid,28,unguided,800,88,4,62,44,44,456,quiesced,true,0.0000
band5_depth8_s17,rapid,28,unguided,1600,88,4,62,44,44,456,quiesced,true,0.0000
band5_depth8_s17,rapid,28,unguided,3200,88,4,62,44,44,456,quiesced,true,0.0000
band5_depth8_s17,rapid,28,unguided,6400,88,4,62,44,44,456,quiesced,true,0.0000
band5_depth8_s17,rapid,28,unguided,12800,88,4,62,44,44,456,quiesced,true,0.0000
band5_depth8_s17,rapid,28,unguided,25600,88,4,62,44,44,456,quiesced,true,0.0000
band5_depth8_s17,rapid,28,unguided,51200,88,4,62,44,44,456,quiesced,true,0.0000
band5_depth8_s17,rapid,28,unguided,102400,88,4,62,44,44,456,quiesced,true,0.0000
band5_depth8_s17,rapid,28,unguided,204800,88,4,62,44,44,456,quiesced,true,0.0000
band5_depth8_s17,rapid,28,oracle,25,25,2,10,40,40,456,app_budget,false,0.0000
band5_depth8_s17,rapid,28,oracle,50,50,3,10,44,44,456,app_budget,false,0.0000
band5_depth8_s17,rapid,28,oracle,100,88,4,10,44,44,456,quiesced,false,0.0000
band5_depth8_s17,rapid,28,oracle,200,88,4,10,44,44,456,quiesced,true,0.0000
band5_depth8_s17,rapid,28,oracle,400,88,4,10,44,44,456,quiesced,true,0.0000
band5_depth8_s17,rapid,28,oracle,800,88,4,10,44,44,456,quiesced,true,0.0000
band5_depth8_s17,rapid,28,oracle,1600,88,4,10,44,44,456,quiesced,true,0.0000
band5_depth8_s17,rapid,28,oracle,3200,88,4,10,44,44,456,quiesced,true,0.0000
band5_depth8_s17,rapid,28,oracle,6400,88,4,10,44,44,456,quiesced,true,0.0000
band5_depth8_s17,rapid,28,oracle,12800,88,4,10,44,44,456,quiesced,true,0.0000
band5_depth8_s17,rapid,28,oracle,25600,88,4,10,44,44,456,quiesced,true,0.0000
band5_depth8_s17,rapid,28,oracle,51200,88,4,10,44,44,456,quiesced,true,0.0000
band5_depth8_s17,rapid,28,oracle,102400,88,4,10,44,44,456,quiesced,true,0.0000
band5_depth8_s17,rapid,28,oracle,204800,88,4,10,44,44,456,quiesced,true,0.0000
band5_depth8_s18,classical,97,unguided,25,25,1,62,97,97,2230,app_budget,false,52.7397
band5_depth8_s18,classical,97,unguided,50,50,2,62,97,97,2227,app_budget,false,52.5342
band5_depth8_s18,classical,97,unguided,100,100,3,62,98,98,2223,app_budget,false,52.2603
band5_depth8_s18,classical,97,unguided,200,200,4,62,149,149,1460,app_budget,false,0.0000
band5_depth8_s18,classical,97,unguided,400,400,6,62,182,182,1460,app_budget,false,0.0000
band5_depth8_s18,classical,97,unguided,800,800,8,62,188,188,1460,app_budget,false,0.0000
band5_depth8_s18,classical,97,unguided,1600,1240,10,62,189,189,1460,quiesced,false,0.0000
band5_depth8_s18,classical,97,unguided,3200,1240,10,62,189,189,1460,quiesced,true,0.0000
band5_depth8_s18,classical,97,unguided,6400,1240,10,62,189,189,1460,quiesced,true,0.0000
band5_depth8_s18,classical,97,unguided,12800,1240,10,62,189,189,1460,quiesced,true,0.0000
band5_depth8_s18,classical,97,unguided,25600,1240,10,62,189,189,1460,quiesced,true,0.0000
band5_depth8_s18,classical,97,unguided,51200,1240,10,62,189,189,1460,quiesced,true,0.0000
band5_depth8_s18,classical,97,unguided,102400,1240,10,62,189,189,1460,quiesced,true,0.0000
band5_depth8_s18,classical,97,unguided,204800,1240,10,62,189,189,1460,quiesced,true,0.0000
band5_depth8_s18,classical,97,oracle,25,25,1,15,97,97,2230,app_budget,false,52.7397
band5_depth8_s18,classical,97,oracle,50,50,2,15,97,97,2227,app_budget,false,52.5342
band5_depth8_s18,classical,97,oracle,100,100,3,15,98,98,2223,app_budget,false,52.2603
band5_depth8_s18,classical,97,oracle,200,200,4,15,149,149,1460,app_budget,false,0.0000
band5_depth8_s18,classical,97,oracle,400,400,6,15,180,180,1460,app_budget,false,0.0000
band5_depth8_s18,classical,97,oracle,800,799,8,15,181,181,1460,quiesced,false,0.0000
band5_depth8_s18,classical,97,oracle,1600,799,8,15,181,181,1460,quiesced,true,0.0000
band5_depth8_s18,classical,97,oracle,3200,799,8,15,181,181,1460,quiesced,true,0.0000
band5_depth8_s18,classical,97,oracle,6400,799,8,15,181,181,1460,quiesced,true,0.0000
band5_depth8_s18,classical,97,oracle,12800,799,8,15,181,181,1460,quiesced,true,0.0000
band5_depth8_s18,classical,97,oracle,25600,799,8,15,181,181,1460,quiesced,true,0.0000
band5_depth8_s18,classical,97,oracle,51200,799,8,15,181,181,1460,quiesced,true,0.0000
band5_depth8_s18,classical,97,oracle,102400,799,8,15,181,181,1460,quiesced,true,0.0000
band5_depth8_s18,classical,97,oracle,204800,799,8,15,181,181,1460,quiesced,true,0.0000
band5_depth8_s19,classical,239,unguided,25,25,1,62,195,195,4730,app_budget,false,42.4270
band5_depth8_s19,classical,239,unguided,50,50,2,62,195,195,4718,app_budget,false,42.0656
band5_depth8_s19,classical,239,unguided,100,100,3,62,201,201,4694,app_budget,false,41.3430
band5_depth8_s19,classical,239,unguided,200,200,4,62,247,247,4694,app_budget,false,41.3430
band5_depth8_s19,classical,239,unguided,400,400,5,62,318,318,4689,app_budget,false,41.1924
band5_depth8_s19,classical,239,unguided,800,800,6,62,518,518,4689,app_budget,false,41.1924
band5_depth8_s19,classical,239,unguided,1600,1600,7,62,797,797,4689,app_budget,false,41.1924
band5_depth8_s19,classical,239,unguided,3200,3200,8,62,1280,1280,3375,app_budget,false,1.6260
band5_depth8_s19,classical,239,unguided,6400,6400,9,62,2219,2219,3325,app_budget,false,0.1204
band5_depth8_s19,classical,239,unguided,12800,12117,10,62,3807,3807,3321,class_cap,false,0.0000
band5_depth8_s19,classical,239,unguided,25600,12117,10,62,3807,3807,3321,class_cap,true,0.0000
band5_depth8_s19,classical,239,unguided,51200,12117,10,62,3807,3807,3321,class_cap,true,0.0000
band5_depth8_s19,classical,239,unguided,102400,12117,10,62,3807,3807,3321,class_cap,true,0.0000
band5_depth8_s19,classical,239,unguided,204800,12117,10,62,3807,3807,3321,class_cap,true,0.0000
band5_depth8_s19,classical,239,oracle,25,25,1,22,195,195,4730,app_budget,false,42.4270
band5_depth8_s19,classical,239,oracle,50,50,2,22,195,195,4718,app_budget,false,42.0656
band5_depth8_s19,classical,239,oracle,100,100,3,22,201,201,4694,app_budget,false,41.3430
band5_depth8_s19,classical,239,oracle,200,200,4,22,247,247,4694,app_budget,false,41.3430
band5_depth8_s19,classical,239,oracle,400,400,5,22,318,318,4689,app_budget,false,41.1924
band5_depth8_s19,classical,239,oracle,800,800,6,22,518,518,4689,app_budget,false,41.1924
band5_depth8_s19,classical,239,oracle,1600,1600,7,22,797,797,4689,app_budget,false,41.1924
band5_depth8_s19,classical,239,oracle,3200,3200,8,22,1280,1280,3375,app_budget,false,1.6260
band5_depth8_s19,classical,239,oracle,6400,6400,9,22,2220,2220,3325,app_budget,false,0.1204
band5_depth8_s19,classical,239,oracle,12800,12115,10,22,3807,3807,3321,class_cap,false,0.0000
band5_depth8_s19,classical,239,oracle,25600,12115,10,22,3807,3807,3321,class_cap,true,0.0000
band5_depth8_s19,classical,239,oracle,51200,12115,10,22,3807,3807,3321,class_cap,true,0.0000
band5_depth8_s19,classical,239,oracle,102400,12115,10,22,3807,3807,3321,class_cap,true,0.0000
band5_depth8_s19,classical,239,oracle,204800,12115,10,22,3807,3807,3321,class_cap,true,0.0000
band5_depth8_s20,blitz,10,unguided,25,13,2,62,14,14,167,quiesced,false,0.0000
band5_depth8_s20,blitz,10,unguided,50,13,2,62,14,14,167,quiesced,true,0.0000
band5_depth8_s20,blitz,10,unguided,100,13,2,62,14,14,167,quiesced,true,0.0000
band5_depth8_s20,blitz,10,unguided,200,13,2,62,14,14,167,quiesced,true,0.0000
band5_depth8_s20,blitz,10,unguided,400,13,2,62,14,14,167,quiesced,true,0.0000
band5_depth8_s20,blitz,10,unguided,800,13,2,62,14,14,167,quiesced,true,0.0000
band5_depth8_s20,blitz,10,unguided,1600,13,2,62,14,14,167,quiesced,true,0.0000
band5_depth8_s20,blitz,10,unguided,3200,13,2,62,14,14,167,quiesced,true,0.0000
band5_depth8_s20,blitz,10,unguided,6400,13,2,62,14,14,167,quiesced,true,0.0000
band5_depth8_s20,blitz,10,unguided,12800,13,2,62,14,14,167,quiesced,true,0.0000
band5_depth8_s20,blitz,10,unguided,25600,13,2,62,14,14,167,quiesced,true,0.0000
band5_depth8_s20,blitz,10,unguided,51200,13,2,62,14,14,167,quiesced,true,0.0000
band5_depth8_s20,blitz,10,unguided,102400,13,2,62,14,14,167,quiesced,true,0.0000
band5_depth8_s20,blitz,10,unguided,204800,13,2,62,14,14,167,quiesced,true,0.0000
band5_depth8_s20,blitz,10,oracle,25,13,2,4,14,14,167,quiesced,false,0.0000
band5_depth8_s20,blitz,10,oracle,50,13,2,4,14,14,167,quiesced,true,0.0000
band5_depth8_s20,blitz,10,oracle,100,13,2,4,14,14,167,quiesced,true,0.0000
band5_depth8_s20,blitz,10,oracle,200,13,2,4,14,14,167,quiesced,true,0.0000
band5_depth8_s20,blitz,10,oracle,400,13,2,4,14,14,167,quiesced,true,0.0000
band5_depth8_s20,blitz,10,oracle,800,13,2,4,14,14,167,quiesced,true,0.0000
band5_depth8_s20,blitz,10,oracle,1600,13,2,4,14,14,167,quiesced,true,0.0000
band5_depth8_s20,blitz,10,oracle,3200,13,2,4,14,14,167,quiesced,true,0.0000
band5_depth8_s20,blitz,10,oracle,6400,13,2,4,14,14,167,quiesced,true,0.0000
band5_depth8_s20,blitz,10,oracle,12800,13,2,4,14,14,167,quiesced,true,0.0000
band5_depth8_s20,blitz,10,oracle,25600,13,2,4,14,14,167,quiesced,true,0.0000
band5_depth8_s20,blitz,10,oracle,51200,13,2,4,14,14,167,quiesced,true,0.0000
band5_depth8_s20,blitz,10,oracle,102400,13,2,4,14,14,167,quiesced,true,0.0000
band5_depth8_s20,blitz,10,oracle,204800,13,2,4,14,14,167,quiesced,true,0.0000
band5_depth8_s21,classical,103,unguided,25,25,1,62,98,98,2459,app_budget,false,83.6445
band5_depth8_s21,classical,103,unguided,50,50,2,62,99,99,2454,app_budget,false,83.2711
band5_depth8_s21,classical,103,unguided,100,100,3,62,100,100,2454,app_budget,false,83.2711
band5_depth8_s21,classical,103,unguided,200,200,5,62,137,137,1347,app_budget,false,0.5975
band5_depth8_s21,classical,103,unguided,400,400,7,62,189,189,1339,app_budget,false,0.0000
band5_depth8_s21,classical,103,unguided,800,800,8,62,285,285,1339,app_budget,false,0.0000
band5_depth8_s21,classical,103,unguided,1600,1600,10,62,444,444,1339,app_budget,false,0.0000
band5_depth8_s21,classical,103,unguided,3200,3200,12,62,656,656,1339,app_budget,false,0.0000
band5_depth8_s21,classical,103,unguided,6400,6400,14,62,1005,1005,1339,app_budget,false,0.0000
band5_depth8_s21,classical,103,unguided,12800,12800,16,62,1688,1688,1339,app_budget,false,0.0000
band5_depth8_s21,classical,103,unguided,25600,17997,17,62,2280,2280,1339,class_cap,false,0.0000
band5_depth8_s21,classical,103,unguided,51200,17997,17,62,2280,2280,1339,class_cap,true,0.0000
band5_depth8_s21,classical,103,unguided,102400,17997,17,62,2280,2280,1339,class_cap,true,0.0000
band5_depth8_s21,classical,103,unguided,204800,17997,17,62,2280,2280,1339,class_cap,true,0.0000
band5_depth8_s21,classical,103,oracle,25,25,1,20,98,98,2459,app_budget,false,83.6445
band5_depth8_s21,classical,103,oracle,50,50,2,20,99,99,2454,app_budget,false,83.2711
band5_depth8_s21,classical,103,oracle,100,100,3,20,100,100,2454,app_budget,false,83.2711
band5_depth8_s21,classical,103,oracle,200,200,5,20,137,137,1347,app_budget,false,0.5975
band5_depth8_s21,classical,103,oracle,400,400,7,20,189,189,1339,app_budget,false,0.0000
band5_depth8_s21,classical,103,oracle,800,800,8,20,291,291,1339,app_budget,false,0.0000
band5_depth8_s21,classical,103,oracle,1600,1600,10,20,432,432,1339,app_budget,false,0.0000
band5_depth8_s21,classical,103,oracle,3200,3200,12,20,624,624,1339,app_budget,false,0.0000
band5_depth8_s21,classical,103,oracle,6400,6400,14,20,876,876,1339,app_budget,false,0.0000
band5_depth8_s21,classical,103,oracle,12800,12800,17,20,1413,1413,1339,app_budget,false,0.0000
band5_depth8_s21,classical,103,oracle,25600,21723,19,20,1936,1936,1339,class_cap,false,0.0000
band5_depth8_s21,classical,103,oracle,51200,21723,19,20,1936,1936,1339,class_cap,true,0.0000
band5_depth8_s21,classical,103,oracle,102400,21723,19,20,1936,1936,1339,class_cap,true,0.0000
band5_depth8_s21,classical,103,oracle,204800,21723,19,20,1936,1936,1339,class_cap,true,0.0000
band6_depth10_s0,classical,94,unguided,25,25,1,62,89,89,1625,app_budget,false,33.5251
band6_depth10_s0,classical,94,unguided,50,50,2,62,91,91,1622,app_budget,false,33.2786
band6_depth10_s0,classical,94,unguided,100,100,3,62,92,92,1618,app_budget,false,32.9499
band6_depth10_s0,classical,94,unguided,200,200,4,62,145,145,1607,app_budget,false,32.0460
band6_depth10_s0,classical,94,unguided,400,400,5,62,222,222,1607,app_budget,false,32.0460
band6_depth10_s0,classical,94,unguided,800,800,6,62,357,357,1607,app_budget,false,32.0460
band6_depth10_s0,classical,94,unguided,1600,1600,7,62,612,612,1229,app_budget,false,0.9860
band6_depth10_s0,classical,94,unguided,3200,3200,8,62,1089,1089,1217,app_budget,false,0.0000
band6_depth10_s0,classical,94,unguided,6400,6400,9,62,1933,1933,1217,app_budget,false,0.0000
band6_depth10_s0,classical,94,unguided,12800,12800,11,62,2617,2617,1217,app_budget,false,0.0000
band6_depth10_s0,classical,94,unguided,25600,17998,12,62,2726,2726,1217,class_cap,false,0.0000
band6_depth10_s0,classical,94,unguided,51200,17998,12,62,2726,2726,1217,class_cap,true,0.0000
band6_depth10_s0,classical,94,unguided,102400,17998,12,62,2726,2726,1217,class_cap,true,0.0000
band6_depth10_s0,classical,94,unguided,204800,17998,12,62,2726,2726,1217,class_cap,true,0.0000
band6_depth10_s0,classical,94,oracle,25,25,1,20,89,89,1625,app_budget,false,33.5251
band6_depth10_s0,classical,94,oracle,50,50,2,20,91,91,1622,app_budget,false,33.2786
band6_depth10_s0,classical,94,oracle,100,100,3,20,92,92,1618,app_budget,false,32.9499
band6_depth10_s0,classical,94,oracle,200,200,4,20,149,149,1417,app_budget,false,16.4339
band6_depth10_s0,classical,94,oracle,400,400,5,20,227,227,1413,app_budget,false,16.1052
band6_depth10_s0,classical,94,oracle,800,800,6,20,361,361,1413,app_budget,false,16.1052
band6_depth10_s0,classical,94,oracle,1600,1600,7,20,615,615,1225,app_budget,false,0.6574
band6_depth10_s0,classical,94,oracle,3200,3200,8,20,1095,1095,1217,app_budget,false,0.0000
band6_depth10_s0,classical,94,oracle,6400,6400,9,20,1938,1938,1217,app_budget,false,0.0000
band6_depth10_s0,classical,94,oracle,12800,12800,11,20,2618,2618,1217,app_budget,false,0.0000
band6_depth10_s0,classical,94,oracle,25600,17993,12,20,2727,2727,1217,class_cap,false,0.0000
band6_depth10_s0,classical,94,oracle,51200,17993,12,20,2727,2727,1217,class_cap,true,0.0000
band6_depth10_s0,classical,94,oracle,102400,17993,12,20,2727,2727,1217,class_cap,true,0.0000
band6_depth10_s0,classical,94,oracle,204800,17993,12,20,2727,2727,1217,class_cap,true,0.0000
band6_depth10_s1,rapid,11,unguided,25,17,2,62,14,14,28,quiesced,false,0.0000
band6_depth10_s1,rapid,11,unguided,50,17,2,62,14,14,28,quiesced,true,0.0000
band6_depth10_s1,rapid,11,unguided,100,17,2,62,14,14,28,quiesced,true,0.0000
band6_depth10_s1,rapid,11,unguided,200,17,2,62,14,14,28,quiesced,true,0.0000
band6_depth10_s1,rapid,11,unguided,400,17,2,62,14,14,28,quiesced,true,0.0000
band6_depth10_s1,rapid,11,unguided,800,17,2,62,14,14,28,quiesced,true,0.0000
band6_depth10_s1,rapid,11,unguided,1600,17,2,62,14,14,28,quiesced,true,0.0000
band6_depth10_s1,rapid,11,unguided,3200,17,2,62,14,14,28,quiesced,true,0.0000
band6_depth10_s1,rapid,11,unguided,6400,17,2,62,14,14,28,quiesced,true,0.0000
band6_depth10_s1,rapid,11,unguided,12800,17,2,62,14,14,28,quiesced,true,0.0000
band6_depth10_s1,rapid,11,unguided,25600,17,2,62,14,14,28,quiesced,true,0.0000
band6_depth10_s1,rapid,11,unguided,51200,17,2,62,14,14,28,quiesced,true,0.0000
band6_depth10_s1,rapid,11,unguided,102400,17,2,62,14,14,28,quiesced,true,0.0000
band6_depth10_s1,rapid,11,unguided,204800,17,2,62,14,14,28,quiesced,true,0.0000
band6_depth10_s1,rapid,11,oracle,25,17,2,4,14,14,28,quiesced,false,0.0000
band6_depth10_s1,rapid,11,oracle,50,17,2,4,14,14,28,quiesced,true,0.0000
band6_depth10_s1,rapid,11,oracle,100,17,2,4,14,14,28,quiesced,true,0.0000
band6_depth10_s1,rapid,11,oracle,200,17,2,4,14,14,28,quiesced,true,0.0000
band6_depth10_s1,rapid,11,oracle,400,17,2,4,14,14,28,quiesced,true,0.0000
band6_depth10_s1,rapid,11,oracle,800,17,2,4,14,14,28,quiesced,true,0.0000
band6_depth10_s1,rapid,11,oracle,1600,17,2,4,14,14,28,quiesced,true,0.0000
band6_depth10_s1,rapid,11,oracle,3200,17,2,4,14,14,28,quiesced,true,0.0000
band6_depth10_s1,rapid,11,oracle,6400,17,2,4,14,14,28,quiesced,true,0.0000
band6_depth10_s1,rapid,11,oracle,12800,17,2,4,14,14,28,quiesced,true,0.0000
band6_depth10_s1,rapid,11,oracle,25600,17,2,4,14,14,28,quiesced,true,0.0000
band6_depth10_s1,rapid,11,oracle,51200,17,2,4,14,14,28,quiesced,true,0.0000
band6_depth10_s1,rapid,11,oracle,102400,17,2,4,14,14,28,quiesced,true,0.0000
band6_depth10_s1,rapid,11,oracle,204800,17,2,4,14,14,28,quiesced,true,0.0000
band6_depth10_s2,classical,80,unguided,25,25,1,62,87,87,1624,app_budget,false,54.9618
band6_depth10_s2,classical,80,unguided,50,50,2,62,91,91,1615,app_budget,false,54.1031
band6_depth10_s2,classical,80,unguided,100,100,3,62,95,95,1607,app_budget,false,53.3397
band6_depth10_s2,classical,80,unguided,200,200,4,62,144,144,1602,app_budget,false,52.8626
band6_depth10_s2,classical,80,unguided,400,400,5,62,238,238,1602,app_budget,false,52.8626
band6_depth10_s2,classical,80,unguided,800,800,6,62,338,338,1602,app_budget,false,52.8626
band6_depth10_s2,classical,80,unguided,1600,1600,7,62,561,561,1048,app_budget,false,0.0000
band6_depth10_s2,classical,80,unguided,3200,3200,9,62,810,810,1048,app_budget,false,0.0000
band6_depth10_s2,classical,80,unguided,6400,6400,11,62,1428,1428,1048,app_budget,false,0.0000
band6_depth10_s2,classical,80,unguided,12800,11632,12,62,4152,4152,1048,class_cap,false,0.0000
band6_depth10_s2,classical,80,unguided,25600,11632,12,62,4152,4152,1048,class_cap,true,0.0000
band6_depth10_s2,classical,80,unguided,51200,11632,12,62,4152,4152,1048,class_cap,true,0.0000
band6_depth10_s2,classical,80,unguided,102400,11632,12,62,4152,4152,1048,class_cap,true,0.0000
band6_depth10_s2,classical,80,unguided,204800,11632,12,62,4152,4152,1048,class_cap,true,0.0000
band6_depth10_s2,classical,80,oracle,25,25,1,20,87,87,1624,app_budget,false,54.9618
band6_depth10_s2,classical,80,oracle,50,50,2,20,91,91,1615,app_budget,false,54.1031
band6_depth10_s2,classical,80,oracle,100,100,3,20,95,95,1607,app_budget,false,53.3397
band6_depth10_s2,classical,80,oracle,200,200,4,20,144,144,1602,app_budget,false,52.8626
band6_depth10_s2,classical,80,oracle,400,400,5,20,238,238,1602,app_budget,false,52.8626
band6_depth10_s2,classical,80,oracle,800,800,6,20,338,338,1602,app_budget,false,52.8626
band6_depth10_s2,classical,80,oracle,1600,1600,7,20,561,561,1048,app_budget,false,0.0000
band6_depth10_s2,classical,80,oracle,3200,3200,9,20,788,788,1048,app_budget,false,0.0000
band6_depth10_s2,classical,80,oracle,6400,6400,12,20,862,862,1048,app_budget,false,0.0000
band6_depth10_s2,classical,80,oracle,12800,11232,15,20,880,880,1048,quiesced,false,0.0000
band6_depth10_s2,classical,80,oracle,25600,11232,15,20,880,880,1048,quiesced,true,0.0000
band6_depth10_s2,classical,80,oracle,51200,11232,15,20,880,880,1048,quiesced,true,0.0000
band6_depth10_s2,classical,80,oracle,102400,11232,15,20,880,880,1048,quiesced,true,0.0000
band6_depth10_s2,classical,80,oracle,204800,11232,15,20,880,880,1048,quiesced,true,0.0000
band6_depth10_s3,rapid,19,unguided,25,23,2,62,24,24,233,quiesced,false,0.0000
band6_depth10_s3,rapid,19,unguided,50,23,2,62,24,24,233,quiesced,true,0.0000
band6_depth10_s3,rapid,19,unguided,100,23,2,62,24,24,233,quiesced,true,0.0000
band6_depth10_s3,rapid,19,unguided,200,23,2,62,24,24,233,quiesced,true,0.0000
band6_depth10_s3,rapid,19,unguided,400,23,2,62,24,24,233,quiesced,true,0.0000
band6_depth10_s3,rapid,19,unguided,800,23,2,62,24,24,233,quiesced,true,0.0000
band6_depth10_s3,rapid,19,unguided,1600,23,2,62,24,24,233,quiesced,true,0.0000
band6_depth10_s3,rapid,19,unguided,3200,23,2,62,24,24,233,quiesced,true,0.0000
band6_depth10_s3,rapid,19,unguided,6400,23,2,62,24,24,233,quiesced,true,0.0000
band6_depth10_s3,rapid,19,unguided,12800,23,2,62,24,24,233,quiesced,true,0.0000
band6_depth10_s3,rapid,19,unguided,25600,23,2,62,24,24,233,quiesced,true,0.0000
band6_depth10_s3,rapid,19,unguided,51200,23,2,62,24,24,233,quiesced,true,0.0000
band6_depth10_s3,rapid,19,unguided,102400,23,2,62,24,24,233,quiesced,true,0.0000
band6_depth10_s3,rapid,19,unguided,204800,23,2,62,24,24,233,quiesced,true,0.0000
band6_depth10_s3,rapid,19,oracle,25,23,2,5,24,24,233,quiesced,false,0.0000
band6_depth10_s3,rapid,19,oracle,50,23,2,5,24,24,233,quiesced,true,0.0000
band6_depth10_s3,rapid,19,oracle,100,23,2,5,24,24,233,quiesced,true,0.0000
band6_depth10_s3,rapid,19,oracle,200,23,2,5,24,24,233,quiesced,true,0.0000
band6_depth10_s3,rapid,19,oracle,400,23,2,5,24,24,233,quiesced,true,0.0000
band6_depth10_s3,rapid,19,oracle,800,23,2,5,24,24,233,quiesced,true,0.0000
band6_depth10_s3,rapid,19,oracle,1600,23,2,5,24,24,233,quiesced,true,0.0000
band6_depth10_s3,rapid,19,oracle,3200,23,2,5,24,24,233,quiesced,true,0.0000
band6_depth10_s3,rapid,19,oracle,6400,23,2,5,24,24,233,quiesced,true,0.0000
band6_depth10_s3,rapid,19,oracle,12800,23,2,5,24,24,233,quiesced,true,0.0000
band6_depth10_s3,rapid,19,oracle,25600,23,2,5,24,24,233,quiesced,true,0.0000
band6_depth10_s3,rapid,19,oracle,51200,23,2,5,24,24,233,quiesced,true,0.0000
band6_depth10_s3,rapid,19,oracle,102400,23,2,5,24,24,233,quiesced,true,0.0000
band6_depth10_s3,rapid,19,oracle,204800,23,2,5,24,24,233,quiesced,true,0.0000
band6_depth10_s4,classical,135,unguided,25,25,1,62,119,119,3063,app_budget,false,76.9497
band6_depth10_s4,classical,135,unguided,50,50,2,62,119,119,3063,app_budget,false,76.9497
band6_depth10_s4,classical,135,unguided,100,100,3,62,121,121,3063,app_budget,false,76.9497
band6_depth10_s4,classical,135,unguided,200,200,4,62,166,166,1731,app_budget,false,0.0000
band6_depth10_s4,classical,135,unguided,400,400,6,62,173,173,1731,app_budget,false,0.0000
band6_depth10_s4,classical,135,unguided,800,535,7,62,173,173,1731,quiesced,false,0.0000
band6_depth10_s4,classical,135,unguided,1600,535,7,62,173,173,1731,quiesced,true,0.0000
band6_depth10_s4,classical,135,unguided,3200,535,7,62,173,173,1731,quiesced,true,0.0000
band6_depth10_s4,classical,135,unguided,6400,535,7,62,173,173,1731,quiesced,true,0.0000
band6_depth10_s4,classical,135,unguided,12800,535,7,62,173,173,1731,quiesced,true,0.0000
band6_depth10_s4,classical,135,unguided,25600,535,7,62,173,173,1731,quiesced,true,0.0000
band6_depth10_s4,classical,135,unguided,51200,535,7,62,173,173,1731,quiesced,true,0.0000
band6_depth10_s4,classical,135,unguided,102400,535,7,62,173,173,1731,quiesced,true,0.0000
band6_depth10_s4,classical,135,unguided,204800,535,7,62,173,173,1731,quiesced,true,0.0000
band6_depth10_s4,classical,135,oracle,25,25,1,15,119,119,3063,app_budget,false,76.9497
band6_depth10_s4,classical,135,oracle,50,50,2,15,119,119,3063,app_budget,false,76.9497
band6_depth10_s4,classical,135,oracle,100,100,3,15,121,121,3063,app_budget,false,76.9497
band6_depth10_s4,classical,135,oracle,200,200,5,15,166,166,1731,app_budget,false,0.0000
band6_depth10_s4,classical,135,oracle,400,400,7,15,173,173,1731,app_budget,false,0.0000
band6_depth10_s4,classical,135,oracle,800,533,8,15,173,173,1731,quiesced,false,0.0000
band6_depth10_s4,classical,135,oracle,1600,533,8,15,173,173,1731,quiesced,true,0.0000
band6_depth10_s4,classical,135,oracle,3200,533,8,15,173,173,1731,quiesced,true,0.0000
band6_depth10_s4,classical,135,oracle,6400,533,8,15,173,173,1731,quiesced,true,0.0000
band6_depth10_s4,classical,135,oracle,12800,533,8,15,173,173,1731,quiesced,true,0.0000
band6_depth10_s4,classical,135,oracle,25600,533,8,15,173,173,1731,quiesced,true,0.0000
band6_depth10_s4,classical,135,oracle,51200,533,8,15,173,173,1731,quiesced,true,0.0000
band6_depth10_s4,classical,135,oracle,102400,533,8,15,173,173,1731,quiesced,true,0.0000
band6_depth10_s4,classical,135,oracle,204800,533,8,15,173,173,1731,quiesced,true,0.0000
band6_depth10_s5,classical,120,unguided,25,25,1,62,105,105,2959,app_budget,false,63.5710
band6_depth10_s5,classical,120,unguided,50,50,2,62,105,105,2959,app_budget,false,63.5710
band6_depth10_s5,classical,120,unguided,100,100,3,62,105,105,2959,app_budget,false,63.5710
band6_depth10_s5,classical,120,unguided,200,200,5,62,151,151,1809,app_budget,false,0.0000
band6_depth10_s5,classical,120,unguided,400,400,7,62,162,162,1810,app_budget,false,0.0553
band6_depth10_s5,classical,120,unguided,800,681,9,62,163,163,1810,quiesced,false,0.0553
band6_depth10_s5,classical,120,unguided,1600,681,9,62,163,163,1810,quiesced,true,0.0553
band6_depth10_s5,classical,120,unguided,3200,681,9,62,163,163,1810,quiesced,true,0.0553
band6_depth10_s5,classical,120,unguided,6400,681,9,62,163,163,1810,quiesced,true,0.0553
band6_depth10_s5,classical,120,unguided,12800,681,9,62,163,163,1810,quiesced,true,0.0553
band6_depth10_s5,classical,120,unguided,25600,681,9,62,163,163,1810,quiesced,true,0.0553
band6_depth10_s5,classical,120,unguided,51200,681,9,62,163,163,1810,quiesced,true,0.0553
band6_depth10_s5,classical,120,unguided,102400,681,9,62,163,163,1810,quiesced,true,0.0553
band6_depth10_s5,classical,120,unguided,204800,681,9,62,163,163,1810,quiesced,true,0.0553
band6_depth10_s5,classical,120,oracle,25,25,1,16,105,105,2959,app_budget,false,63.5710
band6_depth10_s5,classical,120,oracle,50,50,2,16,105,105,2959,app_budget,false,63.5710
band6_depth10_s5,classical,120,oracle,100,100,3,16,105,105,2959,app_budget,false,63.5710
band6_depth10_s5,classical,120,oracle,200,200,5,16,151,151,1809,app_budget,false,0.0000
band6_depth10_s5,classical,120,oracle,400,400,7,16,160,160,1809,app_budget,false,0.0000
band6_depth10_s5,classical,120,oracle,800,532,8,16,160,160,1809,quiesced,false,0.0000
band6_depth10_s5,classical,120,oracle,1600,532,8,16,160,160,1809,quiesced,true,0.0000
band6_depth10_s5,classical,120,oracle,3200,532,8,16,160,160,1809,quiesced,true,0.0000
band6_depth10_s5,classical,120,oracle,6400,532,8,16,160,160,1809,quiesced,true,0.0000
band6_depth10_s5,classical,120,oracle,12800,532,8,16,160,160,1809,quiesced,true,0.0000
band6_depth10_s5,classical,120,oracle,25600,532,8,16,160,160,1809,quiesced,true,0.0000
band6_depth10_s5,classical,120,oracle,51200,532,8,16,160,160,1809,quiesced,true,0.0000
band6_depth10_s5,classical,120,oracle,102400,532,8,16,160,160,1809,quiesced,true,0.0000
band6_depth10_s5,classical,120,oracle,204800,532,8,16,160,160,1809,quiesced,true,0.0000
band6_depth10_s6,classical,92,unguided,25,25,1,62,98,98,2519,app_budget,false,44.1900
band6_depth10_s6,classical,92,unguided,50,50,2,62,100,100,2516,app_budget,false,44.0183
band6_depth10_s6,classical,92,unguided,100,100,3,62,101,101,2512,app_budget,false,43.7894
band6_depth10_s6,classical,92,unguided,200,200,5,62,121,121,1747,app_budget,false,0.0000
band6_depth10_s6,classical,92,unguided,400,282,6,62,121,121,1747,quiesced,false,0.0000
band6_depth10_s6,classical,92,unguided,800,282,6,62,121,121,1747,quiesced,true,0.0000
band6_depth10_s6,classical,92,unguided,1600,282,6,62,121,121,1747,quiesced,true,0.0000
band6_depth10_s6,classical,92,unguided,3200,282,6,62,121,121,1747,quiesced,true,0.0000
band6_depth10_s6,classical,92,unguided,6400,282,6,62,121,121,1747,quiesced,true,0.0000
band6_depth10_s6,classical,92,unguided,12800,282,6,62,121,121,1747,quiesced,true,0.0000
band6_depth10_s6,classical,92,unguided,25600,282,6,62,121,121,1747,quiesced,true,0.0000
band6_depth10_s6,classical,92,unguided,51200,282,6,62,121,121,1747,quiesced,true,0.0000
band6_depth10_s6,classical,92,unguided,102400,282,6,62,121,121,1747,quiesced,true,0.0000
band6_depth10_s6,classical,92,unguided,204800,282,6,62,121,121,1747,quiesced,true,0.0000
band6_depth10_s6,classical,92,oracle,25,25,1,11,98,98,2519,app_budget,false,44.1900
band6_depth10_s6,classical,92,oracle,50,50,2,11,100,100,2516,app_budget,false,44.0183
band6_depth10_s6,classical,92,oracle,100,100,3,11,101,101,2512,app_budget,false,43.7894
band6_depth10_s6,classical,92,oracle,200,200,5,11,121,121,1747,app_budget,false,0.0000
band6_depth10_s6,classical,92,oracle,400,282,6,11,121,121,1747,quiesced,false,0.0000
band6_depth10_s6,classical,92,oracle,800,282,6,11,121,121,1747,quiesced,true,0.0000
band6_depth10_s6,classical,92,oracle,1600,282,6,11,121,121,1747,quiesced,true,0.0000
band6_depth10_s6,classical,92,oracle,3200,282,6,11,121,121,1747,quiesced,true,0.0000
band6_depth10_s6,classical,92,oracle,6400,282,6,11,121,121,1747,quiesced,true,0.0000
band6_depth10_s6,classical,92,oracle,12800,282,6,11,121,121,1747,quiesced,true,0.0000
band6_depth10_s6,classical,92,oracle,25600,282,6,11,121,121,1747,quiesced,true,0.0000
band6_depth10_s6,classical,92,oracle,51200,282,6,11,121,121,1747,quiesced,true,0.0000
band6_depth10_s6,classical,92,oracle,102400,282,6,11,121,121,1747,quiesced,true,0.0000
band6_depth10_s6,classical,92,oracle,204800,282,6,11,121,121,1747,quiesced,true,0.0000
band6_depth10_s7,classical,228,unguided,25,25,1,62,190,190,5508,app_budget,false,68.7500
band6_depth10_s7,classical,228,unguided,50,50,2,62,190,190,5508,app_budget,false,68.7500
band6_depth10_s7,classical,228,unguided,100,100,3,62,193,193,5504,app_budget,false,68.6275
band6_depth10_s7,classical,228,unguided,200,200,4,62,248,248,5504,app_budget,false,68.6275
band6_depth10_s7,classical,228,unguided,400,400,5,62,298,298,5290,app_budget,false,62.0711
band6_depth10_s7,classical,228,unguided,800,800,7,62,359,359,3264,app_budget,false,0.0000
band6_depth10_s7,classical,228,unguided,1600,1600,10,62,371,371,3264,app_budget,false,0.0000
band6_depth10_s7,classical,228,unguided,3200,1957,11,62,371,371,3264,quiesced,false,0.0000
band6_depth10_s7,classical,228,unguided,6400,1957,11,62,371,371,3264,quiesced,true,0.0000
band6_depth10_s7,classical,228,unguided,12800,1957,11,62,371,371,3264,quiesced,true,0.0000
band6_depth10_s7,classical,228,unguided,25600,1957,11,62,371,371,3264,quiesced,true,0.0000
band6_depth10_s7,classical,228,unguided,51200,1957,11,62,371,371,3264,quiesced,true,0.0000
band6_depth10_s7,classical,228,unguided,102400,1957,11,62,371,371,3264,quiesced,true,0.0000
band6_depth10_s7,classical,228,unguided,204800,1957,11,62,371,371,3264,quiesced,true,0.0000
band6_depth10_s7,classical,228,oracle,25,25,1,17,190,190,5508,app_budget,false,68.7500
band6_depth10_s7,classical,228,oracle,50,50,2,17,190,190,5508,app_budget,false,68.7500
band6_depth10_s7,classical,228,oracle,100,100,3,17,193,193,5504,app_budget,false,68.6275
band6_depth10_s7,classical,228,oracle,200,200,4,17,248,248,5504,app_budget,false,68.6275
band6_depth10_s7,classical,228,oracle,400,400,5,17,298,298,5290,app_budget,false,62.0711
band6_depth10_s7,classical,228,oracle,800,800,7,17,359,359,3264,app_budget,false,0.0000
band6_depth10_s7,classical,228,oracle,1600,1600,10,17,371,371,3264,app_budget,false,0.0000
band6_depth10_s7,classical,228,oracle,3200,1957,11,17,371,371,3264,quiesced,false,0.0000
band6_depth10_s7,classical,228,oracle,6400,1957,11,17,371,371,3264,quiesced,true,0.0000
band6_depth10_s7,classical,228,oracle,12800,1957,11,17,371,371,3264,quiesced,true,0.0000
band6_depth10_s7,classical,228,oracle,25600,1957,11,17,371,371,3264,quiesced,true,0.0000
band6_depth10_s7,classical,228,oracle,51200,1957,11,17,371,371,3264,quiesced,true,0.0000
band6_depth10_s7,classical,228,oracle,102400,1957,11,17,371,371,3264,quiesced,true,0.0000
band6_depth10_s7,classical,228,oracle,204800,1957,11,17,371,371,3264,quiesced,true,0.0000
band6_depth10_s8,classical,226,unguided,25,25,1,62,178,178,5009,app_budget,false,46.9777
band6_depth10_s8,classical,226,unguided,50,50,2,62,180,180,5006,app_budget,false,46.8897
band6_depth10_s8,classical,226,unguided,100,100,3,62,181,181,5002,app_budget,false,46.7723
band6_depth10_s8,classical,226,unguided,200,200,4,62,234,234,5002,app_budget,false,46.7723
band6_depth10_s8,classical,226,unguided,400,400,5,62,315,315,4988,app_budget,false,46.3615
band6_depth10_s8,classical,226,unguided,800,800,6,62,510,510,4988,app_budget,false,46.3615
band6_depth10_s8,classical,226,unguided,1600,1600,7,62,751,751,4988,app_budget,false,46.3615
band6_depth10_s8,classical,226,unguided,3200,3200,8,62,1148,1148,3649,app_budget,false,7.0716
band6_depth10_s8,classical,226,unguided,6400,6400,10,62,1543,1543,3413,app_budget,false,0.1467
band6_depth10_s8,classical,226,unguided,12800,12800,13,62,2078,2078,3408,app_budget,false,0.0000
band6_depth10_s8,classical,226,unguided,25600,22884,15,62,3882,3882,3408,class_cap,false,0.0000
band6_depth10_s8,classical,226,unguided,51200,22884,15,62,3882,3882,3408,class_cap,true,0.0000
band6_depth10_s8,classical,226,unguided,102400,22884,15,62,3882,3882,3408,class_cap,true,0.0000
band6_depth10_s8,classical,226,unguided,204800,22884,15,62,3882,3882,3408,class_cap,true,0.0000
band6_depth10_s8,classical,226,oracle,25,25,1,21,178,178,5009,app_budget,false,46.9777
band6_depth10_s8,classical,226,oracle,50,50,2,21,180,180,5006,app_budget,false,46.8897
band6_depth10_s8,classical,226,oracle,100,100,3,21,181,181,5002,app_budget,false,46.7723
band6_depth10_s8,classical,226,oracle,200,200,4,21,234,234,5002,app_budget,false,46.7723
band6_depth10_s8,classical,226,oracle,400,400,5,21,315,315,4988,app_budget,false,46.3615
band6_depth10_s8,classical,226,oracle,800,800,6,21,510,510,4988,app_budget,false,46.3615
band6_depth10_s8,classical,226,oracle,1600,1600,7,21,751,751,4988,app_budget,false,46.3615
band6_depth10_s8,classical,226,oracle,3200,3200,8,21,1148,1148,3649,app_budget,false,7.0716
band6_depth10_s8,classical,226,oracle,6400,6400,10,21,1543,1543,3413,app_budget,false,0.1467
band6_depth10_s8,classical,226,oracle,12800,12800,13,21,2078,2078,3408,app_budget,false,0.0000
band6_depth10_s8,classical,226,oracle,25600,22884,15,21,3882,3882,3408,class_cap,false,0.0000
band6_depth10_s8,classical,226,oracle,51200,22884,15,21,3882,3882,3408,class_cap,true,0.0000
band6_depth10_s8,classical,226,oracle,102400,22884,15,21,3882,3882,3408,class_cap,true,0.0000
band6_depth10_s8,classical,226,oracle,204800,22884,15,21,3882,3882,3408,class_cap,true,0.0000
band6_depth10_s9,classical,224,unguided,25,25,1,62,188,188,5265,app_budget,false,39.8778
band6_depth10_s9,classical,224,unguided,50,50,2,62,188,188,5265,app_budget,false,39.8778
band6_depth10_s9,classical,224,unguided,100,100,3,62,191,191,5257,app_budget,false,39.6652
band6_depth10_s9,classical,224,unguided,200,200,4,62,247,247,5257,app_budget,false,39.6652
band6_depth10_s9,classical,224,unguided,400,400,5,62,314,314,5257,app_budget,false,39.6652
band6_depth10_s9,classical,224,unguided,800,800,6,62,511,511,5257,app_budget,false,39.6652
band6_depth10_s9,classical,224,unguided,1600,1600,7,62,988,988,5257,app_budget,false,39.6652
band6_depth10_s9,classical,224,unguided,3200,3200,8,62,1694,1694,5257,app_budget,false,39.6652
band6_depth10_s9,classical,224,unguided,6400,6400,9,62,2974,2974,5257,app_budget,false,39.6652
band6_depth10_s9,classical,224,unguided,12800,12041,10,62,4665,4665,3764,class_cap,false,0.0000
band6_depth10_s9,classical,224,unguided,25600,12041,10,62,4665,4665,3764,class_cap,true,0.0000
band6_depth10_s9,classical,224,unguided,51200,12041,10,62,4665,4665,3764,class_cap,true,0.0000
band6_depth10_s9,classical,224,unguided,102400,12041,10,62,4665,4665,3764,class_cap,true,0.0000
band6_depth10_s9,classical,224,unguided,204800,12041,10,62,4665,4665,3764,class_cap,true,0.0000
band6_depth10_s9,classical,224,oracle,25,25,1,21,188,188,5265,app_budget,false,39.8778
band6_depth10_s9,classical,224,oracle,50,50,2,21,188,188,5265,app_budget,false,39.8778
band6_depth10_s9,classical,224,oracle,100,100,3,21,191,191,5257,app_budget,false,39.6652
band6_depth10_s9,classical,224,oracle,200,200,4,21,247,247,5257,app_budget,false,39.6652
band6_depth10_s9,classical,224,oracle,400,400,5,21,314,314,5257,app_budget,false,39.6652
band6_depth10_s9,classical,224,oracle,800,800,6,21,511,511,5257,app_budget,false,39.6652
band6_depth10_s9,classical,224,oracle,1600,1600,7,21,988,988,5257,app_budget,false,39.6652
band6_depth10_s9,classical,224,oracle,3200,3200,8,21,1694,1694,5257,app_budget,false,39.6652
band6_depth10_s9,classical,224,oracle,6400,6400,9,21,2974,2974,5257,app_budget,false,39.6652
band6_depth10_s9,classical,224,oracle,12800,12041,10,21,4665,4665,3764,class_cap,false,0.0000
band6_depth10_s9,classical,224,oracle,25600,12041,10,21,4665,4665,3764,class_cap,true,0.0000
band6_depth10_s9,classical,224,oracle,51200,12041,10,21,4665,4665,3764,class_cap,true,0.0000
band6_depth10_s9,classical,224,oracle,102400,12041,10,21,4665,4665,3764,class_cap,true,0.0000
band6_depth10_s9,classical,224,oracle,204800,12041,10,21,4665,4665,3764,class_cap,true,0.0000
band6_depth10_s10,classical,76,unguided,25,25,1,62,77,77,1839,app_budget,false,67.6390
band6_depth10_s10,classical,76,unguided,50,50,2,62,78,78,1835,app_budget,false,67.2744
band6_depth10_s10,classical,76,unguided,100,100,3,62,82,82,1835,app_budget,false,67.2744
band6_depth10_s10,classical,76,unguided,200,200,5,62,101,101,1101,app_budget,false,0.3646
band6_depth10_s10,classical,76,unguided,400,381,7,62,103,103,1097,quiesced,false,0.0000
band6_depth10_s10,classical,76,unguided,800,381,7,62,103,103,1097,quiesced,true,0.0000
band6_depth10_s10,classical,76,unguided,1600,381,7,62,103,103,1097,quiesced,true,0.0000
band6_depth10_s10,classical,76,unguided,3200,381,7,62,103,103,1097,quiesced,true,0.0000
band6_depth10_s10,classical,76,unguided,6400,381,7,62,103,103,1097,quiesced,true,0.0000
band6_depth10_s10,classical,76,unguided,12800,381,7,62,103,103,1097,quiesced,true,0.0000
band6_depth10_s10,classical,76,unguided,25600,381,7,62,103,103,1097,quiesced,true,0.0000
band6_depth10_s10,classical,76,unguided,51200,381,7,62,103,103,1097,quiesced,true,0.0000
band6_depth10_s10,classical,76,unguided,102400,381,7,62,103,103,1097,quiesced,true,0.0000
band6_depth10_s10,classical,76,unguided,204800,381,7,62,103,103,1097,quiesced,true,0.0000
band6_depth10_s10,classical,76,oracle,25,25,1,11,77,77,1839,app_budget,false,67.6390
band6_depth10_s10,classical,76,oracle,50,50,2,11,78,78,1835,app_budget,false,67.2744
band6_depth10_s10,classical,76,oracle,100,100,3,11,82,82,1835,app_budget,false,67.2744
band6_depth10_s10,classical,76,oracle,200,200,5,11,101,101,1101,app_budget,false,0.3646
band6_depth10_s10,classical,76,oracle,400,381,7,11,103,103,1097,quiesced,false,0.0000
band6_depth10_s10,classical,76,oracle,800,381,7,11,103,103,1097,quiesced,true,0.0000
band6_depth10_s10,classical,76,oracle,1600,381,7,11,103,103,1097,quiesced,true,0.0000
band6_depth10_s10,classical,76,oracle,3200,381,7,11,103,103,1097,quiesced,true,0.0000
band6_depth10_s10,classical,76,oracle,6400,381,7,11,103,103,1097,quiesced,true,0.0000
band6_depth10_s10,classical,76,oracle,12800,381,7,11,103,103,1097,quiesced,true,0.0000
band6_depth10_s10,classical,76,oracle,25600,381,7,11,103,103,1097,quiesced,true,0.0000
band6_depth10_s10,classical,76,oracle,51200,381,7,11,103,103,1097,quiesced,true,0.0000
band6_depth10_s10,classical,76,oracle,102400,381,7,11,103,103,1097,quiesced,true,0.0000
band6_depth10_s10,classical,76,oracle,204800,381,7,11,103,103,1097,quiesced,true,0.0000
band6_depth10_s11,classical,208,unguided,25,25,1,62,172,172,4440,app_budget,false,124.9240
band6_depth10_s11,classical,208,unguided,50,50,2,62,172,172,4440,app_budget,false,124.9240
band6_depth10_s11,classical,208,unguided,100,100,3,62,175,175,4428,app_budget,false,124.3161
band6_depth10_s11,classical,208,unguided,200,200,4,62,228,228,4428,app_budget,false,124.3161
band6_depth10_s11,classical,208,unguided,400,400,5,62,291,291,4414,app_budget,false,123.6069
band6_depth10_s11,classical,208,unguided,800,800,6,62,456,456,4414,app_budget,false,123.6069
band6_depth10_s11,classical,208,unguided,1600,1600,7,62,700,700,4414,app_budget,false,123.6069
band6_depth10_s11,classical,208,unguided,3200,3200,8,62,1144,1144,2200,app_budget,false,11.4488
band6_depth10_s11,classical,208,unguided,6400,6400,9,62,1981,1981,1981,app_budget,false,0.3546
band6_depth10_s11,classical,208,unguided,12800,12800,11,62,2575,2575,1974,app_budget,false,0.0000
band6_depth10_s11,classical,208,unguided,25600,17719,12,62,2618,2618,1974,class_cap,false,0.0000
band6_depth10_s11,classical,208,unguided,51200,17719,12,62,2618,2618,1974,class_cap,true,0.0000
band6_depth10_s11,classical,208,unguided,102400,17719,12,62,2618,2618,1974,class_cap,true,0.0000
band6_depth10_s11,classical,208,unguided,204800,17719,12,62,2618,2618,1974,class_cap,true,0.0000
band6_depth10_s11,classical,208,oracle,25,25,1,22,172,172,4440,app_budget,false,124.9240
band6_depth10_s11,classical,208,oracle,50,50,2,22,172,172,4440,app_budget,false,124.9240
band6_depth10_s11,classical,208,oracle,100,100,3,22,175,175,4428,app_budget,false,124.3161
band6_depth10_s11,classical,208,oracle,200,200,4,22,228,228,4428,app_budget,false,124.3161
band6_depth10_s11,classical,208,oracle,400,400,5,22,291,291,4414,app_budget,false,123.6069
band6_depth10_s11,classical,208,oracle,800,800,6,22,456,456,4414,app_budget,false,123.6069
band6_depth10_s11,classical,208,oracle,1600,1600,7,22,700,700,4414,app_budget,false,123.6069
band6_depth10_s11,classical,208,oracle,3200,3200,8,22,1144,1144,2200,app_budget,false,11.4488
band6_depth10_s11,classical,208,oracle,6400,6400,9,22,1981,1981,1981,app_budget,false,0.3546
band6_depth10_s11,classical,208,oracle,12800,12800,11,22,2575,2575,1974,app_budget,false,0.0000
band6_depth10_s11,classical,208,oracle,25600,17719,12,22,2618,2618,1974,class_cap,false,0.0000
band6_depth10_s11,classical,208,oracle,51200,17719,12,22,2618,2618,1974,class_cap,true,0.0000
band6_depth10_s11,classical,208,oracle,102400,17719,12,22,2618,2618,1974,class_cap,true,0.0000
band6_depth10_s11,classical,208,oracle,204800,17719,12,22,2618,2618,1974,class_cap,true,0.0000
band6_depth10_s12,classical,187,unguided,25,25,1,62,158,158,4471,app_budget,false,59.6216
band6_depth10_s12,classical,187,unguided,50,50,2,62,158,158,4471,app_budget,false,59.6216
band6_depth10_s12,classical,187,unguided,100,100,3,62,158,158,4471,app_budget,false,59.6216
band6_depth10_s12,classical,187,unguided,200,200,4,62,213,213,4441,app_budget,false,58.5505
band6_depth10_s12,classical,187,unguided,400,400,6,62,256,256,2801,app_budget,false,0.0000
band6_depth10_s12,classical,187,unguided,800,609,7,62,256,256,2801,quiesced,false,0.0000
band6_depth10_s12,classical,187,unguided,1600,609,7,62,256,256,2801,quiesced,true,0.0000
band6_depth10_s12,classical,187,unguided,3200,609,7,62,256,256,2801,quiesced,true,0.0000
band6_depth10_s12,classical,187,unguided,6400,609,7,62,256,256,2801,quiesced,true,0.0000
band6_depth10_s12,classical,187,unguided,12800,609,7,62,256,256,2801,quiesced,true,0.0000
band6_depth10_s12,classical,187,unguided,25600,609,7,62,256,256,2801,quiesced,true,0.0000
band6_depth10_s12,classical,187,unguided,51200,609,7,62,256,256,2801,quiesced,true,0.0000
band6_depth10_s12,classical,187,unguided,102400,609,7,62,256,256,2801,quiesced,true,0.0000
band6_depth10_s12,classical,187,unguided,204800,609,7,62,256,256,2801,quiesced,true,0.0000
band6_depth10_s12,classical,187,oracle,25,25,1,20,158,158,4471,app_budget,false,59.6216
band6_depth10_s12,classical,187,oracle,50,50,2,20,158,158,4471,app_budget,false,59.6216
band6_depth10_s12,classical,187,oracle,100,100,3,20,158,158,4471,app_budget,false,59.6216
band6_depth10_s12,classical,187,oracle,200,200,4,20,214,214,4441,app_budget,false,58.5505
band6_depth10_s12,classical,187,oracle,400,400,6,20,256,256,2801,app_budget,false,0.0000
band6_depth10_s12,classical,187,oracle,800,607,7,20,256,256,2801,quiesced,false,0.0000
band6_depth10_s12,classical,187,oracle,1600,607,7,20,256,256,2801,quiesced,true,0.0000
band6_depth10_s12,classical,187,oracle,3200,607,7,20,256,256,2801,quiesced,true,0.0000
band6_depth10_s12,classical,187,oracle,6400,607,7,20,256,256,2801,quiesced,true,0.0000
band6_depth10_s12,classical,187,oracle,12800,607,7,20,256,256,2801,quiesced,true,0.0000
band6_depth10_s12,classical,187,oracle,25600,607,7,20,256,256,2801,quiesced,true,0.0000
band6_depth10_s12,classical,187,oracle,51200,607,7,20,256,256,2801,quiesced,true,0.0000
band6_depth10_s12,classical,187,oracle,102400,607,7,20,256,256,2801,quiesced,true,0.0000
band6_depth10_s12,classical,187,oracle,204800,607,7,20,256,256,2801,quiesced,true,0.0000
band6_depth10_s13,classical,76,unguided,25,25,1,62,81,81,1886,app_budget,false,41.2734
band6_depth10_s13,classical,76,unguided,50,50,2,62,81,81,1886,app_budget,false,41.2734
band6_depth10_s13,classical,76,unguided,100,100,3,62,85,85,1886,app_budget,false,41.2734
band6_depth10_s13,classical,76,unguided,200,200,5,62,97,97,1335,app_budget,false,0.0000
band6_depth10_s13,classical,76,unguided,400,273,6,62,97,97,1335,quiesced,false,0.0000
band6_depth10_s13,classical,76,unguided,800,273,6,62,97,97,1335,quiesced,true,0.0000
band6_depth10_s13,classical,76,unguided,1600,273,6,62,97,97,1335,quiesced,true,0.0000
band6_depth10_s13,classical,76,unguided,3200,273,6,62,97,97,1335,quiesced,true,0.0000
band6_depth10_s13,classical,76,unguided,6400,273,6,62,97,97,1335,quiesced,true,0.0000
band6_depth10_s13,classical,76,unguided,12800,273,6,62,97,97,1335,quiesced,true,0.0000
band6_depth10_s13,classical,76,unguided,25600,273,6,62,97,97,1335,quiesced,true,0.0000
band6_depth10_s13,classical,76,unguided,51200,273,6,62,97,97,1335,quiesced,true,0.0000
band6_depth10_s13,classical,76,unguided,102400,273,6,62,97,97,1335,quiesced,true,0.0000
band6_depth10_s13,classical,76,unguided,204800,273,6,62,97,97,1335,quiesced,true,0.0000
band6_depth10_s13,classical,76,oracle,25,25,1,10,81,81,1886,app_budget,false,41.2734
band6_depth10_s13,classical,76,oracle,50,50,2,10,81,81,1886,app_budget,false,41.2734
band6_depth10_s13,classical,76,oracle,100,100,3,10,85,85,1886,app_budget,false,41.2734
band6_depth10_s13,classical,76,oracle,200,200,5,10,97,97,1335,app_budget,false,0.0000
band6_depth10_s13,classical,76,oracle,400,273,6,10,97,97,1335,quiesced,false,0.0000
band6_depth10_s13,classical,76,oracle,800,273,6,10,97,97,1335,quiesced,true,0.0000
band6_depth10_s13,classical,76,oracle,1600,273,6,10,97,97,1335,quiesced,true,0.0000
band6_depth10_s13,classical,76,oracle,3200,273,6,10,97,97,1335,quiesced,true,0.0000
band6_depth10_s13,classical,76,oracle,6400,273,6,10,97,97,1335,quiesced,true,0.0000
band6_depth10_s13,classical,76,oracle,12800,273,6,10,97,97,1335,quiesced,true,0.0000
band6_depth10_s13,classical,76,oracle,25600,273,6,10,97,97,1335,quiesced,true,0.0000
band6_depth10_s13,classical,76,oracle,51200,273,6,10,97,97,1335,quiesced,true,0.0000
band6_depth10_s13,classical,76,oracle,102400,273,6,10,97,97,1335,quiesced,true,0.0000
band6_depth10_s13,classical,76,oracle,204800,273,6,10,97,97,1335,quiesced,true,0.0000
band6_depth10_s14,classical,235,unguided,25,25,1,62,189,189,4451,app_budget,false,55.5206
band6_depth10_s14,classical,235,unguided,50,50,2,62,189,189,4451,app_budget,false,55.5206
band6_depth10_s14,classical,235,unguided,100,100,3,62,193,193,4448,app_budget,false,55.4158
band6_depth10_s14,classical,235,unguided,200,200,4,62,243,243,4428,app_budget,false,54.7170
band6_depth10_s14,classical,235,unguided,400,400,5,62,325,325,4428,app_budget,false,54.7170
band6_depth10_s14,classical,235,unguided,800,800,6,62,451,451,4428,app_budget,false,54.7170
band6_depth10_s14,classical,235,unguided,1600,1600,7,62,656,656,2912,app_budget,false,1.7470
band6_depth10_s14,classical,235,unguided,3200,3200,9,62,794,794,2866,app_budget,false,0.1398
band6_depth10_s14,classical,235,unguided,6400,5656,11,62,798,798,2862,quiesced,false,0.0000
band6_depth10_s14,classical,235,unguided,12800,5656,11,62,798,798,2862,quiesced,true,0.0000
band6_depth10_s14,classical,235,unguided,25600,5656,11,62,798,798,2862,quiesced,true,0.0000
band6_depth10_s14,classical,235,unguided,51200,5656,11,62,798,798,2862,quiesced,true,0.0000
band6_depth10_s14,classical,235,unguided,102400,5656,11,62,798,798,2862,quiesced,true,0.0000
band6_depth10_s14,classical,235,unguided,204800,5656,11,62,798,798,2862,quiesced,true,0.0000
band6_depth10_s14,classical,235,oracle,25,25,1,21,189,189,4451,app_budget,false,55.5206
band6_depth10_s14,classical,235,oracle,50,50,2,21,189,189,4451,app_budget,false,55.5206
band6_depth10_s14,classical,235,oracle,100,100,3,21,193,193,4448,app_budget,false,55.4158
band6_depth10_s14,classical,235,oracle,200,200,4,21,243,243,4428,app_budget,false,54.7170
band6_depth10_s14,classical,235,oracle,400,400,5,21,325,325,4428,app_budget,false,54.7170
band6_depth10_s14,classical,235,oracle,800,800,6,21,451,451,4428,app_budget,false,54.7170
band6_depth10_s14,classical,235,oracle,1600,1600,7,21,656,656,2912,app_budget,false,1.7470
band6_depth10_s14,classical,235,oracle,3200,3200,9,21,794,794,2866,app_budget,false,0.1398
band6_depth10_s14,classical,235,oracle,6400,5656,11,21,798,798,2862,quiesced,false,0.0000
band6_depth10_s14,classical,235,oracle,12800,5656,11,21,798,798,2862,quiesced,true,0.0000
band6_depth10_s14,classical,235,oracle,25600,5656,11,21,798,798,2862,quiesced,true,0.0000
band6_depth10_s14,classical,235,oracle,51200,5656,11,21,798,798,2862,quiesced,true,0.0000
band6_depth10_s14,classical,235,oracle,102400,5656,11,21,798,798,2862,quiesced,true,0.0000
band6_depth10_s14,classical,235,oracle,204800,5656,11,21,798,798,2862,quiesced,true,0.0000
band6_depth10_s15,rapid,47,unguided,25,25,1,62,63,63,1148,app_budget,false,165.1270
band6_depth10_s15,rapid,47,unguided,50,50,2,62,64,64,1148,app_budget,false,165.1270
band6_depth10_s15,rapid,47,unguided,100,100,3,62,70,70,1148,app_budget,false,165.1270
band6_depth10_s15,rapid,47,unguided,200,200,5,62,76,76,433,app_budget,false,0.0000
band6_depth10_s15,rapid,47,unguided,400,267,6,62,76,76,433,quiesced,false,0.0000
band6_depth10_s15,rapid,47,unguided,800,267,6,62,76,76,433,quiesced,true,0.0000
band6_depth10_s15,rapid,47,unguided,1600,267,6,62,76,76,433,quiesced,true,0.0000
band6_depth10_s15,rapid,47,unguided,3200,267,6,62,76,76,433,quiesced,true,0.0000
band6_depth10_s15,rapid,47,unguided,6400,267,6,62,76,76,433,quiesced,true,0.0000
band6_depth10_s15,rapid,47,unguided,12800,267,6,62,76,76,433,quiesced,true,0.0000
band6_depth10_s15,rapid,47,unguided,25600,267,6,62,76,76,433,quiesced,true,0.0000
band6_depth10_s15,rapid,47,unguided,51200,267,6,62,76,76,433,quiesced,true,0.0000
band6_depth10_s15,rapid,47,unguided,102400,267,6,62,76,76,433,quiesced,true,0.0000
band6_depth10_s15,rapid,47,unguided,204800,267,6,62,76,76,433,quiesced,true,0.0000
band6_depth10_s15,rapid,47,oracle,25,25,1,12,64,64,968,app_budget,false,123.5566
band6_depth10_s15,rapid,47,oracle,50,50,2,12,65,65,968,app_budget,false,123.5566
band6_depth10_s15,rapid,47,oracle,100,100,3,12,71,71,968,app_budget,false,123.5566
band6_depth10_s15,rapid,47,oracle,200,200,5,12,76,76,433,app_budget,false,0.0000
band6_depth10_s15,rapid,47,oracle,400,265,6,12,76,76,433,quiesced,false,0.0000
band6_depth10_s15,rapid,47,oracle,800,265,6,12,76,76,433,quiesced,true,0.0000
band6_depth10_s15,rapid,47,oracle,1600,265,6,12,76,76,433,quiesced,true,0.0000
band6_depth10_s15,rapid,47,oracle,3200,265,6,12,76,76,433,quiesced,true,0.0000
band6_depth10_s15,rapid,47,oracle,6400,265,6,12,76,76,433,quiesced,true,0.0000
band6_depth10_s15,rapid,47,oracle,12800,265,6,12,76,76,433,quiesced,true,0.0000
band6_depth10_s15,rapid,47,oracle,25600,265,6,12,76,76,433,quiesced,true,0.0000
band6_depth10_s15,rapid,47,oracle,51200,265,6,12,76,76,433,quiesced,true,0.0000
band6_depth10_s15,rapid,47,oracle,102400,265,6,12,76,76,433,quiesced,true,0.0000
band6_depth10_s15,rapid,47,oracle,204800,265,6,12,76,76,433,quiesced,true,0.0000
band6_depth10_s16,classical,259,unguided,25,25,1,62,209,209,5571,app_budget,false,106.9465
band6_depth10_s16,classical,259,unguided,50,50,2,62,210,210,5564,app_budget,false,106.6865
band6_depth10_s16,classical,259,unguided,100,100,3,62,211,211,5564,app_budget,false,106.6865
band6_depth10_s16,classical,259,unguided,200,200,4,62,268,268,5555,app_budget,false,106.3522
band6_depth10_s16,classical,259,unguided,400,400,5,62,345,345,5545,app_budget,false,105.9807
band6_depth10_s16,classical,259,unguided,800,800,6,62,519,519,5545,app_budget,false,105.9807
band6_depth10_s16,classical,259,unguided,1600,1600,7,62,724,724,5540,app_budget,false,105.7949
band6_depth10_s16,classical,259,unguided,3200,3200,9,62,1133,1133,2887,app_budget,false,7.2437
band6_depth10_s16,classical,259,unguided,6400,6400,11,62,1231,1231,2692,app_budget,false,0.0000
band6_depth10_s16,classical,259,unguided,12800,10296,13,62,1236,1236,2692,quiesced,false,0.0000
band6_depth10_s16,classical,259,unguided,25600,10296,13,62,1236,1236,2692,quiesced,true,0.0000
band6_depth10_s16,classical,259,unguided,51200,10296,13,62,1236,1236,2692,quiesced,true,0.0000
band6_depth10_s16,classical,259,unguided,102400,10296,13,62,1236,1236,2692,quiesced,true,0.0000
band6_depth10_s16,classical,259,unguided,204800,10296,13,62,1236,1236,2692,quiesced,true,0.0000
band6_depth10_s16,classical,259,oracle,25,25,1,22,209,209,5571,app_budget,false,106.9465
band6_depth10_s16,classical,259,oracle,50,50,2,22,210,210,5564,app_budget,false,106.6865
band6_depth10_s16,classical,259,oracle,100,100,3,22,211,211,5564,app_budget,false,106.6865
band6_depth10_s16,classical,259,oracle,200,200,4,22,268,268,5555,app_budget,false,106.3522
band6_depth10_s16,classical,259,oracle,400,400,5,22,345,345,5545,app_budget,false,105.9807
band6_depth10_s16,classical,259,oracle,800,800,6,22,519,519,5545,app_budget,false,105.9807
band6_depth10_s16,classical,259,oracle,1600,1600,7,22,724,724,5540,app_budget,false,105.7949
band6_depth10_s16,classical,259,oracle,3200,3200,9,22,1133,1133,2887,app_budget,false,7.2437
band6_depth10_s16,classical,259,oracle,6400,6400,11,22,1231,1231,2692,app_budget,false,0.0000
band6_depth10_s16,classical,259,oracle,12800,10296,13,22,1236,1236,2692,quiesced,false,0.0000
band6_depth10_s16,classical,259,oracle,25600,10296,13,22,1236,1236,2692,quiesced,true,0.0000
band6_depth10_s16,classical,259,oracle,51200,10296,13,22,1236,1236,2692,quiesced,true,0.0000
band6_depth10_s16,classical,259,oracle,102400,10296,13,22,1236,1236,2692,quiesced,true,0.0000
band6_depth10_s16,classical,259,oracle,204800,10296,13,22,1236,1236,2692,quiesced,true,0.0000
band6_depth10_s17,classical,149,unguided,25,25,1,62,121,121,2979,app_budget,false,130.2164
band6_depth10_s17,classical,149,unguided,50,50,2,62,121,121,2976,app_budget,false,129.9845
band6_depth10_s17,classical,149,unguided,100,100,3,62,123,123,2976,app_budget,false,129.9845
band6_depth10_s17,classical,149,unguided,200,200,4,62,186,186,2976,app_budget,false,129.9845
band6_depth10_s17,classical,149,unguided,400,400,5,62,287,287,2976,app_budget,false,129.9845
band6_depth10_s17,classical,149,unguided,800,800,6,62,461,461,2976,app_budget,false,129.9845
band6_depth10_s17,classical,149,unguided,1600,1600,7,62,705,705,2976,app_budget,false,129.9845
band6_depth10_s17,classical,149,unguided,3200,3200,8,62,1121,1121,1504,app_budget,false,16.2287
band6_depth10_s17,classical,149,unguided,6400,6400,9,62,1908,1908,1294,app_budget,false,0.0000
band6_depth10_s17,classical,149,unguided,12800,12800,11,62,2973,2973,1294,app_budget,false,0.0000
band6_depth10_s17,classical,149,unguided,25600,18744,12,62,3154,3154,1294,class_cap,false,0.0000
band6_depth10_s17,classical,149,unguided,51200,18744,12,62,3154,3154,1294,class_cap,true,0.0000
band6_depth10_s17,classical,149,unguided,102400,18744,12,62,3154,3154,1294,class_cap,true,0.0000
band6_depth10_s17,classical,149,unguided,204800,18744,12,62,3154,3154,1294,class_cap,true,0.0000
band6_depth10_s17,classical,149,oracle,25,25,1,19,121,121,2979,app_budget,false,130.2164
band6_depth10_s17,classical,149,oracle,50,50,2,19,121,121,2976,app_budget,false,129.9845
band6_depth10_s17,classical,149,oracle,100,100,3,19,123,123,2976,app_budget,false,129.9845
band6_depth10_s17,classical,149,oracle,200,200,4,19,186,186,2976,app_budget,false,129.9845
band6_depth10_s17,classical,149,oracle,400,400,5,19,287,287,2976,app_budget,false,129.9845
band6_depth10_s17,classical,149,oracle,800,800,6,19,461,461,2976,app_budget,false,129.9845
band6_depth10_s17,classical,149,oracle,1600,1600,7,19,705,705,2976,app_budget,false,129.9845
band6_depth10_s17,classical,149,oracle,3200,3200,8,19,1123,1123,1324,app_budget,false,2.3184
band6_depth10_s17,classical,149,oracle,6400,6400,9,19,1917,1917,1294,app_budget,false,0.0000
band6_depth10_s17,classical,149,oracle,12800,12800,11,19,2992,2992,1294,app_budget,false,0.0000
band6_depth10_s17,classical,149,oracle,25600,18714,12,19,3152,3152,1294,class_cap,false,0.0000
band6_depth10_s17,classical,149,oracle,51200,18714,12,19,3152,3152,1294,class_cap,true,0.0000
band6_depth10_s17,classical,149,oracle,102400,18714,12,19,3152,3152,1294,class_cap,true,0.0000
band6_depth10_s17,classical,149,oracle,204800,18714,12,19,3152,3152,1294,class_cap,true,0.0000
band6_depth10_s18,classical,197,unguided,25,25,1,62,160,160,4086,app_budget,false,111.1628
band6_depth10_s18,classical,197,unguided,50,50,2,62,162,162,4078,app_budget,false,110.7494
band6_depth10_s18,classical,197,unguided,100,100,3,62,166,166,4059,app_budget,false,109.7674
band6_depth10_s18,classical,197,unguided,200,200,4,62,220,220,4054,app_budget,false,109.5090
band6_depth10_s18,classical,197,unguided,400,400,5,62,283,283,4059,app_budget,false,109.7674
band6_depth10_s18,classical,197,unguided,800,800,6,62,443,443,3448,app_budget,false,78.1912
band6_depth10_s18,classical,197,unguided,1600,1600,7,62,721,721,1951,app_budget,false,0.8269
band6_depth10_s18,classical,197,unguided,3200,3200,9,62,1195,1195,1935,app_budget,false,0.0000
band6_depth10_s18,classical,197,unguided,6400,6400,11,62,1846,1846,1939,app_budget,false,0.2067
band6_depth10_s18,classical,197,unguided,12800,12800,13,62,2560,2560,1939,app_budget,false,0.2067
band6_depth10_s18,classical,197,unguided,25600,23603,15,62,3255,3255,1939,class_cap,false,0.2067
band6_depth10_s18,classical,197,unguided,51200,23603,15,62,3255,3255,1939,class_cap,true,0.2067
band6_depth10_s18,classical,197,unguided,102400,23603,15,62,3255,3255,1939,class_cap,true,0.2067
band6_depth10_s18,classical,197,unguided,204800,23603,15,62,3255,3255,1939,class_cap,true,0.2067
band6_depth10_s18,classical,197,oracle,25,25,1,26,160,160,4086,app_budget,false,111.1628
band6_depth10_s18,classical,197,oracle,50,50,2,26,162,162,4078,app_budget,false,110.7494
band6_depth10_s18,classical,197,oracle,100,100,3,26,166,166,4059,app_budget,false,109.7674
band6_depth10_s18,classical,197,oracle,200,200,4,26,220,220,4054,app_budget,false,109.5090
band6_depth10_s18,classical,197,oracle,400,400,5,26,283,283,4059,app_budget,false,109.7674
band6_depth10_s18,classical,197,oracle,800,800,6,26,443,443,3448,app_budget,false,78.1912
band6_depth10_s18,classical,197,oracle,1600,1600,7,26,723,723,1947,app_budget,false,0.6202
band6_depth10_s18,classical,197,oracle,3200,3200,9,26,1196,1196,1935,app_budget,false,0.0000
band6_depth10_s18,classical,197,oracle,6400,6400,11,26,1846,1846,1939,app_budget,false,0.2067
band6_depth10_s18,classical,197,oracle,12800,12800,13,26,2560,2560,1939,app_budget,false,0.2067
band6_depth10_s18,classical,197,oracle,25600,23595,15,26,3255,3255,1939,class_cap,false,0.2067
band6_depth10_s18,classical,197,oracle,51200,23595,15,26,3255,3255,1939,class_cap,true,0.2067
band6_depth10_s18,classical,197,oracle,102400,23595,15,26,3255,3255,1939,class_cap,true,0.2067
band6_depth10_s18,classical,197,oracle,204800,23595,15,26,3255,3255,1939,class_cap,true,0.2067
band6_depth10_s19,rapid,15,unguided,25,22,2,62,20,20,254,quiesced,false,0.0000
band6_depth10_s19,rapid,15,unguided,50,22,2,62,20,20,254,quiesced,true,0.0000
band6_depth10_s19,rapid,15,unguided,100,22,2,62,20,20,254,quiesced,true,0.0000
band6_depth10_s19,rapid,15,unguided,200,22,2,62,20,20,254,quiesced,true,0.0000
band6_depth10_s19,rapid,15,unguided,400,22,2,62,20,20,254,quiesced,true,0.0000
band6_depth10_s19,rapid,15,unguided,800,22,2,62,20,20,254,quiesced,true,0.0000
band6_depth10_s19,rapid,15,unguided,1600,22,2,62,20,20,254,quiesced,true,0.0000
band6_depth10_s19,rapid,15,unguided,3200,22,2,62,20,20,254,quiesced,true,0.0000
band6_depth10_s19,rapid,15,unguided,6400,22,2,62,20,20,254,quiesced,true,0.0000
band6_depth10_s19,rapid,15,unguided,12800,22,2,62,20,20,254,quiesced,true,0.0000
band6_depth10_s19,rapid,15,unguided,25600,22,2,62,20,20,254,quiesced,true,0.0000
band6_depth10_s19,rapid,15,unguided,51200,22,2,62,20,20,254,quiesced,true,0.0000
band6_depth10_s19,rapid,15,unguided,102400,22,2,62,20,20,254,quiesced,true,0.0000
band6_depth10_s19,rapid,15,unguided,204800,22,2,62,20,20,254,quiesced,true,0.0000
band6_depth10_s19,rapid,15,oracle,25,22,2,6,20,20,254,quiesced,false,0.0000
band6_depth10_s19,rapid,15,oracle,50,22,2,6,20,20,254,quiesced,true,0.0000
band6_depth10_s19,rapid,15,oracle,100,22,2,6,20,20,254,quiesced,true,0.0000
band6_depth10_s19,rapid,15,oracle,200,22,2,6,20,20,254,quiesced,true,0.0000
band6_depth10_s19,rapid,15,oracle,400,22,2,6,20,20,254,quiesced,true,0.0000
band6_depth10_s19,rapid,15,oracle,800,22,2,6,20,20,254,quiesced,true,0.0000
band6_depth10_s19,rapid,15,oracle,1600,22,2,6,20,20,254,quiesced,true,0.0000
band6_depth10_s19,rapid,15,oracle,3200,22,2,6,20,20,254,quiesced,true,0.0000
band6_depth10_s19,rapid,15,oracle,6400,22,2,6,20,20,254,quiesced,true,0.0000
band6_depth10_s19,rapid,15,oracle,12800,22,2,6,20,20,254,quiesced,true,0.0000
band6_depth10_s19,rapid,15,oracle,25600,22,2,6,20,20,254,quiesced,true,0.0000
band6_depth10_s19,rapid,15,oracle,51200,22,2,6,20,20,254,quiesced,true,0.0000
band6_depth10_s19,rapid,15,oracle,102400,22,2,6,20,20,254,quiesced,true,0.0000
band6_depth10_s19,rapid,15,oracle,204800,22,2,6,20,20,254,quiesced,true,0.0000
band6_depth10_s20,rapid,46,unguided,25,25,1,62,63,63,1241,app_budget,false,145.7426
band6_depth10_s20,rapid,46,unguided,50,50,2,62,63,63,1241,app_budget,false,145.7426
band6_depth10_s20,rapid,46,unguided,100,100,3,62,68,68,1241,app_budget,false,145.7426
band6_depth10_s20,rapid,46,unguided,200,200,5,62,77,77,505,app_budget,false,0.0000
band6_depth10_s20,rapid,46,unguided,400,271,6,62,77,77,505,quiesced,false,0.0000
band6_depth10_s20,rapid,46,unguided,800,271,6,62,77,77,505,quiesced,true,0.0000
band6_depth10_s20,rapid,46,unguided,1600,271,6,62,77,77,505,quiesced,true,0.0000
band6_depth10_s20,rapid,46,unguided,3200,271,6,62,77,77,505,quiesced,true,0.0000
band6_depth10_s20,rapid,46,unguided,6400,271,6,62,77,77,505,quiesced,true,0.0000
band6_depth10_s20,rapid,46,unguided,12800,271,6,62,77,77,505,quiesced,true,0.0000
band6_depth10_s20,rapid,46,unguided,25600,271,6,62,77,77,505,quiesced,true,0.0000
band6_depth10_s20,rapid,46,unguided,51200,271,6,62,77,77,505,quiesced,true,0.0000
band6_depth10_s20,rapid,46,unguided,102400,271,6,62,77,77,505,quiesced,true,0.0000
band6_depth10_s20,rapid,46,unguided,204800,271,6,62,77,77,505,quiesced,true,0.0000
band6_depth10_s20,rapid,46,oracle,25,25,1,12,63,63,1241,app_budget,false,145.7426
band6_depth10_s20,rapid,46,oracle,50,50,2,12,63,63,1241,app_budget,false,145.7426
band6_depth10_s20,rapid,46,oracle,100,100,3,12,68,68,1241,app_budget,false,145.7426
band6_depth10_s20,rapid,46,oracle,200,200,5,12,77,77,505,app_budget,false,0.0000
band6_depth10_s20,rapid,46,oracle,400,269,6,12,77,77,505,quiesced,false,0.0000
band6_depth10_s20,rapid,46,oracle,800,269,6,12,77,77,505,quiesced,true,0.0000
band6_depth10_s20,rapid,46,oracle,1600,269,6,12,77,77,505,quiesced,true,0.0000
band6_depth10_s20,rapid,46,oracle,3200,269,6,12,77,77,505,quiesced,true,0.0000
band6_depth10_s20,rapid,46,oracle,6400,269,6,12,77,77,505,quiesced,true,0.0000
band6_depth10_s20,rapid,46,oracle,12800,269,6,12,77,77,505,quiesced,true,0.0000
band6_depth10_s20,rapid,46,oracle,25600,269,6,12,77,77,505,quiesced,true,0.0000
band6_depth10_s20,rapid,46,oracle,51200,269,6,12,77,77,505,quiesced,true,0.0000
band6_depth10_s20,rapid,46,oracle,102400,269,6,12,77,77,505,quiesced,true,0.0000
band6_depth10_s20,rapid,46,oracle,204800,269,6,12,77,77,505,quiesced,true,0.0000
band6_depth10_s21,classical,57,unguided,25,25,1,62,72,72,912,app_budget,false,4.7072
band6_depth10_s21,classical,57,unguided,50,50,2,62,73,73,904,app_budget,false,3.7887
band6_depth10_s21,classical,57,unguided,100,100,4,62,79,79,871,app_budget,false,0.0000
band6_depth10_s21,classical,57,unguided,200,147,5,62,79,79,871,quiesced,false,0.0000
band6_depth10_s21,classical,57,unguided,400,147,5,62,79,79,871,quiesced,true,0.0000
band6_depth10_s21,classical,57,unguided,800,147,5,62,79,79,871,quiesced,true,0.0000
band6_depth10_s21,classical,57,unguided,1600,147,5,62,79,79,871,quiesced,true,0.0000
band6_depth10_s21,classical,57,unguided,3200,147,5,62,79,79,871,quiesced,true,0.0000
band6_depth10_s21,classical,57,unguided,6400,147,5,62,79,79,871,quiesced,true,0.0000
band6_depth10_s21,classical,57,unguided,12800,147,5,62,79,79,871,quiesced,true,0.0000
band6_depth10_s21,classical,57,unguided,25600,147,5,62,79,79,871,quiesced,true,0.0000
band6_depth10_s21,classical,57,unguided,51200,147,5,62,79,79,871,quiesced,true,0.0000
band6_depth10_s21,classical,57,unguided,102400,147,5,62,79,79,871,quiesced,true,0.0000
band6_depth10_s21,classical,57,unguided,204800,147,5,62,79,79,871,quiesced,true,0.0000
band6_depth10_s21,classical,57,oracle,25,25,1,11,72,72,912,app_budget,false,4.7072
band6_depth10_s21,classical,57,oracle,50,50,2,11,73,73,904,app_budget,false,3.7887
band6_depth10_s21,classical,57,oracle,100,100,4,11,79,79,871,app_budget,false,0.0000
band6_depth10_s21,classical,57,oracle,200,147,5,11,79,79,871,quiesced,false,0.0000
band6_depth10_s21,classical,57,oracle,400,147,5,11,79,79,871,quiesced,true,0.0000
band6_depth10_s21,classical,57,oracle,800,147,5,11,79,79,871,quiesced,true,0.0000
band6_depth10_s21,classical,57,oracle,1600,147,5,11,79,79,871,quiesced,true,0.0000
band6_depth10_s21,classical,57,oracle,3200,147,5,11,79,79,871,quiesced,true,0.0000
band6_depth10_s21,classical,57,oracle,6400,147,5,11,79,79,871,quiesced,true,0.0000
band6_depth10_s21,classical,57,oracle,12800,147,5,11,79,79,871,quiesced,true,0.0000
band6_depth10_s21,classical,57,oracle,25600,147,5,11,79,79,871,quiesced,true,0.0000
band6_depth10_s21,classical,57,oracle,51200,147,5,11,79,79,871,quiesced,true,0.0000
band6_depth10_s21,classical,57,oracle,102400,147,5,11,79,79,871,quiesced,true,0.0000
band6_depth10_s21,classical,57,oracle,204800,147,5,11,79,79,871,quiesced,true,0.0000
band7_depth12_s0,classical,656,unguided,25,25,1,62,466,466,12754,app_budget,false,52.1594
band7_depth12_s0,classical,656,unguided,50,50,2,62,467,467,12738,app_budget,false,51.9685
band7_depth12_s0,classical,656,unguided,100,100,3,62,477,477,12695,app_budget,false,51.4555
band7_depth12_s0,classical,656,unguided,200,200,4,62,522,522,12683,app_budget,false,51.3123
band7_depth12_s0,classical,656,unguided,400,400,5,62,577,577,12683,app_budget,false,51.3123
band7_depth12_s0,classical,656,unguided,800,800,6,62,765,765,12673,app_budget,false,51.1930
band7_depth12_s0,classical,656,unguided,1600,1600,7,62,1165,1165,12673,app_budget,false,51.1930
band7_depth12_s0,classical,656,unguided,3200,3200,8,62,1977,1977,12673,app_budget,false,51.1930
band7_depth12_s0,classical,656,unguided,6400,6400,9,62,3361,3361,12673,app_budget,false,51.1930
band7_depth12_s0,classical,656,unguided,12800,11678,10,62,4755,4755,8382,class_cap,false,0.0000
band7_depth12_s0,classical,656,unguided,25600,11678,10,62,4755,4755,8382,class_cap,true,0.0000
band7_depth12_s0,classical,656,unguided,51200,11678,10,62,4755,4755,8382,class_cap,true,0.0000
band7_depth12_s0,classical,656,unguided,102400,11678,10,62,4755,4755,8382,class_cap,true,0.0000
band7_depth12_s0,classical,656,unguided,204800,11678,10,62,4755,4755,8382,class_cap,true,0.0000
band7_depth12_s0,classical,656,oracle,25,25,1,31,466,466,12754,app_budget,false,52.1594
band7_depth12_s0,classical,656,oracle,50,50,2,31,467,467,12738,app_budget,false,51.9685
band7_depth12_s0,classical,656,oracle,100,100,3,31,477,477,12695,app_budget,false,51.4555
band7_depth12_s0,classical,656,oracle,200,200,4,31,522,522,12683,app_budget,false,51.3123
band7_depth12_s0,classical,656,oracle,400,400,5,31,577,577,12683,app_budget,false,51.3123
band7_depth12_s0,classical,656,oracle,800,800,6,31,767,767,12673,app_budget,false,51.1930
band7_depth12_s0,classical,656,oracle,1600,1600,7,31,1169,1169,12673,app_budget,false,51.1930
band7_depth12_s0,classical,656,oracle,3200,3200,8,31,1988,1988,12673,app_budget,false,51.1930
band7_depth12_s0,classical,656,oracle,6400,6400,9,31,3384,3384,12673,app_budget,false,51.1930
band7_depth12_s0,classical,656,oracle,12800,11568,10,31,4766,4766,8382,class_cap,false,0.0000
band7_depth12_s0,classical,656,oracle,25600,11568,10,31,4766,4766,8382,class_cap,true,0.0000
band7_depth12_s0,classical,656,oracle,51200,11568,10,31,4766,4766,8382,class_cap,true,0.0000
band7_depth12_s0,classical,656,oracle,102400,11568,10,31,4766,4766,8382,class_cap,true,0.0000
band7_depth12_s0,classical,656,oracle,204800,11568,10,31,4766,4766,8382,class_cap,true,0.0000
band7_depth12_s1,classical,124,unguided,25,25,1,62,110,110,3368,app_budget,false,120.7077
band7_depth12_s1,classical,124,unguided,50,50,2,62,110,110,3368,app_budget,false,120.7077
band7_depth12_s1,classical,124,unguided,100,100,3,62,110,110,3368,app_budget,false,120.7077
band7_depth12_s1,classical,124,unguided,200,200,5,62,154,154,1530,app_budget,false,0.2621
band7_depth12_s1,classical,124,unguided,400,400,7,62,167,167,1526,app_budget,false,0.0000
band7_depth12_s1,classical,124,unguided,800,536,8,62,167,167,1526,quiesced,false,0.0000
band7_depth12_s1,classical,124,unguided,1600,536,8,62,167,167,1526,quiesced,true,0.0000
band7_depth12_s1,classical,124,unguided,3200,536,8,62,167,167,1526,quiesced,true,0.0000
band7_depth12_s1,classical,124,unguided,6400,536,8,62,167,167,1526,quiesced,true,0.0000
band7_depth12_s1,classical,124,unguided,12800,536,8,62,167,167,1526,quiesced,true,0.0000
band7_depth12_s1,classical,124,unguided,25600,536,8,62,167,167,1526,quiesced,true,0.0000
band7_depth12_s1,classical,124,unguided,51200,536,8,62,167,167,1526,quiesced,true,0.0000
band7_depth12_s1,classical,124,unguided,102400,536,8,62,167,167,1526,quiesced,true,0.0000
band7_depth12_s1,classical,124,unguided,204800,536,8,62,167,167,1526,quiesced,true,0.0000
band7_depth12_s1,classical,124,oracle,25,25,1,17,110,110,3368,app_budget,false,120.7077
band7_depth12_s1,classical,124,oracle,50,50,2,17,110,110,3368,app_budget,false,120.7077
band7_depth12_s1,classical,124,oracle,100,100,3,17,110,110,3368,app_budget,false,120.7077
band7_depth12_s1,classical,124,oracle,200,200,5,17,154,154,1530,app_budget,false,0.2621
band7_depth12_s1,classical,124,oracle,400,400,7,17,167,167,1526,app_budget,false,0.0000
band7_depth12_s1,classical,124,oracle,800,534,8,17,167,167,1526,quiesced,false,0.0000
band7_depth12_s1,classical,124,oracle,1600,534,8,17,167,167,1526,quiesced,true,0.0000
band7_depth12_s1,classical,124,oracle,3200,534,8,17,167,167,1526,quiesced,true,0.0000
band7_depth12_s1,classical,124,oracle,6400,534,8,17,167,167,1526,quiesced,true,0.0000
band7_depth12_s1,classical,124,oracle,12800,534,8,17,167,167,1526,quiesced,true,0.0000
band7_depth12_s1,classical,124,oracle,25600,534,8,17,167,167,1526,quiesced,true,0.0000
band7_depth12_s1,classical,124,oracle,51200,534,8,17,167,167,1526,quiesced,true,0.0000
band7_depth12_s1,classical,124,oracle,102400,534,8,17,167,167,1526,quiesced,true,0.0000
band7_depth12_s1,classical,124,oracle,204800,534,8,17,167,167,1526,quiesced,true,0.0000
band7_depth12_s2,classical,735,unguided,25,25,1,62,534,534,15261,app_budget,false,40.0092
band7_depth12_s2,classical,735,unguided,50,50,2,62,537,537,15237,app_budget,false,39.7890
band7_depth12_s2,classical,735,unguided,100,100,3,62,548,548,15197,app_budget,false,39.4220
band7_depth12_s2,classical,735,unguided,200,200,4,62,589,589,15172,app_budget,false,39.1927
band7_depth12_s2,classical,735,unguided,400,400,5,62,646,646,15164,app_budget,false,39.1193
band7_depth12_s2,classical,735,unguided,800,800,6,62,816,816,15154,app_budget,false,39.0275
band7_depth12_s2,classical,735,unguided,1600,1600,7,62,1126,1126,15130,app_budget,false,38.8073
band7_depth12_s2,classical,735,unguided,3200,3200,8,62,1598,1598,11017,app_budget,false,1.0734
band7_depth12_s2,classical,735,unguided,6400,6400,10,62,2223,2223,10900,app_budget,false,0.0000
band7_depth12_s2,classical,735,unguided,12800,12800,12,62,2721,2721,10900,app_budget,false,0.0000
band7_depth12_s2,classical,735,unguided,25600,25600,15,62,3437,3437,10900,app_budget,false,0.0000
band7_depth12_s2,classical,735,unguided,51200,37053,17,62,3500,3500,10900,class_cap,false,0.0000
band7_depth12_s2,classical,735,unguided,102400,37053,17,62,3500,3500,10900,class_cap,true,0.0000
band7_depth12_s2,classical,735,unguided,204800,37053,17,62,3500,3500,10900,class_cap,true,0.0000
band7_depth12_s2,classical,735,oracle,25,25,1,32,534,534,15261,app_budget,false,40.0092
band7_depth12_s2,classical,735,oracle,50,50,2,32,537,537,15237,app_budget,false,39.7890
band7_depth12_s2,classical,735,oracle,100,100,3,32,548,548,15197,app_budget,false,39.4220
band7_depth12_s2,classical,735,oracle,200,200,4,32,589,589,15172,app_budget,false,39.1927
band7_depth12_s2,classical,735,oracle,400,400,5,32,646,646,15164,app_budget,false,39.1193
band7_depth12_s2,classical,735,oracle,800,800,6,32,818,818,15154,app_budget,false,39.0275
band7_depth12_s2,classical,735,oracle,1600,1600,7,32,1127,1127,15130,app_budget,false,38.8073
band7_depth12_s2,classical,735,oracle,3200,3200,8,32,1604,1604,11013,app_budget,false,1.0367
band7_depth12_s2,classical,735,oracle,6400,6400,10,32,2223,2223,10900,app_budget,false,0.0000
band7_depth12_s2,classical,735,oracle,12800,12800,12,32,2728,2728,10900,app_budget,false,0.0000
band7_depth12_s2,classical,735,oracle,25600,25600,15,32,3435,3435,10900,app_budget,false,0.0000
band7_depth12_s2,classical,735,oracle,51200,37015,17,32,3498,3498,10900,class_cap,false,0.0000
band7_depth12_s2,classical,735,oracle,102400,37015,17,32,3498,3498,10900,class_cap,true,0.0000
band7_depth12_s2,classical,735,oracle,204800,37015,17,32,3498,3498,10900,class_cap,true,0.0000
band7_depth12_s3,classical,346,unguided,25,25,1,62,259,259,7332,app_budget,false,29.7469
band7_depth12_s3,classical,346,unguided,50,50,2,62,260,260,7319,app_budget,false,29.5169
band7_depth12_s3,classical,346,unguided,100,100,3,62,263,263,7307,app_budget,false,29.3045
band7_depth12_s3,classical,346,unguided,200,200,4,62,311,311,7292,app_budget,false,29.0391
band7_depth12_s3,classical,346,unguided,400,400,5,62,355,355,7228,app_budget,false,27.9066
band7_depth12_s3,classical,346,unguided,800,800,6,62,579,579,5712,app_budget,false,1.0795
band7_depth12_s3,classical,346,unguided,1600,1600,7,62,793,793,5694,app_budget,false,0.7609
band7_depth12_s3,classical,346,unguided,3200,3200,8,62,1184,1184,5694,app_budget,false,0.7609
band7_depth12_s3,classical,346,unguided,6400,6400,9,62,1854,1854,5710,app_budget,false,1.0441
band7_depth12_s3,classical,346,unguided,12800,11375,10,62,2744,2744,5651,class_cap,false,0.0000
band7_depth12_s3,classical,346,unguided,25600,11375,10,62,2744,2744,5651,class_cap,true,0.0000
band7_depth12_s3,classical,346,unguided,51200,11375,10,62,2744,2744,5651,class_cap,true,0.0000
band7_depth12_s3,classical,346,unguided,102400,11375,10,62,2744,2744,5651,class_cap,true,0.0000
band7_depth12_s3,classical,346,unguided,204800,11375,10,62,2744,2744,5651,class_cap,true,0.0000
band7_depth12_s3,classical,346,oracle,25,25,1,30,259,259,7332,app_budget,false,29.7469
band7_depth12_s3,classical,346,oracle,50,50,2,30,260,260,7319,app_budget,false,29.5169
band7_depth12_s3,classical,346,oracle,100,100,3,30,263,263,7307,app_budget,false,29.3045
band7_depth12_s3,classical,346,oracle,200,200,4,30,311,311,7292,app_budget,false,29.0391
band7_depth12_s3,classical,346,oracle,400,400,5,30,356,356,7225,app_budget,false,27.8535
band7_depth12_s3,classical,346,oracle,800,800,6,30,582,582,5708,app_budget,false,1.0087
band7_depth12_s3,classical,346,oracle,1600,1600,7,30,800,800,5690,app_budget,false,0.6901
band7_depth12_s3,classical,346,oracle,3200,3200,8,30,1198,1198,5690,app_budget,false,0.6901
band7_depth12_s3,classical,346,oracle,6400,6400,9,30,1869,1869,5703,app_budget,false,0.9202
band7_depth12_s3,classical,346,oracle,12800,11350,10,30,2752,2752,5651,class_cap,false,0.0000
band7_depth12_s3,classical,346,oracle,25600,11350,10,30,2752,2752,5651,class_cap,true,0.0000
band7_depth12_s3,classical,346,oracle,51200,11350,10,30,2752,2752,5651,class_cap,true,0.0000
band7_depth12_s3,classical,346,oracle,102400,11350,10,30,2752,2752,5651,class_cap,true,0.0000
band7_depth12_s3,classical,346,oracle,204800,11350,10,30,2752,2752,5651,class_cap,true,0.0000
band7_depth12_s4,classical,309,unguided,25,25,1,62,252,252,5956,app_budget,false,37.2034
band7_depth12_s4,classical,309,unguided,50,50,2,62,256,256,5940,app_budget,false,36.8348
band7_depth12_s4,classical,309,unguided,100,100,3,62,258,258,5923,app_budget,false,36.4432
band7_depth12_s4,classical,309,unguided,200,200,4,62,301,301,5915,app_budget,false,36.2589
band7_depth12_s4,classical,309,unguided,400,400,5,62,370,370,5910,app_budget,false,36.1437
band7_depth12_s4,classical,309,unguided,800,800,6,62,538,538,5910,app_budget,false,36.1437
band7_depth12_s4,classical,309,unguided,1600,1600,7,62,994,994,5910,app_budget,false,36.1437
band7_depth12_s4,classical,309,unguided,3200,3200,8,62,1804,1804,5910,app_budget,false,36.1437
band7_depth12_s4,classical,309,unguided,6400,6400,9,62,2935,2935,5910,app_budget,false,36.1437
band7_depth12_s4,classical,309,unguided,12800,12558,10,62,4543,4543,4341,class_cap,false,0.0000
band7_depth12_s4,classical,309,unguided,25600,12558,10,62,4543,4543,4341,class_cap,true,0.0000
band7_depth12_s4,classical,309,unguided,51200,12558,10,62,4543,4543,4341,class_cap,true,0.0000
band7_depth12_s4,classical,309,unguided,102400,12558,10,62,4543,4543,4341,class_cap,true,0.0000
band7_depth12_s4,classical,309,unguided,204800,12558,10,62,4543,4543,4341,class_cap,true,0.0000
band7_depth12_s4,classical,309,oracle,25,25,1,24,252,252,5956,app_budget,false,37.2034
band7_depth12_s4,classical,309,oracle,50,50,2,24,256,256,5940,app_budget,false,36.8348
band7_depth12_s4,classical,309,oracle,100,100,3,24,258,258,5923,app_budget,false,36.4432
band7_depth12_s4,classical,309,oracle,200,200,4,24,301,301,5915,app_budget,false,36.2589
band7_depth12_s4,classical,309,oracle,400,400,5,24,371,371,5910,app_budget,false,36.1437
band7_depth12_s4,classical,309,oracle,800,800,6,24,539,539,5910,app_budget,false,36.1437
band7_depth12_s4,classical,309,oracle,1600,1600,7,24,989,989,5910,app_budget,false,36.1437
band7_depth12_s4,classical,309,oracle,3200,3200,8,24,1795,1795,5910,app_budget,false,36.1437
band7_depth12_s4,classical,309,oracle,6400,6400,9,24,2937,2937,5910,app_budget,false,36.1437
band7_depth12_s4,classical,309,oracle,12800,12533,10,24,4561,4561,4341,class_cap,false,0.0000
band7_depth12_s4,classical,309,oracle,25600,12533,10,24,4561,4561,4341,class_cap,true,0.0000
band7_depth12_s4,classical,309,oracle,51200,12533,10,24,4561,4561,4341,class_cap,true,0.0000
band7_depth12_s4,classical,309,oracle,102400,12533,10,24,4561,4561,4341,class_cap,true,0.0000
band7_depth12_s4,classical,309,oracle,204800,12533,10,24,4561,4561,4341,class_cap,true,0.0000
band7_depth12_s5,classical,455,unguided,25,25,1,62,363,363,9401,app_budget,false,38.3721
band7_depth12_s5,classical,455,unguided,50,50,2,62,364,364,9382,app_budget,false,38.0924
band7_depth12_s5,classical,455,unguided,100,100,3,62,374,374,9362,app_budget,false,37.7981
band7_depth12_s5,classical,455,unguided,200,200,4,62,418,418,9362,app_budget,false,37.7981
band7_depth12_s5,classical,455,unguided,400,400,5,62,472,472,9362,app_budget,false,37.7981
band7_depth12_s5,classical,455,unguided,800,800,6,62,660,660,9298,app_budget,false,36.8560
band7_depth12_s5,classical,455,unguided,1600,1600,7,62,983,983,9294,app_budget,false,36.7972
band7_depth12_s5,classical,455,unguided,3200,3200,8,62,1511,1511,9294,app_budget,false,36.7972
band7_depth12_s5,classical,455,unguided,6400,6400,9,62,2649,2649,9294,app_budget,false,36.7972
band7_depth12_s5,classical,455,unguided,12800,11875,10,62,4398,4398,6794,class_cap,false,0.0000
band7_depth12_s5,classical,455,unguided,25600,11875,10,62,4398,4398,6794,class_cap,true,0.0000
band7_depth12_s5,classical,455,unguided,51200,11875,10,62,4398,4398,6794,class_cap,true,0.0000
band7_depth12_s5,classical,455,unguided,102400,11875,10,62,4398,4398,6794,class_cap,true,0.0000
band7_depth12_s5,classical,455,unguided,204800,11875,10,62,4398,4398,6794,class_cap,true,0.0000
band7_depth12_s5,classical,455,oracle,25,25,1,25,363,363,9401,app_budget,false,38.3721
band7_depth12_s5,classical,455,oracle,50,50,2,25,364,364,9382,app_budget,false,38.0924
band7_depth12_s5,classical,455,oracle,100,100,3,25,374,374,9362,app_budget,false,37.7981
band7_depth12_s5,classical,455,oracle,200,200,4,25,418,418,9362,app_budget,false,37.7981
band7_depth12_s5,classical,455,oracle,400,400,5,25,472,472,9362,app_budget,false,37.7981
band7_depth12_s5,classical,455,oracle,800,800,6,25,662,662,9295,app_budget,false,36.8119
band7_depth12_s5,classical,455,oracle,1600,1600,7,25,989,989,9291,app_budget,false,36.7530
band7_depth12_s5,classical,455,oracle,3200,3200,8,25,1523,1523,9291,app_budget,false,36.7530
band7_depth12_s5,classical,455,oracle,6400,6400,9,25,2660,2660,9291,app_budget,false,36.7530
band7_depth12_s5,classical,455,oracle,12800,11871,10,25,4395,4395,6794,class_cap,false,0.0000
band7_depth12_s5,classical,455,oracle,25600,11871,10,25,4395,4395,6794,class_cap,true,0.0000
band7_depth12_s5,classical,455,oracle,51200,11871,10,25,4395,4395,6794,class_cap,true,0.0000
band7_depth12_s5,classical,455,oracle,102400,11871,10,25,4395,4395,6794,class_cap,true,0.0000
band7_depth12_s5,classical,455,oracle,204800,11871,10,25,4395,4395,6794,class_cap,true,0.0000
band7_depth12_s6,classical,689,unguided,25,25,1,62,479,479,14172,app_budget,false,41.6775
band7_depth12_s6,classical,689,unguided,50,50,2,62,481,481,14158,app_budget,false,41.5375
band7_depth12_s6,classical,689,unguided,100,100,3,62,495,495,14144,app_budget,false,41.3976
band7_depth12_s6,classical,689,unguided,200,200,4,62,534,534,14140,app_budget,false,41.3576
band7_depth12_s6,classical,689,unguided,400,400,5,62,594,594,14140,app_budget,false,41.3576
band7_depth12_s6,classical,689,unguided,800,800,6,62,776,776,14114,app_budget,false,41.0977
band7_depth12_s6,classical,689,unguided,1600,1600,7,62,1100,1100,14114,app_budget,false,41.0977
band7_depth12_s6,classical,689,unguided,3200,3200,8,62,1646,1646,14114,app_budget,false,41.0977
band7_depth12_s6,classical,689,unguided,6400,6400,9,62,2714,2714,14114,app_budget,false,41.0977
band7_depth12_s6,classical,689,unguided,12800,11788,10,62,4575,4575,10003,class_cap,false,0.0000
band7_depth12_s6,classical,689,unguided,25600,11788,10,62,4575,4575,10003,class_cap,true,0.0000
band7_depth12_s6,classical,689,unguided,51200,11788,10,62,4575,4575,10003,class_cap,true,0.0000
band7_depth12_s6,classical,689,unguided,102400,11788,10,62,4575,4575,10003,class_cap,true,0.0000
band7_depth12_s6,classical,689,unguided,204800,11788,10,62,4575,4575,10003,class_cap,true,0.0000
band7_depth12_s6,classical,689,oracle,25,25,1,28,479,479,14172,app_budget,false,41.6775
band7_depth12_s6,classical,689,oracle,50,50,2,28,481,481,14158,app_budget,false,41.5375
band7_depth12_s6,classical,689,oracle,100,100,3,28,495,495,14144,app_budget,false,41.3976
band7_depth12_s6,classical,689,oracle,200,200,4,28,534,534,14140,app_budget,false,41.3576
band7_depth12_s6,classical,689,oracle,400,400,5,28,594,594,14140,app_budget,false,41.3576
band7_depth12_s6,classical,689,oracle,800,800,6,28,776,776,14114,app_budget,false,41.0977
band7_depth12_s6,classical,689,oracle,1600,1600,7,28,1100,1100,14114,app_budget,false,41.0977
band7_depth12_s6,classical,689,oracle,3200,3200,8,28,1653,1653,14114,app_budget,false,41.0977
band7_depth12_s6,classical,689,oracle,6400,6400,9,28,2724,2724,14114,app_budget,false,41.0977
band7_depth12_s6,classical,689,oracle,12800,11728,10,28,4578,4578,10003,class_cap,false,0.0000
band7_depth12_s6,classical,689,oracle,25600,11728,10,28,4578,4578,10003,class_cap,true,0.0000
band7_depth12_s6,classical,689,oracle,51200,11728,10,28,4578,4578,10003,class_cap,true,0.0000
band7_depth12_s6,classical,689,oracle,102400,11728,10,28,4578,4578,10003,class_cap,true,0.0000
band7_depth12_s6,classical,689,oracle,204800,11728,10,28,4578,4578,10003,class_cap,true,0.0000
band7_depth12_s7,classical,116,unguided,25,25,1,62,104,104,2584,app_budget,false,77.7166
band7_depth12_s7,classical,116,unguided,50,50,2,62,105,105,2566,app_budget,false,76.4787
band7_depth12_s7,classical,116,unguided,100,100,3,62,105,105,2566,app_budget,false,76.4787
band7_depth12_s7,classical,116,unguided,200,200,5,62,151,151,1454,app_budget,false,0.0000
band7_depth12_s7,classical,116,unguided,400,400,7,62,166,166,1454,app_budget,false,0.0000
band7_depth12_s7,classical,116,unguided,800,707,9,62,167,167,1454,quiesced,false,0.0000
band7_depth12_s7,classical,116,unguided,1600,707,9,62,167,167,1454,quiesced,true,0.0000
band7_depth12_s7,classical,116,unguided,3200,707,9,62,167,167,1454,quiesced,true,0.0000
band7_depth12_s7,classical,116,unguided,6400,707,9,62,167,167,1454,quiesced,true,0.0000
band7_depth12_s7,classical,116,unguided,12800,707,9,62,167,167,1454,quiesced,true,0.0000
band7_depth12_s7,classical,116,unguided,25600,707,9,62,167,167,1454,quiesced,true,0.0000
band7_depth12_s7,classical,116,unguided,51200,707,9,62,167,167,1454,quiesced,true,0.0000
band7_depth12_s7,classical,116,unguided,102400,707,9,62,167,167,1454,quiesced,true,0.0000
band7_depth12_s7,classical,116,unguided,204800,707,9,62,167,167,1454,quiesced,true,0.0000
band7_depth12_s7,classical,116,oracle,25,25,1,17,104,104,2584,app_budget,false,77.7166
band7_depth12_s7,classical,116,oracle,50,50,2,17,105,105,2566,app_budget,false,76.4787
band7_depth12_s7,classical,116,oracle,100,100,3,17,105,105,2566,app_budget,false,76.4787
band7_depth12_s7,classical,116,oracle,200,200,5,17,151,151,1454,app_budget,false,0.0000
band7_depth12_s7,classical,116,oracle,400,400,7,17,165,165,1454,app_budget,false,0.0000
band7_depth12_s7,classical,116,oracle,800,696,9,17,167,167,1454,quiesced,false,0.0000
band7_depth12_s7,classical,116,oracle,1600,696,9,17,167,167,1454,quiesced,true,0.0000
band7_depth12_s7,classical,116,oracle,3200,696,9,17,167,167,1454,quiesced,true,0.0000
band7_depth12_s7,classical,116,oracle,6400,696,9,17,167,167,1454,quiesced,true,0.0000
band7_depth12_s7,classical,116,oracle,12800,696,9,17,167,167,1454,quiesced,true,0.0000
band7_depth12_s7,classical,116,oracle,25600,696,9,17,167,167,1454,quiesced,true,0.0000
band7_depth12_s7,classical,116,oracle,51200,696,9,17,167,167,1454,quiesced,true,0.0000
band7_depth12_s7,classical,116,oracle,102400,696,9,17,167,167,1454,quiesced,true,0.0000
band7_depth12_s7,classical,116,oracle,204800,696,9,17,167,167,1454,quiesced,true,0.0000
band7_depth12_s8,classical,80,unguided,25,25,1,62,84,84,1434,app_budget,false,17.5410
band7_depth12_s8,classical,80,unguided,50,50,2,62,84,84,1434,app_budget,false,17.5410
band7_depth12_s8,classical,80,unguided,100,100,3,62,90,90,1434,app_budget,false,17.5410
band7_depth12_s8,classical,80,unguided,200,200,5,62,131,131,1220,app_budget,false,0.0000
band7_depth12_s8,classical,80,unguided,400,400,7,62,167,167,1220,app_budget,false,0.0000
band7_depth12_s8,classical,80,unguided,800,800,9,62,183,183,1220,app_budget,false,0.0000
band7_depth12_s8,classical,80,unguided,1600,1012,10,62,183,183,1220,quiesced,false,0.0000
band7_depth12_s8,classical,80,unguided,3200,1012,10,62,183,183,1220,quiesced,true,0.0000
band7_depth12_s8,classical,80,unguided,6400,1012,10,62,183,183,1220,quiesced,true,0.0000
band7_depth12_s8,classical,80,unguided,12800,1012,10,62,183,183,1220,quiesced,true,0.0000
band7_depth12_s8,classical,80,unguided,25600,1012,10,62,183,183,1220,quiesced,true,0.0000
band7_depth12_s8,classical,80,unguided,51200,1012,10,62,183,183,1220,quiesced,true,0.0000
band7_depth12_s8,classical,80,unguided,102400,1012,10,62,183,183,1220,quiesced,true,0.0000
band7_depth12_s8,classical,80,unguided,204800,1012,10,62,183,183,1220,quiesced,true,0.0000
band7_depth12_s8,classical,80,oracle,25,25,1,16,84,84,1434,app_budget,false,17.5410
band7_depth12_s8,classical,80,oracle,50,50,2,16,84,84,1434,app_budget,false,17.5410
band7_depth12_s8,classical,80,oracle,100,100,3,16,90,90,1434,app_budget,false,17.5410
band7_depth12_s8,classical,80,oracle,200,200,5,16,131,131,1220,app_budget,false,0.0000
band7_depth12_s8,classical,80,oracle,400,400,7,16,167,167,1220,app_budget,false,0.0000
band7_depth12_s8,classical,80,oracle,800,800,9,16,183,183,1220,app_budget,false,0.0000
band7_depth12_s8,classical,80,oracle,1600,1012,10,16,183,183,1220,quiesced,false,0.0000
band7_depth12_s8,classical,80,oracle,3200,1012,10,16,183,183,1220,quiesced,true,0.0000
band7_depth12_s8,classical,80,oracle,6400,1012,10,16,183,183,1220,quiesced,true,0.0000
band7_depth12_s8,classical,80,oracle,12800,1012,10,16,183,183,1220,quiesced,true,0.0000
band7_depth12_s8,classical,80,oracle,25600,1012,10,16,183,183,1220,quiesced,true,0.0000
band7_depth12_s8,classical,80,oracle,51200,1012,10,16,183,183,1220,quiesced,true,0.0000
band7_depth12_s8,classical,80,oracle,102400,1012,10,16,183,183,1220,quiesced,true,0.0000
band7_depth12_s8,classical,80,oracle,204800,1012,10,16,183,183,1220,quiesced,true,0.0000
band7_depth12_s9,classical,381,unguided,25,25,1,62,313,313,8857,app_budget,false,34.9947
band7_depth12_s9,classical,381,unguided,50,50,2,62,315,315,8834,app_budget,false,34.6441
band7_depth12_s9,classical,381,unguided,100,100,3,62,322,322,8822,app_budget,false,34.4612
band7_depth12_s9,classical,381,unguided,200,200,4,62,368,368,8822,app_budget,false,34.4612
band7_depth12_s9,classical,381,unguided,400,400,5,62,426,426,8822,app_budget,false,34.4612
band7_depth12_s9,classical,381,unguided,800,800,6,62,598,598,6669,app_budget,false,1.6461
band7_depth12_s9,classical,381,unguided,1600,1600,7,62,867,867,6619,app_budget,false,0.8840
band7_depth12_s9,classical,381,unguided,3200,3200,9,62,1140,1140,6561,app_budget,false,0.0000
band7_depth12_s9,classical,381,unguided,6400,6400,11,62,1304,1304,6561,app_budget,false,0.0000
band7_depth12_s9,classical,381,unguided,12800,12800,13,62,3428,3428,6561,app_budget,false,0.0000
band7_depth12_s9,classical,381,unguided,25600,17777,14,62,4652,4652,6561,class_cap,false,0.0000
band7_depth12_s9,classical,381,unguided,51200,17777,14,62,4652,4652,6561,class_cap,true,0.0000
band7_depth12_s9,classical,381,unguided,102400,17777,14,62,4652,4652,6561,class_cap,true,0.0000
band7_depth12_s9,classical,381,unguided,204800,17777,14,62,4652,4652,6561,class_cap,true,0.0000
band7_depth12_s9,classical,381,oracle,25,25,1,28,313,313,8857,app_budget,false,34.9947
band7_depth12_s9,classical,381,oracle,50,50,2,28,315,315,8834,app_budget,false,34.6441
band7_depth12_s9,classical,381,oracle,100,100,3,28,322,322,8822,app_budget,false,34.4612
band7_depth12_s9,classical,381,oracle,200,200,4,28,368,368,8822,app_budget,false,34.4612
band7_depth12_s9,classical,381,oracle,400,400,5,28,426,426,8822,app_budget,false,34.4612
band7_depth12_s9,classical,381,oracle,800,800,6,28,598,598,6669,app_budget,false,1.6461
band7_depth12_s9,classical,381,oracle,1600,1600,7,28,867,867,6619,app_budget,false,0.8840
band7_depth12_s9,classical,381,oracle,3200,3200,9,28,1140,1140,6561,app_budget,false,0.0000
band7_depth12_s9,classical,381,oracle,6400,6400,11,28,1303,1303,6561,app_budget,false,0.0000
band7_depth12_s9,classical,381,oracle,12800,12800,14,28,2493,2493,6561,app_budget,false,0.0000
band7_depth12_s9,classical,381,oracle,25600,18623,15,28,3876,3876,6561,class_cap,false,0.0000
band7_depth12_s9,classical,381,oracle,51200,18623,15,28,3876,3876,6561,class_cap,true,0.0000
band7_depth12_s9,classical,381,oracle,102400,18623,15,28,3876,3876,6561,class_cap,true,0.0000
band7_depth12_s9,classical,381,oracle,204800,18623,15,28,3876,3876,6561,class_cap,true,0.0000
band7_depth12_s10,classical,231,unguided,25,25,1,62,201,201,4773,app_budget,false,25.6383
band7_depth12_s10,classical,231,unguided,50,50,2,62,201,201,4773,app_budget,false,25.6383
band7_depth12_s10,classical,231,unguided,100,100,3,62,206,206,4767,app_budget,false,25.4804
band7_depth12_s10,classical,231,unguided,200,200,4,62,251,251,4760,app_budget,false,25.2961
band7_depth12_s10,classical,231,unguided,400,400,5,62,313,313,4734,app_budget,false,24.6117
band7_depth12_s10,classical,231,unguided,800,800,7,62,425,425,3799,app_budget,false,0.0000
band7_depth12_s10,classical,231,unguided,1600,1600,9,62,464,464,3799,app_budget,false,0.0000
band7_depth12_s10,classical,231,unguided,3200,2127,10,62,464,464,3799,quiesced,false,0.0000
band7_depth12_s10,classical,231,unguided,6400,2127,10,62,464,464,3799,quiesced,true,0.0000
band7_depth12_s10,classical,231,unguided,12800,2127,10,62,464,464,3799,quiesced,true,0.0000
band7_depth12_s10,classical,231,unguided,25600,2127,10,62,464,464,3799,quiesced,true,0.0000
band7_depth12_s10,classical,231,unguided,51200,2127,10,62,464,464,3799,quiesced,true,0.0000
band7_depth12_s10,classical,231,unguided,102400,2127,10,62,464,464,3799,quiesced,true,0.0000
band7_depth12_s10,classical,231,unguided,204800,2127,10,62,464,464,3799,quiesced,true,0.0000
band7_depth12_s10,classical,231,oracle,25,25,1,23,201,201,4773,app_budget,false,25.6383
band7_depth12_s10,classical,231,oracle,50,50,2,23,201,201,4773,app_budget,false,25.6383
band7_depth12_s10,classical,231,oracle,100,100,3,23,206,206,4767,app_budget,false,25.4804
band7_depth12_s10,classical,231,oracle,200,200,4,23,251,251,4760,app_budget,false,25.2961
band7_depth12_s10,classical,231,oracle,400,400,5,23,315,315,4373,app_budget,false,15.1092
band7_depth12_s10,classical,231,oracle,800,800,7,23,425,425,3799,app_budget,false,0.0000
band7_depth12_s10,classical,231,oracle,1600,1600,9,23,463,463,3799,app_budget,false,0.0000
band7_depth12_s10,classical,231,oracle,3200,2113,10,23,463,463,3799,quiesced,false,0.0000
band7_depth12_s10,classical,231,oracle,6400,2113,10,23,463,463,3799,quiesced,true,0.0000
band7_depth12_s10,classical,231,oracle,12800,2113,10,23,463,463,3799,quiesced,true,0.0000
band7_depth12_s10,classical,231,oracle,25600,2113,10,23,463,463,3799,quiesced,true,0.0000
band7_depth12_s10,classical,231,oracle,51200,2113,10,23,463,463,3799,quiesced,true,0.0000
band7_depth12_s10,classical,231,oracle,102400,2113,10,23,463,463,3799,quiesced,true,0.0000
band7_depth12_s10,classical,231,oracle,204800,2113,10,23,463,463,3799,quiesced,true,0.0000
band7_depth12_s11,classical,458,unguided,25,25,1,62,351,351,8676,app_budget,false,51.7579
band7_depth12_s11,classical,458,unguided,50,50,2,62,351,351,8667,app_budget,false,51.6005
band7_depth12_s11,classical,458,unguided,100,100,3,62,360,360,8655,app_budget,false,51.3906
band7_depth12_s11,classical,458,unguided,200,200,4,62,403,403,8655,app_budget,false,51.3906
band7_depth12_s11,classical,458,unguided,400,400,5,62,457,457,8655,app_budget,false,51.3906
band7_depth12_s11,classical,458,unguided,800,800,6,62,660,660,8607,app_budget,false,50.5510
band7_depth12_s11,classical,458,unguided,1600,1600,7,62,1164,1164,8600,app_budget,false,50.4285
band7_depth12_s11,classical,458,unguided,3200,3200,8,62,1789,1789,8600,app_budget,false,50.4285
band7_depth12_s11,classical,458,unguided,6400,6400,9,62,3100,3100,8600,app_budget,false,50.4285
band7_depth12_s11,classical,458,unguided,12800,11402,10,62,4854,4854,5717,class_cap,false,0.0000
band7_depth12_s11,classical,458,unguided,25600,11402,10,62,4854,4854,5717,class_cap,true,0.0000
band7_depth12_s11,classical,458,unguided,51200,11402,10,62,4854,4854,5717,class_cap,true,0.0000
band7_depth12_s11,classical,458,unguided,102400,11402,10,62,4854,4854,5717,class_cap,true,0.0000
band7_depth12_s11,classical,458,unguided,204800,11402,10,62,4854,4854,5717,class_cap,true,0.0000
band7_depth12_s11,classical,458,oracle,25,25,1,29,351,351,8676,app_budget,false,51.7579
band7_depth12_s11,classical,458,oracle,50,50,2,29,351,351,8667,app_budget,false,51.6005
band7_depth12_s11,classical,458,oracle,100,100,3,29,360,360,8655,app_budget,false,51.3906
band7_depth12_s11,classical,458,oracle,200,200,4,29,403,403,8655,app_budget,false,51.3906
band7_depth12_s11,classical,458,oracle,400,400,5,29,457,457,8655,app_budget,false,51.3906
band7_depth12_s11,classical,458,oracle,800,800,6,29,660,660,8607,app_budget,false,50.5510
band7_depth12_s11,classical,458,oracle,1600,1600,7,29,1164,1164,8600,app_budget,false,50.4285
band7_depth12_s11,classical,458,oracle,3200,3200,8,29,1789,1789,8600,app_budget,false,50.4285
band7_depth12_s11,classical,458,oracle,6400,6400,9,29,3100,3100,8600,app_budget,false,50.4285
band7_depth12_s11,classical,458,oracle,12800,11401,10,29,4854,4854,5717,class_cap,false,0.0000
band7_depth12_s11,classical,458,oracle,25600,11401,10,29,4854,4854,5717,class_cap,true,0.0000
band7_depth12_s11,classical,458,oracle,51200,11401,10,29,4854,4854,5717,class_cap,true,0.0000
band7_depth12_s11,classical,458,oracle,102400,11401,10,29,4854,4854,5717,class_cap,true,0.0000
band7_depth12_s11,classical,458,oracle,204800,11401,10,29,4854,4854,5717,class_cap,true,0.0000
band7_depth12_s12,classical,87,unguided,25,25,1,62,93,93,2667,app_budget,false,161.7272
band7_depth12_s12,classical,87,unguided,50,50,2,62,95,95,2664,app_budget,false,161.4328
band7_depth12_s12,classical,87,unguided,100,100,3,62,100,100,2660,app_budget,false,161.0402
band7_depth12_s12,classical,87,unguided,200,200,5,62,120,120,1019,app_budget,false,0.0000
band7_depth12_s12,classical,87,unguided,400,287,6,62,120,120,1019,quiesced,false,0.0000
band7_depth12_s12,classical,87,unguided,800,287,6,62,120,120,1019,quiesced,true,0.0000
band7_depth12_s12,classical,87,unguided,1600,287,6,62,120,120,1019,quiesced,true,0.0000
band7_depth12_s12,classical,87,unguided,3200,287,6,62,120,120,1019,quiesced,true,0.0000
band7_depth12_s12,classical,87,unguided,6400,287,6,62,120,120,1019,quiesced,true,0.0000
band7_depth12_s12,classical,87,unguided,12800,287,6,62,120,120,1019,quiesced,true,0.0000
band7_depth12_s12,classical,87,unguided,25600,287,6,62,120,120,1019,quiesced,true,0.0000
band7_depth12_s12,classical,87,unguided,51200,287,6,62,120,120,1019,quiesced,true,0.0000
band7_depth12_s12,classical,87,unguided,102400,287,6,62,120,120,1019,quiesced,true,0.0000
band7_depth12_s12,classical,87,unguided,204800,287,6,62,120,120,1019,quiesced,true,0.0000
band7_depth12_s12,classical,87,oracle,25,25,1,12,93,93,2667,app_budget,false,161.7272
band7_depth12_s12,classical,87,oracle,50,50,2,12,95,95,2664,app_budget,false,161.4328
band7_depth12_s12,classical,87,oracle,100,100,3,12,100,100,2660,app_budget,false,161.0402
band7_depth12_s12,classical,87,oracle,200,200,5,12,120,120,1019,app_budget,false,0.0000
band7_depth12_s12,classical,87,oracle,400,287,6,12,120,120,1019,quiesced,false,0.0000
band7_depth12_s12,classical,87,oracle,800,287,6,12,120,120,1019,quiesced,true,0.0000
band7_depth12_s12,classical,87,oracle,1600,287,6,12,120,120,1019,quiesced,true,0.0000
band7_depth12_s12,classical,87,oracle,3200,287,6,12,120,120,1019,quiesced,true,0.0000
band7_depth12_s12,classical,87,oracle,6400,287,6,12,120,120,1019,quiesced,true,0.0000
band7_depth12_s12,classical,87,oracle,12800,287,6,12,120,120,1019,quiesced,true,0.0000
band7_depth12_s12,classical,87,oracle,25600,287,6,12,120,120,1019,quiesced,true,0.0000
band7_depth12_s12,classical,87,oracle,51200,287,6,12,120,120,1019,quiesced,true,0.0000
band7_depth12_s12,classical,87,oracle,102400,287,6,12,120,120,1019,quiesced,true,0.0000
band7_depth12_s12,classical,87,oracle,204800,287,6,12,120,120,1019,quiesced,true,0.0000
band7_depth12_s13,classical,87,unguided,25,25,1,62,87,87,2016,app_budget,false,39.2265
band7_depth12_s13,classical,87,unguided,50,50,2,62,88,88,2012,app_budget,false,38.9503
band7_depth12_s13,classical,87,unguided,100,100,3,62,88,88,2008,app_budget,false,38.6740
band7_depth12_s13,classical,87,unguided,200,200,4,62,152,152,2000,app_budget,false,38.1215
band7_depth12_s13,classical,87,unguided,400,400,5,62,209,209,2000,app_budget,false,38.1215
band7_depth12_s13,classical,87,unguided,800,800,6,62,287,287,2000,app_budget,false,38.1215
band7_depth12_s13,classical,87,unguided,1600,1600,7,62,437,437,2003,app_budget,false,38.3287
band7_depth12_s13,classical,87,unguided,3200,3200,9,62,738,738,1451,app_budget,false,0.2072
band7_depth12_s13,classical,87,unguided,6400,6400,11,62,1115,1115,1448,app_budget,false,0.0000
band7_depth12_s13,classical,87,unguided,12800,12800,13,62,1615,1615,1448,app_budget,false,0.0000
band7_depth12_s13,classical,87,unguided,25600,17701,14,62,2117,2117,1448,class_cap,false,0.0000
band7_depth12_s13,classical,87,unguided,51200,17701,14,62,2117,2117,1448,class_cap,true,0.0000
band7_depth12_s13,classical,87,unguided,102400,17701,14,62,2117,2117,1448,class_cap,true,0.0000
band7_depth12_s13,classical,87,unguided,204800,17701,14,62,2117,2117,1448,class_cap,true,0.0000
band7_depth12_s13,classical,87,oracle,25,25,1,21,87,87,2016,app_budget,false,39.2265
band7_depth12_s13,classical,87,oracle,50,50,2,21,88,88,2012,app_budget,false,38.9503
band7_depth12_s13,classical,87,oracle,100,100,3,21,88,88,2008,app_budget,false,38.6740
band7_depth12_s13,classical,87,oracle,200,200,4,21,152,152,2000,app_budget,false,38.1215
band7_depth12_s13,classical,87,oracle,400,400,5,21,209,209,2000,app_budget,false,38.1215
band7_depth12_s13,classical,87,oracle,800,800,6,21,287,287,2000,app_budget,false,38.1215
band7_depth12_s13,classical,87,oracle,1600,1600,7,21,437,437,2003,app_budget,false,38.3287
band7_depth12_s13,classical,87,oracle,3200,3200,9,21,738,738,1451,app_budget,false,0.2072
band7_depth12_s13,classical,87,oracle,6400,6400,11,21,1115,1115,1448,app_budget,false,0.0000
band7_depth12_s13,classical,87,oracle,12800,12800,13,21,1615,1615,1448,app_budget,false,0.0000
band7_depth12_s13,classical,87,oracle,25600,17701,14,21,2117,2117,1448,class_cap,false,0.0000
band7_depth12_s13,classical,87,oracle,51200,17701,14,21,2117,2117,1448,class_cap,true,0.0000
band7_depth12_s13,classical,87,oracle,102400,17701,14,21,2117,2117,1448,class_cap,true,0.0000
band7_depth12_s13,classical,87,oracle,204800,17701,14,21,2117,2117,1448,class_cap,true,0.0000
band7_depth12_s14,classical,78,unguided,25,25,1,62,87,87,1837,app_budget,false,43.6278
band7_depth12_s14,classical,78,unguided,50,50,2,62,87,87,1837,app_budget,false,43.6278
band7_depth12_s14,classical,78,unguided,100,100,3,62,96,96,1832,app_budget,false,43.2369
band7_depth12_s14,classical,78,unguided,200,200,4,62,137,137,1279,app_budget,false,0.0000
band7_depth12_s14,classical,78,unguided,400,400,6,62,167,167,1279,app_budget,false,0.0000
band7_depth12_s14,classical,78,unguided,800,790,8,62,171,171,1279,quiesced,false,0.0000
band7_depth12_s14,classical,78,unguided,1600,790,8,62,171,171,1279,quiesced,true,0.0000
band7_depth12_s14,classical,78,unguided,3200,790,8,62,171,171,1279,quiesced,true,0.0000
band7_depth12_s14,classical,78,unguided,6400,790,8,62,171,171,1279,quiesced,true,0.0000
band7_depth12_s14,classical,78,unguided,12800,790,8,62,171,171,1279,quiesced,true,0.0000
band7_depth12_s14,classical,78,unguided,25600,790,8,62,171,171,1279,quiesced,true,0.0000
band7_depth12_s14,classical,78,unguided,51200,790,8,62,171,171,1279,quiesced,true,0.0000
band7_depth12_s14,classical,78,unguided,102400,790,8,62,171,171,1279,quiesced,true,0.0000
band7_depth12_s14,classical,78,unguided,204800,790,8,62,171,171,1279,quiesced,true,0.0000
band7_depth12_s14,classical,78,oracle,25,25,1,15,87,87,1837,app_budget,false,43.6278
band7_depth12_s14,classical,78,oracle,50,50,2,15,87,87,1837,app_budget,false,43.6278
band7_depth12_s14,classical,78,oracle,100,100,3,15,96,96,1832,app_budget,false,43.2369
band7_depth12_s14,classical,78,oracle,200,200,4,15,138,138,1279,app_budget,false,0.0000
band7_depth12_s14,classical,78,oracle,400,400,6,15,167,167,1279,app_budget,false,0.0000
band7_depth12_s14,classical,78,oracle,800,786,8,15,171,171,1279,quiesced,false,0.0000
band7_depth12_s14,classical,78,oracle,1600,786,8,15,171,171,1279,quiesced,true,0.0000
band7_depth12_s14,classical,78,oracle,3200,786,8,15,171,171,1279,quiesced,true,0.0000
band7_depth12_s14,classical,78,oracle,6400,786,8,15,171,171,1279,quiesced,true,0.0000
band7_depth12_s14,classical,78,oracle,12800,786,8,15,171,171,1279,quiesced,true,0.0000
band7_depth12_s14,classical,78,oracle,25600,786,8,15,171,171,1279,quiesced,true,0.0000
band7_depth12_s14,classical,78,oracle,51200,786,8,15,171,171,1279,quiesced,true,0.0000
band7_depth12_s14,classical,78,oracle,102400,786,8,15,171,171,1279,quiesced,true,0.0000
band7_depth12_s14,classical,78,oracle,204800,786,8,15,171,171,1279,quiesced,true,0.0000
band7_depth12_s15,classical,245,unguided,25,25,1,62,215,215,4673,app_budget,false,46.7651
band7_depth12_s15,classical,245,unguided,50,50,2,62,216,216,4660,app_budget,false,46.3568
band7_depth12_s15,classical,245,unguided,100,100,3,62,220,220,4613,app_budget,false,44.8807
band7_depth12_s15,classical,245,unguided,200,200,4,62,266,266,4605,app_budget,false,44.6294
band7_depth12_s15,classical,245,unguided,400,400,5,62,338,338,4595,app_budget,false,44.3153
band7_depth12_s15,classical,245,unguided,800,800,6,62,495,495,4574,app_budget,false,43.6558
band7_depth12_s15,classical,245,unguided,1600,1600,7,62,838,838,4571,app_budget,false,43.5616
band7_depth12_s15,classical,245,unguided,3200,3200,8,62,1489,1489,4563,app_budget,false,43.3103
band7_depth12_s15,classical,245,unguided,6400,6400,9,62,2441,2441,4559,app_budget,false,43.1847
band7_depth12_s15,classical,245,unguided,12800,12800,10,62,4263,4263,3184,app_budget,false,0.0000
band7_depth12_s15,classical,245,unguided,25600,16182,11,62,4500,4500,3185,class_cap,false,0.0314
band7_depth12_s15,classical,245,unguided,51200,16182,11,62,4500,4500,3185,class_cap,true,0.0314
band7_depth12_s15,classical,245,unguided,102400,16182,11,62,4500,4500,3185,class_cap,true,0.0314
band7_depth12_s15,classical,245,unguided,204800,16182,11,62,4500,4500,3185,class_cap,true,0.0314
band7_depth12_s15,classical,245,oracle,25,25,1,26,215,215,4673,app_budget,false,46.7651
band7_depth12_s15,classical,245,oracle,50,50,2,26,216,216,4660,app_budget,false,46.3568
band7_depth12_s15,classical,245,oracle,100,100,3,26,220,220,4613,app_budget,false,44.8807
band7_depth12_s15,classical,245,oracle,200,200,4,26,266,266,4605,app_budget,false,44.6294
band7_depth12_s15,classical,245,oracle,400,400,5,26,338,338,4595,app_budget,false,44.3153
band7_depth12_s15,classical,245,oracle,800,800,6,26,495,495,4574,app_budget,false,43.6558
band7_depth12_s15,classical,245,oracle,1600,1600,7,26,838,838,4571,app_budget,false,43.5616
band7_depth12_s15,classical,245,oracle,3200,3200,8,26,1489,1489,4563,app_budget,false,43.3103
band7_depth12_s15,classical,245,oracle,6400,6400,9,26,2441,2441,4559,app_budget,false,43.1847
band7_depth12_s15,classical,245,oracle,12800,12800,10,26,4263,4263,3184,app_budget,false,0.0000
band7_depth12_s15,classical,245,oracle,25600,16179,11,26,4499,4499,3185,class_cap,false,0.0314
band7_depth12_s15,classical,245,oracle,51200,16179,11,26,4499,4499,3185,class_cap,true,0.0314
band7_depth12_s15,classical,245,oracle,102400,16179,11,26,4499,4499,3185,class_cap,true,0.0314
band7_depth12_s15,classical,245,oracle,204800,16179,11,26,4499,4499,3185,class_cap,true,0.0314
band7_depth12_s16,classical,624,unguided,25,25,1,62,444,444,12579,app_budget,false,56.9824
band7_depth12_s16,classical,624,unguided,50,50,2,62,446,446,12556,app_budget,false,56.6954
band7_depth12_s16,classical,624,unguided,100,100,3,62,451,451,12536,app_budget,false,56.4458
band7_depth12_s16,classical,624,unguided,200,200,4,62,500,500,12536,app_budget,false,56.4458
band7_depth12_s16,classical,624,unguided,400,400,5,62,547,547,12536,app_budget,false,56.4458
band7_depth12_s16,classical,624,unguided,800,800,6,62,755,755,12496,app_budget,false,55.9466
band7_depth12_s16,classical,624,unguided,1600,1600,7,62,1179,1179,12496,app_budget,false,55.9466
band7_depth12_s16,classical,624,unguided,3200,3200,8,62,1847,1847,12496,app_budget,false,55.9466
band7_depth12_s16,classical,624,unguided,6400,6400,9,62,2811,2811,12496,app_budget,false,55.9466
band7_depth12_s16,classical,624,unguided,12800,12800,10,62,4542,4542,8120,app_budget,false,1.3353
band7_depth12_s16,classical,624,unguided,25600,15231,11,62,4581,4581,8013,class_cap,false,0.0000
band7_depth12_s16,classical,624,unguided,51200,15231,11,62,4581,4581,8013,class_cap,true,0.0000
band7_depth12_s16,classical,624,unguided,102400,15231,11,62,4581,4581,8013,class_cap,true,0.0000
band7_depth12_s16,classical,624,unguided,204800,15231,11,62,4581,4581,8013,class_cap,true,0.0000
band7_depth12_s16,classical,624,oracle,25,25,1,30,444,444,12579,app_budget,false,56.9824
band7_depth12_s16,classical,624,oracle,50,50,2,30,446,446,12556,app_budget,false,56.6954
band7_depth12_s16,classical,624,oracle,100,100,3,30,451,451,12536,app_budget,false,56.4458
band7_depth12_s16,classical,624,oracle,200,200,4,30,500,500,12536,app_budget,false,56.4458
band7_depth12_s16,classical,624,oracle,400,400,5,30,547,547,12536,app_budget,false,56.4458
band7_depth12_s16,classical,624,oracle,800,800,6,30,755,755,12496,app_budget,false,55.9466
band7_depth12_s16,classical,624,oracle,1600,1600,7,30,1179,1179,12496,app_budget,false,55.9466
band7_depth12_s16,classical,624,oracle,3200,3200,8,30,1848,1848,12496,app_budget,false,55.9466
band7_depth12_s16,classical,624,oracle,6400,6400,9,30,2812,2812,12496,app_budget,false,55.9466
band7_depth12_s16,classical,624,oracle,12800,12800,10,30,4544,4544,8120,app_budget,false,1.3353
band7_depth12_s16,classical,624,oracle,25600,15211,11,30,4583,4583,8013,class_cap,false,0.0000
band7_depth12_s16,classical,624,oracle,51200,15211,11,30,4583,4583,8013,class_cap,true,0.0000
band7_depth12_s16,classical,624,oracle,102400,15211,11,30,4583,4583,8013,class_cap,true,0.0000
band7_depth12_s16,classical,624,oracle,204800,15211,11,30,4583,4583,8013,class_cap,true,0.0000
band7_depth12_s17,classical,757,unguided,25,25,1,62,541,541,15163,app_budget,false,43.0877
band7_depth12_s17,classical,757,unguided,50,50,2,62,544,544,15142,app_budget,false,42.8895
band7_depth12_s17,classical,757,unguided,100,100,3,62,562,562,15105,app_budget,false,42.5403
band7_depth12_s17,classical,757,unguided,200,200,4,62,598,598,15098,app_budget,false,42.4743
band7_depth12_s17,classical,757,unguided,400,400,5,62,660,660,15095,app_budget,false,42.4460
band7_depth12_s17,classical,757,unguided,800,800,6,62,821,821,15075,app_budget,false,42.2572
band7_depth12_s17,classical,757,unguided,1600,1600,7,62,1160,1160,14767,app_budget,false,39.3508
band7_depth12_s17,classical,757,unguided,3200,3200,8,62,1653,1653,10858,app_budget,false,2.4630
band7_depth12_s17,classical,757,unguided,6400,6400,10,62,2528,2528,10597,app_budget,false,0.0000
band7_depth12_s17,classical,757,unguided,12800,11161,11,62,3837,3837,10597,class_cap,false,0.0000
band7_depth12_s17,classical,757,unguided,25600,11161,11,62,3837,3837,10597,class_cap,true,0.0000
band7_depth12_s17,classical,757,unguided,51200,11161,11,62,3837,3837,10597,class_cap,true,0.0000
band7_depth12_s17,classical,757,unguided,102400,11161,11,62,3837,3837,10597,class_cap,true,0.0000
band7_depth12_s17,classical,757,unguided,204800,11161,11,62,3837,3837,10597,class_cap,true,0.0000
band7_depth12_s17,classical,757,oracle,25,25,1,28,541,541,15163,app_budget,false,43.0877
band7_depth12_s17,classical,757,oracle,50,50,2,28,544,544,15142,app_budget,false,42.8895
band7_depth12_s17,classical,757,oracle,100,100,3,28,562,562,15105,app_budget,false,42.5403
band7_depth12_s17,classical,757,oracle,200,200,4,28,598,598,15098,app_budget,false,42.4743
band7_depth12_s17,classical,757,oracle,400,400,5,28,660,660,15095,app_budget,false,42.4460
band7_depth12_s17,classical,757,oracle,800,800,6,28,823,823,15072,app_budget,false,42.2289
band7_depth12_s17,classical,757,oracle,1600,1600,7,28,1167,1167,13861,app_budget,false,30.8012
band7_depth12_s17,classical,757,oracle,3200,3200,8,28,1660,1660,10666,app_budget,false,0.6511
band7_depth12_s17,classical,757,oracle,6400,6400,10,28,2529,2529,10597,app_budget,false,0.0000
band7_depth12_s17,classical,757,oracle,12800,11144,11,28,3837,3837,10597,class_cap,false,0.0000
band7_depth12_s17,classical,757,oracle,25600,11144,11,28,3837,3837,10597,class_cap,true,0.0000
band7_depth12_s17,classical,757,oracle,51200,11144,11,28,3837,3837,10597,class_cap,true,0.0000
band7_depth12_s17,classical,757,oracle,102400,11144,11,28,3837,3837,10597,class_cap,true,0.0000
band7_depth12_s17,classical,757,oracle,204800,11144,11,28,3837,3837,10597,class_cap,true,0.0000
band7_depth12_s18,classical,92,unguided,25,25,1,62,88,88,1992,app_budget,false,24.5000
band7_depth12_s18,classical,92,unguided,50,50,2,62,88,88,1992,app_budget,false,24.5000
band7_depth12_s18,classical,92,unguided,100,100,3,62,92,92,1992,app_budget,false,24.5000
band7_depth12_s18,classical,92,unguided,200,200,5,62,111,111,1600,app_budget,false,0.0000
band7_depth12_s18,classical,92,unguided,400,372,7,62,114,114,1600,quiesced,false,0.0000
band7_depth12_s18,classical,92,unguided,800,372,7,62,114,114,1600,quiesced,true,0.0000
band7_depth12_s18,classical,92,unguided,1600,372,7,62,114,114,1600,quiesced,true,0.0000
band7_depth12_s18,classical,92,unguided,3200,372,7,62,114,114,1600,quiesced,true,0.0000
band7_depth12_s18,classical,92,unguided,6400,372,7,62,114,114,1600,quiesced,true,0.0000
band7_depth12_s18,classical,92,unguided,12800,372,7,62,114,114,1600,quiesced,true,0.0000
band7_depth12_s18,classical,92,unguided,25600,372,7,62,114,114,1600,quiesced,true,0.0000
band7_depth12_s18,classical,92,unguided,51200,372,7,62,114,114,1600,quiesced,true,0.0000
band7_depth12_s18,classical,92,unguided,102400,372,7,62,114,114,1600,quiesced,true,0.0000
band7_depth12_s18,classical,92,unguided,204800,372,7,62,114,114,1600,quiesced,true,0.0000
band7_depth12_s18,classical,92,oracle,25,25,1,9,88,88,1992,app_budget,false,24.5000
band7_depth12_s18,classical,92,oracle,50,50,2,9,88,88,1992,app_budget,false,24.5000
band7_depth12_s18,classical,92,oracle,100,100,3,9,92,92,1992,app_budget,false,24.5000
band7_depth12_s18,classical,92,oracle,200,200,5,9,111,111,1600,app_budget,false,0.0000
band7_depth12_s18,classical,92,oracle,400,368,7,9,114,114,1600,quiesced,false,0.0000
band7_depth12_s18,classical,92,oracle,800,368,7,9,114,114,1600,quiesced,true,0.0000
band7_depth12_s18,classical,92,oracle,1600,368,7,9,114,114,1600,quiesced,true,0.0000
band7_depth12_s18,classical,92,oracle,3200,368,7,9,114,114,1600,quiesced,true,0.0000
band7_depth12_s18,classical,92,oracle,6400,368,7,9,114,114,1600,quiesced,true,0.0000
band7_depth12_s18,classical,92,oracle,12800,368,7,9,114,114,1600,quiesced,true,0.0000
band7_depth12_s18,classical,92,oracle,25600,368,7,9,114,114,1600,quiesced,true,0.0000
band7_depth12_s18,classical,92,oracle,51200,368,7,9,114,114,1600,quiesced,true,0.0000
band7_depth12_s18,classical,92,oracle,102400,368,7,9,114,114,1600,quiesced,true,0.0000
band7_depth12_s18,classical,92,oracle,204800,368,7,9,114,114,1600,quiesced,true,0.0000
band7_depth12_s19,classical,352,unguided,25,25,1,62,273,273,6737,app_budget,false,39.2230
band7_depth12_s19,classical,352,unguided,50,50,2,62,275,275,6734,app_budget,false,39.1610
band7_depth12_s19,classical,352,unguided,100,100,3,62,276,276,6730,app_budget,false,39.0783
band7_depth12_s19,classical,352,unguided,200,200,4,62,324,324,6730,app_budget,false,39.0783
band7_depth12_s19,classical,352,unguided,400,400,5,62,381,381,6712,app_budget,false,38.7063
band7_depth12_s19,classical,352,unguided,800,800,6,62,571,571,6695,app_budget,false,38.3550
band7_depth12_s19,classical,352,unguided,1600,1600,7,62,967,967,6695,app_budget,false,38.3550
band7_depth12_s19,classical,352,unguided,3200,3200,8,62,1561,1561,6695,app_budget,false,38.3550
band7_depth12_s19,classical,352,unguided,6400,6400,9,62,2757,2757,6695,app_budget,false,38.3550
band7_depth12_s19,classical,352,unguided,12800,12184,10,62,4591,4591,4839,class_cap,false,0.0000
band7_depth12_s19,classical,352,unguided,25600,12184,10,62,4591,4591,4839,class_cap,true,0.0000
band7_depth12_s19,classical,352,unguided,51200,12184,10,62,4591,4591,4839,class_cap,true,0.0000
band7_depth12_s19,classical,352,unguided,102400,12184,10,62,4591,4591,4839,class_cap,true,0.0000
band7_depth12_s19,classical,352,unguided,204800,12184,10,62,4591,4591,4839,class_cap,true,0.0000
band7_depth12_s19,classical,352,oracle,25,25,1,28,273,273,6737,app_budget,false,39.2230
band7_depth12_s19,classical,352,oracle,50,50,2,28,275,275,6734,app_budget,false,39.1610
band7_depth12_s19,classical,352,oracle,100,100,3,28,276,276,6730,app_budget,false,39.0783
band7_depth12_s19,classical,352,oracle,200,200,4,28,324,324,6730,app_budget,false,39.0783
band7_depth12_s19,classical,352,oracle,400,400,5,28,381,381,6712,app_budget,false,38.7063
band7_depth12_s19,classical,352,oracle,800,800,6,28,571,571,6695,app_budget,false,38.3550
band7_depth12_s19,classical,352,oracle,1600,1600,7,28,967,967,6695,app_budget,false,38.3550
band7_depth12_s19,classical,352,oracle,3200,3200,8,28,1561,1561,6695,app_budget,false,38.3550
band7_depth12_s19,classical,352,oracle,6400,6400,9,28,2757,2757,6695,app_budget,false,38.3550
band7_depth12_s19,classical,352,oracle,12800,12184,10,28,4591,4591,4839,class_cap,false,0.0000
band7_depth12_s19,classical,352,oracle,25600,12184,10,28,4591,4591,4839,class_cap,true,0.0000
band7_depth12_s19,classical,352,oracle,51200,12184,10,28,4591,4591,4839,class_cap,true,0.0000
band7_depth12_s19,classical,352,oracle,102400,12184,10,28,4591,4591,4839,class_cap,true,0.0000
band7_depth12_s19,classical,352,oracle,204800,12184,10,28,4591,4591,4839,class_cap,true,0.0000
band7_depth12_s20,classical,68,unguided,25,25,1,62,80,80,1558,app_budget,false,33.2763
band7_depth12_s20,classical,68,unguided,50,50,2,62,80,80,1558,app_budget,false,33.2763
band7_depth12_s20,classical,68,unguided,100,100,3,62,88,88,1558,app_budget,false,33.2763
band7_depth12_s20,classical,68,unguided,200,200,5,62,109,109,1173,app_budget,false,0.3422
band7_depth12_s20,classical,68,unguided,400,400,7,62,157,157,1169,app_budget,false,0.0000
band7_depth12_s20,classical,68,unguided,800,800,9,62,190,190,1169,app_budget,false,0.0000
band7_depth12_s20,classical,68,unguided,1600,1600,12,62,216,216,1169,app_budget,false,0.0000
band7_depth12_s20,classical,68,unguided,3200,2614,15,62,219,219,1169,quiesced,false,0.0000
band7_depth12_s20,classical,68,unguided,6400,2614,15,62,219,219,1169,quiesced,true,0.0000
band7_depth12_s20,classical,68,unguided,12800,2614,15,62,219,219,1169,quiesced,true,0.0000
band7_depth12_s20,classical,68,unguided,25600,2614,15,62,219,219,1169,quiesced,true,0.0000
band7_depth12_s20,classical,68,unguided,51200,2614,15,62,219,219,1169,quiesced,true,0.0000
band7_depth12_s20,classical,68,unguided,102400,2614,15,62,219,219,1169,quiesced,true,0.0000
band7_depth12_s20,classical,68,unguided,204800,2614,15,62,219,219,1169,quiesced,true,0.0000
band7_depth12_s20,classical,68,oracle,25,25,1,14,80,80,1558,app_budget,false,33.2763
band7_depth12_s20,classical,68,oracle,50,50,2,14,80,80,1558,app_budget,false,33.2763
band7_depth12_s20,classical,68,oracle,100,100,3,14,88,88,1558,app_budget,false,33.2763
band7_depth12_s20,classical,68,oracle,200,200,5,14,109,109,1173,app_budget,false,0.3422
band7_depth12_s20,classical,68,oracle,400,400,7,14,157,157,1169,app_budget,false,0.0000
band7_depth12_s20,classical,68,oracle,800,800,9,14,190,190,1169,app_budget,false,0.0000
band7_depth12_s20,classical,68,oracle,1600,1600,12,14,216,216,1169,app_budget,false,0.0000
band7_depth12_s20,classical,68,oracle,3200,2614,15,14,219,219,1169,quiesced,false,0.0000
band7_depth12_s20,classical,68,oracle,6400,2614,15,14,219,219,1169,quiesced,true,0.0000
band7_depth12_s20,classical,68,oracle,12800,2614,15,14,219,219,1169,quiesced,true,0.0000
band7_depth12_s20,classical,68,oracle,25600,2614,15,14,219,219,1169,quiesced,true,0.0000
band7_depth12_s20,classical,68,oracle,51200,2614,15,14,219,219,1169,quiesced,true,0.0000
band7_depth12_s20,classical,68,oracle,102400,2614,15,14,219,219,1169,quiesced,true,0.0000
band7_depth12_s20,classical,68,oracle,204800,2614,15,14,219,219,1169,quiesced,true,0.0000
band7_depth12_s21,classical,378,unguided,25,25,1,62,304,304,7322,app_budget,false,56.3194
band7_depth12_s21,classical,378,unguided,50,50,2,62,305,305,7304,app_budget,false,55.9351
band7_depth12_s21,classical,378,unguided,100,100,3,62,310,310,7285,app_budget,false,55.5295
band7_depth12_s21,classical,378,unguided,200,200,4,62,359,359,7285,app_budget,false,55.5295
band7_depth12_s21,classical,378,unguided,400,400,5,62,411,411,7282,app_budget,false,55.4654
band7_depth12_s21,classical,378,unguided,800,800,6,62,579,579,4757,app_budget,false,1.5585
band7_depth12_s21,classical,378,unguided,1600,1600,8,62,814,814,4685,app_budget,false,0.0213
band7_depth12_s21,classical,378,unguided,3200,3200,10,62,1048,1048,4684,app_budget,false,0.0000
band7_depth12_s21,classical,378,unguided,6400,6400,13,62,1206,1206,4684,app_budget,false,0.0000
band7_depth12_s21,classical,378,unguided,12800,12800,17,62,1303,1303,4684,app_budget,false,0.0000
band7_depth12_s21,classical,378,unguided,25600,16837,19,62,1304,1304,4684,quiesced,false,0.0000
band7_depth12_s21,classical,378,unguided,51200,16837,19,62,1304,1304,4684,quiesced,true,0.0000
band7_depth12_s21,classical,378,unguided,102400,16837,19,62,1304,1304,4684,quiesced,true,0.0000
band7_depth12_s21,classical,378,unguided,204800,16837,19,62,1304,1304,4684,quiesced,true,0.0000
band7_depth12_s21,classical,378,oracle,25,25,1,25,304,304,7322,app_budget,false,56.3194
band7_depth12_s21,classical,378,oracle,50,50,2,25,305,305,7304,app_budget,false,55.9351
band7_depth12_s21,classical,378,oracle,100,100,3,25,310,310,7285,app_budget,false,55.5295
band7_depth12_s21,classical,378,oracle,200,200,4,25,359,359,7285,app_budget,false,55.5295
band7_depth12_s21,classical,378,oracle,400,400,5,25,411,411,7282,app_budget,false,55.4654
band7_depth12_s21,classical,378,oracle,800,800,6,25,579,579,4757,app_budget,false,1.5585
band7_depth12_s21,classical,378,oracle,1600,1600,8,25,814,814,4685,app_budget,false,0.0213
band7_depth12_s21,classical,378,oracle,3200,3200,10,25,1048,1048,4684,app_budget,false,0.0000
band7_depth12_s21,classical,378,oracle,6400,6400,13,25,1206,1206,4684,app_budget,false,0.0000
band7_depth12_s21,classical,378,oracle,12800,12800,17,25,1303,1303,4684,app_budget,false,0.0000
band7_depth12_s21,classical,378,oracle,25600,16833,19,25,1304,1304,4684,quiesced,false,0.0000
band7_depth12_s21,classical,378,oracle,51200,16833,19,25,1304,1304,4684,quiesced,true,0.0000
band7_depth12_s21,classical,378,oracle,102400,16833,19,25,1304,1304,4684,quiesced,true,0.0000
band7_depth12_s21,classical,378,oracle,204800,16833,19,25,1304,1304,4684,quiesced,true,0.0000
band8_depth15_s0,classical,1651,unguided,25,25,1,62,1117,1117,31415,app_budget,false,49.3463
band8_depth15_s0,classical,1651,unguided,50,50,2,62,1117,1117,31415,app_budget,false,49.3463
band8_depth15_s0,classical,1651,unguided,100,100,3,62,1133,1133,31349,app_budget,false,49.0326
band8_depth15_s0,classical,1651,unguided,200,200,4,62,1174,1174,31260,app_budget,false,48.6095
band8_depth15_s0,classical,1651,unguided,400,400,5,62,1242,1242,31190,app_budget,false,48.2767
band8_depth15_s0,classical,1651,unguided,800,800,6,62,1377,1377,31139,app_budget,false,48.0342
band8_depth15_s0,classical,1651,unguided,1600,1600,7,62,1665,1665,31080,app_budget,false,47.7537
band8_depth15_s0,classical,1651,unguided,3200,3200,8,62,2458,2458,31080,app_budget,false,47.7537
band8_depth15_s0,classical,1651,unguided,6400,6400,9,62,3428,3428,31073,app_budget,false,47.7205
band8_depth15_s0,classical,1651,unguided,12800,11743,10,62,4786,4786,21035,class_cap,false,0.0000
band8_depth15_s0,classical,1651,unguided,25600,11743,10,62,4786,4786,21035,class_cap,true,0.0000
band8_depth15_s0,classical,1651,unguided,51200,11743,10,62,4786,4786,21035,class_cap,true,0.0000
band8_depth15_s0,classical,1651,unguided,102400,11743,10,62,4786,4786,21035,class_cap,true,0.0000
band8_depth15_s0,classical,1651,unguided,204800,11743,10,62,4786,4786,21035,class_cap,true,0.0000
band8_depth15_s0,classical,1651,oracle,25,25,1,35,1117,1117,31415,app_budget,false,49.3463
band8_depth15_s0,classical,1651,oracle,50,50,2,35,1117,1117,31415,app_budget,false,49.3463
band8_depth15_s0,classical,1651,oracle,100,100,3,35,1133,1133,31349,app_budget,false,49.0326
band8_depth15_s0,classical,1651,oracle,200,200,4,35,1174,1174,31260,app_budget,false,48.6095
band8_depth15_s0,classical,1651,oracle,400,400,5,35,1242,1242,31190,app_budget,false,48.2767
band8_depth15_s0,classical,1651,oracle,800,800,6,35,1377,1377,31139,app_budget,false,48.0342
band8_depth15_s0,classical,1651,oracle,1600,1600,7,35,1665,1665,31080,app_budget,false,47.7537
band8_depth15_s0,classical,1651,oracle,3200,3200,8,35,2458,2458,31080,app_budget,false,47.7537
band8_depth15_s0,classical,1651,oracle,6400,6400,9,35,3428,3428,31073,app_budget,false,47.7205
band8_depth15_s0,classical,1651,oracle,12800,11742,10,35,4786,4786,21035,class_cap,false,0.0000
band8_depth15_s0,classical,1651,oracle,25600,11742,10,35,4786,4786,21035,class_cap,true,0.0000
band8_depth15_s0,classical,1651,oracle,51200,11742,10,35,4786,4786,21035,class_cap,true,0.0000
band8_depth15_s0,classical,1651,oracle,102400,11742,10,35,4786,4786,21035,class_cap,true,0.0000
band8_depth15_s0,classical,1651,oracle,204800,11742,10,35,4786,4786,21035,class_cap,true,0.0000
band8_depth15_s1,classical,254,unguided,25,25,1,62,191,191,4532,app_budget,false,73.7730
band8_depth15_s1,classical,254,unguided,50,50,2,62,191,191,4532,app_budget,false,73.7730
band8_depth15_s1,classical,254,unguided,100,100,3,62,192,192,4521,app_budget,false,73.3512
band8_depth15_s1,classical,254,unguided,200,200,4,62,242,242,4513,app_budget,false,73.0445
band8_depth15_s1,classical,254,unguided,400,400,5,62,312,312,4485,app_budget,false,71.9709
band8_depth15_s1,classical,254,unguided,800,800,6,62,485,485,4485,app_budget,false,71.9709
band8_depth15_s1,classical,254,unguided,1600,1600,7,62,744,744,4489,app_budget,false,72.1242
band8_depth15_s1,classical,254,unguided,3200,3200,8,62,1229,1229,2658,app_budget,false,1.9172
band8_depth15_s1,classical,254,unguided,6400,6400,9,62,2041,2041,2618,app_budget,false,0.3834
band8_depth15_s1,classical,254,unguided,12800,12800,11,62,3096,3096,2608,app_budget,false,0.0000
band8_depth15_s1,classical,254,unguided,25600,18259,12,62,3274,3274,2608,class_cap,false,0.0000
band8_depth15_s1,classical,254,unguided,51200,18259,12,62,3274,3274,2608,class_cap,true,0.0000
band8_depth15_s1,classical,254,unguided,102400,18259,12,62,3274,3274,2608,class_cap,true,0.0000
band8_depth15_s1,classical,254,unguided,204800,18259,12,62,3274,3274,2608,class_cap,true,0.0000
band8_depth15_s1,classical,254,oracle,25,25,1,23,191,191,4532,app_budget,false,73.7730
band8_depth15_s1,classical,254,oracle,50,50,2,23,191,191,4532,app_budget,false,73.7730
band8_depth15_s1,classical,254,oracle,100,100,3,23,192,192,4521,app_budget,false,73.3512
band8_depth15_s1,classical,254,oracle,200,200,4,23,242,242,4513,app_budget,false,73.0445
band8_depth15_s1,classical,254,oracle,400,400,5,23,312,312,4485,app_budget,false,71.9709
band8_depth15_s1,classical,254,oracle,800,800,6,23,485,485,4485,app_budget,false,71.9709
band8_depth15_s1,classical,254,oracle,1600,1600,7,23,744,744,4489,app_budget,false,72.1242
band8_depth15_s1,classical,254,oracle,3200,3200,8,23,1230,1230,2654,app_budget,false,1.7638
band8_depth15_s1,classical,254,oracle,6400,6400,9,23,2044,2044,2618,app_budget,false,0.3834
band8_depth15_s1,classical,254,oracle,12800,12800,11,23,3097,3097,2608,app_budget,false,0.0000
band8_depth15_s1,classical,254,oracle,25600,18257,12,23,3274,3274,2608,class_cap,false,0.0000
band8_depth15_s1,classical,254,oracle,51200,18257,12,23,3274,3274,2608,class_cap,true,0.0000
band8_depth15_s1,classical,254,oracle,102400,18257,12,23,3274,3274,2608,class_cap,true,0.0000
band8_depth15_s1,classical,254,oracle,204800,18257,12,23,3274,3274,2608,class_cap,true,0.0000
band8_depth15_s2,classical,421,unguided,25,25,1,62,321,321,8228,app_budget,false,36.8596
band8_depth15_s2,classical,421,unguided,50,50,2,62,326,326,8200,app_budget,false,36.3939
band8_depth15_s2,classical,421,unguided,100,100,3,62,329,329,8188,app_budget,false,36.1943
band8_depth15_s2,classical,421,unguided,200,200,4,62,373,373,8184,app_budget,false,36.1277
band8_depth15_s2,classical,421,unguided,400,400,5,62,440,440,8184,app_budget,false,36.1277
band8_depth15_s2,classical,421,unguided,800,800,6,62,621,621,8105,app_budget,false,34.8137
band8_depth15_s2,classical,421,unguided,1600,1600,7,62,908,908,6048,app_budget,false,0.5988
band8_depth15_s2,classical,421,unguided,3200,3200,8,62,1375,1375,6012,app_budget,false,0.0000
band8_depth15_s2,classical,421,unguided,6400,6400,10,62,1669,1669,6020,app_budget,false,0.1331
band8_depth15_s2,classical,421,unguided,12800,12800,13,62,2299,2299,6016,app_budget,false,0.0665
band8_depth15_s2,classical,421,unguided,25600,25600,16,62,2547,2547,6016,app_budget,false,0.0665
band8_depth15_s2,classical,421,unguided,51200,34565,18,62,2550,2550,6016,quiesced,false,0.0665
band8_depth15_s2,classical,421,unguided,102400,34565,18,62,2550,2550,6016,quiesced,true,0.0665
band8_depth15_s2,classical,421,unguided,204800,34565,18,62,2550,2550,6016,quiesced,true,0.0665
band8_depth15_s2,classical,421,oracle,25,25,1,25,321,321,8228,app_budget,false,36.8596
band8_depth15_s2,classical,421,oracle,50,50,2,25,326,326,8200,app_budget,false,36.3939
band8_depth15_s2,classical,421,oracle,100,100,3,25,329,329,8188,app_budget,false,36.1943
band8_depth15_s2,classical,421,oracle,200,200,4,25,373,373,8184,app_budget,false,36.1277
band8_depth15_s2,classical,421,oracle,400,400,5,25,440,440,8184,app_budget,false,36.1277
band8_depth15_s2,classical,421,oracle,800,800,6,25,624,624,8105,app_budget,false,34.8137
band8_depth15_s2,classical,421,oracle,1600,1600,7,25,920,920,6048,app_budget,false,0.5988
band8_depth15_s2,classical,421,oracle,3200,3200,8,25,1376,1376,6012,app_budget,false,0.0000
band8_depth15_s2,classical,421,oracle,6400,6400,10,25,1679,1679,6030,app_budget,false,0.2994
band8_depth15_s2,classical,421,oracle,12800,12800,13,25,2299,2299,6026,app_budget,false,0.2329
band8_depth15_s2,classical,421,oracle,25600,25600,17,25,2547,2547,6026,app_budget,false,0.2329
band8_depth15_s2,classical,421,oracle,51200,34497,19,25,2550,2550,6026,quiesced,false,0.2329
band8_depth15_s2,classical,421,oracle,102400,34497,19,25,2550,2550,6026,quiesced,true,0.2329
band8_depth15_s2,classical,421,oracle,204800,34497,19,25,2550,2550,6026,quiesced,true,0.2329
band8_depth15_s3,classical,1665,unguided,25,25,1,62,1105,1105,29040,app_budget,false,24.7691
band8_depth15_s3,classical,1665,unguided,50,50,2,62,1106,1106,29040,app_budget,false,24.7691
band8_depth15_s3,classical,1665,unguided,100,100,3,62,1140,1140,29006,app_budget,false,24.6230
band8_depth15_s3,classical,1665,unguided,200,200,4,62,1179,1179,28884,app_budget,false,24.0988
band8_depth15_s3,classical,1665,unguided,400,400,5,62,1256,1256,28764,app_budget,false,23.5832
band8_depth15_s3,classical,1665,unguided,800,800,6,62,1387,1387,28710,app_budget,false,23.3512
band8_depth15_s3,classical,1665,unguided,1600,1600,7,62,1705,1705,28658,app_budget,false,23.1278
band8_depth15_s3,classical,1665,unguided,3200,3200,8,62,2395,2395,28653,app_budget,false,23.1063
band8_depth15_s3,classical,1665,unguided,6400,6400,9,62,4067,4067,28653,app_budget,false,23.1063
band8_depth15_s3,classical,1665,unguided,12800,10024,10,62,4902,4902,23275,class_cap,false,0.0000
band8_depth15_s3,classical,1665,unguided,25600,10024,10,62,4902,4902,23275,class_cap,true,0.0000
band8_depth15_s3,classical,1665,unguided,51200,10024,10,62,4902,4902,23275,class_cap,true,0.0000
band8_depth15_s3,classical,1665,unguided,102400,10024,10,62,4902,4902,23275,class_cap,true,0.0000
band8_depth15_s3,classical,1665,unguided,204800,10024,10,62,4902,4902,23275,class_cap,true,0.0000
band8_depth15_s3,classical,1665,oracle,25,25,1,30,1105,1105,29040,app_budget,false,24.7691
band8_depth15_s3,classical,1665,oracle,50,50,2,30,1106,1106,29040,app_budget,false,24.7691
band8_depth15_s3,classical,1665,oracle,100,100,3,30,1140,1140,29006,app_budget,false,24.6230
band8_depth15_s3,classical,1665,oracle,200,200,4,30,1179,1179,28884,app_budget,false,24.0988
band8_depth15_s3,classical,1665,oracle,400,400,5,30,1256,1256,28764,app_budget,false,23.5832
band8_depth15_s3,classical,1665,oracle,800,800,6,30,1387,1387,28710,app_budget,false,23.3512
band8_depth15_s3,classical,1665,oracle,1600,1600,7,30,1709,1709,28658,app_budget,false,23.1278
band8_depth15_s3,classical,1665,oracle,3200,3200,8,30,2399,2399,28653,app_budget,false,23.1063
band8_depth15_s3,classical,1665,oracle,6400,6400,9,30,4057,4057,28653,app_budget,false,23.1063
band8_depth15_s3,classical,1665,oracle,12800,10044,10,30,4900,4900,23275,class_cap,false,0.0000
band8_depth15_s3,classical,1665,oracle,25600,10044,10,30,4900,4900,23275,class_cap,true,0.0000
band8_depth15_s3,classical,1665,oracle,51200,10044,10,30,4900,4900,23275,class_cap,true,0.0000
band8_depth15_s3,classical,1665,oracle,102400,10044,10,30,4900,4900,23275,class_cap,true,0.0000
band8_depth15_s3,classical,1665,oracle,204800,10044,10,30,4900,4900,23275,class_cap,true,0.0000
band8_depth15_s4,classical,1518,unguided,25,25,1,62,1052,1052,30258,app_budget,false,47.5137
band8_depth15_s4,classical,1518,unguided,50,50,2,62,1052,1052,30255,app_budget,false,47.4990
band8_depth15_s4,classical,1518,unguided,100,100,3,62,1068,1068,30193,app_budget,false,47.1968
band8_depth15_s4,classical,1518,unguided,200,200,4,62,1104,1104,30080,app_budget,false,46.6459
band8_depth15_s4,classical,1518,unguided,400,400,5,62,1175,1175,29984,app_budget,false,46.1778
band8_depth15_s4,classical,1518,unguided,800,800,6,62,1310,1310,29904,app_budget,false,45.7878
band8_depth15_s4,classical,1518,unguided,1600,1600,7,62,1627,1627,29869,app_budget,false,45.6172
band8_depth15_s4,classical,1518,unguided,3200,3200,8,62,2328,2328,29869,app_budget,false,45.6172
band8_depth15_s4,classical,1518,unguided,6400,6400,9,62,3702,3702,29869,app_budget,false,45.6172
band8_depth15_s4,classical,1518,unguided,12800,10572,10,62,4904,4904,20515,class_cap,false,0.0146
band8_depth15_s4,classical,1518,unguided,25600,10572,10,62,4904,4904,20515,class_cap,true,0.0146
band8_depth15_s4,classical,1518,unguided,51200,10572,10,62,4904,4904,20515,class_cap,true,0.0146
band8_depth15_s4,classical,1518,unguided,102400,10572,10,62,4904,4904,20515,class_cap,true,0.0146
band8_depth15_s4,classical,1518,unguided,204800,10572,10,62,4904,4904,20515,class_cap,true,0.0146
band8_depth15_s4,classical,1518,oracle,25,25,1,33,1052,1052,30258,app_budget,false,47.5137
band8_depth15_s4,classical,1518,oracle,50,50,2,33,1052,1052,30255,app_budget,false,47.4990
band8_depth15_s4,classical,1518,oracle,100,100,3,33,1068,1068,30193,app_budget,false,47.1968
band8_depth15_s4,classical,1518,oracle,200,200,4,33,1104,1104,30080,app_budget,false,46.6459
band8_depth15_s4,classical,1518,oracle,400,400,5,33,1175,1175,29984,app_budget,false,46.1778
band8_depth15_s4,classical,1518,oracle,800,800,6,33,1310,1310,29904,app_budget,false,45.7878
band8_depth15_s4,classical,1518,oracle,1600,1600,7,33,1637,1637,29869,app_budget,false,45.6172
band8_depth15_s4,classical,1518,oracle,3200,3200,8,33,2366,2366,29869,app_budget,false,45.6172
band8_depth15_s4,classical,1518,oracle,6400,6400,9,33,3757,3757,29869,app_budget,false,45.6172
band8_depth15_s4,classical,1518,oracle,12800,10680,10,33,4875,4875,20512,class_cap,false,0.0000
band8_depth15_s4,classical,1518,oracle,25600,10680,10,33,4875,4875,20512,class_cap,true,0.0000
band8_depth15_s4,classical,1518,oracle,51200,10680,10,33,4875,4875,20512,class_cap,true,0.0000
band8_depth15_s4,classical,1518,oracle,102400,10680,10,33,4875,4875,20512,class_cap,true,0.0000
band8_depth15_s4,classical,1518,oracle,204800,10680,10,33,4875,4875,20512,class_cap,true,0.0000
band8_depth15_s5,classical,984,unguided,25,25,1,62,682,682,19176,app_budget,false,33.7518
band8_depth15_s5,classical,984,unguided,50,50,2,62,685,685,19157,app_budget,false,33.6193
band8_depth15_s5,classical,984,unguided,100,100,3,62,697,697,19105,app_budget,false,33.2566
band8_depth15_s5,classical,984,unguided,200,200,4,62,744,744,19082,app_budget,false,33.0962
band8_depth15_s5,classical,984,unguided,400,400,5,62,798,798,19079,app_budget,false,33.0753
band8_depth15_s5,classical,984,unguided,800,800,6,62,951,951,19075,app_budget,false,33.0474
band8_depth15_s5,classical,984,unguided,1600,1600,7,62,1258,1258,18738,app_budget,false,30.6968
band8_depth15_s5,classical,984,unguided,3200,3200,8,62,1914,1914,14568,app_budget,false,1.6112
band8_depth15_s5,classical,984,unguided,6400,6400,9,62,2939,2939,14568,app_budget,false,1.6112
band8_depth15_s5,classical,984,unguided,12800,12353,10,62,4700,4700,14337,class_cap,false,0.0000
band8_depth15_s5,classical,984,unguided,25600,12353,10,62,4700,4700,14337,class_cap,true,0.0000
band8_depth15_s5,classical,984,unguided,51200,12353,10,62,4700,4700,14337,class_cap,true,0.0000
band8_depth15_s5,classical,984,unguided,102400,12353,10,62,4700,4700,14337,class_cap,true,0.0000
band8_depth15_s5,classical,984,unguided,204800,12353,10,62,4700,4700,14337,class_cap,true,0.0000
band8_depth15_s5,classical,984,oracle,25,25,1,30,682,682,19176,app_budget,false,33.7518
band8_depth15_s5,classical,984,oracle,50,50,2,30,685,685,19157,app_budget,false,33.6193
band8_depth15_s5,classical,984,oracle,100,100,3,30,697,697,19105,app_budget,false,33.2566
band8_depth15_s5,classical,984,oracle,200,200,4,30,744,744,19082,app_budget,false,33.0962
band8_depth15_s5,classical,984,oracle,400,400,5,30,798,798,19079,app_budget,false,33.0753
band8_depth15_s5,classical,984,oracle,800,800,6,30,951,951,19075,app_budget,false,33.0474
band8_depth15_s5,classical,984,oracle,1600,1600,7,30,1258,1258,18738,app_budget,false,30.6968
band8_depth15_s5,classical,984,oracle,3200,3200,8,30,1915,1915,14564,app_budget,false,1.5833
band8_depth15_s5,classical,984,oracle,6400,6400,9,30,2940,2940,14564,app_budget,false,1.5833
band8_depth15_s5,classical,984,oracle,12800,12352,10,30,4699,4699,14337,class_cap,false,0.0000
band8_depth15_s5,classical,984,oracle,25600,12352,10,30,4699,4699,14337,class_cap,true,0.0000
band8_depth15_s5,classical,984,oracle,51200,12352,10,30,4699,4699,14337,class_cap,true,0.0000
band8_depth15_s5,classical,984,oracle,102400,12352,10,30,4699,4699,14337,class_cap,true,0.0000
band8_depth15_s5,classical,984,oracle,204800,12352,10,30,4699,4699,14337,class_cap,true,0.0000
band8_depth15_s6,classical,481,unguided,25,25,1,62,375,375,10459,app_budget,false,42.6098
band8_depth15_s6,classical,481,unguided,50,50,2,62,379,379,10434,app_budget,false,42.2689
band8_depth15_s6,classical,481,unguided,100,100,3,62,390,390,10411,app_budget,false,41.9553
band8_depth15_s6,classical,481,unguided,200,200,4,62,434,434,10407,app_budget,false,41.9007
band8_depth15_s6,classical,481,unguided,400,400,5,62,484,484,10407,app_budget,false,41.9007
band8_depth15_s6,classical,481,unguided,800,800,6,62,677,677,10387,app_budget,false,41.6280
band8_depth15_s6,classical,481,unguided,1600,1600,7,62,1148,1148,10388,app_budget,false,41.6417
band8_depth15_s6,classical,481,unguided,3200,3200,8,62,1953,1953,10388,app_budget,false,41.6417
band8_depth15_s6,classical,481,unguided,6400,6400,9,62,3150,3150,10388,app_budget,false,41.6417
band8_depth15_s6,classical,481,unguided,12800,12121,10,62,4787,4787,7334,class_cap,false,0.0000
band8_depth15_s6,classical,481,unguided,25600,12121,10,62,4787,4787,7334,class_cap,true,0.0000
band8_depth15_s6,classical,481,unguided,51200,12121,10,62,4787,4787,7334,class_cap,true,0.0000
band8_depth15_s6,classical,481,unguided,102400,12121,10,62,4787,4787,7334,class_cap,true,0.0000
band8_depth15_s6,classical,481,unguided,204800,12121,10,62,4787,4787,7334,class_cap,true,0.0000
band8_depth15_s6,classical,481,oracle,25,25,1,26,375,375,10459,app_budget,false,42.6098
band8_depth15_s6,classical,481,oracle,50,50,2,26,379,379,10434,app_budget,false,42.2689
band8_depth15_s6,classical,481,oracle,100,100,3,26,390,390,10411,app_budget,false,41.9553
band8_depth15_s6,classical,481,oracle,200,200,4,26,434,434,10407,app_budget,false,41.9007
band8_depth15_s6,classical,481,oracle,400,400,5,26,484,484,10407,app_budget,false,41.9007
band8_depth15_s6,classical,481,oracle,800,800,6,26,677,677,10387,app_budget,false,41.6280
band8_depth15_s6,classical,481,oracle,1600,1600,7,26,1148,1148,10388,app_budget,false,41.6417
band8_depth15_s6,classical,481,oracle,3200,3200,8,26,1953,1953,10388,app_budget,false,41.6417
band8_depth15_s6,classical,481,oracle,6400,6400,9,26,3150,3150,10388,app_budget,false,41.6417
band8_depth15_s6,classical,481,oracle,12800,12121,10,26,4787,4787,7334,class_cap,false,0.0000
band8_depth15_s6,classical,481,oracle,25600,12121,10,26,4787,4787,7334,class_cap,true,0.0000
band8_depth15_s6,classical,481,oracle,51200,12121,10,26,4787,4787,7334,class_cap,true,0.0000
band8_depth15_s6,classical,481,oracle,102400,12121,10,26,4787,4787,7334,class_cap,true,0.0000
band8_depth15_s6,classical,481,oracle,204800,12121,10,26,4787,4787,7334,class_cap,true,0.0000
band8_depth15_s7,classical,2174,unguided,25,25,1,62,1455,1455,39522,app_budget,false,40.6477
band8_depth15_s7,classical,2174,unguided,50,50,2,62,1456,1456,39522,app_budget,false,40.6477
band8_depth15_s7,classical,2174,unguided,100,100,3,62,1474,1474,39463,app_budget,false,40.4377
band8_depth15_s7,classical,2174,unguided,200,200,4,62,1517,1517,39333,app_budget,false,39.9751
band8_depth15_s7,classical,2174,unguided,400,400,5,62,1587,1587,39250,app_budget,false,39.6797
band8_depth15_s7,classical,2174,unguided,800,800,6,62,1719,1719,39186,app_budget,false,39.4520
band8_depth15_s7,classical,2174,unguided,1600,1600,7,62,1982,1982,39171,app_budget,false,39.3986
band8_depth15_s7,classical,2174,unguided,3200,3200,8,62,2641,2641,38813,app_budget,false,38.1246
band8_depth15_s7,classical,2174,unguided,6400,6400,9,62,4142,4142,38792,app_budget,false,38.0498
band8_depth15_s7,classical,2174,unguided,12800,9593,10,62,4986,4986,28100,class_cap,false,0.0000
band8_depth15_s7,classical,2174,unguided,25600,9593,10,62,4986,4986,28100,class_cap,true,0.0000
band8_depth15_s7,classical,2174,unguided,51200,9593,10,62,4986,4986,28100,class_cap,true,0.0000
band8_depth15_s7,classical,2174,unguided,102400,9593,10,62,4986,4986,28100,class_cap,true,0.0000
band8_depth15_s7,classical,2174,unguided,204800,9593,10,62,4986,4986,28100,class_cap,true,0.0000
band8_depth15_s7,classical,2174,oracle,25,25,1,40,1455,1455,39522,app_budget,false,40.6477
band8_depth15_s7,classical,2174,oracle,50,50,2,40,1456,1456,39522,app_budget,false,40.6477
band8_depth15_s7,classical,2174,oracle,100,100,3,40,1474,1474,39463,app_budget,false,40.4377
band8_depth15_s7,classical,2174,oracle,200,200,4,40,1517,1517,39333,app_budget,false,39.9751
band8_depth15_s7,classical,2174,oracle,400,400,5,40,1587,1587,39250,app_budget,false,39.6797
band8_depth15_s7,classical,2174,oracle,800,800,6,40,1719,1719,39186,app_budget,false,39.4520
band8_depth15_s7,classical,2174,oracle,1600,1600,7,40,1982,1982,39171,app_budget,false,39.3986
band8_depth15_s7,classical,2174,oracle,3200,3200,8,40,2641,2641,38813,app_budget,false,38.1246
band8_depth15_s7,classical,2174,oracle,6400,6400,9,40,4142,4142,38792,app_budget,false,38.0498
band8_depth15_s7,classical,2174,oracle,12800,9592,10,40,4986,4986,28100,class_cap,false,0.0000
band8_depth15_s7,classical,2174,oracle,25600,9592,10,40,4986,4986,28100,class_cap,true,0.0000
band8_depth15_s7,classical,2174,oracle,51200,9592,10,40,4986,4986,28100,class_cap,true,0.0000
band8_depth15_s7,classical,2174,oracle,102400,9592,10,40,4986,4986,28100,class_cap,true,0.0000
band8_depth15_s7,classical,2174,oracle,204800,9592,10,40,4986,4986,28100,class_cap,true,0.0000
band8_depth15_s8,classical,462,unguided,25,25,1,62,339,339,10278,app_budget,false,43.8086
band8_depth15_s8,classical,462,unguided,50,50,2,62,343,343,10259,app_budget,false,43.5427
band8_depth15_s8,classical,462,unguided,100,100,3,62,347,347,10232,app_budget,false,43.1650
band8_depth15_s8,classical,462,unguided,200,200,4,62,392,392,10232,app_budget,false,43.1650
band8_depth15_s8,classical,462,unguided,400,400,5,62,450,450,10232,app_budget,false,43.1650
band8_depth15_s8,classical,462,unguided,800,800,6,62,636,636,10170,app_budget,false,42.2975
band8_depth15_s8,classical,462,unguided,1600,1600,7,62,1062,1062,10158,app_budget,false,42.1296
band8_depth15_s8,classical,462,unguided,3200,3200,8,62,1802,1802,10158,app_budget,false,42.1296
band8_depth15_s8,classical,462,unguided,6400,6400,9,62,3020,3020,10158,app_budget,false,42.1296
band8_depth15_s8,classical,462,unguided,12800,11940,10,62,4668,4668,7147,class_cap,false,0.0000
band8_depth15_s8,classical,462,unguided,25600,11940,10,62,4668,4668,7147,class_cap,true,0.0000
band8_depth15_s8,classical,462,unguided,51200,11940,10,62,4668,4668,7147,class_cap,true,0.0000
band8_depth15_s8,classical,462,unguided,102400,11940,10,62,4668,4668,7147,class_cap,true,0.0000
band8_depth15_s8,classical,462,unguided,204800,11940,10,62,4668,4668,7147,class_cap,true,0.0000
band8_depth15_s8,classical,462,oracle,25,25,1,25,339,339,10278,app_budget,false,43.8086
band8_depth15_s8,classical,462,oracle,50,50,2,25,343,343,10259,app_budget,false,43.5427
band8_depth15_s8,classical,462,oracle,100,100,3,25,347,347,10232,app_budget,false,43.1650
band8_depth15_s8,classical,462,oracle,200,200,4,25,392,392,10232,app_budget,false,43.1650
band8_depth15_s8,classical,462,oracle,400,400,5,25,450,450,10232,app_budget,false,43.1650
band8_depth15_s8,classical,462,oracle,800,800,6,25,637,637,10167,app_budget,false,42.2555
band8_depth15_s8,classical,462,oracle,1600,1600,7,25,1069,1069,10155,app_budget,false,42.0876
band8_depth15_s8,classical,462,oracle,3200,3200,8,25,1811,1811,10155,app_budget,false,42.0876
band8_depth15_s8,classical,462,oracle,6400,6400,9,25,3026,3026,10155,app_budget,false,42.0876
band8_depth15_s8,classical,462,oracle,12800,11928,10,25,4666,4666,7147,class_cap,false,0.0000
band8_depth15_s8,classical,462,oracle,25600,11928,10,25,4666,4666,7147,class_cap,true,0.0000
band8_depth15_s8,classical,462,oracle,51200,11928,10,25,4666,4666,7147,class_cap,true,0.0000
band8_depth15_s8,classical,462,oracle,102400,11928,10,25,4666,4666,7147,class_cap,true,0.0000
band8_depth15_s8,classical,462,oracle,204800,11928,10,25,4666,4666,7147,class_cap,true,0.0000
band8_depth15_s9,classical,2156,unguided,25,25,1,62,1446,1446,39187,app_budget,false,36.6734
band8_depth15_s9,classical,2156,unguided,50,50,2,62,1446,1446,39187,app_budget,false,36.6734
band8_depth15_s9,classical,2156,unguided,100,100,3,62,1469,1469,39149,app_budget,false,36.5409
band8_depth15_s9,classical,2156,unguided,200,200,4,62,1504,1504,39017,app_budget,false,36.0805
band8_depth15_s9,classical,2156,unguided,400,400,5,62,1586,1586,38924,app_budget,false,35.7561
band8_depth15_s9,classical,2156,unguided,800,800,6,62,1715,1715,38883,app_budget,false,35.6131
band8_depth15_s9,classical,2156,unguided,1600,1600,7,62,1976,1976,38858,app_budget,false,35.5259
band8_depth15_s9,classical,2156,unguided,3200,3200,8,62,2600,2600,29287,app_budget,false,2.1449
band8_depth15_s9,classical,2156,unguided,6400,6400,9,62,3820,3820,28750,app_budget,false,0.2720
band8_depth15_s9,classical,2156,unguided,12800,10938,10,62,4591,4591,28672,class_cap,false,0.0000
band8_depth15_s9,classical,2156,unguided,25600,10938,10,62,4591,4591,28672,class_cap,true,0.0000
band8_depth15_s9,classical,2156,unguided,51200,10938,10,62,4591,4591,28672,class_cap,true,0.0000
band8_depth15_s9,classical,2156,unguided,102400,10938,10,62,4591,4591,28672,class_cap,true,0.0000
band8_depth15_s9,classical,2156,unguided,204800,10938,10,62,4591,4591,28672,class_cap,true,0.0000
band8_depth15_s9,classical,2156,oracle,25,25,1,33,1446,1446,39187,app_budget,false,36.6734
band8_depth15_s9,classical,2156,oracle,50,50,2,33,1446,1446,39187,app_budget,false,36.6734
band8_depth15_s9,classical,2156,oracle,100,100,3,33,1469,1469,39149,app_budget,false,36.5409
band8_depth15_s9,classical,2156,oracle,200,200,4,33,1504,1504,39017,app_budget,false,36.0805
band8_depth15_s9,classical,2156,oracle,400,400,5,33,1586,1586,38924,app_budget,false,35.7561
band8_depth15_s9,classical,2156,oracle,800,800,6,33,1715,1715,38883,app_budget,false,35.6131
band8_depth15_s9,classical,2156,oracle,1600,1600,7,33,1976,1976,38858,app_budget,false,35.5259
band8_depth15_s9,classical,2156,oracle,3200,3200,8,33,2604,2604,29284,app_budget,false,2.1345
band8_depth15_s9,classical,2156,oracle,6400,6400,9,33,3833,3833,28740,app_budget,false,0.2372
band8_depth15_s9,classical,2156,oracle,12800,10898,10,33,4579,4579,28672,class_cap,false,0.0000
band8_depth15_s9,classical,2156,oracle,25600,10898,10,33,4579,4579,28672,class_cap,true,0.0000
band8_depth15_s9,classical,2156,oracle,51200,10898,10,33,4579,4579,28672,class_cap,true,0.0000
band8_depth15_s9,classical,2156,oracle,102400,10898,10,33,4579,4579,28672,class_cap,true,0.0000
band8_depth15_s9,classical,2156,oracle,204800,10898,10,33,4579,4579,28672,class_cap,true,0.0000
band8_depth15_s10,classical,1547,unguided,25,25,1,62,1043,1043,28988,app_budget,false,18.8715
band8_depth15_s10,classical,1547,unguided,50,50,2,62,1043,1043,28988,app_budget,false,18.8715
band8_depth15_s10,classical,1547,unguided,100,100,3,62,1065,1065,28923,app_budget,false,18.6049
band8_depth15_s10,classical,1547,unguided,200,200,4,62,1104,1104,28841,app_budget,false,18.2687
band8_depth15_s10,classical,1547,unguided,400,400,5,62,1175,1175,28798,app_budget,false,18.0923
band8_depth15_s10,classical,1547,unguided,800,800,6,62,1309,1309,28775,app_budget,false,17.9980
band8_depth15_s10,classical,1547,unguided,1600,1600,7,62,1621,1621,28760,app_budget,false,17.9365
band8_depth15_s10,classical,1547,unguided,3200,3200,8,62,2268,2268,28751,app_budget,false,17.8996
band8_depth15_s10,classical,1547,unguided,6400,6400,9,62,3536,3536,28766,app_budget,false,17.9611
band8_depth15_s10,classical,1547,unguided,12800,11033,10,62,4931,4931,24386,class_cap,false,0.0000
band8_depth15_s10,classical,1547,unguided,25600,11033,10,62,4931,4931,24386,class_cap,true,0.0000
band8_depth15_s10,classical,1547,unguided,51200,11033,10,62,4931,4931,24386,class_cap,true,0.0000
band8_depth15_s10,classical,1547,unguided,102400,11033,10,62,4931,4931,24386,class_cap,true,0.0000
band8_depth15_s10,classical,1547,unguided,204800,11033,10,62,4931,4931,24386,class_cap,true,0.0000
band8_depth15_s10,classical,1547,oracle,25,25,1,37,1043,1043,28988,app_budget,false,18.8715
band8_depth15_s10,classical,1547,oracle,50,50,2,37,1043,1043,28988,app_budget,false,18.8715
band8_depth15_s10,classical,1547,oracle,100,100,3,37,1065,1065,28923,app_budget,false,18.6049
band8_depth15_s10,classical,1547,oracle,200,200,4,37,1104,1104,28841,app_budget,false,18.2687
band8_depth15_s10,classical,1547,oracle,400,400,5,37,1175,1175,28798,app_budget,false,18.0923
band8_depth15_s10,classical,1547,oracle,800,800,6,37,1309,1309,28775,app_budget,false,17.9980
band8_depth15_s10,classical,1547,oracle,1600,1600,7,37,1621,1621,28760,app_budget,false,17.9365
band8_depth15_s10,classical,1547,oracle,3200,3200,8,37,2268,2268,28751,app_budget,false,17.8996
band8_depth15_s10,classical,1547,oracle,6400,6400,9,37,3536,3536,28766,app_budget,false,17.9611
band8_depth15_s10,classical,1547,oracle,12800,11011,10,37,4931,4931,24386,class_cap,false,0.0000
band8_depth15_s10,classical,1547,oracle,25600,11011,10,37,4931,4931,24386,class_cap,true,0.0000
band8_depth15_s10,classical,1547,oracle,51200,11011,10,37,4931,4931,24386,class_cap,true,0.0000
band8_depth15_s10,classical,1547,oracle,102400,11011,10,37,4931,4931,24386,class_cap,true,0.0000
band8_depth15_s10,classical,1547,oracle,204800,11011,10,37,4931,4931,24386,class_cap,true,0.0000
band8_depth15_s11,blitz,9,unguided,25,12,2,62,11,11,93,quiesced,false,0.0000
band8_depth15_s11,blitz,9,unguided,50,12,2,62,11,11,93,quiesced,true,0.0000
band8_depth15_s11,blitz,9,unguided,100,12,2,62,11,11,93,quiesced,true,0.0000
band8_depth15_s11,blitz,9,unguided,200,12,2,62,11,11,93,quiesced,true,0.0000
band8_depth15_s11,blitz,9,unguided,400,12,2,62,11,11,93,quiesced,true,0.0000
band8_depth15_s11,blitz,9,unguided,800,12,2,62,11,11,93,quiesced,true,0.0000
band8_depth15_s11,blitz,9,unguided,1600,12,2,62,11,11,93,quiesced,true,0.0000
band8_depth15_s11,blitz,9,unguided,3200,12,2,62,11,11,93,quiesced,true,0.0000
band8_depth15_s11,blitz,9,unguided,6400,12,2,62,11,11,93,quiesced,true,0.0000
band8_depth15_s11,blitz,9,unguided,12800,12,2,62,11,11,93,quiesced,true,0.0000
band8_depth15_s11,blitz,9,unguided,25600,12,2,62,11,11,93,quiesced,true,0.0000
band8_depth15_s11,blitz,9,unguided,51200,12,2,62,11,11,93,quiesced,true,0.0000
band8_depth15_s11,blitz,9,unguided,102400,12,2,62,11,11,93,quiesced,true,0.0000
band8_depth15_s11,blitz,9,unguided,204800,12,2,62,11,11,93,quiesced,true,0.0000
band8_depth15_s11,blitz,9,oracle,25,12,2,3,11,11,93,quiesced,false,0.0000
band8_depth15_s11,blitz,9,oracle,50,12,2,3,11,11,93,quiesced,true,0.0000
band8_depth15_s11,blitz,9,oracle,100,12,2,3,11,11,93,quiesced,true,0.0000
band8_depth15_s11,blitz,9,oracle,200,12,2,3,11,11,93,quiesced,true,0.0000
band8_depth15_s11,blitz,9,oracle,400,12,2,3,11,11,93,quiesced,true,0.0000
band8_depth15_s11,blitz,9,oracle,800,12,2,3,11,11,93,quiesced,true,0.0000
band8_depth15_s11,blitz,9,oracle,1600,12,2,3,11,11,93,quiesced,true,0.0000
band8_depth15_s11,blitz,9,oracle,3200,12,2,3,11,11,93,quiesced,true,0.0000
band8_depth15_s11,blitz,9,oracle,6400,12,2,3,11,11,93,quiesced,true,0.0000
band8_depth15_s11,blitz,9,oracle,12800,12,2,3,11,11,93,quiesced,true,0.0000
band8_depth15_s11,blitz,9,oracle,25600,12,2,3,11,11,93,quiesced,true,0.0000
band8_depth15_s11,blitz,9,oracle,51200,12,2,3,11,11,93,quiesced,true,0.0000
band8_depth15_s11,blitz,9,oracle,102400,12,2,3,11,11,93,quiesced,true,0.0000
band8_depth15_s11,blitz,9,oracle,204800,12,2,3,11,11,93,quiesced,true,0.0000
band8_depth15_s12,rapid,14,unguided,25,25,3,62,18,18,136,app_budget,false,0.0000
band8_depth15_s12,rapid,14,unguided,50,37,4,62,18,18,136,quiesced,false,0.0000
band8_depth15_s12,rapid,14,unguided,100,37,4,62,18,18,136,quiesced,true,0.0000
band8_depth15_s12,rapid,14,unguided,200,37,4,62,18,18,136,quiesced,true,0.0000
band8_depth15_s12,rapid,14,unguided,400,37,4,62,18,18,136,quiesced,true,0.0000
band8_depth15_s12,rapid,14,unguided,800,37,4,62,18,18,136,quiesced,true,0.0000
band8_depth15_s12,rapid,14,unguided,1600,37,4,62,18,18,136,quiesced,true,0.0000
band8_depth15_s12,rapid,14,unguided,3200,37,4,62,18,18,136,quiesced,true,0.0000
band8_depth15_s12,rapid,14,unguided,6400,37,4,62,18,18,136,quiesced,true,0.0000
band8_depth15_s12,rapid,14,unguided,12800,37,4,62,18,18,136,quiesced,true,0.0000
band8_depth15_s12,rapid,14,unguided,25600,37,4,62,18,18,136,quiesced,true,0.0000
band8_depth15_s12,rapid,14,unguided,51200,37,4,62,18,18,136,quiesced,true,0.0000
band8_depth15_s12,rapid,14,unguided,102400,37,4,62,18,18,136,quiesced,true,0.0000
band8_depth15_s12,rapid,14,unguided,204800,37,4,62,18,18,136,quiesced,true,0.0000
band8_depth15_s12,rapid,14,oracle,25,25,3,4,18,18,136,app_budget,false,0.0000
band8_depth15_s12,rapid,14,oracle,50,36,4,4,18,18,136,quiesced,false,0.0000
band8_depth15_s12,rapid,14,oracle,100,36,4,4,18,18,136,quiesced,true,0.0000
band8_depth15_s12,rapid,14,oracle,200,36,4,4,18,18,136,quiesced,true,0.0000
band8_depth15_s12,rapid,14,oracle,400,36,4,4,18,18,136,quiesced,true,0.0000
band8_depth15_s12,rapid,14,oracle,800,36,4,4,18,18,136,quiesced,true,0.0000
band8_depth15_s12,rapid,14,oracle,1600,36,4,4,18,18,136,quiesced,true,0.0000
band8_depth15_s12,rapid,14,oracle,3200,36,4,4,18,18,136,quiesced,true,0.0000
band8_depth15_s12,rapid,14,oracle,6400,36,4,4,18,18,136,quiesced,true,0.0000
band8_depth15_s12,rapid,14,oracle,12800,36,4,4,18,18,136,quiesced,true,0.0000
band8_depth15_s12,rapid,14,oracle,25600,36,4,4,18,18,136,quiesced,true,0.0000
band8_depth15_s12,rapid,14,oracle,51200,36,4,4,18,18,136,quiesced,true,0.0000
band8_depth15_s12,rapid,14,oracle,102400,36,4,4,18,18,136,quiesced,true,0.0000
band8_depth15_s12,rapid,14,oracle,204800,36,4,4,18,18,136,quiesced,true,0.0000
band8_depth15_s13,classical,1116,unguided,25,25,1,62,789,789,24131,app_budget,false,49.9379
band8_depth15_s13,classical,1116,unguided,50,50,2,62,789,789,24125,app_budget,false,49.9006
band8_depth15_s13,classical,1116,unguided,100,100,3,62,801,801,24064,app_budget,false,49.5216
band8_depth15_s13,classical,1116,unguided,200,200,4,62,844,844,23997,app_budget,false,49.1053
band8_depth15_s13,classical,1116,unguided,400,400,5,62,903,903,23964,app_budget,false,48.9002
band8_depth15_s13,classical,1116,unguided,800,800,6,62,1039,1039,23941,app_budget,false,48.7573
band8_depth15_s13,classical,1116,unguided,1600,1600,7,62,1386,1386,23915,app_budget,false,48.5957
band8_depth15_s13,classical,1116,unguided,3200,3200,8,62,1900,1900,23901,app_budget,false,48.5088
band8_depth15_s13,classical,1116,unguided,6400,6400,9,62,2977,2977,23901,app_budget,false,48.5088
band8_depth15_s13,classical,1116,unguided,12800,11948,10,62,4713,4713,16094,class_cap,false,0.0000
band8_depth15_s13,classical,1116,unguided,25600,11948,10,62,4713,4713,16094,class_cap,true,0.0000
band8_depth15_s13,classical,1116,unguided,51200,11948,10,62,4713,4713,16094,class_cap,true,0.0000
band8_depth15_s13,classical,1116,unguided,102400,11948,10,62,4713,4713,16094,class_cap,true,0.0000
band8_depth15_s13,classical,1116,unguided,204800,11948,10,62,4713,4713,16094,class_cap,true,0.0000
band8_depth15_s13,classical,1116,oracle,25,25,1,34,789,789,24131,app_budget,false,49.9379
band8_depth15_s13,classical,1116,oracle,50,50,2,34,789,789,24125,app_budget,false,49.9006
band8_depth15_s13,classical,1116,oracle,100,100,3,34,801,801,24064,app_budget,false,49.5216
band8_depth15_s13,classical,1116,oracle,200,200,4,34,844,844,23997,app_budget,false,49.1053
band8_depth15_s13,classical,1116,oracle,400,400,5,34,903,903,23964,app_budget,false,48.9002
band8_depth15_s13,classical,1116,oracle,800,800,6,34,1039,1039,23941,app_budget,false,48.7573
band8_depth15_s13,classical,1116,oracle,1600,1600,7,34,1386,1386,23915,app_budget,false,48.5957
band8_depth15_s13,classical,1116,oracle,3200,3200,8,34,1900,1900,23901,app_budget,false,48.5088
band8_depth15_s13,classical,1116,oracle,6400,6400,9,34,2977,2977,23901,app_budget,false,48.5088
band8_depth15_s13,classical,1116,oracle,12800,11943,10,34,4713,4713,16094,class_cap,false,0.0000
band8_depth15_s13,classical,1116,oracle,25600,11943,10,34,4713,4713,16094,class_cap,true,0.0000
band8_depth15_s13,classical,1116,oracle,51200,11943,10,34,4713,4713,16094,class_cap,true,0.0000
band8_depth15_s13,classical,1116,oracle,102400,11943,10,34,4713,4713,16094,class_cap,true,0.0000
band8_depth15_s13,classical,1116,oracle,204800,11943,10,34,4713,4713,16094,class_cap,true,0.0000
band8_depth15_s14,classical,3239,unguided,25,25,1,62,2133,2133,58622,app_budget,false,30.8322
band8_depth15_s14,classical,3239,unguided,50,50,2,62,2133,2133,58622,app_budget,false,30.8322
band8_depth15_s14,classical,3239,unguided,100,100,3,62,2158,2158,58571,app_budget,false,30.7184
band8_depth15_s14,classical,3239,unguided,200,200,4,62,2199,2199,58462,app_budget,false,30.4751
band8_depth15_s14,classical,3239,unguided,400,400,5,62,2266,2266,58201,app_budget,false,29.8927
band8_depth15_s14,classical,3239,unguided,800,800,6,62,2430,2430,57932,app_budget,false,29.2923
band8_depth15_s14,classical,3239,unguided,1600,1600,7,62,2698,2698,57810,app_budget,false,29.0200
band8_depth15_s14,classical,3239,unguided,3200,3200,8,62,3334,3334,57731,app_budget,false,28.8437
band8_depth15_s14,classical,3239,unguided,6400,6400,9,62,4559,4559,57426,app_budget,false,28.1630
band8_depth15_s14,classical,3239,unguided,12800,8896,10,62,4996,4996,44807,class_cap,false,0.0000
band8_depth15_s14,classical,3239,unguided,25600,8896,10,62,4996,4996,44807,class_cap,true,0.0000
band8_depth15_s14,classical,3239,unguided,51200,8896,10,62,4996,4996,44807,class_cap,true,0.0000
band8_depth15_s14,classical,3239,unguided,102400,8896,10,62,4996,4996,44807,class_cap,true,0.0000
band8_depth15_s14,classical,3239,unguided,204800,8896,10,62,4996,4996,44807,class_cap,true,0.0000
band8_depth15_s14,classical,3239,oracle,25,25,1,34,2133,2133,58622,app_budget,false,30.8322
band8_depth15_s14,classical,3239,oracle,50,50,2,34,2133,2133,58622,app_budget,false,30.8322
band8_depth15_s14,classical,3239,oracle,100,100,3,34,2158,2158,58571,app_budget,false,30.7184
band8_depth15_s14,classical,3239,oracle,200,200,4,34,2199,2199,58462,app_budget,false,30.4751
band8_depth15_s14,classical,3239,oracle,400,400,5,34,2266,2266,58201,app_budget,false,29.8927
band8_depth15_s14,classical,3239,oracle,800,800,6,34,2430,2430,57932,app_budget,false,29.2923
band8_depth15_s14,classical,3239,oracle,1600,1600,7,34,2698,2698,57810,app_budget,false,29.0200
band8_depth15_s14,classical,3239,oracle,3200,3200,8,34,3334,3334,57731,app_budget,false,28.8437
band8_depth15_s14,classical,3239,oracle,6400,6400,9,34,4560,4560,57423,app_budget,false,28.1563
band8_depth15_s14,classical,3239,oracle,12800,8887,10,34,4996,4996,44807,class_cap,false,0.0000
band8_depth15_s14,classical,3239,oracle,25600,8887,10,34,4996,4996,44807,class_cap,true,0.0000
band8_depth15_s14,classical,3239,oracle,51200,8887,10,34,4996,4996,44807,class_cap,true,0.0000
band8_depth15_s14,classical,3239,oracle,102400,8887,10,34,4996,4996,44807,class_cap,true,0.0000
band8_depth15_s14,classical,3239,oracle,204800,8887,10,34,4996,4996,44807,class_cap,true,0.0000
band8_depth15_s15,classical,381,unguided,25,25,1,62,303,303,8080,app_budget,false,43.1862
band8_depth15_s15,classical,381,unguided,50,50,2,62,304,304,8055,app_budget,false,42.7432
band8_depth15_s15,classical,381,unguided,100,100,3,62,308,308,8040,app_budget,false,42.4774
band8_depth15_s15,classical,381,unguided,200,200,4,62,357,357,8021,app_budget,false,42.1407
band8_depth15_s15,classical,381,unguided,400,400,5,62,412,412,8013,app_budget,false,41.9989
band8_depth15_s15,classical,381,unguided,800,800,6,62,606,606,7980,app_budget,false,41.4141
band8_depth15_s15,classical,381,unguided,1600,1600,7,62,945,945,7968,app_budget,false,41.2015
band8_depth15_s15,classical,381,unguided,3200,3200,8,62,1338,1338,7964,app_budget,false,41.1306
band8_depth15_s15,classical,381,unguided,6400,6400,9,62,2134,2134,5672,app_budget,false,0.5139
band8_depth15_s15,classical,381,unguided,12800,12800,11,62,2421,2421,5643,app_budget,false,0.0000
band8_depth15_s15,classical,381,unguided,25600,25600,14,62,2492,2492,5643,app_budget,false,0.0000
band8_depth15_s15,classical,381,unguided,51200,39045,17,62,2500,2500,5643,quiesced,false,0.0000
band8_depth15_s15,classical,381,unguided,102400,39045,17,62,2500,2500,5643,quiesced,true,0.0000
band8_depth15_s15,classical,381,unguided,204800,39045,17,62,2500,2500,5643,quiesced,true,0.0000
band8_depth15_s15,classical,381,oracle,25,25,1,27,303,303,8080,app_budget,false,43.1862
band8_depth15_s15,classical,381,oracle,50,50,2,27,304,304,8055,app_budget,false,42.7432
band8_depth15_s15,classical,381,oracle,100,100,3,27,308,308,8040,app_budget,false,42.4774
band8_depth15_s15,classical,381,oracle,200,200,4,27,357,357,8021,app_budget,false,42.1407
band8_depth15_s15,classical,381,oracle,400,400,5,27,412,412,8013,app_budget,false,41.9989
band8_depth15_s15,classical,381,oracle,800,800,6,27,606,606,7980,app_budget,false,41.4141
band8_depth15_s15,classical,381,oracle,1600,1600,7,27,945,945,7968,app_budget,false,41.2015
band8_depth15_s15,classical,381,oracle,3200,3200,8,27,1338,1338,7964,app_budget,false,41.1306
band8_depth15_s15,classical,381,oracle,6400,6400,9,27,2134,2134,5672,app_budget,false,0.5139
band8_depth15_s15,classical,381,oracle,12800,12800,11,27,2421,2421,5643,app_budget,false,0.0000
band8_depth15_s15,classical,381,oracle,25600,25600,14,27,2492,2492,5643,app_budget,false,0.0000
band8_depth15_s15,classical,381,oracle,51200,39045,17,27,2500,2500,5643,quiesced,false,0.0000
band8_depth15_s15,classical,381,oracle,102400,39045,17,27,2500,2500,5643,quiesced,true,0.0000
band8_depth15_s15,classical,381,oracle,204800,39045,17,27,2500,2500,5643,quiesced,true,0.0000
band8_depth15_s16,classical,1275,unguided,25,25,1,62,842,842,24391,app_budget,false,39.4010
band8_depth15_s16,classical,1275,unguided,50,50,2,62,842,842,24391,app_budget,false,39.4010
band8_depth15_s16,classical,1275,unguided,100,100,3,62,855,855,24324,app_budget,false,39.0181
band8_depth15_s16,classical,1275,unguided,200,200,4,62,900,900,24280,app_budget,false,38.7666
band8_depth15_s16,classical,1275,unguided,400,400,5,62,957,957,24260,app_budget,false,38.6523
band8_depth15_s16,classical,1275,unguided,800,800,6,62,1096,1096,24250,app_budget,false,38.5952
band8_depth15_s16,classical,1275,unguided,1600,1600,7,62,1466,1466,24205,app_budget,false,38.3380
band8_depth15_s16,classical,1275,unguided,3200,3200,8,62,2296,2296,24197,app_budget,false,38.2923
band8_depth15_s16,classical,1275,unguided,6400,6400,9,62,3724,3724,24197,app_budget,false,38.2923
band8_depth15_s16,classical,1275,unguided,12800,11045,10,62,4862,4862,17497,class_cap,false,0.0000
band8_depth15_s16,classical,1275,unguided,25600,11045,10,62,4862,4862,17497,class_cap,true,0.0000
band8_depth15_s16,classical,1275,unguided,51200,11045,10,62,4862,4862,17497,class_cap,true,0.0000
band8_depth15_s16,classical,1275,unguided,102400,11045,10,62,4862,4862,17497,class_cap,true,0.0000
band8_depth15_s16,classical,1275,unguided,204800,11045,10,62,4862,4862,17497,class_cap,true,0.0000
band8_depth15_s16,classical,1275,oracle,25,25,1,35,842,842,24391,app_budget,false,39.4010
band8_depth15_s16,classical,1275,oracle,50,50,2,35,842,842,24391,app_budget,false,39.4010
band8_depth15_s16,classical,1275,oracle,100,100,3,35,855,855,24324,app_budget,false,39.0181
band8_depth15_s16,classical,1275,oracle,200,200,4,35,900,900,24280,app_budget,false,38.7666
band8_depth15_s16,classical,1275,oracle,400,400,5,35,957,957,24260,app_budget,false,38.6523
band8_depth15_s16,classical,1275,oracle,800,800,6,35,1096,1096,24250,app_budget,false,38.5952
band8_depth15_s16,classical,1275,oracle,1600,1600,7,35,1466,1466,24205,app_budget,false,38.3380
band8_depth15_s16,classical,1275,oracle,3200,3200,8,35,2296,2296,24197,app_budget,false,38.2923
band8_depth15_s16,classical,1275,oracle,6400,6400,9,35,3724,3724,24197,app_budget,false,38.2923
band8_depth15_s16,classical,1275,oracle,12800,11041,10,35,4862,4862,17497,class_cap,false,0.0000
band8_depth15_s16,classical,1275,oracle,25600,11041,10,35,4862,4862,17497,class_cap,true,0.0000
band8_depth15_s16,classical,1275,oracle,51200,11041,10,35,4862,4862,17497,class_cap,true,0.0000
band8_depth15_s16,classical,1275,oracle,102400,11041,10,35,4862,4862,17497,class_cap,true,0.0000
band8_depth15_s16,classical,1275,oracle,204800,11041,10,35,4862,4862,17497,class_cap,true,0.0000
band8_depth15_s17,classical,514,unguided,25,25,1,62,392,392,10228,app_budget,false,31.8211
band8_depth15_s17,classical,514,unguided,50,50,2,62,395,395,10205,app_budget,false,31.5247
band8_depth15_s17,classical,514,unguided,100,100,3,62,401,401,10191,app_budget,false,31.3442
band8_depth15_s17,classical,514,unguided,200,200,4,62,443,443,10183,app_budget,false,31.2411
band8_depth15_s17,classical,514,unguided,400,400,5,62,499,499,10183,app_budget,false,31.2411
band8_depth15_s17,classical,514,unguided,800,800,6,62,702,702,10166,app_budget,false,31.0220
band8_depth15_s17,classical,514,unguided,1600,1600,7,62,979,979,10166,app_budget,false,31.0220
band8_depth15_s17,classical,514,unguided,3200,3200,8,62,1550,1550,10166,app_budget,false,31.0220
band8_depth15_s17,classical,514,unguided,6400,6400,9,62,2719,2719,10166,app_budget,false,31.0220
band8_depth15_s17,classical,514,unguided,12800,12591,10,62,4632,4632,7759,class_cap,false,0.0000
band8_depth15_s17,classical,514,unguided,25600,12591,10,62,4632,4632,7759,class_cap,true,0.0000
band8_depth15_s17,classical,514,unguided,51200,12591,10,62,4632,4632,7759,class_cap,true,0.0000
band8_depth15_s17,classical,514,unguided,102400,12591,10,62,4632,4632,7759,class_cap,true,0.0000
band8_depth15_s17,classical,514,unguided,204800,12591,10,62,4632,4632,7759,class_cap,true,0.0000
band8_depth15_s17,classical,514,oracle,25,25,1,33,392,392,10228,app_budget,false,31.8211
band8_depth15_s17,classical,514,oracle,50,50,2,33,395,395,10205,app_budget,false,31.5247
band8_depth15_s17,classical,514,oracle,100,100,3,33,401,401,10191,app_budget,false,31.3442
band8_depth15_s17,classical,514,oracle,200,200,4,33,443,443,10183,app_budget,false,31.2411
band8_depth15_s17,classical,514,oracle,400,400,5,33,499,499,10183,app_budget,false,31.2411
band8_depth15_s17,classical,514,oracle,800,800,6,33,702,702,10166,app_budget,false,31.0220
band8_depth15_s17,classical,514,oracle,1600,1600,7,33,979,979,10166,app_budget,false,31.0220
band8_depth15_s17,classical,514,oracle,3200,3200,8,33,1550,1550,10166,app_budget,false,31.0220
band8_depth15_s17,classical,514,oracle,6400,6400,9,33,2719,2719,10166,app_budget,false,31.0220
band8_depth15_s17,classical,514,oracle,12800,12584,10,33,4632,4632,7759,class_cap,false,0.0000
band8_depth15_s17,classical,514,oracle,25600,12584,10,33,4632,4632,7759,class_cap,true,0.0000
band8_depth15_s17,classical,514,oracle,51200,12584,10,33,4632,4632,7759,class_cap,true,0.0000
band8_depth15_s17,classical,514,oracle,102400,12584,10,33,4632,4632,7759,class_cap,true,0.0000
band8_depth15_s17,classical,514,oracle,204800,12584,10,33,4632,4632,7759,class_cap,true,0.0000
band8_depth15_s18,rapid,12,unguided,25,16,2,62,16,16,115,quiesced,false,0.0000
band8_depth15_s18,rapid,12,unguided,50,16,2,62,16,16,115,quiesced,true,0.0000
band8_depth15_s18,rapid,12,unguided,100,16,2,62,16,16,115,quiesced,true,0.0000
band8_depth15_s18,rapid,12,unguided,200,16,2,62,16,16,115,quiesced,true,0.0000
band8_depth15_s18,rapid,12,unguided,400,16,2,62,16,16,115,quiesced,true,0.0000
band8_depth15_s18,rapid,12,unguided,800,16,2,62,16,16,115,quiesced,true,0.0000
band8_depth15_s18,rapid,12,unguided,1600,16,2,62,16,16,115,quiesced,true,0.0000
band8_depth15_s18,rapid,12,unguided,3200,16,2,62,16,16,115,quiesced,true,0.0000
band8_depth15_s18,rapid,12,unguided,6400,16,2,62,16,16,115,quiesced,true,0.0000
band8_depth15_s18,rapid,12,unguided,12800,16,2,62,16,16,115,quiesced,true,0.0000
band8_depth15_s18,rapid,12,unguided,25600,16,2,62,16,16,115,quiesced,true,0.0000
band8_depth15_s18,rapid,12,unguided,51200,16,2,62,16,16,115,quiesced,true,0.0000
band8_depth15_s18,rapid,12,unguided,102400,16,2,62,16,16,115,quiesced,true,0.0000
band8_depth15_s18,rapid,12,unguided,204800,16,2,62,16,16,115,quiesced,true,0.0000
band8_depth15_s18,rapid,12,oracle,25,16,2,5,16,16,115,quiesced,false,0.0000
band8_depth15_s18,rapid,12,oracle,50,16,2,5,16,16,115,quiesced,true,0.0000
band8_depth15_s18,rapid,12,oracle,100,16,2,5,16,16,115,quiesced,true,0.0000
band8_depth15_s18,rapid,12,oracle,200,16,2,5,16,16,115,quiesced,true,0.0000
band8_depth15_s18,rapid,12,oracle,400,16,2,5,16,16,115,quiesced,true,0.0000
band8_depth15_s18,rapid,12,oracle,800,16,2,5,16,16,115,quiesced,true,0.0000
band8_depth15_s18,rapid,12,oracle,1600,16,2,5,16,16,115,quiesced,true,0.0000
band8_depth15_s18,rapid,12,oracle,3200,16,2,5,16,16,115,quiesced,true,0.0000
band8_depth15_s18,rapid,12,oracle,6400,16,2,5,16,16,115,quiesced,true,0.0000
band8_depth15_s18,rapid,12,oracle,12800,16,2,5,16,16,115,quiesced,true,0.0000
band8_depth15_s18,rapid,12,oracle,25600,16,2,5,16,16,115,quiesced,true,0.0000
band8_depth15_s18,rapid,12,oracle,51200,16,2,5,16,16,115,quiesced,true,0.0000
band8_depth15_s18,rapid,12,oracle,102400,16,2,5,16,16,115,quiesced,true,0.0000
band8_depth15_s18,rapid,12,oracle,204800,16,2,5,16,16,115,quiesced,true,0.0000
band8_depth15_s19,rapid,18,unguided,25,25,2,62,25,25,166,app_budget,false,0.0000
band8_depth15_s19,rapid,18,unguided,50,42,3,62,25,25,166,quiesced,false,0.0000
band8_depth15_s19,rapid,18,unguided,100,42,3,62,25,25,166,quiesced,true,0.0000
band8_depth15_s19,rapid,18,unguided,200,42,3,62,25,25,166,quiesced,true,0.0000
band8_depth15_s19,rapid,18,unguided,400,42,3,62,25,25,166,quiesced,true,0.0000
band8_depth15_s19,rapid,18,unguided,800,42,3,62,25,25,166,quiesced,true,0.0000
band8_depth15_s19,rapid,18,unguided,1600,42,3,62,25,25,166,quiesced,true,0.0000
band8_depth15_s19,rapid,18,unguided,3200,42,3,62,25,25,166,quiesced,true,0.0000
band8_depth15_s19,rapid,18,unguided,6400,42,3,62,25,25,166,quiesced,true,0.0000
band8_depth15_s19,rapid,18,unguided,12800,42,3,62,25,25,166,quiesced,true,0.0000
band8_depth15_s19,rapid,18,unguided,25600,42,3,62,25,25,166,quiesced,true,0.0000
band8_depth15_s19,rapid,18,unguided,51200,42,3,62,25,25,166,quiesced,true,0.0000
band8_depth15_s19,rapid,18,unguided,102400,42,3,62,25,25,166,quiesced,true,0.0000
band8_depth15_s19,rapid,18,unguided,204800,42,3,62,25,25,166,quiesced,true,0.0000
band8_depth15_s19,rapid,18,oracle,25,25,2,7,25,25,166,app_budget,false,0.0000
band8_depth15_s19,rapid,18,oracle,50,42,3,7,25,25,166,quiesced,false,0.0000
band8_depth15_s19,rapid,18,oracle,100,42,3,7,25,25,166,quiesced,true,0.0000
band8_depth15_s19,rapid,18,oracle,200,42,3,7,25,25,166,quiesced,true,0.0000
band8_depth15_s19,rapid,18,oracle,400,42,3,7,25,25,166,quiesced,true,0.0000
band8_depth15_s19,rapid,18,oracle,800,42,3,7,25,25,166,quiesced,true,0.0000
band8_depth15_s19,rapid,18,oracle,1600,42,3,7,25,25,166,quiesced,true,0.0000
band8_depth15_s19,rapid,18,oracle,3200,42,3,7,25,25,166,quiesced,true,0.0000
band8_depth15_s19,rapid,18,oracle,6400,42,3,7,25,25,166,quiesced,true,0.0000
band8_depth15_s19,rapid,18,oracle,12800,42,3,7,25,25,166,quiesced,true,0.0000
band8_depth15_s19,rapid,18,oracle,25600,42,3,7,25,25,166,quiesced,true,0.0000
band8_depth15_s19,rapid,18,oracle,51200,42,3,7,25,25,166,quiesced,true,0.0000
band8_depth15_s19,rapid,18,oracle,102400,42,3,7,25,25,166,quiesced,true,0.0000
band8_depth15_s19,rapid,18,oracle,204800,42,3,7,25,25,166,quiesced,true,0.0000
band8_depth15_s20,blitz,10,unguided,25,11,2,62,12,12,303,quiesced,false,0.0000
band8_depth15_s20,blitz,10,unguided,50,11,2,62,12,12,303,quiesced,true,0.0000
band8_depth15_s20,blitz,10,unguided,100,11,2,62,12,12,303,quiesced,true,0.0000
band8_depth15_s20,blitz,10,unguided,200,11,2,62,12,12,303,quiesced,true,0.0000
band8_depth15_s20,blitz,10,unguided,400,11,2,62,12,12,303,quiesced,true,0.0000
band8_depth15_s20,blitz,10,unguided,800,11,2,62,12,12,303,quiesced,true,0.0000
band8_depth15_s20,blitz,10,unguided,1600,11,2,62,12,12,303,quiesced,true,0.0000
band8_depth15_s20,blitz,10,unguided,3200,11,2,62,12,12,303,quiesced,true,0.0000
band8_depth15_s20,blitz,10,unguided,6400,11,2,62,12,12,303,quiesced,true,0.0000
band8_depth15_s20,blitz,10,unguided,12800,11,2,62,12,12,303,quiesced,true,0.0000
band8_depth15_s20,blitz,10,unguided,25600,11,2,62,12,12,303,quiesced,true,0.0000
band8_depth15_s20,blitz,10,unguided,51200,11,2,62,12,12,303,quiesced,true,0.0000
band8_depth15_s20,blitz,10,unguided,102400,11,2,62,12,12,303,quiesced,true,0.0000
band8_depth15_s20,blitz,10,unguided,204800,11,2,62,12,12,303,quiesced,true,0.0000
band8_depth15_s20,blitz,10,oracle,25,11,2,3,12,12,303,quiesced,false,0.0000
band8_depth15_s20,blitz,10,oracle,50,11,2,3,12,12,303,quiesced,true,0.0000
band8_depth15_s20,blitz,10,oracle,100,11,2,3,12,12,303,quiesced,true,0.0000
band8_depth15_s20,blitz,10,oracle,200,11,2,3,12,12,303,quiesced,true,0.0000
band8_depth15_s20,blitz,10,oracle,400,11,2,3,12,12,303,quiesced,true,0.0000
band8_depth15_s20,blitz,10,oracle,800,11,2,3,12,12,303,quiesced,true,0.0000
band8_depth15_s20,blitz,10,oracle,1600,11,2,3,12,12,303,quiesced,true,0.0000
band8_depth15_s20,blitz,10,oracle,3200,11,2,3,12,12,303,quiesced,true,0.0000
band8_depth15_s20,blitz,10,oracle,6400,11,2,3,12,12,303,quiesced,true,0.0000
band8_depth15_s20,blitz,10,oracle,12800,11,2,3,12,12,303,quiesced,true,0.0000
band8_depth15_s20,blitz,10,oracle,25600,11,2,3,12,12,303,quiesced,true,0.0000
band8_depth15_s20,blitz,10,oracle,51200,11,2,3,12,12,303,quiesced,true,0.0000
band8_depth15_s20,blitz,10,oracle,102400,11,2,3,12,12,303,quiesced,true,0.0000
band8_depth15_s20,blitz,10,oracle,204800,11,2,3,12,12,303,quiesced,true,0.0000
band8_depth15_s21,classical,1431,unguided,25,25,1,62,1006,1006,29958,app_budget,false,41.9407
band8_depth15_s21,classical,1431,unguided,50,50,2,62,1007,1007,29945,app_budget,false,41.8791
band8_depth15_s21,classical,1431,unguided,100,100,3,62,1022,1022,29881,app_budget,false,41.5759
band8_depth15_s21,classical,1431,unguided,200,200,4,62,1066,1066,29808,app_budget,false,41.2300
band8_depth15_s21,classical,1431,unguided,400,400,5,62,1130,1130,29773,app_budget,false,41.0642
band8_depth15_s21,classical,1431,unguided,800,800,6,62,1267,1267,29749,app_budget,false,40.9504
band8_depth15_s21,classical,1431,unguided,1600,1600,7,62,1591,1591,29704,app_budget,false,40.7372
band8_depth15_s21,classical,1431,unguided,3200,3200,8,62,2275,2275,29700,app_budget,false,40.7183
band8_depth15_s21,classical,1431,unguided,6400,6400,9,62,3334,3334,29700,app_budget,false,40.7183
band8_depth15_s21,classical,1431,unguided,12800,11670,10,62,4777,4777,21106,class_cap,false,0.0000
band8_depth15_s21,classical,1431,unguided,25600,11670,10,62,4777,4777,21106,class_cap,true,0.0000
band8_depth15_s21,classical,1431,unguided,51200,11670,10,62,4777,4777,21106,class_cap,true,0.0000
band8_depth15_s21,classical,1431,unguided,102400,11670,10,62,4777,4777,21106,class_cap,true,0.0000
band8_depth15_s21,classical,1431,unguided,204800,11670,10,62,4777,4777,21106,class_cap,true,0.0000
band8_depth15_s21,classical,1431,oracle,25,25,1,31,1006,1006,29958,app_budget,false,41.9407
band8_depth15_s21,classical,1431,oracle,50,50,2,31,1007,1007,29945,app_budget,false,41.8791
band8_depth15_s21,classical,1431,oracle,100,100,3,31,1022,1022,29881,app_budget,false,41.5759
band8_depth15_s21,classical,1431,oracle,200,200,4,31,1066,1066,29808,app_budget,false,41.2300
band8_depth15_s21,classical,1431,oracle,400,400,5,31,1130,1130,29773,app_budget,false,41.0642
band8_depth15_s21,classical,1431,oracle,800,800,6,31,1267,1267,29749,app_budget,false,40.9504
band8_depth15_s21,classical,1431,oracle,1600,1600,7,31,1591,1591,29704,app_budget,false,40.7372
band8_depth15_s21,classical,1431,oracle,3200,3200,8,31,2275,2275,29700,app_budget,false,40.7183
band8_depth15_s21,classical,1431,oracle,6400,6400,9,31,3334,3334,29700,app_budget,false,40.7183
band8_depth15_s21,classical,1431,oracle,12800,11665,10,31,4777,4777,21106,class_cap,false,0.0000
band8_depth15_s21,classical,1431,oracle,25600,11665,10,31,4777,4777,21106,class_cap,true,0.0000
band8_depth15_s21,classical,1431,oracle,51200,11665,10,31,4777,4777,21106,class_cap,true,0.0000
band8_depth15_s21,classical,1431,oracle,102400,11665,10,31,4777,4777,21106,class_cap,true,0.0000
band8_depth15_s21,classical,1431,oracle,204800,11665,10,31,4777,4777,21106,class_cap,true,0.0000
band9_depth18_s0,classical,2455,unguided,25,25,1,62,1599,1599,46133,app_budget,false,21.9933
band9_depth18_s0,classical,2455,unguided,50,50,2,62,1599,1599,46133,app_budget,false,21.9933
band9_depth18_s0,classical,2455,unguided,100,100,3,62,1630,1630,46102,app_budget,false,21.9114
band9_depth18_s0,classical,2455,unguided,200,200,4,62,1681,1681,45986,app_budget,false,21.6046
band9_depth18_s0,classical,2455,unguided,400,400,5,62,1762,1762,45860,app_budget,false,21.2714
band9_depth18_s0,classical,2455,unguided,800,800,6,62,1897,1897,45773,app_budget,false,21.0414
band9_depth18_s0,classical,2455,unguided,1600,1600,7,62,2164,2164,45749,app_budget,false,20.9779
band9_depth18_s0,classical,2455,unguided,3200,3200,8,62,2787,2787,38050,app_budget,false,0.6188
band9_depth18_s0,classical,2455,unguided,6400,6400,9,62,4038,4038,37867,app_budget,false,0.1349
band9_depth18_s0,classical,2455,unguided,12800,10019,10,62,4666,4666,37816,class_cap,false,0.0000
band9_depth18_s0,classical,2455,unguided,25600,10019,10,62,4666,4666,37816,class_cap,true,0.0000
band9_depth18_s0,classical,2455,unguided,51200,10019,10,62,4666,4666,37816,class_cap,true,0.0000
band9_depth18_s0,classical,2455,unguided,102400,10019,10,62,4666,4666,37816,class_cap,true,0.0000
band9_depth18_s0,classical,2455,unguided,204800,10019,10,62,4666,4666,37816,class_cap,true,0.0000
band9_depth18_s0,classical,2455,oracle,25,25,1,35,1599,1599,46133,app_budget,false,21.9933
band9_depth18_s0,classical,2455,oracle,50,50,2,35,1599,1599,46133,app_budget,false,21.9933
band9_depth18_s0,classical,2455,oracle,100,100,3,35,1630,1630,46102,app_budget,false,21.9114
band9_depth18_s0,classical,2455,oracle,200,200,4,35,1681,1681,45986,app_budget,false,21.6046
band9_depth18_s0,classical,2455,oracle,400,400,5,35,1762,1762,45860,app_budget,false,21.2714
band9_depth18_s0,classical,2455,oracle,800,800,6,35,1897,1897,45773,app_budget,false,21.0414
band9_depth18_s0,classical,2455,oracle,1600,1600,7,35,2164,2164,45749,app_budget,false,20.9779
band9_depth18_s0,classical,2455,oracle,3200,3200,8,35,2788,2788,38051,app_budget,false,0.6214
band9_depth18_s0,classical,2455,oracle,6400,6400,9,35,4039,4039,37867,app_budget,false,0.1349
band9_depth18_s0,classical,2455,oracle,12800,10012,10,35,4667,4667,37816,class_cap,false,0.0000
band9_depth18_s0,classical,2455,oracle,25600,10012,10,35,4667,4667,37816,class_cap,true,0.0000
band9_depth18_s0,classical,2455,oracle,51200,10012,10,35,4667,4667,37816,class_cap,true,0.0000
band9_depth18_s0,classical,2455,oracle,102400,10012,10,35,4667,4667,37816,class_cap,true,0.0000
band9_depth18_s0,classical,2455,oracle,204800,10012,10,35,4667,4667,37816,class_cap,true,0.0000
band9_depth18_s1,rapid,38,unguided,25,25,2,62,50,50,447,app_budget,false,3.4722
band9_depth18_s1,rapid,38,unguided,50,50,3,62,51,51,432,app_budget,false,0.0000
band9_depth18_s1,rapid,38,unguided,100,100,5,62,52,52,432,app_budget,false,0.0000
band9_depth18_s1,rapid,38,unguided,200,144,6,62,52,52,432,quiesced,false,0.0000
band9_depth18_s1,rapid,38,unguided,400,144,6,62,52,52,432,quiesced,true,0.0000
band9_depth18_s1,rapid,38,unguided,800,144,6,62,52,52,432,quiesced,true,0.0000
band9_depth18_s1,rapid,38,unguided,1600,144,6,62,52,52,432,quiesced,true,0.0000
band9_depth18_s1,rapid,38,unguided,3200,144,6,62,52,52,432,quiesced,true,0.0000
band9_depth18_s1,rapid,38,unguided,6400,144,6,62,52,52,432,quiesced,true,0.0000
band9_depth18_s1,rapid,38,unguided,12800,144,6,62,52,52,432,quiesced,true,0.0000
band9_depth18_s1,rapid,38,unguided,25600,144,6,62,52,52,432,quiesced,true,0.0000
band9_depth18_s1,rapid,38,unguided,51200,144,6,62,52,52,432,quiesced,true,0.0000
band9_depth18_s1,rapid,38,unguided,102400,144,6,62,52,52,432,quiesced,true,0.0000
band9_depth18_s1,rapid,38,unguided,204800,144,6,62,52,52,432,quiesced,true,0.0000
band9_depth18_s1,rapid,38,oracle,25,25,2,10,50,50,447,app_budget,false,3.4722
band9_depth18_s1,rapid,38,oracle,50,50,3,10,51,51,432,app_budget,false,0.0000
band9_depth18_s1,rapid,38,oracle,100,100,5,10,52,52,432,app_budget,false,0.0000
band9_depth18_s1,rapid,38,oracle,200,144,6,10,52,52,432,quiesced,false,0.0000
band9_depth18_s1,rapid,38,oracle,400,144,6,10,52,52,432,quiesced,true,0.0000
band9_depth18_s1,rapid,38,oracle,800,144,6,10,52,52,432,quiesced,true,0.0000
band9_depth18_s1,rapid,38,oracle,1600,144,6,10,52,52,432,quiesced,true,0.0000
band9_depth18_s1,rapid,38,oracle,3200,144,6,10,52,52,432,quiesced,true,0.0000
band9_depth18_s1,rapid,38,oracle,6400,144,6,10,52,52,432,quiesced,true,0.0000
band9_depth18_s1,rapid,38,oracle,12800,144,6,10,52,52,432,quiesced,true,0.0000
band9_depth18_s1,rapid,38,oracle,25600,144,6,10,52,52,432,quiesced,true,0.0000
band9_depth18_s1,rapid,38,oracle,51200,144,6,10,52,52,432,quiesced,true,0.0000
band9_depth18_s1,rapid,38,oracle,102400,144,6,10,52,52,432,quiesced,true,0.0000
band9_depth18_s1,rapid,38,oracle,204800,144,6,10,52,52,432,quiesced,true,0.0000
band9_depth18_s2,classical,2030,unguided,25,25,1,62,1377,1377,38315,app_budget,false,41.0507
band9_depth18_s2,classical,2030,unguided,50,50,2,62,1378,1378,38302,app_budget,false,41.0028
band9_depth18_s2,classical,2030,unguided,100,100,3,62,1395,1395,38235,app_budget,false,40.7561
band9_depth18_s2,classical,2030,unguided,200,200,4,62,1437,1437,38135,app_budget,false,40.3880
band9_depth18_s2,classical,2030,unguided,400,400,5,62,1505,1505,38066,app_budget,false,40.1340
band9_depth18_s2,classical,2030,unguided,800,800,6,62,1639,1639,38015,app_budget,false,39.9463
band9_depth18_s2,classical,2030,unguided,1600,1600,7,62,1895,1895,37984,app_budget,false,39.8321
band9_depth18_s2,classical,2030,unguided,3200,3200,8,62,2556,2556,37657,app_budget,false,38.6283
band9_depth18_s2,classical,2030,unguided,6400,6400,9,62,4150,4150,37629,app_budget,false,38.5253
band9_depth18_s2,classical,2030,unguided,12800,10124,10,62,4906,4906,27164,class_cap,false,0.0000
band9_depth18_s2,classical,2030,unguided,25600,10124,10,62,4906,4906,27164,class_cap,true,0.0000
band9_depth18_s2,classical,2030,unguided,51200,10124,10,62,4906,4906,27164,class_cap,true,0.0000
band9_depth18_s2,classical,2030,unguided,102400,10124,10,62,4906,4906,27164,class_cap,true,0.0000
band9_depth18_s2,classical,2030,unguided,204800,10124,10,62,4906,4906,27164,class_cap,true,0.0000
band9_depth18_s2,classical,2030,oracle,25,25,1,37,1377,1377,38315,app_budget,false,41.0507
band9_depth18_s2,classical,2030,oracle,50,50,2,37,1378,1378,38302,app_budget,false,41.0028
band9_depth18_s2,classical,2030,oracle,100,100,3,37,1395,1395,38235,app_budget,false,40.7561
band9_depth18_s2,classical,2030,oracle,200,200,4,37,1437,1437,38135,app_budget,false,40.3880
band9_depth18_s2,classical,2030,oracle,400,400,5,37,1505,1505,38066,app_budget,false,40.1340
band9_depth18_s2,classical,2030,oracle,800,800,6,37,1639,1639,38015,app_budget,false,39.9463
band9_depth18_s2,classical,2030,oracle,1600,1600,7,37,1895,1895,37984,app_budget,false,39.8321
band9_depth18_s2,classical,2030,oracle,3200,3200,8,37,2556,2556,37657,app_budget,false,38.6283
band9_depth18_s2,classical,2030,oracle,6400,6400,9,37,4150,4150,37629,app_budget,false,38.5253
band9_depth18_s2,classical,2030,oracle,12800,10121,10,37,4906,4906,27164,class_cap,false,0.0000
band9_depth18_s2,classical,2030,oracle,25600,10121,10,37,4906,4906,27164,class_cap,true,0.0000
band9_depth18_s2,classical,2030,oracle,51200,10121,10,37,4906,4906,27164,class_cap,true,0.0000
band9_depth18_s2,classical,2030,oracle,102400,10121,10,37,4906,4906,27164,class_cap,true,0.0000
band9_depth18_s2,classical,2030,oracle,204800,10121,10,37,4906,4906,27164,class_cap,true,0.0000
band9_depth18_s3,classical,1919,unguided,25,25,1,62,1249,1249,37930,app_budget,false,16.1182
band9_depth18_s3,classical,1919,unguided,50,50,2,62,1249,1249,37930,app_budget,false,16.1182
band9_depth18_s3,classical,1919,unguided,100,100,3,62,1263,1263,37882,app_budget,false,15.9712
band9_depth18_s3,classical,1919,unguided,200,200,4,62,1303,1303,37795,app_budget,false,15.7049
band9_depth18_s3,classical,1919,unguided,400,400,5,62,1372,1372,37734,app_budget,false,15.5181
band9_depth18_s3,classical,1919,unguided,800,800,6,62,1507,1507,37715,app_budget,false,15.4600
band9_depth18_s3,classical,1919,unguided,1600,1600,7,62,1825,1825,37694,app_budget,false,15.3957
band9_depth18_s3,classical,1919,unguided,3200,3200,8,62,2525,2525,37694,app_budget,false,15.3957
band9_depth18_s3,classical,1919,unguided,6400,6400,9,62,3995,3995,37694,app_budget,false,15.3957
band9_depth18_s3,classical,1919,unguided,12800,9692,10,62,5000,5000,32665,class_cap,false,0.0000
band9_depth18_s3,classical,1919,unguided,25600,9692,10,62,5000,5000,32665,class_cap,true,0.0000
band9_depth18_s3,classical,1919,unguided,51200,9692,10,62,5000,5000,32665,class_cap,true,0.0000
band9_depth18_s3,classical,1919,unguided,102400,9692,10,62,5000,5000,32665,class_cap,true,0.0000
band9_depth18_s3,classical,1919,unguided,204800,9692,10,62,5000,5000,32665,class_cap,true,0.0000
band9_depth18_s3,classical,1919,oracle,25,25,1,33,1249,1249,37930,app_budget,false,16.1182
band9_depth18_s3,classical,1919,oracle,50,50,2,33,1249,1249,37930,app_budget,false,16.1182
band9_depth18_s3,classical,1919,oracle,100,100,3,33,1263,1263,37882,app_budget,false,15.9712
band9_depth18_s3,classical,1919,oracle,200,200,4,33,1303,1303,37795,app_budget,false,15.7049
band9_depth18_s3,classical,1919,oracle,400,400,5,33,1372,1372,37734,app_budget,false,15.5181
band9_depth18_s3,classical,1919,oracle,800,800,6,33,1507,1507,37715,app_budget,false,15.4600
band9_depth18_s3,classical,1919,oracle,1600,1600,7,33,1825,1825,37694,app_budget,false,15.3957
band9_depth18_s3,classical,1919,oracle,3200,3200,8,33,2525,2525,37694,app_budget,false,15.3957
band9_depth18_s3,classical,1919,oracle,6400,6400,9,33,3995,3995,37694,app_budget,false,15.3957
band9_depth18_s3,classical,1919,oracle,12800,9683,10,33,5000,5000,32665,class_cap,false,0.0000
band9_depth18_s3,classical,1919,oracle,25600,9683,10,33,5000,5000,32665,class_cap,true,0.0000
band9_depth18_s3,classical,1919,oracle,51200,9683,10,33,5000,5000,32665,class_cap,true,0.0000
band9_depth18_s3,classical,1919,oracle,102400,9683,10,33,5000,5000,32665,class_cap,true,0.0000
band9_depth18_s3,classical,1919,oracle,204800,9683,10,33,5000,5000,32665,class_cap,true,0.0000
band9_depth18_s4,classical,2156,unguided,25,25,1,62,1389,1389,38781,app_budget,false,34.6750
band9_depth18_s4,classical,2156,unguided,50,50,2,62,1389,1389,38781,app_budget,false,34.6750
band9_depth18_s4,classical,2156,unguided,100,100,3,62,1418,1418,38737,app_budget,false,34.5222
band9_depth18_s4,classical,2156,unguided,200,200,4,62,1457,1457,38614,app_budget,false,34.0950
band9_depth18_s4,classical,2156,unguided,400,400,5,62,1539,1539,38525,app_budget,false,33.7859
band9_depth18_s4,classical,2156,unguided,800,800,6,62,1664,1664,38487,app_budget,false,33.6540
band9_depth18_s4,classical,2156,unguided,1600,1600,7,62,1932,1932,38473,app_budget,false,33.6054
band9_depth18_s4,classical,2156,unguided,3200,3200,8,62,2546,2546,29189,app_budget,false,1.3648
band9_depth18_s4,classical,2156,unguided,6400,6400,9,62,3872,3872,28880,app_budget,false,0.2917
band9_depth18_s4,classical,2156,unguided,12800,10257,10,62,4849,4849,28796,class_cap,false,0.0000
band9_depth18_s4,classical,2156,unguided,25600,10257,10,62,4849,4849,28796,class_cap,true,0.0000
band9_depth18_s4,classical,2156,unguided,51200,10257,10,62,4849,4849,28796,class_cap,true,0.0000
band9_depth18_s4,classical,2156,unguided,102400,10257,10,62,4849,4849,28796,class_cap,true,0.0000
band9_depth18_s4,classical,2156,unguided,204800,10257,10,62,4849,4849,28796,class_cap,true,0.0000
band9_depth18_s4,classical,2156,oracle,25,25,1,40,1389,1389,38781,app_budget,false,34.6750
band9_depth18_s4,classical,2156,oracle,50,50,2,40,1389,1389,38781,app_budget,false,34.6750
band9_depth18_s4,classical,2156,oracle,100,100,3,40,1418,1418,38737,app_budget,false,34.5222
band9_depth18_s4,classical,2156,oracle,200,200,4,40,1457,1457,38614,app_budget,false,34.0950
band9_depth18_s4,classical,2156,oracle,400,400,5,40,1539,1539,38525,app_budget,false,33.7859
band9_depth18_s4,classical,2156,oracle,800,800,6,40,1664,1664,38487,app_budget,false,33.6540
band9_depth18_s4,classical,2156,oracle,1600,1600,7,40,1932,1932,38473,app_budget,false,33.6054
band9_depth18_s4,classical,2156,oracle,3200,3200,8,40,2548,2548,29189,app_budget,false,1.3648
band9_depth18_s4,classical,2156,oracle,6400,6400,9,40,3877,3877,28877,app_budget,false,0.2813
band9_depth18_s4,classical,2156,oracle,12800,10235,10,40,4847,4847,28796,class_cap,false,0.0000
band9_depth18_s4,classical,2156,oracle,25600,10235,10,40,4847,4847,28796,class_cap,true,0.0000
band9_depth18_s4,classical,2156,oracle,51200,10235,10,40,4847,4847,28796,class_cap,true,0.0000
band9_depth18_s4,classical,2156,oracle,102400,10235,10,40,4847,4847,28796,class_cap,true,0.0000
band9_depth18_s4,classical,2156,oracle,204800,10235,10,40,4847,4847,28796,class_cap,true,0.0000
band9_depth18_s5,classical,3688,unguided,25,25,1,62,2378,2378,63720,app_budget,false,16.9367
band9_depth18_s5,classical,3688,unguided,50,50,2,62,2378,2378,63720,app_budget,false,16.9367
band9_depth18_s5,classical,3688,unguided,100,100,3,62,2403,2403,63659,app_budget,false,16.8248
band9_depth18_s5,classical,3688,unguided,200,200,4,62,2460,2460,63590,app_budget,false,16.6982
band9_depth18_s5,classical,3688,unguided,400,400,5,62,2534,2534,63380,app_budget,false,16.3128
band9_depth18_s5,classical,3688,unguided,800,800,6,62,2692,2692,63215,app_budget,false,16.0100
band9_depth18_s5,classical,3688,unguided,1600,1600,7,62,2960,2960,63183,app_budget,false,15.9513
band9_depth18_s5,classical,3688,unguided,3200,3200,8,62,3506,3506,63093,app_budget,false,15.7861
band9_depth18_s5,classical,3688,unguided,6400,6400,9,62,4889,4889,59557,app_budget,false,9.2969
band9_depth18_s5,classical,3688,unguided,12800,7368,10,62,5000,5000,54491,class_cap,false,0.0000
band9_depth18_s5,classical,3688,unguided,25600,7368,10,62,5000,5000,54491,class_cap,true,0.0000
band9_depth18_s5,classical,3688,unguided,51200,7368,10,62,5000,5000,54491,class_cap,true,0.0000
band9_depth18_s5,classical,3688,unguided,102400,7368,10,62,5000,5000,54491,class_cap,true,0.0000
band9_depth18_s5,classical,3688,unguided,204800,7368,10,62,5000,5000,54491,class_cap,true,0.0000
band9_depth18_s5,classical,3688,oracle,25,25,1,42,2378,2378,63720,app_budget,false,16.9367
band9_depth18_s5,classical,3688,oracle,50,50,2,42,2378,2378,63720,app_budget,false,16.9367
band9_depth18_s5,classical,3688,oracle,100,100,3,42,2403,2403,63659,app_budget,false,16.8248
band9_depth18_s5,classical,3688,oracle,200,200,4,42,2460,2460,63590,app_budget,false,16.6982
band9_depth18_s5,classical,3688,oracle,400,400,5,42,2534,2534,63380,app_budget,false,16.3128
band9_depth18_s5,classical,3688,oracle,800,800,6,42,2692,2692,63215,app_budget,false,16.0100
band9_depth18_s5,classical,3688,oracle,1600,1600,7,42,2960,2960,63183,app_budget,false,15.9513
band9_depth18_s5,classical,3688,oracle,3200,3200,8,42,3506,3506,63093,app_budget,false,15.7861
band9_depth18_s5,classical,3688,oracle,6400,6400,9,42,4889,4889,59557,app_budget,false,9.2969
band9_depth18_s5,classical,3688,oracle,12800,7368,10,42,5000,5000,54491,class_cap,false,0.0000
band9_depth18_s5,classical,3688,oracle,25600,7368,10,42,5000,5000,54491,class_cap,true,0.0000
band9_depth18_s5,classical,3688,oracle,51200,7368,10,42,5000,5000,54491,class_cap,true,0.0000
band9_depth18_s5,classical,3688,oracle,102400,7368,10,42,5000,5000,54491,class_cap,true,0.0000
band9_depth18_s5,classical,3688,oracle,204800,7368,10,42,5000,5000,54491,class_cap,true,0.0000
band9_depth18_s6,classical,232,unguided,25,25,1,62,182,182,4692,app_budget,false,41.2827
band9_depth18_s6,classical,232,unguided,50,50,2,62,183,183,4688,app_budget,false,41.1623
band9_depth18_s6,classical,232,unguided,100,100,3,62,185,185,4680,app_budget,false,40.9214
band9_depth18_s6,classical,232,unguided,200,200,4,62,234,234,4677,app_budget,false,40.8311
band9_depth18_s6,classical,232,unguided,400,400,5,62,299,299,4664,app_budget,false,40.4396
band9_depth18_s6,classical,232,unguided,800,800,6,62,450,450,3365,app_budget,false,1.3249
band9_depth18_s6,classical,232,unguided,1600,1600,8,62,633,633,3321,app_budget,false,0.0000
band9_depth18_s6,classical,232,unguided,3200,3200,10,62,694,694,3321,app_budget,false,0.0000
band9_depth18_s6,classical,232,unguided,6400,6291,13,62,705,705,3321,quiesced,false,0.0000
band9_depth18_s6,classical,232,unguided,12800,6291,13,62,705,705,3321,quiesced,true,0.0000
band9_depth18_s6,classical,232,unguided,25600,6291,13,62,705,705,3321,quiesced,true,0.0000
band9_depth18_s6,classical,232,unguided,51200,6291,13,62,705,705,3321,quiesced,true,0.0000
band9_depth18_s6,classical,232,unguided,102400,6291,13,62,705,705,3321,quiesced,true,0.0000
band9_depth18_s6,classical,232,unguided,204800,6291,13,62,705,705,3321,quiesced,true,0.0000
band9_depth18_s6,classical,232,oracle,25,25,1,17,182,182,4692,app_budget,false,41.2827
band9_depth18_s6,classical,232,oracle,50,50,2,17,183,183,4688,app_budget,false,41.1623
band9_depth18_s6,classical,232,oracle,100,100,3,17,185,185,4680,app_budget,false,40.9214
band9_depth18_s6,classical,232,oracle,200,200,4,17,234,234,4677,app_budget,false,40.8311
band9_depth18_s6,classical,232,oracle,400,400,5,17,301,301,4661,app_budget,false,40.3493
band9_depth18_s6,classical,232,oracle,800,800,6,17,451,451,3365,app_budget,false,1.3249
band9_depth18_s6,classical,232,oracle,1600,1600,8,17,633,633,3321,app_budget,false,0.0000
band9_depth18_s6,classical,232,oracle,3200,3200,10,17,694,694,3321,app_budget,false,0.0000
band9_depth18_s6,classical,232,oracle,6400,6285,13,17,705,705,3321,quiesced,false,0.0000
band9_depth18_s6,classical,232,oracle,12800,6285,13,17,705,705,3321,quiesced,true,0.0000
band9_depth18_s6,classical,232,oracle,25600,6285,13,17,705,705,3321,quiesced,true,0.0000
band9_depth18_s6,classical,232,oracle,51200,6285,13,17,705,705,3321,quiesced,true,0.0000
band9_depth18_s6,classical,232,oracle,102400,6285,13,17,705,705,3321,quiesced,true,0.0000
band9_depth18_s6,classical,232,oracle,204800,6285,13,17,705,705,3321,quiesced,true,0.0000
band9_depth18_s7,classical,1255,unguided,25,25,1,62,905,905,24978,app_budget,false,36.6038
band9_depth18_s7,classical,1255,unguided,50,50,2,62,906,906,24965,app_budget,false,36.5327
band9_depth18_s7,classical,1255,unguided,100,100,3,62,918,918,24906,app_budget,false,36.2100
band9_depth18_s7,classical,1255,unguided,200,200,4,62,960,960,24822,app_budget,false,35.7506
band9_depth18_s7,classical,1255,unguided,400,400,5,62,1028,1028,24783,app_budget,false,35.5373
band9_depth18_s7,classical,1255,unguided,800,800,6,62,1155,1155,24744,app_budget,false,35.3240
band9_depth18_s7,classical,1255,unguided,1600,1600,7,62,1491,1491,24711,app_budget,false,35.1436
band9_depth18_s7,classical,1255,unguided,3200,3200,8,62,2100,2100,24704,app_budget,false,35.1053
band9_depth18_s7,classical,1255,unguided,6400,6400,9,62,3094,3094,24458,app_budget,false,33.7599
band9_depth18_s7,classical,1255,unguided,12800,12040,10,62,4634,4634,18285,class_cap,false,0.0000
band9_depth18_s7,classical,1255,unguided,25600,12040,10,62,4634,4634,18285,class_cap,true,0.0000
band9_depth18_s7,classical,1255,unguided,51200,12040,10,62,4634,4634,18285,class_cap,true,0.0000
band9_depth18_s7,classical,1255,unguided,102400,12040,10,62,4634,4634,18285,class_cap,true,0.0000
band9_depth18_s7,classical,1255,unguided,204800,12040,10,62,4634,4634,18285,class_cap,true,0.0000
band9_depth18_s7,classical,1255,oracle,25,25,1,34,905,905,24978,app_budget,false,36.6038
band9_depth18_s7,classical,1255,oracle,50,50,2,34,906,906,24965,app_budget,false,36.5327
band9_depth18_s7,classical,1255,oracle,100,100,3,34,918,918,24906,app_budget,false,36.2100
band9_depth18_s7,classical,1255,oracle,200,200,4,34,960,960,24822,app_budget,false,35.7506
band9_depth18_s7,classical,1255,oracle,400,400,5,34,1028,1028,24783,app_budget,false,35.5373
band9_depth18_s7,classical,1255,oracle,800,800,6,34,1155,1155,24744,app_budget,false,35.3240
band9_depth18_s7,classical,1255,oracle,1600,1600,7,34,1491,1491,24711,app_budget,false,35.1436
band9_depth18_s7,classical,1255,oracle,3200,3200,8,34,2100,2100,24704,app_budget,false,35.1053
band9_depth18_s7,classical,1255,oracle,6400,6400,9,34,3094,3094,24458,app_budget,false,33.7599
band9_depth18_s7,classical,1255,oracle,12800,12040,10,34,4634,4634,18285,class_cap,false,0.0000
band9_depth18_s7,classical,1255,oracle,25600,12040,10,34,4634,4634,18285,class_cap,true,0.0000
band9_depth18_s7,classical,1255,oracle,51200,12040,10,34,4634,4634,18285,class_cap,true,0.0000
band9_depth18_s7,classical,1255,oracle,102400,12040,10,34,4634,4634,18285,class_cap,true,0.0000
band9_depth18_s7,classical,1255,oracle,204800,12040,10,34,4634,4634,18285,class_cap,true,0.0000
band9_depth18_s8,classical,2104,unguided,25,25,1,62,1380,1380,34361,app_budget,false,23.0915
band9_depth18_s8,classical,2104,unguided,50,50,2,62,1380,1380,34361,app_budget,false,23.0915
band9_depth18_s8,classical,2104,unguided,100,100,3,62,1413,1413,34314,app_budget,false,22.9232
band9_depth18_s8,classical,2104,unguided,200,200,4,62,1451,1451,34211,app_budget,false,22.5542
band9_depth18_s8,classical,2104,unguided,400,400,5,62,1531,1531,34118,app_budget,false,22.2210
band9_depth18_s8,classical,2104,unguided,800,800,6,62,1655,1655,34054,app_budget,false,21.9918
band9_depth18_s8,classical,2104,unguided,1600,1600,7,62,1920,1920,34028,app_budget,false,21.8986
band9_depth18_s8,classical,2104,unguided,3200,3200,8,62,2637,2637,33940,app_budget,false,21.5834
band9_depth18_s8,classical,2104,unguided,6400,6400,9,62,4191,4191,33935,app_budget,false,21.5655
band9_depth18_s8,classical,2104,unguided,12800,9920,10,62,4881,4881,27915,class_cap,false,0.0000
band9_depth18_s8,classical,2104,unguided,25600,9920,10,62,4881,4881,27915,class_cap,true,0.0000
band9_depth18_s8,classical,2104,unguided,51200,9920,10,62,4881,4881,27915,class_cap,true,0.0000
band9_depth18_s8,classical,2104,unguided,102400,9920,10,62,4881,4881,27915,class_cap,true,0.0000
band9_depth18_s8,classical,2104,unguided,204800,9920,10,62,4881,4881,27915,class_cap,true,0.0000
band9_depth18_s8,classical,2104,oracle,25,25,1,35,1380,1380,34361,app_budget,false,23.0915
band9_depth18_s8,classical,2104,oracle,50,50,2,35,1380,1380,34361,app_budget,false,23.0915
band9_depth18_s8,classical,2104,oracle,100,100,3,35,1413,1413,34314,app_budget,false,22.9232
band9_depth18_s8,classical,2104,oracle,200,200,4,35,1451,1451,34211,app_budget,false,22.5542
band9_depth18_s8,classical,2104,oracle,400,400,5,35,1531,1531,34118,app_budget,false,22.2210
band9_depth18_s8,classical,2104,oracle,800,800,6,35,1655,1655,34054,app_budget,false,21.9918
band9_depth18_s8,classical,2104,oracle,1600,1600,7,35,1920,1920,34028,app_budget,false,21.8986
band9_depth18_s8,classical,2104,oracle,3200,3200,8,35,2637,2637,33940,app_budget,false,21.5834
band9_depth18_s8,classical,2104,oracle,6400,6400,9,35,4191,4191,33935,app_budget,false,21.5655
band9_depth18_s8,classical,2104,oracle,12800,9919,10,35,4881,4881,27915,class_cap,false,0.0000
band9_depth18_s8,classical,2104,oracle,25600,9919,10,35,4881,4881,27915,class_cap,true,0.0000
band9_depth18_s8,classical,2104,oracle,51200,9919,10,35,4881,4881,27915,class_cap,true,0.0000
band9_depth18_s8,classical,2104,oracle,102400,9919,10,35,4881,4881,27915,class_cap,true,0.0000
band9_depth18_s8,classical,2104,oracle,204800,9919,10,35,4881,4881,27915,class_cap,true,0.0000
band9_depth18_s9,classical,3839,unguided,25,25,1,62,2425,2425,69876,app_budget,false,28.6377
band9_depth18_s9,classical,3839,unguided,50,50,2,62,2425,2425,69876,app_budget,false,28.6377
band9_depth18_s9,classical,3839,unguided,100,100,3,62,2456,2456,69840,app_budget,false,28.5714
band9_depth18_s9,classical,3839,unguided,200,200,4,62,2507,2507,69733,app_budget,false,28.3744
band9_depth18_s9,classical,3839,unguided,400,400,5,62,2572,2572,69530,app_budget,false,28.0007
band9_depth18_s9,classical,3839,unguided,800,800,6,62,2726,2726,69281,app_budget,false,27.5423
band9_depth18_s9,classical,3839,unguided,1600,1600,7,62,2999,2999,69242,app_budget,false,27.4705
band9_depth18_s9,classical,3839,unguided,3200,3200,8,62,3586,3586,69171,app_budget,false,27.3398
band9_depth18_s9,classical,3839,unguided,6400,6400,9,62,4888,4888,56186,app_budget,false,3.4352
band9_depth18_s9,classical,3839,unguided,12800,7279,10,62,4999,4999,54320,class_cap,false,0.0000
band9_depth18_s9,classical,3839,unguided,25600,7279,10,62,4999,4999,54320,class_cap,true,0.0000
band9_depth18_s9,classical,3839,unguided,51200,7279,10,62,4999,4999,54320,class_cap,true,0.0000
band9_depth18_s9,classical,3839,unguided,102400,7279,10,62,4999,4999,54320,class_cap,true,0.0000
band9_depth18_s9,classical,3839,unguided,204800,7279,10,62,4999,4999,54320,class_cap,true,0.0000
band9_depth18_s9,classical,3839,oracle,25,25,1,35,2425,2425,69876,app_budget,false,28.6377
band9_depth18_s9,classical,3839,oracle,50,50,2,35,2425,2425,69876,app_budget,false,28.6377
band9_depth18_s9,classical,3839,oracle,100,100,3,35,2456,2456,69840,app_budget,false,28.5714
band9_depth18_s9,classical,3839,oracle,200,200,4,35,2507,2507,69733,app_budget,false,28.3744
band9_depth18_s9,classical,3839,oracle,400,400,5,35,2572,2572,69530,app_budget,false,28.0007
band9_depth18_s9,classical,3839,oracle,800,800,6,35,2726,2726,69281,app_budget,false,27.5423
band9_depth18_s9,classical,3839,oracle,1600,1600,7,35,2999,2999,69242,app_budget,false,27.4705
band9_depth18_s9,classical,3839,oracle,3200,3200,8,35,3590,3590,69171,app_budget,false,27.3398
band9_depth18_s9,classical,3839,oracle,6400,6400,9,35,4900,4900,55116,app_budget,false,1.4654
band9_depth18_s9,classical,3839,oracle,12800,7166,10,35,4999,4999,54320,class_cap,false,0.0000
band9_depth18_s9,classical,3839,oracle,25600,7166,10,35,4999,4999,54320,class_cap,true,0.0000
band9_depth18_s9,classical,3839,oracle,51200,7166,10,35,4999,4999,54320,class_cap,true,0.0000
band9_depth18_s9,classical,3839,oracle,102400,7166,10,35,4999,4999,54320,class_cap,true,0.0000
band9_depth18_s9,classical,3839,oracle,204800,7166,10,35,4999,4999,54320,class_cap,true,0.0000
band9_depth18_s10,rapid,15,unguided,25,25,2,62,37,37,250,app_budget,false,0.0000
band9_depth18_s10,rapid,15,unguided,50,50,3,62,40,40,250,app_budget,false,0.0000
band9_depth18_s10,rapid,15,unguided,100,100,5,62,54,54,250,app_budget,false,0.0000
band9_depth18_s10,rapid,15,unguided,200,198,7,62,60,60,250,quiesced,false,0.0000
band9_depth18_s10,rapid,15,unguided,400,198,7,62,60,60,250,quiesced,true,0.0000
band9_depth18_s10,rapid,15,unguided,800,198,7,62,60,60,250,quiesced,true,0.0000
band9_depth18_s10,rapid,15,unguided,1600,198,7,62,60,60,250,quiesced,true,0.0000
band9_depth18_s10,rapid,15,unguided,3200,198,7,62,60,60,250,quiesced,true,0.0000
band9_depth18_s10,rapid,15,unguided,6400,198,7,62,60,60,250,quiesced,true,0.0000
band9_depth18_s10,rapid,15,unguided,12800,198,7,62,60,60,250,quiesced,true,0.0000
band9_depth18_s10,rapid,15,unguided,25600,198,7,62,60,60,250,quiesced,true,0.0000
band9_depth18_s10,rapid,15,unguided,51200,198,7,62,60,60,250,quiesced,true,0.0000
band9_depth18_s10,rapid,15,unguided,102400,198,7,62,60,60,250,quiesced,true,0.0000
band9_depth18_s10,rapid,15,unguided,204800,198,7,62,60,60,250,quiesced,true,0.0000
band9_depth18_s10,rapid,15,oracle,25,25,2,9,37,37,250,app_budget,false,0.0000
band9_depth18_s10,rapid,15,oracle,50,50,3,9,40,40,250,app_budget,false,0.0000
band9_depth18_s10,rapid,15,oracle,100,100,5,9,51,51,250,app_budget,false,0.0000
band9_depth18_s10,rapid,15,oracle,200,186,7,9,54,54,250,quiesced,false,0.0000
band9_depth18_s10,rapid,15,oracle,400,186,7,9,54,54,250,quiesced,true,0.0000
band9_depth18_s10,rapid,15,oracle,800,186,7,9,54,54,250,quiesced,true,0.0000
band9_depth18_s10,rapid,15,oracle,1600,186,7,9,54,54,250,quiesced,true,0.0000
band9_depth18_s10,rapid,15,oracle,3200,186,7,9,54,54,250,quiesced,true,0.0000
band9_depth18_s10,rapid,15,oracle,6400,186,7,9,54,54,250,quiesced,true,0.0000
band9_depth18_s10,rapid,15,oracle,12800,186,7,9,54,54,250,quiesced,true,0.0000
band9_depth18_s10,rapid,15,oracle,25600,186,7,9,54,54,250,quiesced,true,0.0000
band9_depth18_s10,rapid,15,oracle,51200,186,7,9,54,54,250,quiesced,true,0.0000
band9_depth18_s10,rapid,15,oracle,102400,186,7,9,54,54,250,quiesced,true,0.0000
band9_depth18_s10,rapid,15,oracle,204800,186,7,9,54,54,250,quiesced,true,0.0000
band9_depth18_s11,classical,3152,unguided,25,25,1,62,2043,2043,58391,app_budget,false,30.3836
band9_depth18_s11,classical,3152,unguided,50,50,2,62,2043,2043,58391,app_budget,false,30.3836
band9_depth18_s11,classical,3152,unguided,100,100,3,62,2075,2075,58379,app_budget,false,30.3568
band9_depth18_s11,classical,3152,unguided,200,200,4,62,2116,2116,58219,app_budget,false,29.9996
band9_depth18_s11,classical,3152,unguided,400,400,5,62,2185,2185,58028,app_budget,false,29.5731
band9_depth18_s11,classical,3152,unguided,800,800,6,62,2333,2333,57854,app_budget,false,29.1845
band9_depth18_s11,classical,3152,unguided,1600,1600,7,62,2600,2600,57819,app_budget,false,29.1064
band9_depth18_s11,classical,3152,unguided,3200,3200,8,62,3198,3198,57788,app_budget,false,29.0372
band9_depth18_s11,classical,3152,unguided,6400,6400,9,62,4360,4360,50738,app_budget,false,13.2949
band9_depth18_s11,classical,3152,unguided,12800,9718,10,62,4904,4904,44784,class_cap,false,0.0000
band9_depth18_s11,classical,3152,unguided,25600,9718,10,62,4904,4904,44784,class_cap,true,0.0000
band9_depth18_s11,classical,3152,unguided,51200,9718,10,62,4904,4904,44784,class_cap,true,0.0000
band9_depth18_s11,classical,3152,unguided,102400,9718,10,62,4904,4904,44784,class_cap,true,0.0000
band9_depth18_s11,classical,3152,unguided,204800,9718,10,62,4904,4904,44784,class_cap,true,0.0000
band9_depth18_s11,classical,3152,oracle,25,25,1,38,2043,2043,58391,app_budget,false,30.3836
band9_depth18_s11,classical,3152,oracle,50,50,2,38,2043,2043,58391,app_budget,false,30.3836
band9_depth18_s11,classical,3152,oracle,100,100,3,38,2075,2075,58379,app_budget,false,30.3568
band9_depth18_s11,classical,3152,oracle,200,200,4,38,2116,2116,58219,app_budget,false,29.9996
band9_depth18_s11,classical,3152,oracle,400,400,5,38,2185,2185,58028,app_budget,false,29.5731
band9_depth18_s11,classical,3152,oracle,800,800,6,38,2333,2333,57854,app_budget,false,29.1845
band9_depth18_s11,classical,3152,oracle,1600,1600,7,38,2600,2600,57819,app_budget,false,29.1064
band9_depth18_s11,classical,3152,oracle,3200,3200,8,38,3198,3198,57788,app_budget,false,29.0372
band9_depth18_s11,classical,3152,oracle,6400,6400,9,38,4361,4361,50557,app_budget,false,12.8908
band9_depth18_s11,classical,3152,oracle,12800,9716,10,38,4904,4904,44784,class_cap,false,0.0000
band9_depth18_s11,classical,3152,oracle,25600,9716,10,38,4904,4904,44784,class_cap,true,0.0000
band9_depth18_s11,classical,3152,oracle,51200,9716,10,38,4904,4904,44784,class_cap,true,0.0000
band9_depth18_s11,classical,3152,oracle,102400,9716,10,38,4904,4904,44784,class_cap,true,0.0000
band9_depth18_s11,classical,3152,oracle,204800,9716,10,38,4904,4904,44784,class_cap,true,0.0000
band9_depth18_s12,classical,3381,unguided,25,25,1,62,2192,2192,54937,app_budget,false,14.2616
band9_depth18_s12,classical,3381,unguided,50,50,2,62,2192,2192,54937,app_budget,false,14.2616
band9_depth18_s12,classical,3381,unguided,100,100,3,62,2221,2221,54902,app_budget,false,14.1889
band9_depth18_s12,classical,3381,unguided,200,200,4,62,2294,2294,54875,app_budget,false,14.1327
band9_depth18_s12,classical,3381,unguided,400,400,5,62,2364,2364,54633,app_budget,false,13.6294
band9_depth18_s12,classical,3381,unguided,800,800,6,62,2525,2525,54369,app_budget,false,13.0803
band9_depth18_s12,classical,3381,unguided,1600,1600,7,62,2784,2784,54297,app_budget,false,12.9305
band9_depth18_s12,classical,3381,unguided,3200,3200,8,62,3415,3415,54087,app_budget,false,12.4938
band9_depth18_s12,classical,3381,unguided,6400,6400,9,62,4603,4603,53781,app_budget,false,11.8573
band9_depth18_s12,classical,3381,unguided,12800,8774,10,62,4946,4946,48080,class_cap,false,0.0000
band9_depth18_s12,classical,3381,unguided,25600,8774,10,62,4946,4946,48080,class_cap,true,0.0000
band9_depth18_s12,classical,3381,unguided,51200,8774,10,62,4946,4946,48080,class_cap,true,0.0000
band9_depth18_s12,classical,3381,unguided,102400,8774,10,62,4946,4946,48080,class_cap,true,0.0000
band9_depth18_s12,classical,3381,unguided,204800,8774,10,62,4946,4946,48080,class_cap,true,0.0000
band9_depth18_s12,classical,3381,oracle,25,25,1,39,2192,2192,54937,app_budget,false,14.2616
band9_depth18_s12,classical,3381,oracle,50,50,2,39,2192,2192,54937,app_budget,false,14.2616
band9_depth18_s12,classical,3381,oracle,100,100,3,39,2221,2221,54902,app_budget,false,14.1889
band9_depth18_s12,classical,3381,oracle,200,200,4,39,2294,2294,54875,app_budget,false,14.1327
band9_depth18_s12,classical,3381,oracle,400,400,5,39,2364,2364,54633,app_budget,false,13.6294
band9_depth18_s12,classical,3381,oracle,800,800,6,39,2525,2525,54369,app_budget,false,13.0803
band9_depth18_s12,classical,3381,oracle,1600,1600,7,39,2784,2784,54297,app_budget,false,12.9305
band9_depth18_s12,classical,3381,oracle,3200,3200,8,39,3415,3415,54087,app_budget,false,12.4938
band9_depth18_s12,classical,3381,oracle,6400,6400,9,39,4603,4603,53781,app_budget,false,11.8573
band9_depth18_s12,classical,3381,oracle,12800,8770,10,39,4946,4946,48080,class_cap,false,0.0000
band9_depth18_s12,classical,3381,oracle,25600,8770,10,39,4946,4946,48080,class_cap,true,0.0000
band9_depth18_s12,classical,3381,oracle,51200,8770,10,39,4946,4946,48080,class_cap,true,0.0000
band9_depth18_s12,classical,3381,oracle,102400,8770,10,39,4946,4946,48080,class_cap,true,0.0000
band9_depth18_s12,classical,3381,oracle,204800,8770,10,39,4946,4946,48080,class_cap,true,0.0000
band9_depth18_s13,classical,1067,unguided,25,25,1,62,745,745,25032,app_budget,false,47.4639
band9_depth18_s13,classical,1067,unguided,50,50,2,62,745,745,25014,app_budget,false,47.3579
band9_depth18_s13,classical,1067,unguided,100,100,3,62,758,758,24958,app_budget,false,47.0280
band9_depth18_s13,classical,1067,unguided,200,200,4,62,803,803,24915,app_budget,false,46.7747
band9_depth18_s13,classical,1067,unguided,400,400,5,62,854,854,24901,app_budget,false,46.6922
band9_depth18_s13,classical,1067,unguided,800,800,6,62,1016,1016,24879,app_budget,false,46.5626
band9_depth18_s13,classical,1067,unguided,1600,1600,7,62,1314,1314,24728,app_budget,false,45.6730
band9_depth18_s13,classical,1067,unguided,3200,3200,8,62,1956,1956,24716,app_budget,false,45.6024
band9_depth18_s13,classical,1067,unguided,6400,6400,9,62,3048,3048,24716,app_budget,false,45.6024
band9_depth18_s13,classical,1067,unguided,12800,12409,10,62,4672,4672,16975,class_cap,false,0.0000
band9_depth18_s13,classical,1067,unguided,25600,12409,10,62,4672,4672,16975,class_cap,true,0.0000
band9_depth18_s13,classical,1067,unguided,51200,12409,10,62,4672,4672,16975,class_cap,true,0.0000
band9_depth18_s13,classical,1067,unguided,102400,12409,10,62,4672,4672,16975,class_cap,true,0.0000
band9_depth18_s13,classical,1067,unguided,204800,12409,10,62,4672,4672,16975,class_cap,true,0.0000
band9_depth18_s13,classical,1067,oracle,25,25,1,32,745,745,25032,app_budget,false,47.4639
band9_depth18_s13,classical,1067,oracle,50,50,2,32,745,745,25014,app_budget,false,47.3579
band9_depth18_s13,classical,1067,oracle,100,100,3,32,758,758,24958,app_budget,false,47.0280
band9_depth18_s13,classical,1067,oracle,200,200,4,32,803,803,24915,app_budget,false,46.7747
band9_depth18_s13,classical,1067,oracle,400,400,5,32,854,854,24901,app_budget,false,46.6922
band9_depth18_s13,classical,1067,oracle,800,800,6,32,1016,1016,24879,app_budget,false,46.5626
band9_depth18_s13,classical,1067,oracle,1600,1600,7,32,1318,1318,24716,app_budget,false,45.6024
band9_depth18_s13,classical,1067,oracle,3200,3200,8,32,1960,1960,24704,app_budget,false,45.5317
band9_depth18_s13,classical,1067,oracle,6400,6400,9,32,3052,3052,24704,app_budget,false,45.5317
band9_depth18_s13,classical,1067,oracle,12800,12397,10,32,4672,4672,16975,class_cap,false,0.0000
band9_depth18_s13,classical,1067,oracle,25600,12397,10,32,4672,4672,16975,class_cap,true,0.0000
band9_depth18_s13,classical,1067,oracle,51200,12397,10,32,4672,4672,16975,class_cap,true,0.0000
band9_depth18_s13,classical,1067,oracle,102400,12397,10,32,4672,4672,16975,class_cap,true,0.0000
band9_depth18_s13,classical,1067,oracle,204800,12397,10,32,4672,4672,16975,class_cap,true,0.0000
band9_depth18_s14,classical,2737,unguided,25,25,1,62,1728,1728,49159,app_budget,false,29.2433
band9_depth18_s14,classical,2737,unguided,50,50,2,62,1728,1728,49159,app_budget,false,29.2433
band9_depth18_s14,classical,2737,unguided,100,100,3,62,1760,1760,49129,app_budget,false,29.1645
band9_depth18_s14,classical,2737,unguided,200,200,4,62,1805,1805,49015,app_budget,false,28.8648
band9_depth18_s14,classical,2737,unguided,400,400,5,62,1883,1883,48850,app_budget,false,28.4310
band9_depth18_s14,classical,2737,unguided,800,800,6,62,2023,2023,48709,app_budget,false,28.0603
band9_depth18_s14,classical,2737,unguided,1600,1600,7,62,2300,2300,48660,app_budget,false,27.9314
band9_depth18_s14,classical,2737,unguided,3200,3200,8,62,2930,2930,48592,app_budget,false,27.7527
band9_depth18_s14,classical,2737,unguided,6400,6400,9,62,4135,4135,48573,app_budget,false,27.7027
band9_depth18_s14,classical,2737,unguided,12800,10077,10,62,4924,4924,38036,class_cap,false,0.0000
band9_depth18_s14,classical,2737,unguided,25600,10077,10,62,4924,4924,38036,class_cap,true,0.0000
band9_depth18_s14,classical,2737,unguided,51200,10077,10,62,4924,4924,38036,class_cap,true,0.0000
band9_depth18_s14,classical,2737,unguided,102400,10077,10,62,4924,4924,38036,class_cap,true,0.0000
band9_depth18_s14,classical,2737,unguided,204800,10077,10,62,4924,4924,38036,class_cap,true,0.0000
band9_depth18_s14,classical,2737,oracle,25,25,1,36,1728,1728,49159,app_budget,false,29.2433
band9_depth18_s14,classical,2737,oracle,50,50,2,36,1728,1728,49159,app_budget,false,29.2433
band9_depth18_s14,classical,2737,oracle,100,100,3,36,1760,1760,49129,app_budget,false,29.1645
band9_depth18_s14,classical,2737,oracle,200,200,4,36,1805,1805,49015,app_budget,false,28.8648
band9_depth18_s14,classical,2737,oracle,400,400,5,36,1883,1883,48850,app_budget,false,28.4310
band9_depth18_s14,classical,2737,oracle,800,800,6,36,2023,2023,48709,app_budget,false,28.0603
band9_depth18_s14,classical,2737,oracle,1600,1600,7,36,2300,2300,48660,app_budget,false,27.9314
band9_depth18_s14,classical,2737,oracle,3200,3200,8,36,2930,2930,48592,app_budget,false,27.7527
band9_depth18_s14,classical,2737,oracle,6400,6400,9,36,4135,4135,48573,app_budget,false,27.7027
band9_depth18_s14,classical,2737,oracle,12800,10065,10,36,4924,4924,38036,class_cap,false,0.0000
band9_depth18_s14,classical,2737,oracle,25600,10065,10,36,4924,4924,38036,class_cap,true,0.0000
band9_depth18_s14,classical,2737,oracle,51200,10065,10,36,4924,4924,38036,class_cap,true,0.0000
band9_depth18_s14,classical,2737,oracle,102400,10065,10,36,4924,4924,38036,class_cap,true,0.0000
band9_depth18_s14,classical,2737,oracle,204800,10065,10,36,4924,4924,38036,class_cap,true,0.0000
band9_depth18_s15,classical,6997,unguided,25,25,1,62,4347,4347,106670,app_budget,false,2.0521
band9_depth18_s15,classical,6997,unguided,50,50,2,62,4347,4347,106670,app_budget,false,2.0521
band9_depth18_s15,classical,6997,unguided,100,100,3,62,4393,4393,106670,app_budget,false,2.0521
band9_depth18_s15,classical,6997,unguided,200,200,4,62,4482,4482,106670,app_budget,false,2.0521
band9_depth18_s15,classical,6997,unguided,400,400,5,62,4634,4634,106594,app_budget,false,1.9794
band9_depth18_s15,classical,6997,unguided,800,800,6,62,4768,4768,106025,app_budget,false,1.4351
band9_depth18_s15,classical,6997,unguided,1600,1407,7,62,5000,5000,104525,class_cap,false,0.0000
band9_depth18_s15,classical,6997,unguided,3200,1407,7,62,5000,5000,104525,class_cap,true,0.0000
band9_depth18_s15,classical,6997,unguided,6400,1407,7,62,5000,5000,104525,class_cap,true,0.0000
band9_depth18_s15,classical,6997,unguided,12800,1407,7,62,5000,5000,104525,class_cap,true,0.0000
band9_depth18_s15,classical,6997,unguided,25600,1407,7,62,5000,5000,104525,class_cap,true,0.0000
band9_depth18_s15,classical,6997,unguided,51200,1407,7,62,5000,5000,104525,class_cap,true,0.0000
band9_depth18_s15,classical,6997,unguided,102400,1407,7,62,5000,5000,104525,class_cap,true,0.0000
band9_depth18_s15,classical,6997,unguided,204800,1407,7,62,5000,5000,104525,class_cap,true,0.0000
band9_depth18_s15,classical,6997,oracle,25,25,1,12,4347,4347,106670,app_budget,false,2.0521
band9_depth18_s15,classical,6997,oracle,50,50,2,12,4347,4347,106670,app_budget,false,2.0521
band9_depth18_s15,classical,6997,oracle,100,100,3,12,4393,4393,106670,app_budget,false,2.0521
band9_depth18_s15,classical,6997,oracle,200,200,4,12,4482,4482,106670,app_budget,false,2.0521
band9_depth18_s15,classical,6997,oracle,400,400,5,12,4634,4634,106594,app_budget,false,1.9794
band9_depth18_s15,classical,6997,oracle,800,800,6,12,4768,4768,106025,app_budget,false,1.4351
band9_depth18_s15,classical,6997,oracle,1600,1401,7,12,5000,5000,104525,class_cap,false,0.0000
band9_depth18_s15,classical,6997,oracle,3200,1401,7,12,5000,5000,104525,class_cap,true,0.0000
band9_depth18_s15,classical,6997,oracle,6400,1401,7,12,5000,5000,104525,class_cap,true,0.0000
band9_depth18_s15,classical,6997,oracle,12800,1401,7,12,5000,5000,104525,class_cap,true,0.0000
band9_depth18_s15,classical,6997,oracle,25600,1401,7,12,5000,5000,104525,class_cap,true,0.0000
band9_depth18_s15,classical,6997,oracle,51200,1401,7,12,5000,5000,104525,class_cap,true,0.0000
band9_depth18_s15,classical,6997,oracle,102400,1401,7,12,5000,5000,104525,class_cap,true,0.0000
band9_depth18_s15,classical,6997,oracle,204800,1401,7,12,5000,5000,104525,class_cap,true,0.0000
band9_depth18_s16,classical,8511,unguided,25,0,0,62,5073,5073,131750,class_cap,false,0.0000
band9_depth18_s16,classical,8511,unguided,50,0,0,62,5073,5073,131750,class_cap,true,0.0000
band9_depth18_s16,classical,8511,unguided,100,0,0,62,5073,5073,131750,class_cap,true,0.0000
band9_depth18_s16,classical,8511,unguided,200,0,0,62,5073,5073,131750,class_cap,true,0.0000
band9_depth18_s16,classical,8511,unguided,400,0,0,62,5073,5073,131750,class_cap,true,0.0000
band9_depth18_s16,classical,8511,unguided,800,0,0,62,5073,5073,131750,class_cap,true,0.0000
band9_depth18_s16,classical,8511,unguided,1600,0,0,62,5073,5073,131750,class_cap,true,0.0000
band9_depth18_s16,classical,8511,unguided,3200,0,0,62,5073,5073,131750,class_cap,true,0.0000
band9_depth18_s16,classical,8511,unguided,6400,0,0,62,5073,5073,131750,class_cap,true,0.0000
band9_depth18_s16,classical,8511,unguided,12800,0,0,62,5073,5073,131750,class_cap,true,0.0000
band9_depth18_s16,classical,8511,unguided,25600,0,0,62,5073,5073,131750,class_cap,true,0.0000
band9_depth18_s16,classical,8511,unguided,51200,0,0,62,5073,5073,131750,class_cap,true,0.0000
band9_depth18_s16,classical,8511,unguided,102400,0,0,62,5073,5073,131750,class_cap,true,0.0000
band9_depth18_s16,classical,8511,unguided,204800,0,0,62,5073,5073,131750,class_cap,true,0.0000
band9_depth18_s16,classical,8511,oracle,25,0,0,0,5073,5073,131750,class_cap,false,0.0000
band9_depth18_s16,classical,8511,oracle,50,0,0,0,5073,5073,131750,class_cap,true,0.0000
band9_depth18_s16,classical,8511,oracle,100,0,0,0,5073,5073,131750,class_cap,true,0.0000
band9_depth18_s16,classical,8511,oracle,200,0,0,0,5073,5073,131750,class_cap,true,0.0000
band9_depth18_s16,classical,8511,oracle,400,0,0,0,5073,5073,131750,class_cap,true,0.0000
band9_depth18_s16,classical,8511,oracle,800,0,0,0,5073,5073,131750,class_cap,true,0.0000
band9_depth18_s16,classical,8511,oracle,1600,0,0,0,5073,5073,131750,class_cap,true,0.0000
band9_depth18_s16,classical,8511,oracle,3200,0,0,0,5073,5073,131750,class_cap,true,0.0000
band9_depth18_s16,classical,8511,oracle,6400,0,0,0,5073,5073,131750,class_cap,true,0.0000
band9_depth18_s16,classical,8511,oracle,12800,0,0,0,5073,5073,131750,class_cap,true,0.0000
band9_depth18_s16,classical,8511,oracle,25600,0,0,0,5073,5073,131750,class_cap,true,0.0000
band9_depth18_s16,classical,8511,oracle,51200,0,0,0,5073,5073,131750,class_cap,true,0.0000
band9_depth18_s16,classical,8511,oracle,102400,0,0,0,5073,5073,131750,class_cap,true,0.0000
band9_depth18_s16,classical,8511,oracle,204800,0,0,0,5073,5073,131750,class_cap,true,0.0000
band9_depth18_s17,classical,474,unguided,25,25,1,62,370,370,9093,app_budget,false,48.5542
band9_depth18_s17,classical,474,unguided,50,50,2,62,375,375,9065,app_budget,false,48.0967
band9_depth18_s17,classical,474,unguided,100,100,3,62,379,379,9045,app_budget,false,47.7700
band9_depth18_s17,classical,474,unguided,200,200,4,62,429,429,9041,app_budget,false,47.7046
band9_depth18_s17,classical,474,unguided,400,400,5,62,473,473,9036,app_budget,false,47.6229
band9_depth18_s17,classical,474,unguided,800,800,6,62,687,687,8999,app_budget,false,47.0185
band9_depth18_s17,classical,474,unguided,1600,1600,7,62,1117,1117,8994,app_budget,false,46.9368
band9_depth18_s17,classical,474,unguided,3200,3200,8,62,1668,1668,8994,app_budget,false,46.9368
band9_depth18_s17,classical,474,unguided,6400,6400,9,62,2433,2433,8994,app_budget,false,46.9368
band9_depth18_s17,classical,474,unguided,12800,12800,10,62,4348,4348,6140,app_budget,false,0.3104
band9_depth18_s17,classical,474,unguided,25600,15954,11,62,4522,4522,6121,class_cap,false,0.0000
band9_depth18_s17,classical,474,unguided,51200,15954,11,62,4522,4522,6121,class_cap,true,0.0000
band9_depth18_s17,classical,474,unguided,102400,15954,11,62,4522,4522,6121,class_cap,true,0.0000
band9_depth18_s17,classical,474,unguided,204800,15954,11,62,4522,4522,6121,class_cap,true,0.0000
band9_depth18_s17,classical,474,oracle,25,25,1,28,370,370,9093,app_budget,false,48.5542
band9_depth18_s17,classical,474,oracle,50,50,2,28,375,375,9065,app_budget,false,48.0967
band9_depth18_s17,classical,474,oracle,100,100,3,28,379,379,9045,app_budget,false,47.7700
band9_depth18_s17,classical,474,oracle,200,200,4,28,429,429,9041,app_budget,false,47.7046
band9_depth18_s17,classical,474,oracle,400,400,5,28,473,473,9036,app_budget,false,47.6229
band9_depth18_s17,classical,474,oracle,800,800,6,28,687,687,8999,app_budget,false,47.0185
band9_depth18_s17,classical,474,oracle,1600,1600,7,28,1117,1117,8994,app_budget,false,46.9368
band9_depth18_s17,classical,474,oracle,3200,3200,8,28,1668,1668,8994,app_budget,false,46.9368
band9_depth18_s17,classical,474,oracle,6400,6400,9,28,2433,2433,8994,app_budget,false,46.9368
band9_depth18_s17,classical,474,oracle,12800,12800,10,28,4349,4349,6140,app_budget,false,0.3104
band9_depth18_s17,classical,474,oracle,25600,15948,11,28,4522,4522,6121,class_cap,false,0.0000
band9_depth18_s17,classical,474,oracle,51200,15948,11,28,4522,4522,6121,class_cap,true,0.0000
band9_depth18_s17,classical,474,oracle,102400,15948,11,28,4522,4522,6121,class_cap,true,0.0000
band9_depth18_s17,classical,474,oracle,204800,15948,11,28,4522,4522,6121,class_cap,true,0.0000
band9_depth18_s18,classical,1554,unguided,25,25,1,62,1080,1080,30623,app_budget,false,44.7075
band9_depth18_s18,classical,1554,unguided,50,50,2,62,1081,1081,30616,app_budget,false,44.6744
band9_depth18_s18,classical,1554,unguided,100,100,3,62,1098,1098,30551,app_budget,false,44.3673
band9_depth18_s18,classical,1554,unguided,200,200,4,62,1135,1135,30410,app_budget,false,43.7010
band9_depth18_s18,classical,1554,unguided,400,400,5,62,1213,1213,30334,app_budget,false,43.3418
band9_depth18_s18,classical,1554,unguided,800,800,6,62,1339,1339,30306,app_budget,false,43.2095
band9_depth18_s18,classical,1554,unguided,1600,1600,7,62,1668,1668,30255,app_budget,false,42.9685
band9_depth18_s18,classical,1554,unguided,3200,3200,8,62,2373,2373,30255,app_budget,false,42.9685
band9_depth18_s18,classical,1554,unguided,6400,6400,9,62,3759,3759,30255,app_budget,false,42.9685
band9_depth18_s18,classical,1554,unguided,12800,10690,10,62,4859,4859,21162,class_cap,false,0.0000
band9_depth18_s18,classical,1554,unguided,25600,10690,10,62,4859,4859,21162,class_cap,true,0.0000
band9_depth18_s18,classical,1554,unguided,51200,10690,10,62,4859,4859,21162,class_cap,true,0.0000
band9_depth18_s18,classical,1554,unguided,102400,10690,10,62,4859,4859,21162,class_cap,true,0.0000
band9_depth18_s18,classical,1554,unguided,204800,10690,10,62,4859,4859,21162,class_cap,true,0.0000
band9_depth18_s18,classical,1554,oracle,25,25,1,28,1080,1080,30623,app_budget,false,44.7075
band9_depth18_s18,classical,1554,oracle,50,50,2,28,1081,1081,30616,app_budget,false,44.6744
band9_depth18_s18,classical,1554,oracle,100,100,3,28,1098,1098,30551,app_budget,false,44.3673
band9_depth18_s18,classical,1554,oracle,200,200,4,28,1135,1135,30410,app_budget,false,43.7010
band9_depth18_s18,classical,1554,oracle,400,400,5,28,1213,1213,30334,app_budget,false,43.3418
band9_depth18_s18,classical,1554,oracle,800,800,6,28,1339,1339,30306,app_budget,false,43.2095
band9_depth18_s18,classical,1554,oracle,1600,1600,7,28,1670,1670,30255,app_budget,false,42.9685
band9_depth18_s18,classical,1554,oracle,3200,3200,8,28,2375,2375,30255,app_budget,false,42.9685
band9_depth18_s18,classical,1554,oracle,6400,6400,9,28,3756,3756,30255,app_budget,false,42.9685
band9_depth18_s18,classical,1554,oracle,12800,10679,10,28,4859,4859,21162,class_cap,false,0.0000
band9_depth18_s18,classical,1554,oracle,25600,10679,10,28,4859,4859,21162,class_cap,true,0.0000
band9_depth18_s18,classical,1554,oracle,51200,10679,10,28,4859,4859,21162,class_cap,true,0.0000
band9_depth18_s18,classical,1554,oracle,102400,10679,10,28,4859,4859,21162,class_cap,true,0.0000
band9_depth18_s18,classical,1554,oracle,204800,10679,10,28,4859,4859,21162,class_cap,true,0.0000
band9_depth18_s19,classical,832,unguided,25,25,1,62,591,591,18964,app_budget,false,43.7320
band9_depth18_s19,classical,832,unguided,50,50,2,62,593,593,18953,app_budget,false,43.6486
band9_depth18_s19,classical,832,unguided,100,100,3,62,606,606,18930,app_budget,false,43.4743
band9_depth18_s19,classical,832,unguided,200,200,4,62,645,645,18915,app_budget,false,43.3606
band9_depth18_s19,classical,832,unguided,400,400,5,62,704,704,18911,app_budget,false,43.3303
band9_depth18_s19,classical,832,unguided,800,800,6,62,872,872,18871,app_budget,false,43.0271
band9_depth18_s19,classical,832,unguided,1600,1600,7,62,1150,1150,18865,app_budget,false,42.9817
band9_depth18_s19,classical,832,unguided,3200,3200,8,62,1675,1675,18870,app_budget,false,43.0196
band9_depth18_s19,classical,832,unguided,6400,6400,9,62,2428,2428,18884,app_budget,false,43.1257
band9_depth18_s19,classical,832,unguided,12800,12800,10,62,4062,4062,13194,app_budget,false,0.0000
band9_depth18_s19,classical,832,unguided,25600,17189,11,62,4540,4540,13241,class_cap,false,0.3562
band9_depth18_s19,classical,832,unguided,51200,17189,11,62,4540,4540,13241,class_cap,true,0.3562
band9_depth18_s19,classical,832,unguided,102400,17189,11,62,4540,4540,13241,class_cap,true,0.3562
band9_depth18_s19,classical,832,unguided,204800,17189,11,62,4540,4540,13241,class_cap,true,0.3562
band9_depth18_s19,classical,832,oracle,25,25,1,36,591,591,18964,app_budget,false,43.7320
band9_depth18_s19,classical,832,oracle,50,50,2,36,593,593,18953,app_budget,false,43.6486
band9_depth18_s19,classical,832,oracle,100,100,3,36,606,606,18930,app_budget,false,43.4743
band9_depth18_s19,classical,832,oracle,200,200,4,36,645,645,18915,app_budget,false,43.3606
band9_depth18_s19,classical,832,oracle,400,400,5,36,704,704,18911,app_budget,false,43.3303
band9_depth18_s19,classical,832,oracle,800,800,6,36,872,872,18871,app_budget,false,43.0271
band9_depth18_s19,classical,832,oracle,1600,1600,7,36,1150,1150,18865,app_budget,false,42.9817
band9_depth18_s19,classical,832,oracle,3200,3200,8,36,1675,1675,18870,app_budget,false,43.0196
band9_depth18_s19,classical,832,oracle,6400,6400,9,36,2428,2428,18884,app_budget,false,43.1257
band9_depth18_s19,classical,832,oracle,12800,12800,10,36,4064,4064,13194,app_budget,false,0.0000
band9_depth18_s19,classical,832,oracle,25600,17176,11,36,4536,4536,13297,class_cap,false,0.7807
band9_depth18_s19,classical,832,oracle,51200,17176,11,36,4536,4536,13297,class_cap,true,0.7807
band9_depth18_s19,classical,832,oracle,102400,17176,11,36,4536,4536,13297,class_cap,true,0.7807
band9_depth18_s19,classical,832,oracle,204800,17176,11,36,4536,4536,13297,class_cap,true,0.7807
band9_depth18_s20,classical,220,unguided,25,25,1,62,193,193,5133,app_budget,false,43.0602
band9_depth18_s20,classical,220,unguided,50,50,2,62,193,193,5127,app_budget,false,42.8930
band9_depth18_s20,classical,220,unguided,100,100,3,62,194,194,5120,app_budget,false,42.6979
band9_depth18_s20,classical,220,unguided,200,200,4,62,249,249,5106,app_budget,false,42.3077
band9_depth18_s20,classical,220,unguided,400,400,5,62,307,307,5101,app_budget,false,42.1683
band9_depth18_s20,classical,220,unguided,800,800,6,62,435,435,3602,app_budget,false,0.3902
band9_depth18_s20,classical,220,unguided,1600,1600,8,62,505,505,3588,app_budget,false,0.0000
band9_depth18_s20,classical,220,unguided,3200,3200,11,62,516,516,3588,app_budget,false,0.0000
band9_depth18_s20,classical,220,unguided,6400,3814,12,62,516,516,3588,quiesced,false,0.0000
band9_depth18_s20,classical,220,unguided,12800,3814,12,62,516,516,3588,quiesced,true,0.0000
band9_depth18_s20,classical,220,unguided,25600,3814,12,62,516,516,3588,quiesced,true,0.0000
band9_depth18_s20,classical,220,unguided,51200,3814,12,62,516,516,3588,quiesced,true,0.0000
band9_depth18_s20,classical,220,unguided,102400,3814,12,62,516,516,3588,quiesced,true,0.0000
band9_depth18_s20,classical,220,unguided,204800,3814,12,62,516,516,3588,quiesced,true,0.0000
band9_depth18_s20,classical,220,oracle,25,25,1,24,193,193,5133,app_budget,false,43.0602
band9_depth18_s20,classical,220,oracle,50,50,2,24,193,193,5127,app_budget,false,42.8930
band9_depth18_s20,classical,220,oracle,100,100,3,24,194,194,5120,app_budget,false,42.6979
band9_depth18_s20,classical,220,oracle,200,200,4,24,249,249,5106,app_budget,false,42.3077
band9_depth18_s20,classical,220,oracle,400,400,5,24,307,307,5101,app_budget,false,42.1683
band9_depth18_s20,classical,220,oracle,800,800,6,24,437,437,3602,app_budget,false,0.3902
band9_depth18_s20,classical,220,oracle,1600,1600,8,24,505,505,3588,app_budget,false,0.0000
band9_depth18_s20,classical,220,oracle,3200,3200,11,24,516,516,3588,app_budget,false,0.0000
band9_depth18_s20,classical,220,oracle,6400,3806,12,24,516,516,3588,quiesced,false,0.0000
band9_depth18_s20,classical,220,oracle,12800,3806,12,24,516,516,3588,quiesced,true,0.0000
band9_depth18_s20,classical,220,oracle,25600,3806,12,24,516,516,3588,quiesced,true,0.0000
band9_depth18_s20,classical,220,oracle,51200,3806,12,24,516,516,3588,quiesced,true,0.0000
band9_depth18_s20,classical,220,oracle,102400,3806,12,24,516,516,3588,quiesced,true,0.0000
band9_depth18_s20,classical,220,oracle,204800,3806,12,24,516,516,3588,quiesced,true,0.0000
band9_depth18_s21,classical,967,unguided,25,25,1,62,702,702,19204,app_budget,false,50.5842
band9_depth18_s21,classical,967,unguided,50,50,2,62,708,708,19174,app_budget,false,50.3489
band9_depth18_s21,classical,967,unguided,100,100,3,62,723,723,19112,app_budget,false,49.8628
band9_depth18_s21,classical,967,unguided,200,200,4,62,766,766,19090,app_budget,false,49.6903
band9_depth18_s21,classical,967,unguided,400,400,5,62,822,822,19055,app_budget,false,49.4158
band9_depth18_s21,classical,967,unguided,800,800,6,62,975,975,19024,app_budget,false,49.1727
band9_depth18_s21,classical,967,unguided,1600,1600,7,62,1292,1292,18901,app_budget,false,48.2083
band9_depth18_s21,classical,967,unguided,3200,3200,8,62,1899,1899,18889,app_budget,false,48.1142
band9_depth18_s21,classical,967,unguided,6400,6400,9,62,2733,2733,13291,app_budget,false,4.2186
band9_depth18_s21,classical,967,unguided,12800,12800,11,62,3684,3684,12753,app_budget,false,0.0000
band9_depth18_s21,classical,967,unguided,25600,18206,12,62,3852,3852,12753,class_cap,false,0.0000
band9_depth18_s21,classical,967,unguided,51200,18206,12,62,3852,3852,12753,class_cap,true,0.0000
band9_depth18_s21,classical,967,unguided,102400,18206,12,62,3852,3852,12753,class_cap,true,0.0000
band9_depth18_s21,classical,967,unguided,204800,18206,12,62,3852,3852,12753,class_cap,true,0.0000
band9_depth18_s21,classical,967,oracle,25,25,1,30,702,702,19204,app_budget,false,50.5842
band9_depth18_s21,classical,967,oracle,50,50,2,30,708,708,19174,app_budget,false,50.3489
band9_depth18_s21,classical,967,oracle,100,100,3,30,723,723,19112,app_budget,false,49.8628
band9_depth18_s21,classical,967,oracle,200,200,4,30,766,766,19090,app_budget,false,49.6903
band9_depth18_s21,classical,967,oracle,400,400,5,30,822,822,19055,app_budget,false,49.4158
band9_depth18_s21,classical,967,oracle,800,800,6,30,975,975,19024,app_budget,false,49.1727
band9_depth18_s21,classical,967,oracle,1600,1600,7,30,1295,1295,18895,app_budget,false,48.1612
band9_depth18_s21,classical,967,oracle,3200,3200,8,30,1906,1906,18874,app_budget,false,47.9965
band9_depth18_s21,classical,967,oracle,6400,6400,9,30,2748,2748,13291,app_budget,false,4.2186
band9_depth18_s21,classical,967,oracle,12800,12800,11,30,3684,3684,12753,app_budget,false,0.0000
band9_depth18_s21,classical,967,oracle,25600,18174,12,30,3852,3852,12753,class_cap,false,0.0000
band9_depth18_s21,classical,967,oracle,51200,18174,12,30,3852,3852,12753,class_cap,true,0.0000
band9_depth18_s21,classical,967,oracle,102400,18174,12,30,3852,3852,12753,class_cap,true,0.0000
band9_depth18_s21,classical,967,oracle,204800,18174,12,30,3852,3852,12753,class_cap,true,0.0000
shader_swirl,rapid,15,unguided,25,20,2,62,19,19,105,quiesced,false,0.0000
shader_swirl,rapid,15,unguided,50,20,2,62,19,19,105,quiesced,true,0.0000
shader_swirl,rapid,15,unguided,100,20,2,62,19,19,105,quiesced,true,0.0000
shader_swirl,rapid,15,unguided,200,20,2,62,19,19,105,quiesced,true,0.0000
shader_swirl,rapid,15,unguided,400,20,2,62,19,19,105,quiesced,true,0.0000
shader_swirl,rapid,15,unguided,800,20,2,62,19,19,105,quiesced,true,0.0000
shader_swirl,rapid,15,unguided,1600,20,2,62,19,19,105,quiesced,true,0.0000
shader_swirl,rapid,15,unguided,3200,20,2,62,19,19,105,quiesced,true,0.0000
shader_swirl,rapid,15,unguided,6400,20,2,62,19,19,105,quiesced,true,0.0000
shader_swirl,rapid,15,unguided,12800,20,2,62,19,19,105,quiesced,true,0.0000
shader_swirl,rapid,15,unguided,25600,20,2,62,19,19,105,quiesced,true,0.0000
shader_swirl,rapid,15,unguided,51200,20,2,62,19,19,105,quiesced,true,0.0000
shader_swirl,rapid,15,unguided,102400,20,2,62,19,19,105,quiesced,true,0.0000
shader_swirl,rapid,15,unguided,204800,20,2,62,19,19,105,quiesced,true,0.0000
shader_swirl,rapid,15,oracle,25,20,2,3,19,19,105,quiesced,false,0.0000
shader_swirl,rapid,15,oracle,50,20,2,3,19,19,105,quiesced,true,0.0000
shader_swirl,rapid,15,oracle,100,20,2,3,19,19,105,quiesced,true,0.0000
shader_swirl,rapid,15,oracle,200,20,2,3,19,19,105,quiesced,true,0.0000
shader_swirl,rapid,15,oracle,400,20,2,3,19,19,105,quiesced,true,0.0000
shader_swirl,rapid,15,oracle,800,20,2,3,19,19,105,quiesced,true,0.0000
shader_swirl,rapid,15,oracle,1600,20,2,3,19,19,105,quiesced,true,0.0000
shader_swirl,rapid,15,oracle,3200,20,2,3,19,19,105,quiesced,true,0.0000
shader_swirl,rapid,15,oracle,6400,20,2,3,19,19,105,quiesced,true,0.0000
shader_swirl,rapid,15,oracle,12800,20,2,3,19,19,105,quiesced,true,0.0000
shader_swirl,rapid,15,oracle,25600,20,2,3,19,19,105,quiesced,true,0.0000
shader_swirl,rapid,15,oracle,51200,20,2,3,19,19,105,quiesced,true,0.0000
shader_swirl,rapid,15,oracle,102400,20,2,3,19,19,105,quiesced,true,0.0000
shader_swirl,rapid,15,oracle,204800,20,2,3,19,19,105,quiesced,true,0.0000
shader_circle_sdf,rapid,18,unguided,25,25,1,62,46,46,37,app_budget,false,0.0000
shader_circle_sdf,rapid,18,unguided,50,50,2,62,57,57,37,app_budget,false,0.0000
shader_circle_sdf,rapid,18,unguided,100,100,3,62,76,76,37,app_budget,false,0.0000
shader_circle_sdf,rapid,18,unguided,200,200,4,62,108,108,37,app_budget,false,0.0000
shader_circle_sdf,rapid,18,unguided,400,400,5,62,204,204,37,app_budget,false,0.0000
shader_circle_sdf,rapid,18,unguided,800,800,6,62,331,331,37,app_budget,false,0.0000
shader_circle_sdf,rapid,18,unguided,1600,1600,7,62,557,557,37,app_budget,false,0.0000
shader_circle_sdf,rapid,18,unguided,3200,3200,8,62,987,987,41,app_budget,false,10.8108
shader_circle_sdf,rapid,18,unguided,6400,5552,9,62,1510,1510,41,class_cap,false,10.8108
shader_circle_sdf,rapid,18,unguided,12800,5552,9,62,1510,1510,41,class_cap,true,10.8108
shader_circle_sdf,rapid,18,unguided,25600,5552,9,62,1510,1510,41,class_cap,true,10.8108
shader_circle_sdf,rapid,18,unguided,51200,5552,9,62,1510,1510,41,class_cap,true,10.8108
shader_circle_sdf,rapid,18,unguided,102400,5552,9,62,1510,1510,41,class_cap,true,10.8108
shader_circle_sdf,rapid,18,unguided,204800,5552,9,62,1510,1510,41,class_cap,true,10.8108
shader_circle_sdf,rapid,18,oracle,25,25,1,7,48,48,37,app_budget,false,0.0000
shader_circle_sdf,rapid,18,oracle,50,50,2,7,59,59,37,app_budget,false,0.0000
shader_circle_sdf,rapid,18,oracle,100,100,3,7,64,64,37,app_budget,false,0.0000
shader_circle_sdf,rapid,18,oracle,200,200,4,7,87,87,37,app_budget,false,0.0000
shader_circle_sdf,rapid,18,oracle,400,400,6,7,107,107,37,app_budget,false,0.0000
shader_circle_sdf,rapid,18,oracle,800,542,7,7,107,107,37,quiesced,false,0.0000
shader_circle_sdf,rapid,18,oracle,1600,542,7,7,107,107,37,quiesced,true,0.0000
shader_circle_sdf,rapid,18,oracle,3200,542,7,7,107,107,37,quiesced,true,0.0000
shader_circle_sdf,rapid,18,oracle,6400,542,7,7,107,107,37,quiesced,true,0.0000
shader_circle_sdf,rapid,18,oracle,12800,542,7,7,107,107,37,quiesced,true,0.0000
shader_circle_sdf,rapid,18,oracle,25600,542,7,7,107,107,37,quiesced,true,0.0000
shader_circle_sdf,rapid,18,oracle,51200,542,7,7,107,107,37,quiesced,true,0.0000
shader_circle_sdf,rapid,18,oracle,102400,542,7,7,107,107,37,quiesced,true,0.0000
shader_circle_sdf,rapid,18,oracle,204800,542,7,7,107,107,37,quiesced,true,0.0000
shader_poly,rapid,11,unguided,25,25,1,62,36,36,15,app_budget,false,50.0000
shader_poly,rapid,11,unguided,50,50,2,62,54,54,15,app_budget,false,50.0000
shader_poly,rapid,11,unguided,100,100,3,62,61,61,15,app_budget,false,50.0000
shader_poly,rapid,11,unguided,200,200,4,62,71,71,15,app_budget,false,50.0000
shader_poly,rapid,11,unguided,400,400,6,62,88,88,10,app_budget,false,0.0000
shader_poly,rapid,11,unguided,800,564,7,62,88,88,10,quiesced,false,0.0000
shader_poly,rapid,11,unguided,1600,564,7,62,88,88,10,quiesced,true,0.0000
shader_poly,rapid,11,unguided,3200,564,7,62,88,88,10,quiesced,true,0.0000
shader_poly,rapid,11,unguided,6400,564,7,62,88,88,10,quiesced,true,0.0000
shader_poly,rapid,11,unguided,12800,564,7,62,88,88,10,quiesced,true,0.0000
shader_poly,rapid,11,unguided,25600,564,7,62,88,88,10,quiesced,true,0.0000
shader_poly,rapid,11,unguided,51200,564,7,62,88,88,10,quiesced,true,0.0000
shader_poly,rapid,11,unguided,102400,564,7,62,88,88,10,quiesced,true,0.0000
shader_poly,rapid,11,unguided,204800,564,7,62,88,88,10,quiesced,true,0.0000
shader_poly,rapid,11,oracle,25,25,1,10,36,36,15,app_budget,false,50.0000
shader_poly,rapid,11,oracle,50,50,2,10,54,54,15,app_budget,false,50.0000
shader_poly,rapid,11,oracle,100,100,3,10,61,61,15,app_budget,false,50.0000
shader_poly,rapid,11,oracle,200,200,4,10,73,73,13,app_budget,false,30.0000
shader_poly,rapid,11,oracle,400,400,6,10,88,88,10,app_budget,false,0.0000
shader_poly,rapid,11,oracle,800,555,7,10,88,88,10,quiesced,false,0.0000
shader_poly,rapid,11,oracle,1600,555,7,10,88,88,10,quiesced,true,0.0000
shader_poly,rapid,11,oracle,3200,555,7,10,88,88,10,quiesced,true,0.0000
shader_poly,rapid,11,oracle,6400,555,7,10,88,88,10,quiesced,true,0.0000
shader_poly,rapid,11,oracle,12800,555,7,10,88,88,10,quiesced,true,0.0000
shader_poly,rapid,11,oracle,25600,555,7,10,88,88,10,quiesced,true,0.0000
shader_poly,rapid,11,oracle,51200,555,7,10,88,88,10,quiesced,true,0.0000
shader_poly,rapid,11,oracle,102400,555,7,10,88,88,10,quiesced,true,0.0000
shader_poly,rapid,11,oracle,204800,555,7,10,88,88,10,quiesced,true,0.0000
shader_redundant,rapid,13,unguided,25,25,1,62,41,41,13,app_budget,false,0.0000
shader_redundant,rapid,13,unguided,50,50,2,62,60,60,13,app_budget,false,0.0000
shader_redundant,rapid,13,unguided,100,100,3,62,63,63,13,app_budget,false,0.0000
shader_redundant,rapid,13,unguided,200,200,4,62,88,88,13,app_budget,false,0.0000
shader_redundant,rapid,13,unguided,400,400,5,62,165,165,13,app_budget,false,0.0000
shader_redundant,rapid,13,unguided,800,800,6,62,286,286,13,app_budget,false,0.0000
shader_redundant,rapid,13,unguided,1600,1600,7,62,481,481,13,app_budget,false,0.0000
shader_redundant,rapid,13,unguided,3200,3200,8,62,945,945,13,app_budget,false,0.0000
shader_redundant,rapid,13,unguided,6400,5264,9,62,1260,1260,13,class_cap,false,0.0000
shader_redundant,rapid,13,unguided,12800,5264,9,62,1260,1260,13,class_cap,true,0.0000
shader_redundant,rapid,13,unguided,25600,5264,9,62,1260,1260,13,class_cap,true,0.0000
shader_redundant,rapid,13,unguided,51200,5264,9,62,1260,1260,13,class_cap,true,0.0000
shader_redundant,rapid,13,unguided,102400,5264,9,62,1260,1260,13,class_cap,true,0.0000
shader_redundant,rapid,13,unguided,204800,5264,9,62,1260,1260,13,class_cap,true,0.0000
shader_redundant,rapid,13,oracle,25,25,1,7,41,41,13,app_budget,false,0.0000
shader_redundant,rapid,13,oracle,50,50,2,7,60,60,13,app_budget,false,0.0000
shader_redundant,rapid,13,oracle,100,100,3,7,63,63,13,app_budget,false,0.0000
shader_redundant,rapid,13,oracle,200,200,4,7,90,90,13,app_budget,false,0.0000
shader_redundant,rapid,13,oracle,400,400,5,7,164,164,13,app_budget,false,0.0000
shader_redundant,rapid,13,oracle,800,800,6,7,285,285,13,app_budget,false,0.0000
shader_redundant,rapid,13,oracle,1600,1600,8,7,483,483,13,app_budget,false,0.0000
shader_redundant,rapid,13,oracle,3200,3200,10,7,773,773,13,app_budget,false,0.0000
shader_redundant,rapid,13,oracle,6400,4820,11,7,914,914,13,class_cap,false,0.0000
shader_redundant,rapid,13,oracle,12800,4820,11,7,914,914,13,class_cap,true,0.0000
shader_redundant,rapid,13,oracle,25600,4820,11,7,914,914,13,class_cap,true,0.0000
shader_redundant,rapid,13,oracle,51200,4820,11,7,914,914,13,class_cap,true,0.0000
shader_redundant,rapid,13,oracle,102400,4820,11,7,914,914,13,class_cap,true,0.0000
shader_redundant,rapid,13,oracle,204800,4820,11,7,914,914,13,class_cap,true,0.0000
shader_normalize,blitz,10,unguided,25,14,2,62,14,14,36,quiesced,false,0.0000
shader_normalize,blitz,10,unguided,50,14,2,62,14,14,36,quiesced,true,0.0000
shader_normalize,blitz,10,unguided,100,14,2,62,14,14,36,quiesced,true,0.0000
shader_normalize,blitz,10,unguided,200,14,2,62,14,14,36,quiesced,true,0.0000
shader_normalize,blitz,10,unguided,400,14,2,62,14,14,36,quiesced,true,0.0000
shader_normalize,blitz,10,unguided,800,14,2,62,14,14,36,quiesced,true,0.0000
shader_normalize,blitz,10,unguided,1600,14,2,62,14,14,36,quiesced,true,0.0000
shader_normalize,blitz,10,unguided,3200,14,2,62,14,14,36,quiesced,true,0.0000
shader_normalize,blitz,10,unguided,6400,14,2,62,14,14,36,quiesced,true,0.0000
shader_normalize,blitz,10,unguided,12800,14,2,62,14,14,36,quiesced,true,0.0000
shader_normalize,blitz,10,unguided,25600,14,2,62,14,14,36,quiesced,true,0.0000
shader_normalize,blitz,10,unguided,51200,14,2,62,14,14,36,quiesced,true,0.0000
shader_normalize,blitz,10,unguided,102400,14,2,62,14,14,36,quiesced,true,0.0000
shader_normalize,blitz,10,unguided,204800,14,2,62,14,14,36,quiesced,true,0.0000
shader_normalize,blitz,10,oracle,25,14,2,5,14,14,36,quiesced,false,0.0000
shader_normalize,blitz,10,oracle,50,14,2,5,14,14,36,quiesced,true,0.0000
shader_normalize,blitz,10,oracle,100,14,2,5,14,14,36,quiesced,true,0.0000
shader_normalize,blitz,10,oracle,200,14,2,5,14,14,36,quiesced,true,0.0000
shader_normalize,blitz,10,oracle,400,14,2,5,14,14,36,quiesced,true,0.0000
shader_normalize,blitz,10,oracle,800,14,2,5,14,14,36,quiesced,true,0.0000
shader_normalize,blitz,10,oracle,1600,14,2,5,14,14,36,quiesced,true,0.0000
shader_normalize,blitz,10,oracle,3200,14,2,5,14,14,36,quiesced,true,0.0000
shader_normalize,blitz,10,oracle,6400,14,2,5,14,14,36,quiesced,true,0.0000
shader_normalize,blitz,10,oracle,12800,14,2,5,14,14,36,quiesced,true,0.0000
shader_normalize,blitz,10,oracle,25600,14,2,5,14,14,36,quiesced,true,0.0000
shader_normalize,blitz,10,oracle,51200,14,2,5,14,14,36,quiesced,true,0.0000
shader_normalize,blitz,10,oracle,102400,14,2,5,14,14,36,quiesced,true,0.0000
shader_normalize,blitz,10,oracle,204800,14,2,5,14,14,36,quiesced,true,0.0000
