expr_name,tier,node_count,curve,app_target,app_actual,sweeps,rules_allowed,classes,nodes,cost,stop,clamped,regret_pct
band0_depth2_s0,rapid,11,unguided,25,15,2,62,15,15,31,quiesced,false,0.0000
band0_depth2_s0,rapid,11,unguided,50,15,2,62,15,15,31,quiesced,true,0.0000
band0_depth2_s0,rapid,11,unguided,100,15,2,62,15,15,31,quiesced,true,0.0000
band0_depth2_s0,rapid,11,unguided,200,15,2,62,15,15,31,quiesced,true,0.0000
band0_depth2_s0,rapid,11,unguided,400,15,2,62,15,15,31,quiesced,true,0.0000
band0_depth2_s0,rapid,11,unguided,800,15,2,62,15,15,31,quiesced,true,0.0000
band0_depth2_s0,rapid,11,unguided,1600,15,2,62,15,15,31,quiesced,true,0.0000
band0_depth2_s0,rapid,11,unguided,3200,15,2,62,15,15,31,quiesced,true,0.0000
band0_depth2_s0,rapid,11,unguided,6400,15,2,62,15,15,31,quiesced,true,0.0000
band0_depth2_s0,rapid,11,unguided,12800,15,2,62,15,15,31,quiesced,true,0.0000
band0_depth2_s0,rapid,11,unguided,25600,15,2,62,15,15,31,quiesced,true,0.0000
band0_depth2_s0,rapid,11,unguided,51200,15,2,62,15,15,31,quiesced,true,0.0000
band0_depth2_s0,rapid,11,unguided,102400,15,2,62,15,15,31,quiesced,true,0.0000
band0_depth2_s0,rapid,11,unguided,204800,15,2,62,15,15,31,quiesced,true,0.0000
band0_depth2_s0,rapid,11,oracle,25,15,2,4,15,15,31,quiesced,false,0.0000
band0_depth2_s0,rapid,11,oracle,50,15,2,4,15,15,31,quiesced,true,0.0000
band0_depth2_s0,rapid,11,oracle,100,15,2,4,15,15,31,quiesced,true,0.0000
band0_depth2_s0,rapid,11,oracle,200,15,2,4,15,15,31,quiesced,true,0.0000
band0_depth2_s0,rapid,11,oracle,400,15,2,4,15,15,31,quiesced,true,0.0000
band0_depth2_s0,rapid,11,oracle,800,15,2,4,15,15,31,quiesced,true,0.0000
band0_depth2_s0,rapid,11,oracle,1600,15,2,4,15,15,31,quiesced,true,0.0000
band0_depth2_s0,rapid,11,oracle,3200,15,2,4,15,15,31,quiesced,true,0.0000
band0_depth2_s0,rapid,11,oracle,6400,15,2,4,15,15,31,quiesced,true,0.0000
band0_depth2_s0,rapid,11,oracle,12800,15,2,4,15,15,31,quiesced,true,0.0000
band0_depth2_s0,rapid,11,oracle,25600,15,2,4,15,15,31,quiesced,true,0.0000
band0_depth2_s0,rapid,11,oracle,51200,15,2,4,15,15,31,quiesced,true,0.0000
band0_depth2_s0,rapid,11,oracle,102400,15,2,4,15,15,31,quiesced,true,0.0000
band0_depth2_s0,rapid,11,oracle,204800,15,2,4,15,15,31,quiesced,true,0.0000
band0_depth2_s1,blitz,9,unguided,25,15,2,62,11,11,7,quiesced,false,0.0000
band0_depth2_s1,blitz,9,unguided,50,15,2,62,11,11,7,quiesced,true,0.0000
band0_depth2_s1,blitz,9,unguided,100,15,2,62,11,11,7,quiesced,true,0.0000
band0_depth2_s1,blitz,9,unguided,200,15,2,62,11,11,7,quiesced,true,0.0000
band0_depth2_s1,blitz,9,unguided,400,15,2,62,11,11,7,quiesced,true,0.0000
band0_depth2_s1,blitz,9,unguided,800,15,2,62,11,11,7,quiesced,true,0.0000
band0_depth2_s1,blitz,9,unguided,1600,15,2,62,11,11,7,quiesced,true,0.0000
band0_depth2_s1,blitz,9,unguided,3200,15,2,62,11,11,7,quiesced,true,0.0000
band0_depth2_s1,blitz,9,unguided,6400,15,2,62,11,11,7,quiesced,true,0.0000
band0_depth2_s1,blitz,9,unguided,12800,15,2,62,11,11,7,quiesced,true,0.0000
band0_depth2_s1,blitz,9,unguided,25600,15,2,62,11,11,7,quiesced,true,0.0000
band0_depth2_s1,blitz,9,unguided,51200,15,2,62,11,11,7,quiesced,true,0.0000
band0_depth2_s1,blitz,9,unguided,102400,15,2,62,11,11,7,quiesced,true,0.0000
band0_depth2_s1,blitz,9,unguided,204800,15,2,62,11,11,7,quiesced,true,0.0000
band0_depth2_s1,blitz,9,oracle,25,13,2,4,11,11,7,quiesced,false,0.0000
band0_depth2_s1,blitz,9,oracle,50,13,2,4,11,11,7,quiesced,true,0.0000
band0_depth2_s1,blitz,9,oracle,100,13,2,4,11,11,7,quiesced,true,0.0000
band0_depth2_s1,blitz,9,oracle,200,13,2,4,11,11,7,quiesced,true,0.0000
band0_depth2_s1,blitz,9,oracle,400,13,2,4,11,11,7,quiesced,true,0.0000
band0_depth2_s1,blitz,9,oracle,800,13,2,4,11,11,7,quiesced,true,0.0000
band0_depth2_s1,blitz,9,oracle,1600,13,2,4,11,11,7,quiesced,true,0.0000
band0_depth2_s1,blitz,9,oracle,3200,13,2,4,11,11,7,quiesced,true,0.0000
band0_depth2_s1,blitz,9,oracle,6400,13,2,4,11,11,7,quiesced,true,0.0000
band0_depth2_s1,blitz,9,oracle,12800,13,2,4,11,11,7,quiesced,true,0.0000
band0_depth2_s1,blitz,9,oracle,25600,13,2,4,11,11,7,quiesced,true,0.0000
band0_depth2_s1,blitz,9,oracle,51200,13,2,4,11,11,7,quiesced,true,0.0000
band0_depth2_s1,blitz,9,oracle,102400,13,2,4,11,11,7,quiesced,true,0.0000
band0_depth2_s1,blitz,9,oracle,204800,13,2,4,11,11,7,quiesced,true,0.0000
band0_depth2_s2,rapid,11,unguided,25,28,3,62,16,16,204,app_budget,false,0.0000
band0_depth2_s2,rapid,11,unguided,50,42,4,62,16,16,204,quiesced,false,0.0000
band0_depth2_s2,rapid,11,unguided,100,42,4,62,16,16,204,quiesced,true,0.0000
band0_depth2_s2,rapid,11,unguided,200,42,4,62,16,16,204,quiesced,true,0.0000
band0_depth2_s2,rapid,11,unguided,400,42,4,62,16,16,204,quiesced,true,0.0000
band0_depth2_s2,rapid,11,unguided,800,42,4,62,16,16,204,quiesced,true,0.0000
band0_depth2_s2,rapid,11,unguided,1600,42,4,62,16,16,204,quiesced,true,0.0000
band0_depth2_s2,rapid,11,unguided,3200,42,4,62,16,16,204,quiesced,true,0.0000
band0_depth2_s2,rapid,11,unguided,6400,42,4,62,16,16,204,quiesced,true,0.0000
band0_depth2_s2,rapid,11,unguided,12800,42,4,62,16,16,204,quiesced,true,0.0000
band0_depth2_s2,rapid,11,unguided,25600,42,4,62,16,16,204,quiesced,true,0.0000
band0_depth2_s2,rapid,11,unguided,51200,42,4,62,16,16,204,quiesced,true,0.0000
band0_depth2_s2,rapid,11,unguided,102400,42,4,62,16,16,204,quiesced,true,0.0000
band0_depth2_s2,rapid,11,unguided,204800,42,4,62,16,16,204,quiesced,true,0.0000
band0_depth2_s2,rapid,11,oracle,25,28,3,4,16,16,204,app_budget,false,0.0000
band0_depth2_s2,rapid,11,oracle,50,42,4,4,16,16,204,quiesced,false,0.0000
band0_depth2_s2,rapid,11,oracle,100,42,4,4,16,16,204,quiesced,true,0.0000
band0_depth2_s2,rapid,11,oracle,200,42,4,4,16,16,204,quiesced,true,0.0000
band0_depth2_s2,rapid,11,oracle,400,42,4,4,16,16,204,quiesced,true,0.0000
band0_depth2_s2,rapid,11,oracle,800,42,4,4,16,16,204,quiesced,true,0.0000
band0_depth2_s2,rapid,11,oracle,1600,42,4,4,16,16,204,quiesced,true,0.0000
band0_depth2_s2,rapid,11,oracle,3200,42,4,4,16,16,204,quiesced,true,0.0000
band0_depth2_s2,rapid,11,oracle,6400,42,4,4,16,16,204,quiesced,true,0.0000
band0_depth2_s2,rapid,11,oracle,12800,42,4,4,16,16,204,quiesced,true,0.0000
band0_depth2_s2,rapid,11,oracle,25600,42,4,4,16,16,204,quiesced,true,0.0000
band0_depth2_s2,rapid,11,oracle,51200,42,4,4,16,16,204,quiesced,true,0.0000
band0_depth2_s2,rapid,11,oracle,102400,42,4,4,16,16,204,quiesced,true,0.0000
band0_depth2_s2,rapid,11,oracle,204800,42,4,4,16,16,204,quiesced,true,0.0000
band0_depth2_s3,rapid,23,unguided,25,25,2,62,32,32,56,app_budget,false,7.6923
band0_depth2_s3,rapid,23,unguided,50,52,3,62,33,33,52,app_budget,false,0.0000
band0_depth2_s3,rapid,23,unguided,100,83,4,62,33,33,52,quiesced,false,0.0000
band0_depth2_s3,rapid,23,unguided,200,83,4,62,33,33,52,quiesced,true,0.0000
band0_depth2_s3,rapid,23,unguided,400,83,4,62,33,33,52,quiesced,true,0.0000
band0_depth2_s3,rapid,23,unguided,800,83,4,62,33,33,52,quiesced,true,0.0000
band0_depth2_s3,rapid,23,unguided,1600,83,4,62,33,33,52,quiesced,true,0.0000
band0_depth2_s3,rapid,23,unguided,3200,83,4,62,33,33,52,quiesced,true,0.0000
band0_depth2_s3,rapid,23,unguided,6400,83,4,62,33,33,52,quiesced,true,0.0000
band0_depth2_s3,rapid,23,unguided,12800,83,4,62,33,33,52,quiesced,true,0.0000
band0_depth2_s3,rapid,23,unguided,25600,83,4,62,33,33,52,quiesced,true,0.0000
band0_depth2_s3,rapid,23,unguided,51200,83,4,62,33,33,52,quiesced,true,0.0000
band0_depth2_s3,rapid,23,unguided,102400,83,4,62,33,33,52,quiesced,true,0.0000
band0_depth2_s3,rapid,23,unguided,204800,83,4,62,33,33,52,quiesced,true,0.0000
band0_depth2_s3,rapid,23,oracle,25,25,2,8,32,32,56,app_budget,false,7.6923
band0_depth2_s3,rapid,23,oracle,50,52,3,8,33,33,52,app_budget,false,0.0000
band0_depth2_s3,rapid,23,oracle,100,83,4,8,33,33,52,quiesced,false,0.0000
band0_depth2_s3,rapid,23,oracle,200,83,4,8,33,33,52,quiesced,true,0.0000
band0_depth2_s3,rapid,23,oracle,400,83,4,8,33,33,52,quiesced,true,0.0000
band0_depth2_s3,rapid,23,oracle,800,83,4,8,33,33,52,quiesced,true,0.0000
band0_depth2_s3,rapid,23,oracle,1600,83,4,8,33,33,52,quiesced,true,0.0000
band0_depth2_s3,rapid,23,oracle,3200,83,4,8,33,33,52,quiesced,true,0.0000
band0_depth2_s3,rapid,23,oracle,6400,83,4,8,33,33,52,quiesced,true,0.0000
band0_depth2_s3,rapid,23,oracle,12800,83,4,8,33,33,52,quiesced,true,0.0000
band0_depth2_s3,rapid,23,oracle,25600,83,4,8,33,33,52,quiesced,true,0.0000
band0_depth2_s3,rapid,23,oracle,51200,83,4,8,33,33,52,quiesced,true,0.0000
band0_depth2_s3,rapid,23,oracle,102400,83,4,8,33,33,52,quiesced,true,0.0000
band0_depth2_s3,rapid,23,oracle,204800,83,4,8,33,33,52,quiesced,true,0.0000
band0_depth2_s4,blitz,6,unguided,25,7,2,62,7,7,8,quiesced,false,0.0000
band0_depth2_s4,blitz,6,unguided,50,7,2,62,7,7,8,quiesced,true,0.0000
band0_depth2_s4,blitz,6,unguided,100,7,2,62,7,7,8,quiesced,true,0.0000
band0_depth2_s4,blitz,6,unguided,200,7,2,62,7,7,8,quiesced,true,0.0000
band0_depth2_s4,blitz,6,unguided,400,7,2,62,7,7,8,quiesced,true,0.0000
band0_depth2_s4,blitz,6,unguided,800,7,2,62,7,7,8,quiesced,true,0.0000
band0_depth2_s4,blitz,6,unguided,1600,7,2,62,7,7,8,quiesced,true,0.0000
band0_depth2_s4,blitz,6,unguided,3200,7,2,62,7,7,8,quiesced,true,0.0000
band0_depth2_s4,blitz,6,unguided,6400,7,2,62,7,7,8,quiesced,true,0.0000
band0_depth2_s4,blitz,6,unguided,12800,7,2,62,7,7,8,quiesced,true,0.0000
band0_depth2_s4,blitz,6,unguided,25600,7,2,62,7,7,8,quiesced,true,0.0000
band0_depth2_s4,blitz,6,unguided,51200,7,2,62,7,7,8,quiesced,true,0.0000
band0_depth2_s4,blitz,6,unguided,102400,7,2,62,7,7,8,quiesced,true,0.0000
band0_depth2_s4,blitz,6,unguided,204800,7,2,62,7,7,8,quiesced,true,0.0000
band0_depth2_s4,blitz,6,oracle,25,7,2,2,7,7,8,quiesced,false,0.0000
band0_depth2_s4,blitz,6,oracle,50,7,2,2,7,7,8,quiesced,true,0.0000
band0_depth2_s4,blitz,6,oracle,100,7,2,2,7,7,8,quiesced,true,0.0000
band0_depth2_s4,blitz,6,oracle,200,7,2,2,7,7,8,quiesced,true,0.0000
band0_depth2_s4,blitz,6,oracle,400,7,2,2,7,7,8,quiesced,true,0.0000
band0_depth2_s4,blitz,6,oracle,800,7,2,2,7,7,8,quiesced,true,0.0000
band0_depth2_s4,blitz,6,oracle,1600,7,2,2,7,7,8,quiesced,true,0.0000
band0_depth2_s4,blitz,6,oracle,3200,7,2,2,7,7,8,quiesced,true,0.0000
band0_depth2_s4,blitz,6,oracle,6400,7,2,2,7,7,8,quiesced,true,0.0000
band0_depth2_s4,blitz,6,oracle,12800,7,2,2,7,7,8,quiesced,true,0.0000
band0_depth2_s4,blitz,6,oracle,25600,7,2,2,7,7,8,quiesced,true,0.0000
band0_depth2_s4,blitz,6,oracle,51200,7,2,2,7,7,8,quiesced,true,0.0000
band0_depth2_s4,blitz,6,oracle,102400,7,2,2,7,7,8,quiesced,true,0.0000
band0_depth2_s4,blitz,6,oracle,204800,7,2,2,7,7,8,quiesced,true,0.0000
band0_depth2_s5,rapid,13,unguided,25,18,2,62,17,17,115,quiesced,false,0.0000
band0_depth2_s5,rapid,13,unguided,50,18,2,62,17,17,115,quiesced,true,0.0000
band0_depth2_s5,rapid,13,unguided,100,18,2,62,17,17,115,quiesced,true,0.0000
band0_depth2_s5,rapid,13,unguided,200,18,2,62,17,17,115,quiesced,true,0.0000
band0_depth2_s5,rapid,13,unguided,400,18,2,62,17,17,115,quiesced,true,0.0000
band0_depth2_s5,rapid,13,unguided,800,18,2,62,17,17,115,quiesced,true,0.0000
band0_depth2_s5,rapid,13,unguided,1600,18,2,62,17,17,115,quiesced,true,0.0000
band0_depth2_s5,rapid,13,unguided,3200,18,2,62,17,17,115,quiesced,true,0.0000
band0_depth2_s5,rapid,13,unguided,6400,18,2,62,17,17,115,quiesced,true,0.0000
band0_depth2_s5,rapid,13,unguided,12800,18,2,62,17,17,115,quiesced,true,0.0000
band0_depth2_s5,rapid,13,unguided,25600,18,2,62,17,17,115,quiesced,true,0.0000
band0_depth2_s5,rapid,13,unguided,51200,18,2,62,17,17,115,quiesced,true,0.0000
band0_depth2_s5,rapid,13,unguided,102400,18,2,62,17,17,115,quiesced,true,0.0000
band0_depth2_s5,rapid,13,unguided,204800,18,2,62,17,17,115,quiesced,true,0.0000
band0_depth2_s5,rapid,13,oracle,25,18,2,5,17,17,115,quiesced,false,0.0000
band0_depth2_s5,rapid,13,oracle,50,18,2,5,17,17,115,quiesced,true,0.0000
band0_depth2_s5,rapid,13,oracle,100,18,2,5,17,17,115,quiesced,true,0.0000
band0_depth2_s5,rapid,13,oracle,200,18,2,5,17,17,115,quiesced,true,0.0000
band0_depth2_s5,rapid,13,oracle,400,18,2,5,17,17,115,quiesced,true,0.0000
band0_depth2_s5,rapid,13,oracle,800,18,2,5,17,17,115,quiesced,true,0.0000
band0_depth2_s5,rapid,13,oracle,1600,18,2,5,17,17,115,quiesced,true,0.0000
band0_depth2_s5,rapid,13,oracle,3200,18,2,5,17,17,115,quiesced,true,0.0000
band0_depth2_s5,rapid,13,oracle,6400,18,2,5,17,17,115,quiesced,true,0.0000
band0_depth2_s5,rapid,13,oracle,12800,18,2,5,17,17,115,quiesced,true,0.0000
band0_depth2_s5,rapid,13,oracle,25600,18,2,5,17,17,115,quiesced,true,0.0000
band0_depth2_s5,rapid,13,oracle,51200,18,2,5,17,17,115,quiesced,true,0.0000
band0_depth2_s5,rapid,13,oracle,102400,18,2,5,17,17,115,quiesced,true,0.0000
band0_depth2_s5,rapid,13,oracle,204800,18,2,5,17,17,115,quiesced,true,0.0000
band0_depth2_s6,rapid,12,unguided,25,26,2,62,24,24,209,app_budget,false,0.0000
band0_depth2_s6,rapid,12,unguided,50,50,3,62,24,24,209,app_budget,false,0.0000
band0_depth2_s6,rapid,12,unguided,100,74,4,62,24,24,209,quiesced,false,0.0000
band0_depth2_s6,rapid,12,unguided,200,74,4,62,24,24,209,quiesced,true,0.0000
band0_depth2_s6,rapid,12,unguided,400,74,4,62,24,24,209,quiesced,true,0.0000
band0_depth2_s6,rapid,12,unguided,800,74,4,62,24,24,209,quiesced,true,0.0000
band0_depth2_s6,rapid,12,unguided,1600,74,4,62,24,24,209,quiesced,true,0.0000
band0_depth2_s6,rapid,12,unguided,3200,74,4,62,24,24,209,quiesced,true,0.0000
band0_depth2_s6,rapid,12,unguided,6400,74,4,62,24,24,209,quiesced,true,0.0000
band0_depth2_s6,rapid,12,unguided,12800,74,4,62,24,24,209,quiesced,true,0.0000
band0_depth2_s6,rapid,12,unguided,25600,74,4,62,24,24,209,quiesced,true,0.0000
band0_depth2_s6,rapid,12,unguided,51200,74,4,62,24,24,209,quiesced,true,0.0000
band0_depth2_s6,rapid,12,unguided,102400,74,4,62,24,24,209,quiesced,true,0.0000
band0_depth2_s6,rapid,12,unguided,204800,74,4,62,24,24,209,quiesced,true,0.0000
band0_depth2_s6,rapid,12,oracle,25,26,2,6,24,24,209,app_budget,false,0.0000
band0_depth2_s6,rapid,12,oracle,50,50,3,6,24,24,209,quiesced,false,0.0000
band0_depth2_s6,rapid,12,oracle,100,50,3,6,24,24,209,quiesced,true,0.0000
band0_depth2_s6,rapid,12,oracle,200,50,3,6,24,24,209,quiesced,true,0.0000
band0_depth2_s6,rapid,12,oracle,400,50,3,6,24,24,209,quiesced,true,0.0000
band0_depth2_s6,rapid,12,oracle,800,50,3,6,24,24,209,quiesced,true,0.0000
band0_depth2_s6,rapid,12,oracle,1600,50,3,6,24,24,209,quiesced,true,0.0000
band0_depth2_s6,rapid,12,oracle,3200,50,3,6,24,24,209,quiesced,true,0.0000
band0_depth2_s6,rapid,12,oracle,6400,50,3,6,24,24,209,quiesced,true,0.0000
band0_depth2_s6,rapid,12,oracle,12800,50,3,6,24,24,209,quiesced,true,0.0000
band0_depth2_s6,rapid,12,oracle,25600,50,3,6,24,24,209,quiesced,true,0.0000
band0_depth2_s6,rapid,12,oracle,51200,50,3,6,24,24,209,quiesced,true,0.0000
band0_depth2_s6,rapid,12,oracle,102400,50,3,6,24,24,209,quiesced,true,0.0000
band0_depth2_s6,rapid,12,oracle,204800,50,3,6,24,24,209,quiesced,true,0.0000
band0_depth2_s7,rapid,21,unguided,25,26,2,62,30,30,337,app_budget,false,0.0000
band0_depth2_s7,rapid,21,unguided,50,50,3,62,30,30,337,app_budget,false,0.0000
band0_depth2_s7,rapid,21,unguided,100,74,4,62,30,30,337,quiesced,false,0.0000
band0_depth2_s7,rapid,21,unguided,200,74,4,62,30,30,337,quiesced,true,0.0000
band0_depth2_s7,rapid,21,unguided,400,74,4,62,30,30,337,quiesced,true,0.0000
band0_depth2_s7,rapid,21,unguided,800,74,4,62,30,30,337,quiesced,true,0.0000
band0_depth2_s7,rapid,21,unguided,1600,74,4,62,30,30,337,quiesced,true,0.0000
band0_depth2_s7,rapid,21,unguided,3200,74,4,62,30,30,337,quiesced,true,0.0000
band0_depth2_s7,rapid,21,unguided,6400,74,4,62,30,30,337,quiesced,true,0.0000
band0_depth2_s7,rapid,21,unguided,12800,74,4,62,30,30,337,quiesced,true,0.0000
band0_depth2_s7,rapid,21,unguided,25600,74,4,62,30,30,337,quiesced,true,0.0000
band0_depth2_s7,rapid,21,unguided,51200,74,4,62,30,30,337,quiesced,true,0.0000
band0_depth2_s7,rapid,21,unguided,102400,74,4,62,30,30,337,quiesced,true,0.0000
band0_depth2_s7,rapid,21,unguided,204800,74,4,62,30,30,337,quiesced,true,0.0000
band0_depth2_s7,rapid,21,oracle,25,26,2,6,30,30,337,app_budget,false,0.0000
band0_depth2_s7,rapid,21,oracle,50,50,3,6,30,30,337,quiesced,false,0.0000
band0_depth2_s7,rapid,21,oracle,100,50,3,6,30,30,337,quiesced,true,0.0000
band0_depth2_s7,rapid,21,oracle,200,50,3,6,30,30,337,quiesced,true,0.0000
band0_depth2_s7,rapid,21,oracle,400,50,3,6,30,30,337,quiesced,true,0.0000
band0_depth2_s7,rapid,21,oracle,800,50,3,6,30,30,337,quiesced,true,0.0000
band0_depth2_s7,rapid,21,oracle,1600,50,3,6,30,30,337,quiesced,true,0.0000
band0_depth2_s7,rapid,21,oracle,3200,50,3,6,30,30,337,quiesced,true,0.0000
band0_depth2_s7,rapid,21,oracle,6400,50,3,6,30,30,337,quiesced,true,0.0000
band0_depth2_s7,rapid,21,oracle,12800,50,3,6,30,30,337,quiesced,true,0.0000
band0_depth2_s7,rapid,21,oracle,25600,50,3,6,30,30,337,quiesced,true,0.0000
band0_depth2_s7,rapid,21,oracle,51200,50,3,6,30,30,337,quiesced,true,0.0000
band0_depth2_s7,rapid,21,oracle,102400,50,3,6,30,30,337,quiesced,true,0.0000
band0_depth2_s7,rapid,21,oracle,204800,50,3,6,30,30,337,quiesced,true,0.0000
band0_depth2_s8,blitz,7,unguided,25,25,2,62,19,19,0,app_budget,false,0.0000
band0_depth2_s8,blitz,7,unguided,50,53,3,62,26,26,0,app_budget,false,0.0000
band0_depth2_s8,blitz,7,unguided,100,100,4,62,40,40,0,app_budget,false,0.0000
band0_depth2_s8,blitz,7,unguided,200,203,5,62,66,66,0,app_budget,false,0.0000
band0_depth2_s8,blitz,7,unguided,400,434,7,62,96,96,0,app_budget,false,0.0000
band0_depth2_s8,blitz,7,unguided,800,846,9,62,132,132,0,app_budget,false,0.0000
band0_depth2_s8,blitz,7,unguided,1600,1753,12,62,215,215,0,app_budget,false,0.0000
band0_depth2_s8,blitz,7,unguided,3200,3328,16,62,251,251,0,app_budget,false,0.0000
band0_depth2_s8,blitz,7,unguided,6400,6463,23,62,314,314,0,app_budget,false,0.0000
band0_depth2_s8,blitz,7,unguided,12800,10534,32,62,375,375,0,quiesced,false,0.0000
band0_depth2_s8,blitz,7,unguided,25600,10534,32,62,375,375,0,quiesced,true,0.0000
band0_depth2_s8,blitz,7,unguided,51200,10534,32,62,375,375,0,quiesced,true,0.0000
band0_depth2_s8,blitz,7,unguided,102400,10534,32,62,375,375,0,quiesced,true,0.0000
band0_depth2_s8,blitz,7,unguided,204800,10534,32,62,375,375,0,quiesced,true,0.0000
band0_depth2_s8,blitz,7,oracle,25,26,2,8,22,22,0,app_budget,false,0.0000
band0_depth2_s8,blitz,7,oracle,50,54,3,8,29,29,0,app_budget,false,0.0000
band0_depth2_s8,blitz,7,oracle,100,113,4,8,41,41,0,app_budget,false,0.0000
band0_depth2_s8,blitz,7,oracle,200,204,5,8,60,60,0,app_budget,false,0.0000
band0_depth2_s8,blitz,7,oracle,400,426,7,8,96,96,0,app_budget,false,0.0000
band0_depth2_s8,blitz,7,oracle,800,814,9,8,132,132,0,app_budget,false,0.0000
band0_depth2_s8,blitz,7,oracle,1600,1689,12,8,215,215,0,app_budget,false,0.0000
band0_depth2_s8,blitz,7,oracle,3200,3201,16,8,251,251,0,app_budget,false,0.0000
band0_depth2_s8,blitz,7,oracle,6400,6412,24,8,322,322,0,app_budget,false,0.0000
band0_depth2_s8,blitz,7,oracle,12800,9666,32,8,375,375,0,quiesced,false,0.0000
band0_depth2_s8,blitz,7,oracle,25600,9666,32,8,375,375,0,quiesced,true,0.0000
band0_depth2_s8,blitz,7,oracle,51200,9666,32,8,375,375,0,quiesced,true,0.0000
band0_depth2_s8,blitz,7,oracle,102400,9666,32,8,375,375,0,quiesced,true,0.0000
band0_depth2_s8,blitz,7,oracle,204800,9666,32,8,375,375,0,quiesced,true,0.0000
band0_depth2_s9,blitz,8,unguided,25,25,4,62,14,14,73,app_budget,false,0.0000
band0_depth2_s9,blitz,8,unguided,50,34,5,62,14,14,73,quiesced,false,0.0000
band0_depth2_s9,blitz,8,unguided,100,34,5,62,14,14,73,quiesced,true,0.0000
band0_depth2_s9,blitz,8,unguided,200,34,5,62,14,14,73,quiesced,true,0.0000
band0_depth2_s9,blitz,8,unguided,400,34,5,62,14,14,73,quiesced,true,0.0000
band0_depth2_s9,blitz,8,unguided,800,34,5,62,14,14,73,quiesced,true,0.0000
band0_depth2_s9,blitz,8,unguided,1600,34,5,62,14,14,73,quiesced,true,0.0000
band0_depth2_s9,blitz,8,unguided,3200,34,5,62,14,14,73,quiesced,true,0.0000
band0_depth2_s9,blitz,8,unguided,6400,34,5,62,14,14,73,quiesced,true,0.0000
band0_depth2_s9,blitz,8,unguided,12800,34,5,62,14,14,73,quiesced,true,0.0000
band0_depth2_s9,blitz,8,unguided,25600,34,5,62,14,14,73,quiesced,true,0.0000
band0_depth2_s9,blitz,8,unguided,51200,34,5,62,14,14,73,quiesced,true,0.0000
band0_depth2_s9,blitz,8,unguided,102400,34,5,62,14,14,73,quiesced,true,0.0000
band0_depth2_s9,blitz,8,unguided,204800,34,5,62,14,14,73,quiesced,true,0.0000
band0_depth2_s9,blitz,8,oracle,25,25,4,4,14,14,73,app_budget,false,0.0000
band0_depth2_s9,blitz,8,oracle,50,34,5,4,14,14,73,quiesced,false,0.0000
band0_depth2_s9,blitz,8,oracle,100,34,5,4,14,14,73,quiesced,true,0.0000
band0_depth2_s9,blitz,8,oracle,200,34,5,4,14,14,73,quiesced,true,0.0000
band0_depth2_s9,blitz,8,oracle,400,34,5,4,14,14,73,quiesced,true,0.0000
band0_depth2_s9,blitz,8,oracle,800,34,5,4,14,14,73,quiesced,true,0.0000
band0_depth2_s9,blitz,8,oracle,1600,34,5,4,14,14,73,quiesced,true,0.0000
band0_depth2_s9,blitz,8,oracle,3200,34,5,4,14,14,73,quiesced,true,0.0000
band0_depth2_s9,blitz,8,oracle,6400,34,5,4,14,14,73,quiesced,true,0.0000
band0_depth2_s9,blitz,8,oracle,12800,34,5,4,14,14,73,quiesced,true,0.0000
band0_depth2_s9,blitz,8,oracle,25600,34,5,4,14,14,73,quiesced,true,0.0000
band0_depth2_s9,blitz,8,oracle,51200,34,5,4,14,14,73,quiesced,true,0.0000
band0_depth2_s9,blitz,8,oracle,102400,34,5,4,14,14,73,quiesced,true,0.0000
band0_depth2_s9,blitz,8,oracle,204800,34,5,4,14,14,73,quiesced,true,0.0000
band0_depth2_s10,blitz,6,unguided,25,8,2,62,8,8,6,quiesced,false,0.0000
band0_depth2_s10,blitz,6,unguided,50,8,2,62,8,8,6,quiesced,true,0.0000
band0_depth2_s10,blitz,6,unguided,100,8,2,62,8,8,6,quiesced,true,0.0000
band0_depth2_s10,blitz,6,unguided,200,8,2,62,8,8,6,quiesced,true,0.0000
band0_depth2_s10,blitz,6,unguided,400,8,2,62,8,8,6,quiesced,true,0.0000
band0_depth2_s10,blitz,6,unguided,800,8,2,62,8,8,6,quiesced,true,0.0000
band0_depth2_s10,blitz,6,unguided,1600,8,2,62,8,8,6,quiesced,true,0.0000
band0_depth2_s10,blitz,6,unguided,3200,8,2,62,8,8,6,quiesced,true,0.0000
band0_depth2_s10,blitz,6,unguided,6400,8,2,62,8,8,6,quiesced,true,0.0000
band0_depth2_s10,blitz,6,unguided,12800,8,2,62,8,8,6,quiesced,true,0.0000
band0_depth2_s10,blitz,6,unguided,25600,8,2,62,8,8,6,quiesced,true,0.0000
band0_depth2_s10,blitz,6,unguided,51200,8,2,62,8,8,6,quiesced,true,0.0000
band0_depth2_s10,blitz,6,unguided,102400,8,2,62,8,8,6,quiesced,true,0.0000
band0_depth2_s10,blitz,6,unguided,204800,8,2,62,8,8,6,quiesced,true,0.0000
band0_depth2_s10,blitz,6,oracle,25,8,2,2,8,8,6,quiesced,false,0.0000
band0_depth2_s10,blitz,6,oracle,50,8,2,2,8,8,6,quiesced,true,0.0000
band0_depth2_s10,blitz,6,oracle,100,8,2,2,8,8,6,quiesced,true,0.0000
band0_depth2_s10,blitz,6,oracle,200,8,2,2,8,8,6,quiesced,true,0.0000
band0_depth2_s10,blitz,6,oracle,400,8,2,2,8,8,6,quiesced,true,0.0000
band0_depth2_s10,blitz,6,oracle,800,8,2,2,8,8,6,quiesced,true,0.0000
band0_depth2_s10,blitz,6,oracle,1600,8,2,2,8,8,6,quiesced,true,0.0000
band0_depth2_s10,blitz,6,oracle,3200,8,2,2,8,8,6,quiesced,true,0.0000
band0_depth2_s10,blitz,6,oracle,6400,8,2,2,8,8,6,quiesced,true,0.0000
band0_depth2_s10,blitz,6,oracle,12800,8,2,2,8,8,6,quiesced,true,0.0000
band0_depth2_s10,blitz,6,oracle,25600,8,2,2,8,8,6,quiesced,true,0.0000
band0_depth2_s10,blitz,6,oracle,51200,8,2,2,8,8,6,quiesced,true,0.0000
band0_depth2_s10,blitz,6,oracle,102400,8,2,2,8,8,6,quiesced,true,0.0000
band0_depth2_s10,blitz,6,oracle,204800,8,2,2,8,8,6,quiesced,true,0.0000
band0_depth2_s11,blitz,10,unguided,25,26,2,62,22,22,128,app_budget,false,0.0000
band0_depth2_s11,blitz,10,unguided,50,55,3,62,28,28,128,app_budget,false,0.0000
band0_depth2_s11,blitz,10,unguided,100,107,4,62,37,37,128,app_budget,false,0.0000
band0_depth2_s11,blitz,10,unguided,200,234,5,62,56,56,128,app_budget,false,0.0000
band0_depth2_s11,blitz,10,unguided,400,431,6,62,78,78,128,app_budget,false,0.0000
band0_depth2_s11,blitz,10,unguided,800,816,8,62,125,125,128,app_budget,false,0.0000
band0_depth2_s11,blitz,10,unguided,1600,1619,10,62,190,190,128,app_budget,false,0.0000
band0_depth2_s11,blitz,10,unguided,3200,3238,13,62,274,274,128,app_budget,false,0.0000
band0_depth2_s11,blitz,10,unguided,6400,6478,18,62,376,376,128,app_budget,false,0.0000
band0_depth2_s11,blitz,10,unguided,12800,11318,26,62,439,439,128,quiesced,false,0.0000
band0_depth2_s11,blitz,10,unguided,25600,11318,26,62,439,439,128,quiesced,true,0.0000
band0_depth2_s11,blitz,10,unguided,51200,11318,26,62,439,439,128,quiesced,true,0.0000
band0_depth2_s11,blitz,10,unguided,102400,11318,26,62,439,439,128,quiesced,true,0.0000
band0_depth2_s11,blitz,10,unguided,204800,11318,26,62,439,439,128,quiesced,true,0.0000
band0_depth2_s11,blitz,10,oracle,25,26,2,16,22,22,128,app_budget,false,0.0000
band0_depth2_s11,blitz,10,oracle,50,55,3,16,28,28,128,app_budget,false,0.0000
band0_depth2_s11,blitz,10,oracle,100,107,4,16,37,37,128,app_budget,false,0.0000
band0_depth2_s11,blitz,10,oracle,200,232,5,16,56,56,128,app_budget,false,0.0000
band0_depth2_s11,blitz,10,oracle,400,427,6,16,78,78,128,app_budget,false,0.0000
band0_depth2_s11,blitz,10,oracle,800,810,8,16,125,125,128,app_budget,false,0.0000
band0_depth2_s11,blitz,10,oracle,1600,1603,10,16,190,190,128,app_budget,false,0.0000
band0_depth2_s11,blitz,10,oracle,3200,3232,13,16,279,279,128,app_budget,false,0.0000
band0_depth2_s11,blitz,10,oracle,6400,6445,18,16,376,376,128,app_budget,false,0.0000
band0_depth2_s11,blitz,10,oracle,12800,11091,26,16,439,439,128,quiesced,false,0.0000
band0_depth2_s11,blitz,10,oracle,25600,11091,26,16,439,439,128,quiesced,true,0.0000
band0_depth2_s11,blitz,10,oracle,51200,11091,26,16,439,439,128,quiesced,true,0.0000
band0_depth2_s11,blitz,10,oracle,102400,11091,26,16,439,439,128,quiesced,true,0.0000
band0_depth2_s11,blitz,10,oracle,204800,11091,26,16,439,439,128,quiesced,true,0.0000
band0_depth2_s12,rapid,20,unguided,25,28,2,62,27,27,56,app_budget,false,0.0000
band0_depth2_s12,rapid,20,unguided,50,47,3,62,27,27,56,quiesced,false,0.0000
band0_depth2_s12,rapid,20,unguided,100,47,3,62,27,27,56,quiesced,true,0.0000
band0_depth2_s12,rapid,20,unguided,200,47,3,62,27,27,56,quiesced,true,0.0000
band0_depth2_s12,rapid,20,unguided,400,47,3,62,27,27,56,quiesced,true,0.0000
band0_depth2_s12,rapid,20,unguided,800,47,3,62,27,27,56,quiesced,true,0.0000
band0_depth2_s12,rapid,20,unguided,1600,47,3,62,27,27,56,quiesced,true,0.0000
band0_depth2_s12,rapid,20,unguided,3200,47,3,62,27,27,56,quiesced,true,0.0000
band0_depth2_s12,rapid,20,unguided,6400,47,3,62,27,27,56,quiesced,true,0.0000
band0_depth2_s12,rapid,20,unguided,12800,47,3,62,27,27,56,quiesced,true,0.0000
band0_depth2_s12,rapid,20,unguided,25600,47,3,62,27,27,56,quiesced,true,0.0000
band0_depth2_s12,rapid,20,unguided,51200,47,3,62,27,27,56,quiesced,true,0.0000
band0_depth2_s12,rapid,20,unguided,102400,47,3,62,27,27,56,quiesced,true,0.0000
band0_depth2_s12,rapid,20,unguided,204800,47,3,62,27,27,56,quiesced,true,0.0000
band0_depth2_s12,rapid,20,oracle,25,28,2,7,27,27,56,app_budget,false,0.0000
band0_depth2_s12,rapid,20,oracle,50,47,3,7,27,27,56,quiesced,false,0.0000
band0_depth2_s12,rapid,20,oracle,100,47,3,7,27,27,56,quiesced,true,0.0000
band0_depth2_s12,rapid,20,oracle,200,47,3,7,27,27,56,quiesced,true,0.0000
band0_depth2_s12,rapid,20,oracle,400,47,3,7,27,27,56,quiesced,true,0.0000
band0_depth2_s12,rapid,20,oracle,800,47,3,7,27,27,56,quiesced,true,0.0000
band0_depth2_s12,rapid,20,oracle,1600,47,3,7,27,27,56,quiesced,true,0.0000
band0_depth2_s12,rapid,20,oracle,3200,47,3,7,27,27,56,quiesced,true,0.0000
band0_depth2_s12,rapid,20,oracle,6400,47,3,7,27,27,56,quiesced,true,0.0000
band0_depth2_s12,rapid,20,oracle,12800,47,3,7,27,27,56,quiesced,true,0.0000
band0_depth2_s12,rapid,20,oracle,25600,47,3,7,27,27,56,quiesced,true,0.0000
band0_depth2_s12,rapid,20,oracle,51200,47,3,7,27,27,56,quiesced,true,0.0000
band0_depth2_s12,rapid,20,oracle,102400,47,3,7,27,27,56,quiesced,true,0.0000
band0_depth2_s12,rapid,20,oracle,204800,47,3,7,27,27,56,quiesced,true,0.0000
band0_depth2_s13,blitz,10,unguided,25,13,2,62,12,12,204,quiesced,false,0.0000
band0_depth2_s13,blitz,10,unguided,50,13,2,62,12,12,204,quiesced,true,0.0000
band0_depth2_s13,blitz,10,unguided,100,13,2,62,12,12,204,quiesced,true,0.0000
band0_depth2_s13,blitz,10,unguided,200,13,2,62,12,12,204,quiesced,true,0.0000
band0_depth2_s13,blitz,10,unguided,400,13,2,62,12,12,204,quiesced,true,0.0000
band0_depth2_s13,blitz,10,unguided,800,13,2,62,12,12,204,quiesced,true,0.0000
band0_depth2_s13,blitz,10,unguided,1600,13,2,62,12,12,204,quiesced,true,0.0000
band0_depth2_s13,blitz,10,unguided,3200,13,2,62,12,12,204,quiesced,true,0.0000
band0_depth2_s13,blitz,10,unguided,6400,13,2,62,12,12,204,quiesced,true,0.0000
band0_depth2_s13,blitz,10,unguided,12800,13,2,62,12,12,204,quiesced,true,0.0000
band0_depth2_s13,blitz,10,unguided,25600,13,2,62,12,12,204,quiesced,true,0.0000
band0_depth2_s13,blitz,10,unguided,51200,13,2,62,12,12,204,quiesced,true,0.0000
band0_depth2_s13,blitz,10,unguided,102400,13,2,62,12,12,204,quiesced,true,0.0000
band0_depth2_s13,blitz,10,unguided,204800,13,2,62,12,12,204,quiesced,true,0.0000
band0_depth2_s13,blitz,10,oracle,25,13,2,3,12,12,204,quiesced,false,0.0000
band0_depth2_s13,blitz,10,oracle,50,13,2,3,12,12,204,quiesced,true,0.0000
band0_depth2_s13,blitz,10,oracle,100,13,2,3,12,12,204,quiesced,true,0.0000
band0_depth2_s13,blitz,10,oracle,200,13,2,3,12,12,204,quiesced,true,0.0000
band0_depth2_s13,blitz,10,oracle,400,13,2,3,12,12,204,quiesced,true,0.0000
band0_depth2_s13,blitz,10,oracle,800,13,2,3,12,12,204,quiesced,true,0.0000
band0_depth2_s13,blitz,10,oracle,1600,13,2,3,12,12,204,quiesced,true,0.0000
band0_depth2_s13,blitz,10,oracle,3200,13,2,3,12,12,204,quiesced,true,0.0000
band0_depth2_s13,blitz,10,oracle,6400,13,2,3,12,12,204,quiesced,true,0.0000
band0_depth2_s13,blitz,10,oracle,12800,13,2,3,12,12,204,quiesced,true,0.0000
band0_depth2_s13,blitz,10,oracle,25600,13,2,3,12,12,204,quiesced,true,0.0000
band0_depth2_s13,blitz,10,oracle,51200,13,2,3,12,12,204,quiesced,true,0.0000
band0_depth2_s13,blitz,10,oracle,102400,13,2,3,12,12,204,quiesced,true,0.0000
band0_depth2_s13,blitz,10,oracle,204800,13,2,3,12,12,204,quiesced,true,0.0000
band0_depth2_s14,blitz,10,unguided,25,14,2,62,14,14,33,quiesced,false,0.0000
band0_depth2_s14,blitz,10,unguided,50,14,2,62,14,14,33,quiesced,true,0.0000
band0_depth2_s14,blitz,10,unguided,100,14,2,62,14,14,33,quiesced,true,0.0000
band0_depth2_s14,blitz,10,unguided,200,14,2,62,14,14,33,quiesced,true,0.0000
band0_depth2_s14,blitz,10,unguided,400,14,2,62,14,14,33,quiesced,true,0.0000
band0_depth2_s14,blitz,10,unguided,800,14,2,62,14,14,33,quiesced,true,0.0000
band0_depth2_s14,blitz,10,unguided,1600,14,2,62,14,14,33,quiesced,true,0.0000
band0_depth2_s14,blitz,10,unguided,3200,14,2,62,14,14,33,quiesced,true,0.0000
band0_depth2_s14,blitz,10,unguided,6400,14,2,62,14,14,33,quiesced,true,0.0000
band0_depth2_s14,blitz,10,unguided,12800,14,2,62,14,14,33,quiesced,true,0.0000
band0_depth2_s14,blitz,10,unguided,25600,14,2,62,14,14,33,quiesced,true,0.0000
band0_depth2_s14,blitz,10,unguided,51200,14,2,62,14,14,33,quiesced,true,0.0000
band0_depth2_s14,blitz,10,unguided,102400,14,2,62,14,14,33,quiesced,true,0.0000
band0_depth2_s14,blitz,10,unguided,204800,14,2,62,14,14,33,quiesced,true,0.0000
band0_depth2_s14,blitz,10,oracle,25,14,2,5,14,14,33,quiesced,false,0.0000
band0_depth2_s14,blitz,10,oracle,50,14,2,5,14,14,33,quiesced,true,0.0000
band0_depth2_s14,blitz,10,oracle,100,14,2,5,14,14,33,quiesced,true,0.0000
band0_depth2_s14,blitz,10,oracle,200,14,2,5,14,14,33,quiesced,true,0.0000
band0_depth2_s14,blitz,10,oracle,400,14,2,5,14,14,33,quiesced,true,0.0000
band0_depth2_s14,blitz,10,oracle,800,14,2,5,14,14,33,quiesced,true,0.0000
band0_depth2_s14,blitz,10,oracle,1600,14,2,5,14,14,33,quiesced,true,0.0000
band0_depth2_s14,blitz,10,oracle,3200,14,2,5,14,14,33,quiesced,true,0.0000
band0_depth2_s14,blitz,10,oracle,6400,14,2,5,14,14,33,quiesced,true,0.0000
band0_depth2_s14,blitz,10,oracle,12800,14,2,5,14,14,33,quiesced,true,0.0000
band0_depth2_s14,blitz,10,oracle,25600,14,2,5,14,14,33,quiesced,true,0.0000
band0_depth2_s14,blitz,10,oracle,51200,14,2,5,14,14,33,quiesced,true,0.0000
band0_depth2_s14,blitz,10,oracle,102400,14,2,5,14,14,33,quiesced,true,0.0000
band0_depth2_s14,blitz,10,oracle,204800,14,2,5,14,14,33,quiesced,true,0.0000
band0_depth2_s15,blitz,6,unguided,25,10,2,62,8,8,74,quiesced,false,0.0000
band0_depth2_s15,blitz,6,unguided,50,10,2,62,8,8,74,quiesced,true,0.0000
band0_depth2_s15,blitz,6,unguided,100,10,2,62,8,8,74,quiesced,true,0.0000
band0_depth2_s15,blitz,6,unguided,200,10,2,62,8,8,74,quiesced,true,0.0000
band0_depth2_s15,blitz,6,unguided,400,10,2,62,8,8,74,quiesced,true,0.0000
band0_depth2_s15,blitz,6,unguided,800,10,2,62,8,8,74,quiesced,true,0.0000
band0_depth2_s15,blitz,6,unguided,1600,10,2,62,8,8,74,quiesced,true,0.0000
band0_depth2_s15,blitz,6,unguided,3200,10,2,62,8,8,74,quiesced,true,0.0000
band0_depth2_s15,blitz,6,unguided,6400,10,2,62,8,8,74,quiesced,true,0.0000
band0_depth2_s15,blitz,6,unguided,12800,10,2,62,8,8,74,quiesced,true,0.0000
band0_depth2_s15,blitz,6,unguided,25600,10,2,62,8,8,74,quiesced,true,0.0000
band0_depth2_s15,blitz,6,unguided,51200,10,2,62,8,8,74,quiesced,true,0.0000
band0_depth2_s15,blitz,6,unguided,102400,10,2,62,8,8,74,quiesced,true,0.0000
band0_depth2_s15,blitz,6,unguided,204800,10,2,62,8,8,74,quiesced,true,0.0000
band0_depth2_s15,blitz,6,oracle,25,10,2,3,8,8,74,quiesced,false,0.0000
band0_depth2_s15,blitz,6,oracle,50,10,2,3,8,8,74,quiesced,true,0.0000
band0_depth2_s15,blitz,6,oracle,100,10,2,3,8,8,74,quiesced,true,0.0000
band0_depth2_s15,blitz,6,oracle,200,10,2,3,8,8,74,quiesced,true,0.0000
band0_depth2_s15,blitz,6,oracle,400,10,2,3,8,8,74,quiesced,true,0.0000
band0_depth2_s15,blitz,6,oracle,800,10,2,3,8,8,74,quiesced,true,0.0000
band0_depth2_s15,blitz,6,oracle,1600,10,2,3,8,8,74,quiesced,true,0.0000
band0_depth2_s15,blitz,6,oracle,3200,10,2,3,8,8,74,quiesced,true,0.0000
band0_depth2_s15,blitz,6,oracle,6400,10,2,3,8,8,74,quiesced,true,0.0000
band0_depth2_s15,blitz,6,oracle,12800,10,2,3,8,8,74,quiesced,true,0.0000
band0_depth2_s15,blitz,6,oracle,25600,10,2,3,8,8,74,quiesced,true,0.0000
band0_depth2_s15,blitz,6,oracle,51200,10,2,3,8,8,74,quiesced,true,0.0000
band0_depth2_s15,blitz,6,oracle,102400,10,2,3,8,8,74,quiesced,true,0.0000
band0_depth2_s15,blitz,6,oracle,204800,10,2,3,8,8,74,quiesced,true,0.0000
band0_depth2_s16,blitz,7,unguided,25,10,2,62,8,8,162,quiesced,false,0.0000
band0_depth2_s16,blitz,7,unguided,50,10,2,62,8,8,162,quiesced,true,0.0000
band0_depth2_s16,blitz,7,unguided,100,10,2,62,8,8,162,quiesced,true,0.0000
band0_depth2_s16,blitz,7,unguided,200,10,2,62,8,8,162,quiesced,true,0.0000
band0_depth2_s16,blitz,7,unguided,400,10,2,62,8,8,162,quiesced,true,0.0000
band0_depth2_s16,blitz,7,unguided,800,10,2,62,8,8,162,quiesced,true,0.0000
band0_depth2_s16,blitz,7,unguided,1600,10,2,62,8,8,162,quiesced,true,0.0000
band0_depth2_s16,blitz,7,unguided,3200,10,2,62,8,8,162,quiesced,true,0.0000
band0_depth2_s16,blitz,7,unguided,6400,10,2,62,8,8,162,quiesced,true,0.0000
band0_depth2_s16,blitz,7,unguided,12800,10,2,62,8,8,162,quiesced,true,0.0000
band0_depth2_s16,blitz,7,unguided,25600,10,2,62,8,8,162,quiesced,true,0.0000
band0_depth2_s16,blitz,7,unguided,51200,10,2,62,8,8,162,quiesced,true,0.0000
band0_depth2_s16,blitz,7,unguided,102400,10,2,62,8,8,162,quiesced,true,0.0000
band0_depth2_s16,blitz,7,unguided,204800,10,2,62,8,8,162,quiesced,true,0.0000
band0_depth2_s16,blitz,7,oracle,25,10,2,2,8,8,162,quiesced,false,0.0000
band0_depth2_s16,blitz,7,oracle,50,10,2,2,8,8,162,quiesced,true,0.0000
band0_depth2_s16,blitz,7,oracle,100,10,2,2,8,8,162,quiesced,true,0.0000
band0_depth2_s16,blitz,7,oracle,200,10,2,2,8,8,162,quiesced,true,0.0000
band0_depth2_s16,blitz,7,oracle,400,10,2,2,8,8,162,quiesced,true,0.0000
band0_depth2_s16,blitz,7,oracle,800,10,2,2,8,8,162,quiesced,true,0.0000
band0_depth2_s16,blitz,7,oracle,1600,10,2,2,8,8,162,quiesced,true,0.0000
band0_depth2_s16,blitz,7,oracle,3200,10,2,2,8,8,162,quiesced,true,0.0000
band0_depth2_s16,blitz,7,oracle,6400,10,2,2,8,8,162,quiesced,true,0.0000
band0_depth2_s16,blitz,7,oracle,12800,10,2,2,8,8,162,quiesced,true,0.0000
band0_depth2_s16,blitz,7,oracle,25600,10,2,2,8,8,162,quiesced,true,0.0000
band0_depth2_s16,blitz,7,oracle,51200,10,2,2,8,8,162,quiesced,true,0.0000
band0_depth2_s16,blitz,7,oracle,102400,10,2,2,8,8,162,quiesced,true,0.0000
band0_depth2_s16,blitz,7,oracle,204800,10,2,2,8,8,162,quiesced,true,0.0000
band0_depth2_s17,blitz,7,unguided,25,8,2,62,10,10,94,quiesced,false,0.0000
band0_depth2_s17,blitz,7,unguided,50,8,2,62,10,10,94,quiesced,true,0.0000
band0_depth2_s17,blitz,7,unguided,100,8,2,62,10,10,94,quiesced,true,0.0000
band0_depth2_s17,blitz,7,unguided,200,8,2,62,10,10,94,quiesced,true,0.0000
band0_depth2_s17,blitz,7,unguided,400,8,2,62,10,10,94,quiesced,true,0.0000
band0_depth2_s17,blitz,7,unguided,800,8,2,62,10,10,94,quiesced,true,0.0000
band0_depth2_s17,blitz,7,unguided,1600,8,2,62,10,10,94,quiesced,true,0.0000
band0_depth2_s17,blitz,7,unguided,3200,8,2,62,10,10,94,quiesced,true,0.0000
band0_depth2_s17,blitz,7,unguided,6400,8,2,62,10,10,94,quiesced,true,0.0000
band0_depth2_s17,blitz,7,unguided,12800,8,2,62,10,10,94,quiesced,true,0.0000
band0_depth2_s17,blitz,7,unguided,25600,8,2,62,10,10,94,quiesced,true,0.0000
band0_depth2_s17,blitz,7,unguided,51200,8,2,62,10,10,94,quiesced,true,0.0000
band0_depth2_s17,blitz,7,unguided,102400,8,2,62,10,10,94,quiesced,true,0.0000
band0_depth2_s17,blitz,7,unguided,204800,8,2,62,10,10,94,quiesced,true,0.0000
band0_depth2_s17,blitz,7,oracle,25,8,2,3,10,10,94,quiesced,false,0.0000
band0_depth2_s17,blitz,7,oracle,50,8,2,3,10,10,94,quiesced,true,0.0000
band0_depth2_s17,blitz,7,oracle,100,8,2,3,10,10,94,quiesced,true,0.0000
band0_depth2_s17,blitz,7,oracle,200,8,2,3,10,10,94,quiesced,true,0.0000
band0_depth2_s17,blitz,7,oracle,400,8,2,3,10,10,94,quiesced,true,0.0000
band0_depth2_s17,blitz,7,oracle,800,8,2,3,10,10,94,quiesced,true,0.0000
band0_depth2_s17,blitz,7,oracle,1600,8,2,3,10,10,94,quiesced,true,0.0000
band0_depth2_s17,blitz,7,oracle,3200,8,2,3,10,10,94,quiesced,true,0.0000
band0_depth2_s17,blitz,7,oracle,6400,8,2,3,10,10,94,quiesced,true,0.0000
band0_depth2_s17,blitz,7,oracle,12800,8,2,3,10,10,94,quiesced,true,0.0000
band0_depth2_s17,blitz,7,oracle,25600,8,2,3,10,10,94,quiesced,true,0.0000
band0_depth2_s17,blitz,7,oracle,51200,8,2,3,10,10,94,quiesced,true,0.0000
band0_depth2_s17,blitz,7,oracle,102400,8,2,3,10,10,94,quiesced,true,0.0000
band0_depth2_s17,blitz,7,oracle,204800,8,2,3,10,10,94,quiesced,true,0.0000
band0_depth2_s18,rapid,15,unguided,25,21,2,62,24,24,48,quiesced,false,0.0000
band0_depth2_s18,rapid,15,unguided,50,21,2,62,24,24,48,quiesced,true,0.0000
band0_depth2_s18,rapid,15,unguided,100,21,2,62,24,24,48,quiesced,true,0.0000
band0_depth2_s18,rapid,15,unguided,200,21,2,62,24,24,48,quiesced,true,0.0000
band0_depth2_s18,rapid,15,unguided,400,21,2,62,24,24,48,quiesced,true,0.0000
band0_depth2_s18,rapid,15,unguided,800,21,2,62,24,24,48,quiesced,true,0.0000
band0_depth2_s18,rapid,15,unguided,1600,21,2,62,24,24,48,quiesced,true,0.0000
band0_depth2_s18,rapid,15,unguided,3200,21,2,62,24,24,48,quiesced,true,0.0000
band0_depth2_s18,rapid,15,unguided,6400,21,2,62,24,24,48,quiesced,true,0.0000
band0_depth2_s18,rapid,15,unguided,12800,21,2,62,24,24,48,quiesced,true,0.0000
band0_depth2_s18,rapid,15,unguided,25600,21,2,62,24,24,48,quiesced,true,0.0000
band0_depth2_s18,rapid,15,unguided,51200,21,2,62,24,24,48,quiesced,true,0.0000
band0_depth2_s18,rapid,15,unguided,102400,21,2,62,24,24,48,quiesced,true,0.0000
band0_depth2_s18,rapid,15,unguided,204800,21,2,62,24,24,48,quiesced,true,0.0000
band0_depth2_s18,rapid,15,oracle,25,21,2,7,24,24,48,quiesced,false,0.0000
band0_depth2_s18,rapid,15,oracle,50,21,2,7,24,24,48,quiesced,true,0.0000
band0_depth2_s18,rapid,15,oracle,100,21,2,7,24,24,48,quiesced,true,0.0000
band0_depth2_s18,rapid,15,oracle,200,21,2,7,24,24,48,quiesced,true,0.0000
band0_depth2_s18,rapid,15,oracle,400,21,2,7,24,24,48,quiesced,true,0.0000
band0_depth2_s18,rapid,15,oracle,800,21,2,7,24,24,48,quiesced,true,0.0000
band0_depth2_s18,rapid,15,oracle,1600,21,2,7,24,24,48,quiesced,true,0.0000
band0_depth2_s18,rapid,15,oracle,3200,21,2,7,24,24,48,quiesced,true,0.0000
band0_depth2_s18,rapid,15,oracle,6400,21,2,7,24,24,48,quiesced,true,0.0000
band0_depth2_s18,rapid,15,oracle,12800,21,2,7,24,24,48,quiesced,true,0.0000
band0_depth2_s18,rapid,15,oracle,25600,21,2,7,24,24,48,quiesced,true,0.0000
band0_depth2_s18,rapid,15,oracle,51200,21,2,7,24,24,48,quiesced,true,0.0000
band0_depth2_s18,rapid,15,oracle,102400,21,2,7,24,24,48,quiesced,true,0.0000
band0_depth2_s18,rapid,15,oracle,204800,21,2,7,24,24,48,quiesced,true,0.0000
band0_depth2_s19,blitz,9,unguided,25,15,2,62,12,12,7,quiesced,false,0.0000
band0_depth2_s19,blitz,9,unguided,50,15,2,62,12,12,7,quiesced,true,0.0000
band0_depth2_s19,blitz,9,unguided,100,15,2,62,12,12,7,quiesced,true,0.0000
band0_depth2_s19,blitz,9,unguided,200,15,2,62,12,12,7,quiesced,true,0.0000
band0_depth2_s19,blitz,9,unguided,400,15,2,62,12,12,7,quiesced,true,0.0000
band0_depth2_s19,blitz,9,unguided,800,15,2,62,12,12,7,quiesced,true,0.0000
band0_depth2_s19,blitz,9,unguided,1600,15,2,62,12,12,7,quiesced,true,0.0000
band0_depth2_s19,blitz,9,unguided,3200,15,2,62,12,12,7,quiesced,true,0.0000
band0_depth2_s19,blitz,9,unguided,6400,15,2,62,12,12,7,quiesced,true,0.0000
band0_depth2_s19,blitz,9,unguided,12800,15,2,62,12,12,7,quiesced,true,0.0000
band0_depth2_s19,blitz,9,unguided,25600,15,2,62,12,12,7,quiesced,true,0.0000
band0_depth2_s19,blitz,9,unguided,51200,15,2,62,12,12,7,quiesced,true,0.0000
band0_depth2_s19,blitz,9,unguided,102400,15,2,62,12,12,7,quiesced,true,0.0000
band0_depth2_s19,blitz,9,unguided,204800,15,2,62,12,12,7,quiesced,true,0.0000
band0_depth2_s19,blitz,9,oracle,25,15,2,4,12,12,7,quiesced,false,0.0000
band0_depth2_s19,blitz,9,oracle,50,15,2,4,12,12,7,quiesced,true,0.0000
band0_depth2_s19,blitz,9,oracle,100,15,2,4,12,12,7,quiesced,true,0.0000
band0_depth2_s19,blitz,9,oracle,200,15,2,4,12,12,7,quiesced,true,0.0000
band0_depth2_s19,blitz,9,oracle,400,15,2,4,12,12,7,quiesced,true,0.0000
band0_depth2_s19,blitz,9,oracle,800,15,2,4,12,12,7,quiesced,true,0.0000
band0_depth2_s19,blitz,9,oracle,1600,15,2,4,12,12,7,quiesced,true,0.0000
band0_depth2_s19,blitz,9,oracle,3200,15,2,4,12,12,7,quiesced,true,0.0000
band0_depth2_s19,blitz,9,oracle,6400,15,2,4,12,12,7,quiesced,true,0.0000
band0_depth2_s19,blitz,9,oracle,12800,15,2,4,12,12,7,quiesced,true,0.0000
band0_depth2_s19,blitz,9,oracle,25600,15,2,4,12,12,7,quiesced,true,0.0000
band0_depth2_s19,blitz,9,oracle,51200,15,2,4,12,12,7,quiesced,true,0.0000
band0_depth2_s19,blitz,9,oracle,102400,15,2,4,12,12,7,quiesced,true,0.0000
band0_depth2_s19,blitz,9,oracle,204800,15,2,4,12,12,7,quiesced,true,0.0000
band0_depth2_s20,rapid,13,unguided,25,20,2,62,17,17,28,quiesced,false,0.0000
band0_depth2_s20,rapid,13,unguided,50,20,2,62,17,17,28,quiesced,true,0.0000
band0_depth2_s20,rapid,13,unguided,100,20,2,62,17,17,28,quiesced,true,0.0000
band0_depth2_s20,rapid,13,unguided,200,20,2,62,17,17,28,quiesced,true,0.0000
band0_depth2_s20,rapid,13,unguided,400,20,2,62,17,17,28,quiesced,true,0.0000
band0_depth2_s20,rapid,13,unguided,800,20,2,62,17,17,28,quiesced,true,0.0000
band0_depth2_s20,rapid,13,unguided,1600,20,2,62,17,17,28,quiesced,true,0.0000
band0_depth2_s20,rapid,13,unguided,3200,20,2,62,17,17,28,quiesced,true,0.0000
band0_depth2_s20,rapid,13,unguided,6400,20,2,62,17,17,28,quiesced,true,0.0000
band0_depth2_s20,rapid,13,unguided,12800,20,2,62,17,17,28,quiesced,true,0.0000
band0_depth2_s20,rapid,13,unguided,25600,20,2,62,17,17,28,quiesced,true,0.0000
band0_depth2_s20,rapid,13,unguided,51200,20,2,62,17,17,28,quiesced,true,0.0000
band0_depth2_s20,rapid,13,unguided,102400,20,2,62,17,17,28,quiesced,true,0.0000
band0_depth2_s20,rapid,13,unguided,204800,20,2,62,17,17,28,quiesced,true,0.0000
band0_depth2_s20,rapid,13,oracle,25,20,2,5,17,17,28,quiesced,false,0.0000
band0_depth2_s20,rapid,13,oracle,50,20,2,5,17,17,28,quiesced,true,0.0000
band0_depth2_s20,rapid,13,oracle,100,20,2,5,17,17,28,quiesced,true,0.0000
band0_depth2_s20,rapid,13,oracle,200,20,2,5,17,17,28,quiesced,true,0.0000
band0_depth2_s20,rapid,13,oracle,400,20,2,5,17,17,28,quiesced,true,0.0000
band0_depth2_s20,rapid,13,oracle,800,20,2,5,17,17,28,quiesced,true,0.0000
band0_depth2_s20,rapid,13,oracle,1600,20,2,5,17,17,28,quiesced,true,0.0000
band0_depth2_s20,rapid,13,oracle,3200,20,2,5,17,17,28,quiesced,true,0.0000
band0_depth2_s20,rapid,13,oracle,6400,20,2,5,17,17,28,quiesced,true,0.0000
band0_depth2_s20,rapid,13,oracle,12800,20,2,5,17,17,28,quiesced,true,0.0000
band0_depth2_s20,rapid,13,oracle,25600,20,2,5,17,17,28,quiesced,true,0.0000
band0_depth2_s20,rapid,13,oracle,51200,20,2,5,17,17,28,quiesced,true,0.0000
band0_depth2_s20,rapid,13,oracle,102400,20,2,5,17,17,28,quiesced,true,0.0000
band0_depth2_s20,rapid,13,oracle,204800,20,2,5,17,17,28,quiesced,true,0.0000
band0_depth2_s21,rapid,13,unguided,25,31,2,62,38,38,88,app_budget,false,0.0000
band0_depth2_s21,rapid,13,unguided,50,52,3,62,42,42,88,app_budget,false,0.0000
band0_depth2_s21,rapid,13,unguided,100,107,4,62,43,43,88,app_budget,false,0.0000
band0_depth2_s21,rapid,13,unguided,200,162,5,62,43,43,88,quiesced,false,0.0000
band0_depth2_s21,rapid,13,unguided,400,162,5,62,43,43,88,quiesced,true,0.0000
band0_depth2_s21,rapid,13,unguided,800,162,5,62,43,43,88,quiesced,true,0.0000
band0_depth2_s21,rapid,13,unguided,1600,162,5,62,43,43,88,quiesced,true,0.0000
band0_depth2_s21,rapid,13,unguided,3200,162,5,62,43,43,88,quiesced,true,0.0000
band0_depth2_s21,rapid,13,unguided,6400,162,5,62,43,43,88,quiesced,true,0.0000
band0_depth2_s21,rapid,13,unguided,12800,162,5,62,43,43,88,quiesced,true,0.0000
band0_depth2_s21,rapid,13,unguided,25600,162,5,62,43,43,88,quiesced,true,0.0000
band0_depth2_s21,rapid,13,unguided,51200,162,5,62,43,43,88,quiesced,true,0.0000
band0_depth2_s21,rapid,13,unguided,102400,162,5,62,43,43,88,quiesced,true,0.0000
band0_depth2_s21,rapid,13,unguided,204800,162,5,62,43,43,88,quiesced,true,0.0000
band0_depth2_s21,rapid,13,oracle,25,30,2,10,38,38,88,app_budget,false,0.0000
band0_depth2_s21,rapid,13,oracle,50,51,3,10,42,42,88,app_budget,false,0.0000
band0_depth2_s21,rapid,13,oracle,100,102,4,10,43,43,88,app_budget,false,0.0000
band0_depth2_s21,rapid,13,oracle,200,153,5,10,43,43,88,quiesced,false,0.0000
band0_depth2_s21,rapid,13,oracle,400,153,5,10,43,43,88,quiesced,true,0.0000
band0_depth2_s21,rapid,13,oracle,800,153,5,10,43,43,88,quiesced,true,0.0000
band0_depth2_s21,rapid,13,oracle,1600,153,5,10,43,43,88,quiesced,true,0.0000
band0_depth2_s21,rapid,13,oracle,3200,153,5,10,43,43,88,quiesced,true,0.0000
band0_depth2_s21,rapid,13,oracle,6400,153,5,10,43,43,88,quiesced,true,0.0000
band0_depth2_s21,rapid,13,oracle,12800,153,5,10,43,43,88,quiesced,true,0.0000
band0_depth2_s21,rapid,13,oracle,25600,153,5,10,43,43,88,quiesced,true,0.0000
band0_depth2_s21,rapid,13,oracle,51200,153,5,10,43,43,88,quiesced,true,0.0000
band0_depth2_s21,rapid,13,oracle,102400,153,5,10,43,43,88,quiesced,true,0.0000
band0_depth2_s21,rapid,13,oracle,204800,153,5,10,43,43,88,quiesced,true,0.0000
band1_depth3_s0,rapid,21,unguided,25,29,2,62,37,37,206,app_budget,false,0.0000
band1_depth3_s0,rapid,21,unguided,50,50,3,62,37,37,206,app_budget,false,0.0000
band1_depth3_s0,rapid,21,unguided,100,86,4,62,37,37,206,quiesced,false,0.0000
band1_depth3_s0,rapid,21,unguided,200,86,4,62,37,37,206,quiesced,true,0.0000
band1_depth3_s0,rapid,21,unguided,400,86,4,62,37,37,206,quiesced,true,0.0000
band1_depth3_s0,rapid,21,unguided,800,86,4,62,37,37,206,quiesced,true,0.0000
band1_depth3_s0,rapid,21,unguided,1600,86,4,62,37,37,206,quiesced,true,0.0000
band1_depth3_s0,rapid,21,unguided,3200,86,4,62,37,37,206,quiesced,true,0.0000
band1_depth3_s0,rapid,21,unguided,6400,86,4,62,37,37,206,quiesced,true,0.0000
band1_depth3_s0,rapid,21,unguided,12800,86,4,62,37,37,206,quiesced,true,0.0000
band1_depth3_s0,rapid,21,unguided,25600,86,4,62,37,37,206,quiesced,true,0.0000
band1_depth3_s0,rapid,21,unguided,51200,86,4,62,37,37,206,quiesced,true,0.0000
band1_depth3_s0,rapid,21,unguided,102400,86,4,62,37,37,206,quiesced,true,0.0000
band1_depth3_s0,rapid,21,unguided,204800,86,4,62,37,37,206,quiesced,true,0.0000
band1_depth3_s0,rapid,21,oracle,25,29,2,8,37,37,206,app_budget,false,0.0000
band1_depth3_s0,rapid,21,oracle,50,50,3,8,37,37,206,app_budget,false,0.0000
band1_depth3_s0,rapid,21,oracle,100,86,4,8,37,37,206,quiesced,false,0.0000
band1_depth3_s0,rapid,21,oracle,200,86,4,8,37,37,206,quiesced,true,0.0000
band1_depth3_s0,rapid,21,oracle,400,86,4,8,37,37,206,quiesced,true,0.0000
band1_depth3_s0,rapid,21,oracle,800,86,4,8,37,37,206,quiesced,true,0.0000
band1_depth3_s0,rapid,21,oracle,1600,86,4,8,37,37,206,quiesced,true,0.0000
band1_depth3_s0,rapid,21,oracle,3200,86,4,8,37,37,206,quiesced,true,0.0000
band1_depth3_s0,rapid,21,oracle,6400,86,4,8,37,37,206,quiesced,true,0.0000
band1_depth3_s0,rapid,21,oracle,12800,86,4,8,37,37,206,quiesced,true,0.0000
band1_depth3_s0,rapid,21,oracle,25600,86,4,8,37,37,206,quiesced,true,0.0000
band1_depth3_s0,rapid,21,oracle,51200,86,4,8,37,37,206,quiesced,true,0.0000
band1_depth3_s0,rapid,21,oracle,102400,86,4,8,37,37,206,quiesced,true,0.0000
band1_depth3_s0,rapid,21,oracle,204800,86,4,8,37,37,206,quiesced,true,0.0000
band1_depth3_s1,blitz,7,unguided,25,6,2,62,8,8,160,quiesced,false,0.0000
band1_depth3_s1,blitz,7,unguided,50,6,2,62,8,8,160,quiesced,true,0.0000
band1_depth3_s1,blitz,7,unguided,100,6,2,62,8,8,160,quiesced,true,0.0000
band1_depth3_s1,blitz,7,unguided,200,6,2,62,8,8,160,quiesced,true,0.0000
band1_depth3_s1,blitz,7,unguided,400,6,2,62,8,8,160,quiesced,true,0.0000
band1_depth3_s1,blitz,7,unguided,800,6,2,62,8,8,160,quiesced,true,0.0000
band1_depth3_s1,blitz,7,unguided,1600,6,2,62,8,8,160,quiesced,true,0.0000
band1_depth3_s1,blitz,7,unguided,3200,6,2,62,8,8,160,quiesced,true,0.0000
band1_depth3_s1,blitz,7,unguided,6400,6,2,62,8,8,160,quiesced,true,0.0000
band1_depth3_s1,blitz,7,unguided,12800,6,2,62,8,8,160,quiesced,true,0.0000
band1_depth3_s1,blitz,7,unguided,25600,6,2,62,8,8,160,quiesced,true,0.0000
band1_depth3_s1,blitz,7,unguided,51200,6,2,62,8,8,160,quiesced,true,0.0000
band1_depth3_s1,blitz,7,unguided,102400,6,2,62,8,8,160,quiesced,true,0.0000
band1_depth3_s1,blitz,7,unguided,204800,6,2,62,8,8,160,quiesced,true,0.0000
band1_depth3_s1,blitz,7,oracle,25,6,2,1,8,8,160,quiesced,false,0.0000
band1_depth3_s1,blitz,7,oracle,50,6,2,1,8,8,160,quiesced,true,0.0000
band1_depth3_s1,blitz,7,oracle,100,6,2,1,8,8,160,quiesced,true,0.0000
band1_depth3_s1,blitz,7,oracle,200,6,2,1,8,8,160,quiesced,true,0.0000
band1_depth3_s1,blitz,7,oracle,400,6,2,1,8,8,160,quiesced,true,0.0000
band1_depth3_s1,blitz,7,oracle,800,6,2,1,8,8,160,quiesced,true,0.0000
band1_depth3_s1,blitz,7,oracle,1600,6,2,1,8,8,160,quiesced,true,0.0000
band1_depth3_s1,blitz,7,oracle,3200,6,2,1,8,8,160,quiesced,true,0.0000
band1_depth3_s1,blitz,7,oracle,6400,6,2,1,8,8,160,quiesced,true,0.0000
band1_depth3_s1,blitz,7,oracle,12800,6,2,1,8,8,160,quiesced,true,0.0000
band1_depth3_s1,blitz,7,oracle,25600,6,2,1,8,8,160,quiesced,true,0.0000
band1_depth3_s1,blitz,7,oracle,51200,6,2,1,8,8,160,quiesced,true,0.0000
band1_depth3_s1,blitz,7,oracle,102400,6,2,1,8,8,160,quiesced,true,0.0000
band1_depth3_s1,blitz,7,oracle,204800,6,2,1,8,8,160,quiesced,true,0.0000
band1_depth3_s2,rapid,31,unguided,25,27,1,62,46,46,193,app_budget,false,2.1164
band1_depth3_s2,rapid,31,unguided,50,51,2,62,48,48,189,app_budget,false,0.0000
band1_depth3_s2,rapid,31,unguided,100,105,3,62,55,55,189,app_budget,false,0.0000
band1_depth3_s2,rapid,31,unguided,200,216,5,62,57,57,189,app_budget,false,0.0000
band1_depth3_s2,rapid,31,unguided,400,284,6,62,57,57,189,quiesced,false,0.0000
band1_depth3_s2,rapid,31,unguided,800,284,6,62,57,57,189,quiesced,true,0.0000
band1_depth3_s2,rapid,31,unguided,1600,284,6,62,57,57,189,quiesced,true,0.0000
band1_depth3_s2,rapid,31,unguided,3200,284,6,62,57,57,189,quiesced,true,0.0000
band1_depth3_s2,rapid,31,unguided,6400,284,6,62,57,57,189,quiesced,true,0.0000
band1_depth3_s2,rapid,31,unguided,12800,284,6,62,57,57,189,quiesced,true,0.0000
band1_depth3_s2,rapid,31,unguided,25600,284,6,62,57,57,189,quiesced,true,0.0000
band1_depth3_s2,rapid,31,unguided,51200,284,6,62,57,57,189,quiesced,true,0.0000
band1_depth3_s2,rapid,31,unguided,102400,284,6,62,57,57,189,quiesced,true,0.0000
band1_depth3_s2,rapid,31,unguided,204800,284,6,62,57,57,189,quiesced,true,0.0000
band1_depth3_s2,rapid,31,oracle,25,25,1,11,46,46,193,app_budget,false,2.1164
band1_depth3_s2,rapid,31,oracle,50,60,2,11,52,52,189,app_budget,false,0.0000
band1_depth3_s2,rapid,31,oracle,100,100,3,11,52,52,189,app_budget,false,0.0000
band1_depth3_s2,rapid,31,oracle,200,204,5,11,57,57,189,app_budget,false,0.0000
band1_depth3_s2,rapid,31,oracle,400,270,6,11,57,57,189,quiesced,false,0.0000
band1_depth3_s2,rapid,31,oracle,800,270,6,11,57,57,189,quiesced,true,0.0000
band1_depth3_s2,rapid,31,oracle,1600,270,6,11,57,57,189,quiesced,true,0.0000
band1_depth3_s2,rapid,31,oracle,3200,270,6,11,57,57,189,quiesced,true,0.0000
band1_depth3_s2,rapid,31,oracle,6400,270,6,11,57,57,189,quiesced,true,0.0000
band1_depth3_s2,rapid,31,oracle,12800,270,6,11,57,57,189,quiesced,true,0.0000
band1_depth3_s2,rapid,31,oracle,25600,270,6,11,57,57,189,quiesced,true,0.0000
band1_depth3_s2,rapid,31,oracle,51200,270,6,11,57,57,189,quiesced,true,0.0000
band1_depth3_s2,rapid,31,oracle,102400,270,6,11,57,57,189,quiesced,true,0.0000
band1_depth3_s2,rapid,31,oracle,204800,270,6,11,57,57,189,quiesced,true,0.0000
band1_depth3_s3,rapid,27,unguided,25,30,1,62,61,61,309,app_budget,false,6.5517
band1_depth3_s3,rapid,27,unguided,50,67,2,62,79,79,306,app_budget,false,5.5172
band1_depth3_s3,rapid,27,unguided,100,126,3,62,80,80,302,app_budget,false,4.1379
band1_depth3_s3,rapid,27,unguided,200,200,4,62,83,83,302,app_budget,false,4.1379
band1_depth3_s3,rapid,27,unguided,400,402,6,62,161,161,290,app_budget,false,0.0000
band1_depth3_s3,rapid,27,unguided,800,856,8,62,251,251,290,app_budget,false,0.0000
band1_depth3_s3,rapid,27,unguided,1600,1647,10,62,275,275,290,app_budget,false,0.0000
band1_depth3_s3,rapid,27,unguided,3200,2637,12,62,277,277,290,quiesced,false,0.0000
band1_depth3_s3,rapid,27,unguided,6400,2637,12,62,277,277,290,quiesced,true,0.0000
band1_depth3_s3,rapid,27,unguided,12800,2637,12,62,277,277,290,quiesced,true,0.0000
band1_depth3_s3,rapid,27,unguided,25600,2637,12,62,277,277,290,quiesced,true,0.0000
band1_depth3_s3,rapid,27,unguided,51200,2637,12,62,277,277,290,quiesced,true,0.0000
band1_depth3_s3,rapid,27,unguided,102400,2637,12,62,277,277,290,quiesced,true,0.0000
band1_depth3_s3,rapid,27,unguided,204800,2637,12,62,277,277,290,quiesced,true,0.0000
band1_depth3_s3,rapid,27,oracle,25,30,1,11,61,61,309,app_budget,false,6.5517
band1_depth3_s3,rapid,27,oracle,50,67,2,11,79,79,306,app_budget,false,5.5172
band1_depth3_s3,rapid,27,oracle,100,126,3,11,80,80,302,app_budget,false,4.1379
band1_depth3_s3,rapid,27,oracle,200,200,4,11,83,83,302,app_budget,false,4.1379
band1_depth3_s3,rapid,27,oracle,400,407,6,11,161,161,290,app_budget,false,0.0000
band1_depth3_s3,rapid,27,oracle,800,857,8,11,251,251,290,app_budget,false,0.0000
band1_depth3_s3,rapid,27,oracle,1600,1640,10,11,275,275,290,app_budget,false,0.0000
band1_depth3_s3,rapid,27,oracle,3200,2622,12,11,277,277,290,quiesced,false,0.0000
band1_depth3_s3,rapid,27,oracle,6400,2622,12,11,277,277,290,quiesced,true,0.0000
band1_depth3_s3,rapid,27,oracle,12800,2622,12,11,277,277,290,quiesced,true,0.0000
band1_depth3_s3,rapid,27,oracle,25600,2622,12,11,277,277,290,quiesced,true,0.0000
band1_depth3_s3,rapid,27,oracle,51200,2622,12,11,277,277,290,quiesced,true,0.0000
band1_depth3_s3,rapid,27,oracle,102400,2622,12,11,277,277,290,quiesced,true,0.0000
band1_depth3_s3,rapid,27,oracle,204800,2622,12,11,277,277,290,quiesced,true,0.0000
band1_depth3_s4,rapid,30,unguided,25,25,1,62,49,49,520,app_budget,false,190.5028
band1_depth3_s4,rapid,30,unguided,50,54,2,62,58,58,516,app_budget,false,188.2682
band1_depth3_s4,rapid,30,unguided,100,103,3,62,59,59,516,app_budget,false,188.2682
band1_depth3_s4,rapid,30,unguided,200,232,4,62,122,122,179,app_budget,false,0.0000
band1_depth3_s4,rapid,30,unguided,400,433,5,62,149,149,179,app_budget,false,0.0000
band1_depth3_s4,rapid,30,unguided,800,805,7,62,152,152,179,app_budget,false,0.0000
band1_depth3_s4,rapid,30,unguided,1600,1033,8,62,152,152,179,quiesced,false,0.0000
band1_depth3_s4,rapid,30,unguided,3200,1033,8,62,152,152,179,quiesced,true,0.0000
band1_depth3_s4,rapid,30,unguided,6400,1033,8,62,152,152,179,quiesced,true,0.0000
band1_depth3_s4,rapid,30,unguided,12800,1033,8,62,152,152,179,quiesced,true,0.0000
band1_depth3_s4,rapid,30,unguided,25600,1033,8,62,152,152,179,quiesced,true,0.0000
band1_depth3_s4,rapid,30,unguided,51200,1033,8,62,152,152,179,quiesced,true,0.0000
band1_depth3_s4,rapid,30,unguided,102400,1033,8,62,152,152,179,quiesced,true,0.0000
band1_depth3_s4,rapid,30,unguided,204800,1033,8,62,152,152,179,quiesced,true,0.0000
band1_depth3_s4,rapid,30,oracle,25,25,1,13,49,49,520,app_budget,false,190.5028
band1_depth3_s4,rapid,30,oracle,50,54,2,13,58,58,516,app_budget,false,188.2682
band1_depth3_s4,rapid,30,oracle,100,103,3,13,59,59,516,app_budget,false,188.2682
band1_depth3_s4,rapid,30,oracle,200,230,4,13,122,122,179,app_budget,false,0.0000
band1_depth3_s4,rapid,30,oracle,400,421,5,13,149,149,179,app_budget,false,0.0000
band1_depth3_s4,rapid,30,oracle,800,802,7,13,152,152,179,app_budget,false,0.0000
band1_depth3_s4,rapid,30,oracle,1600,1020,8,13,152,152,179,quiesced,false,0.0000
band1_depth3_s4,rapid,30,oracle,3200,1020,8,13,152,152,179,quiesced,true,0.0000
band1_depth3_s4,rapid,30,oracle,6400,1020,8,13,152,152,179,quiesced,true,0.0000
band1_depth3_s4,rapid,30,oracle,12800,1020,8,13,152,152,179,quiesced,true,0.0000
band1_depth3_s4,rapid,30,oracle,25600,1020,8,13,152,152,179,quiesced,true,0.0000
band1_depth3_s4,rapid,30,oracle,51200,1020,8,13,152,152,179,quiesced,true,0.0000
band1_depth3_s4,rapid,30,oracle,102400,1020,8,13,152,152,179,quiesced,true,0.0000
band1_depth3_s4,rapid,30,oracle,204800,1020,8,13,152,152,179,quiesced,true,0.0000
band1_depth3_s5,rapid,18,unguided,25,26,2,62,31,31,54,app_budget,false,0.0000
band1_depth3_s5,rapid,18,unguided,50,51,3,62,31,31,54,app_budget,false,0.0000
band1_depth3_s5,rapid,18,unguided,100,80,4,62,31,31,54,quiesced,false,0.0000
band1_depth3_s5,rapid,18,unguided,200,80,4,62,31,31,54,quiesced,true,0.0000
band1_depth3_s5,rapid,18,unguided,400,80,4,62,31,31,54,quiesced,true,0.0000
band1_depth3_s5,rapid,18,unguided,800,80,4,62,31,31,54,quiesced,true,0.0000
band1_depth3_s5,rapid,18,unguided,1600,80,4,62,31,31,54,quiesced,true,0.0000
band1_depth3_s5,rapid,18,unguided,3200,80,4,62,31,31,54,quiesced,true,0.0000
band1_depth3_s5,rapid,18,unguided,6400,80,4,62,31,31,54,quiesced,true,0.0000
band1_depth3_s5,rapid,18,unguided,12800,80,4,62,31,31,54,quiesced,true,0.0000
band1_depth3_s5,rapid,18,unguided,25600,80,4,62,31,31,54,quiesced,true,0.0000
band1_depth3_s5,rapid,18,unguided,51200,80,4,62,31,31,54,quiesced,true,0.0000
band1_depth3_s5,rapid,18,unguided,102400,80,4,62,31,31,54,quiesced,true,0.0000
band1_depth3_s5,rapid,18,unguided,204800,80,4,62,31,31,54,quiesced,true,0.0000
band1_depth3_s5,rapid,18,oracle,25,26,2,7,31,31,54,app_budget,false,0.0000
band1_depth3_s5,rapid,18,oracle,50,51,3,7,31,31,54,app_budget,false,0.0000
band1_depth3_s5,rapid,18,oracle,100,80,4,7,31,31,54,quiesced,false,0.0000
band1_depth3_s5,rapid,18,oracle,200,80,4,7,31,31,54,quiesced,true,0.0000
band1_depth3_s5,rapid,18,oracle,400,80,4,7,31,31,54,quiesced,true,0.0000
band1_depth3_s5,rapid,18,oracle,800,80,4,7,31,31,54,quiesced,true,0.0000
band1_depth3_s5,rapid,18,oracle,1600,80,4,7,31,31,54,quiesced,true,0.0000
band1_depth3_s5,rapid,18,oracle,3200,80,4,7,31,31,54,quiesced,true,0.0000
band1_depth3_s5,rapid,18,oracle,6400,80,4,7,31,31,54,quiesced,true,0.0000
band1_depth3_s5,rapid,18,oracle,12800,80,4,7,31,31,54,quiesced,true,0.0000
band1_depth3_s5,rapid,18,oracle,25600,80,4,7,31,31,54,quiesced,true,0.0000
band1_depth3_s5,rapid,18,oracle,51200,80,4,7,31,31,54,quiesced,true,0.0000
band1_depth3_s5,rapid,18,oracle,102400,80,4,7,31,31,54,quiesced,true,0.0000
band1_depth3_s5,rapid,18,oracle,204800,80,4,7,31,31,54,quiesced,true,0.0000
band1_depth3_s6,rapid,21,unguided,25,26,2,62,26,26,355,app_budget,false,0.0000
band1_depth3_s6,rapid,21,unguided,50,45,3,62,26,26,355,quiesced,false,0.0000
band1_depth3_s6,rapid,21,unguided,100,45,3,62,26,26,355,quiesced,true,0.0000
band1_depth3_s6,rapid,21,unguided,200,45,3,62,26,26,355,quiesced,true,0.0000
band1_depth3_s6,rapid,21,unguided,400,45,3,62,26,26,355,quiesced,true,0.0000
band1_depth3_s6,rapid,21,unguided,800,45,3,62,26,26,355,quiesced,true,0.0000
band1_depth3_s6,rapid,21,unguided,1600,45,3,62,26,26,355,quiesced,true,0.0000
band1_depth3_s6,rapid,21,unguided,3200,45,3,62,26,26,355,quiesced,true,0.0000
band1_depth3_s6,rapid,21,unguided,6400,45,3,62,26,26,355,quiesced,true,0.0000
band1_depth3_s6,rapid,21,unguided,12800,45,3,62,26,26,355,quiesced,true,0.0000
band1_depth3_s6,rapid,21,unguided,25600,45,3,62,26,26,355,quiesced,true,0.0000
band1_depth3_s6,rapid,21,unguided,51200,45,3,62,26,26,355,quiesced,true,0.0000
band1_depth3_s6,rapid,21,unguided,102400,45,3,62,26,26,355,quiesced,true,0.0000
band1_depth3_s6,rapid,21,unguided,204800,45,3,62,26,26,355,quiesced,true,0.0000
band1_depth3_s6,rapid,21,oracle,25,26,2,7,26,26,355,app_budget,false,0.0000
band1_depth3_s6,rapid,21,oracle,50,45,3,7,26,26,355,quiesced,false,0.0000
band1_depth3_s6,rapid,21,oracle,100,45,3,7,26,26,355,quiesced,true,0.0000
band1_depth3_s6,rapid,21,oracle,200,45,3,7,26,26,355,quiesced,true,0.0000
band1_depth3_s6,rapid,21,oracle,400,45,3,7,26,26,355,quiesced,true,0.0000
band1_depth3_s6,rapid,21,oracle,800,45,3,7,26,26,355,quiesced,true,0.0000
band1_depth3_s6,rapid,21,oracle,1600,45,3,7,26,26,355,quiesced,true,0.0000
band1_depth3_s6,rapid,21,oracle,3200,45,3,7,26,26,355,quiesced,true,0.0000
band1_depth3_s6,rapid,21,oracle,6400,45,3,7,26,26,355,quiesced,true,0.0000
band1_depth3_s6,rapid,21,oracle,12800,45,3,7,26,26,355,quiesced,true,0.0000
band1_depth3_s6,rapid,21,oracle,25600,45,3,7,26,26,355,quiesced,true,0.0000
band1_depth3_s6,rapid,21,oracle,51200,45,3,7,26,26,355,quiesced,true,0.0000
band1_depth3_s6,rapid,21,oracle,102400,45,3,7,26,26,355,quiesced,true,0.0000
band1_depth3_s6,rapid,21,oracle,204800,45,3,7,26,26,355,quiesced,true,0.0000
band1_depth3_s7,rapid,28,unguided,25,25,1,62,47,47,564,app_budget,false,198.4127
band1_depth3_s7,rapid,28,unguided,50,60,2,62,58,58,560,app_budget,false,196.2963
band1_depth3_s7,rapid,28,unguided,100,105,3,62,58,58,560,app_budget,false,196.2963
band1_depth3_s7,rapid,28,unguided,200,205,4,62,91,91,560,app_budget,false,196.2963
band1_depth3_s7,rapid,28,unguided,400,401,5,62,146,146,560,app_budget,false,196.2963
band1_depth3_s7,rapid,28,unguided,800,812,7,62,191,191,189,app_budget,false,0.0000
band1_depth3_s7,rapid,28,unguided,1600,1187,8,62,191,191,189,quiesced,false,0.0000
band1_depth3_s7,rapid,28,unguided,3200,1187,8,62,191,191,189,quiesced,true,0.0000
band1_depth3_s7,rapid,28,unguided,6400,1187,8,62,191,191,189,quiesced,true,0.0000
band1_depth3_s7,rapid,28,unguided,12800,1187,8,62,191,191,189,quiesced,true,0.0000
band1_depth3_s7,rapid,28,unguided,25600,1187,8,62,191,191,189,quiesced,true,0.0000
band1_depth3_s7,rapid,28,unguided,51200,1187,8,62,191,191,189,quiesced,true,0.0000
band1_depth3_s7,rapid,28,unguided,102400,1187,8,62,191,191,189,quiesced,true,0.0000
band1_depth3_s7,rapid,28,unguided,204800,1187,8,62,191,191,189,quiesced,true,0.0000
band1_depth3_s7,rapid,28,oracle,25,25,1,16,47,47,564,app_budget,false,198.4127
band1_depth3_s7,rapid,28,oracle,50,60,2,16,58,58,560,app_budget,false,196.2963
band1_depth3_s7,rapid,28,oracle,100,105,3,16,58,58,560,app_budget,false,196.2963
band1_depth3_s7,rapid,28,oracle,200,205,4,16,91,91,560,app_budget,false,196.2963
band1_depth3_s7,rapid,28,oracle,400,401,5,16,146,146,560,app_budget,false,196.2963
band1_depth3_s7,rapid,28,oracle,800,812,7,16,191,191,189,app_budget,false,0.0000
band1_depth3_s7,rapid,28,oracle,1600,1187,8,16,191,191,189,quiesced,false,0.0000
band1_depth3_s7,rapid,28,oracle,3200,1187,8,16,191,191,189,quiesced,true,0.0000
band1_depth3_s7,rapid,28,oracle,6400,1187,8,16,191,191,189,quiesced,true,0.0000
band1_depth3_s7,rapid,28,oracle,12800,1187,8,16,191,191,189,quiesced,true,0.0000
band1_depth3_s7,rapid,28,oracle,25600,1187,8,16,191,191,189,quiesced,true,0.0000
band1_depth3_s7,rapid,28,oracle,51200,1187,8,16,191,191,189,quiesced,true,0.0000
band1_depth3_s7,rapid,28,oracle,102400,1187,8,16,191,191,189,quiesced,true,0.0000
band1_depth3_s7,rapid,28,oracle,204800,1187,8,16,191,191,189,quiesced,true,0.0000
band1_depth3_s8,rapid,21,unguided,25,25,2,62,27,27,234,app_budget,false,0.0000
band1_depth3_s8,rapid,21,unguided,50,45,3,62,27,27,234,quiesced,false,0.0000
band1_depth3_s8,rapid,21,unguided,100,45,3,62,27,27,234,quiesced,true,0.0000
band1_depth3_s8,rapid,21,unguided,200,45,3,62,27,27,234,quiesced,true,0.0000
band1_depth3_s8,rapid,21,unguided,400,45,3,62,27,27,234,quiesced,true,0.0000
band1_depth3_s8,rapid,21,unguided,800,45,3,62,27,27,234,quiesced,true,0.0000
band1_depth3_s8,rapid,21,unguided,1600,45,3,62,27,27,234,quiesced,true,0.0000
band1_depth3_s8,rapid,21,unguided,3200,45,3,62,27,27,234,quiesced,true,0.0000
band1_depth3_s8,rapid,21,unguided,6400,45,3,62,27,27,234,quiesced,true,0.0000
band1_depth3_s8,rapid,21,unguided,12800,45,3,62,27,27,234,quiesced,true,0.0000
band1_depth3_s8,rapid,21,unguided,25600,45,3,62,27,27,234,quiesced,true,0.0000
band1_depth3_s8,rapid,21,unguided,51200,45,3,62,27,27,234,quiesced,true,0.0000
band1_depth3_s8,rapid,21,unguided,102400,45,3,62,27,27,234,quiesced,true,0.0000
band1_depth3_s8,rapid,21,unguided,204800,45,3,62,27,27,234,quiesced,true,0.0000
band1_depth3_s8,rapid,21,oracle,25,25,2,6,27,27,234,app_budget,false,0.0000
band1_depth3_s8,rapid,21,oracle,50,45,3,6,27,27,234,quiesced,false,0.0000
band1_depth3_s8,rapid,21,oracle,100,45,3,6,27,27,234,quiesced,true,0.0000
band1_depth3_s8,rapid,21,oracle,200,45,3,6,27,27,234,quiesced,true,0.0000
band1_depth3_s8,rapid,21,oracle,400,45,3,6,27,27,234,quiesced,true,0.0000
band1_depth3_s8,rapid,21,oracle,800,45,3,6,27,27,234,quiesced,true,0.0000
band1_depth3_s8,rapid,21,oracle,1600,45,3,6,27,27,234,quiesced,true,0.0000
band1_depth3_s8,rapid,21,oracle,3200,45,3,6,27,27,234,quiesced,true,0.0000
band1_depth3_s8,rapid,21,oracle,6400,45,3,6,27,27,234,quiesced,true,0.0000
band1_depth3_s8,rapid,21,oracle,12800,45,3,6,27,27,234,quiesced,true,0.0000
band1_depth3_s8,rapid,21,oracle,25600,45,3,6,27,27,234,quiesced,true,0.0000
band1_depth3_s8,rapid,21,oracle,51200,45,3,6,27,27,234,quiesced,true,0.0000
band1_depth3_s8,rapid,21,oracle,102400,45,3,6,27,27,234,quiesced,true,0.0000
band1_depth3_s8,rapid,21,oracle,204800,45,3,6,27,27,234,quiesced,true,0.0000
band1_depth3_s9,blitz,9,unguided,25,11,2,62,11,11,216,quiesced,false,0.0000
band1_depth3_s9,blitz,9,unguided,50,11,2,62,11,11,216,quiesced,true,0.0000
band1_depth3_s9,blitz,9,unguided,100,11,2,62,11,11,216,quiesced,true,0.0000
band1_depth3_s9,blitz,9,unguided,200,11,2,62,11,11,216,quiesced,true,0.0000
band1_depth3_s9,blitz,9,unguided,400,11,2,62,11,11,216,quiesced,true,0.0000
band1_depth3_s9,blitz,9,unguided,800,11,2,62,11,11,216,quiesced,true,0.0000
band1_depth3_s9,blitz,9,unguided,1600,11,2,62,11,11,216,quiesced,true,0.0000
band1_depth3_s9,blitz,9,unguided,3200,11,2,62,11,11,216,quiesced,true,0.0000
band1_depth3_s9,blitz,9,unguided,6400,11,2,62,11,11,216,quiesced,true,0.0000
band1_depth3_s9,blitz,9,unguided,12800,11,2,62,11,11,216,quiesced,true,0.0000
band1_depth3_s9,blitz,9,unguided,25600,11,2,62,11,11,216,quiesced,true,0.0000
band1_depth3_s9,blitz,9,unguided,51200,11,2,62,11,11,216,quiesced,true,0.0000
band1_depth3_s9,blitz,9,unguided,102400,11,2,62,11,11,216,quiesced,true,0.0000
band1_depth3_s9,blitz,9,unguided,204800,11,2,62,11,11,216,quiesced,true,0.0000
band1_depth3_s9,blitz,9,oracle,25,11,2,3,11,11,216,quiesced,false,0.0000
band1_depth3_s9,blitz,9,oracle,50,11,2,3,11,11,216,quiesced,true,0.0000
band1_depth3_s9,blitz,9,oracle,100,11,2,3,11,11,216,quiesced,true,0.0000
band1_depth3_s9,blitz,9,oracle,200,11,2,3,11,11,216,quiesced,true,0.0000
band1_depth3_s9,blitz,9,oracle,400,11,2,3,11,11,216,quiesced,true,0.0000
band1_depth3_s9,blitz,9,oracle,800,11,2,3,11,11,216,quiesced,true,0.0000
band1_depth3_s9,blitz,9,oracle,1600,11,2,3,11,11,216,quiesced,true,0.0000
band1_depth3_s9,blitz,9,oracle,3200,11,2,3,11,11,216,quiesced,true,0.0000
band1_depth3_s9,blitz,9,oracle,6400,11,2,3,11,11,216,quiesced,true,0.0000
band1_depth3_s9,blitz,9,oracle,12800,11,2,3,11,11,216,quiesced,true,0.0000
band1_depth3_s9,blitz,9,oracle,25600,11,2,3,11,11,216,quiesced,true,0.0000
band1_depth3_s9,blitz,9,oracle,51200,11,2,3,11,11,216,quiesced,true,0.0000
band1_depth3_s9,blitz,9,oracle,102400,11,2,3,11,11,216,quiesced,true,0.0000
band1_depth3_s9,blitz,9,oracle,204800,11,2,3,11,11,216,quiesced,true,0.0000
band1_depth3_s10,rapid,22,unguided,25,35,2,62,39,39,164,app_budget,false,0.0000
band1_depth3_s10,rapid,22,unguided,50,56,3,62,39,39,164,app_budget,false,0.0000
band1_depth3_s10,rapid,22,unguided,100,96,4,62,39,39,164,quiesced,false,0.0000
band1_depth3_s10,rapid,22,unguided,200,96,4,62,39,39,164,quiesced,true,0.0000
band1_depth3_s10,rapid,22,unguided,400,96,4,62,39,39,164,quiesced,true,0.0000
band1_depth3_s10,rapid,22,unguided,800,96,4,62,39,39,164,quiesced,true,0.0000
band1_depth3_s10,rapid,22,unguided,1600,96,4,62,39,39,164,quiesced,true,0.0000
band1_depth3_s10,rapid,22,unguided,3200,96,4,62,39,39,164,quiesced,true,0.0000
band1_depth3_s10,rapid,22,unguided,6400,96,4,62,39,39,164,quiesced,true,0.0000
band1_depth3_s10,rapid,22,unguided,12800,96,4,62,39,39,164,quiesced,true,0.0000
band1_depth3_s10,rapid,22,unguided,25600,96,4,62,39,39,164,quiesced,true,0.0000
band1_depth3_s10,rapid,22,unguided,51200,96,4,62,39,39,164,quiesced,true,0.0000
band1_depth3_s10,rapid,22,unguided,102400,96,4,62,39,39,164,quiesced,true,0.0000
band1_depth3_s10,rapid,22,unguided,204800,96,4,62,39,39,164,quiesced,true,0.0000
band1_depth3_s10,rapid,22,oracle,25,35,2,8,39,39,164,app_budget,false,0.0000
band1_depth3_s10,rapid,22,oracle,50,56,3,8,39,39,164,app_budget,false,0.0000
band1_depth3_s10,rapid,22,oracle,100,96,4,8,39,39,164,quiesced,false,0.0000
band1_depth3_s10,rapid,22,oracle,200,96,4,8,39,39,164,quiesced,true,0.0000
band1_depth3_s10,rapid,22,oracle,400,96,4,8,39,39,164,quiesced,true,0.0000
band1_depth3_s10,rapid,22,oracle,800,96,4,8,39,39,164,quiesced,true,0.0000
band1_depth3_s10,rapid,22,oracle,1600,96,4,8,39,39,164,quiesced,true,0.0000
band1_depth3_s10,rapid,22,oracle,3200,96,4,8,39,39,164,quiesced,true,0.0000
band1_depth3_s10,rapid,22,oracle,6400,96,4,8,39,39,164,quiesced,true,0.0000
band1_depth3_s10,rapid,22,oracle,12800,96,4,8,39,39,164,quiesced,true,0.0000
band1_depth3_s10,rapid,22,oracle,25600,96,4,8,39,39,164,quiesced,true,0.0000
band1_depth3_s10,rapid,22,oracle,51200,96,4,8,39,39,164,quiesced,true,0.0000
band1_depth3_s10,rapid,22,oracle,102400,96,4,8,39,39,164,quiesced,true,0.0000
band1_depth3_s10,rapid,22,oracle,204800,96,4,8,39,39,164,quiesced,true,0.0000
band1_depth3_s11,rapid,31,unguided,25,29,2,62,34,34,197,app_budget,false,0.0000
band1_depth3_s11,rapid,31,unguided,50,52,3,62,34,34,197,app_budget,false,0.0000
band1_depth3_s11,rapid,31,unguided,100,79,4,62,34,34,197,quiesced,false,0.0000
band1_depth3_s11,rapid,31,unguided,200,79,4,62,34,34,197,quiesced,true,0.0000
band1_depth3_s11,rapid,31,unguided,400,79,4,62,34,34,197,quiesced,true,0.0000
band1_depth3_s11,rapid,31,unguided,800,79,4,62,34,34,197,quiesced,true,0.0000
band1_depth3_s11,rapid,31,unguided,1600,79,4,62,34,34,197,quiesced,true,0.0000
band1_depth3_s11,rapid,31,unguided,3200,79,4,62,34,34,197,quiesced,true,0.0000
band1_depth3_s11,rapid,31,unguided,6400,79,4,62,34,34,197,quiesced,true,0.0000
band1_depth3_s11,rapid,31,unguided,12800,79,4,62,34,34,197,quiesced,true,0.0000
band1_depth3_s11,rapid,31,unguided,25600,79,4,62,34,34,197,quiesced,true,0.0000
band1_depth3_s11,rapid,31,unguided,51200,79,4,62,34,34,197,quiesced,true,0.0000
band1_depth3_s11,rapid,31,unguided,102400,79,4,62,34,34,197,quiesced,true,0.0000
band1_depth3_s11,rapid,31,unguided,204800,79,4,62,34,34,197,quiesced,true,0.0000
band1_depth3_s11,rapid,31,oracle,25,29,2,8,34,34,197,app_budget,false,0.0000
band1_depth3_s11,rapid,31,oracle,50,52,3,8,34,34,197,app_budget,false,0.0000
band1_depth3_s11,rapid,31,oracle,100,79,4,8,34,34,197,quiesced,false,0.0000
band1_depth3_s11,rapid,31,oracle,200,79,4,8,34,34,197,quiesced,true,0.0000
band1_depth3_s11,rapid,31,oracle,400,79,4,8,34,34,197,quiesced,true,0.0000
band1_depth3_s11,rapid,31,oracle,800,79,4,8,34,34,197,quiesced,true,0.0000
band1_depth3_s11,rapid,31,oracle,1600,79,4,8,34,34,197,quiesced,true,0.0000
band1_depth3_s11,rapid,31,oracle,3200,79,4,8,34,34,197,quiesced,true,0.0000
band1_depth3_s11,rapid,31,oracle,6400,79,4,8,34,34,197,quiesced,true,0.0000
band1_depth3_s11,rapid,31,oracle,12800,79,4,8,34,34,197,quiesced,true,0.0000
band1_depth3_s11,rapid,31,oracle,25600,79,4,8,34,34,197,quiesced,true,0.0000
band1_depth3_s11,rapid,31,oracle,51200,79,4,8,34,34,197,quiesced,true,0.0000
band1_depth3_s11,rapid,31,oracle,102400,79,4,8,34,34,197,quiesced,true,0.0000
band1_depth3_s11,rapid,31,oracle,204800,79,4,8,34,34,197,quiesced,true,0.0000
band1_depth3_s12,rapid,23,unguided,25,28,2,62,39,39,219,app_budget,false,0.0000
band1_depth3_s12,rapid,23,unguided,50,52,3,62,45,45,219,app_budget,false,0.0000
band1_depth3_s12,rapid,23,unguided,100,103,4,62,45,45,219,app_budget,false,0.0000
band1_depth3_s12,rapid,23,unguided,200,158,5,62,45,45,219,quiesced,false,0.0000
band1_depth3_s12,rapid,23,unguided,400,158,5,62,45,45,219,quiesced,true,0.0000
band1_depth3_s12,rapid,23,unguided,800,158,5,62,45,45,219,quiesced,true,0.0000
band1_depth3_s12,rapid,23,unguided,1600,158,5,62,45,45,219,quiesced,true,0.0000
band1_depth3_s12,rapid,23,unguided,3200,158,5,62,45,45,219,quiesced,true,0.0000
band1_depth3_s12,rapid,23,unguided,6400,158,5,62,45,45,219,quiesced,true,0.0000
band1_depth3_s12,rapid,23,unguided,12800,158,5,62,45,45,219,quiesced,true,0.0000
band1_depth3_s12,rapid,23,unguided,25600,158,5,62,45,45,219,quiesced,true,0.0000
band1_depth3_s12,rapid,23,unguided,51200,158,5,62,45,45,219,quiesced,true,0.0000
band1_depth3_s12,rapid,23,unguided,102400,158,5,62,45,45,219,quiesced,true,0.0000
band1_depth3_s12,rapid,23,unguided,204800,158,5,62,45,45,219,quiesced,true,0.0000
band1_depth3_s12,rapid,23,oracle,25,26,2,10,39,39,219,app_budget,false,0.0000
band1_depth3_s12,rapid,23,oracle,50,50,3,10,45,45,219,app_budget,false,0.0000
band1_depth3_s12,rapid,23,oracle,100,101,4,10,45,45,219,quiesced,false,0.0000
band1_depth3_s12,rapid,23,oracle,200,101,4,10,45,45,219,quiesced,true,0.0000
band1_depth3_s12,rapid,23,oracle,400,101,4,10,45,45,219,quiesced,true,0.0000
band1_depth3_s12,rapid,23,oracle,800,101,4,10,45,45,219,quiesced,true,0.0000
band1_depth3_s12,rapid,23,oracle,1600,101,4,10,45,45,219,quiesced,true,0.0000
band1_depth3_s12,rapid,23,oracle,3200,101,4,10,45,45,219,quiesced,true,0.0000
band1_depth3_s12,rapid,23,oracle,6400,101,4,10,45,45,219,quiesced,true,0.0000
band1_depth3_s12,rapid,23,oracle,12800,101,4,10,45,45,219,quiesced,true,0.0000
band1_depth3_s12,rapid,23,oracle,25600,101,4,10,45,45,219,quiesced,true,0.0000
band1_depth3_s12,rapid,23,oracle,51200,101,4,10,45,45,219,quiesced,true,0.0000
band1_depth3_s12,rapid,23,oracle,102400,101,4,10,45,45,219,quiesced,true,0.0000
band1_depth3_s12,rapid,23,oracle,204800,101,4,10,45,45,219,quiesced,true,0.0000
band1_depth3_s13,rapid,13,unguided,25,34,2,62,38,38,20,app_budget,false,0.0000
band1_depth3_s13,rapid,13,unguided,50,58,3,62,38,38,20,app_budget,false,0.0000
band1_depth3_s13,rapid,13,unguided,100,105,4,62,47,47,20,app_budget,false,0.0000
band1_depth3_s13,rapid,13,unguided,200,233,6,62,64,64,20,app_budget,false,0.0000
band1_depth3_s13,rapid,13,unguided,400,335,7,62,64,64,20,quiesced,false,0.0000
band1_depth3_s13,rapid,13,unguided,800,335,7,62,64,64,20,quiesced,true,0.0000
band1_depth3_s13,rapid,13,unguided,1600,335,7,62,64,64,20,quiesced,true,0.0000
band1_depth3_s13,rapid,13,unguided,3200,335,7,62,64,64,20,quiesced,true,0.0000
band1_depth3_s13,rapid,13,unguided,6400,335,7,62,64,64,20,quiesced,true,0.0000
band1_depth3_s13,rapid,13,unguided,12800,335,7,62,64,64,20,quiesced,true,0.0000
band1_depth3_s13,rapid,13,unguided,25600,335,7,62,64,64,20,quiesced,true,0.0000
band1_depth3_s13,rapid,13,unguided,51200,335,7,62,64,64,20,quiesced,true,0.0000
band1_depth3_s13,rapid,13,unguided,102400,335,7,62,64,64,20,quiesced,true,0.0000
band1_depth3_s13,rapid,13,unguided,204800,335,7,62,64,64,20,quiesced,true,0.0000
band1_depth3_s13,rapid,13,oracle,25,34,2,6,38,38,20,app_budget,false,0.0000
band1_depth3_s13,rapid,13,oracle,50,58,3,6,38,38,20,app_budget,false,0.0000
band1_depth3_s13,rapid,13,oracle,100,105,4,6,47,47,20,app_budget,false,0.0000
band1_depth3_s13,rapid,13,oracle,200,233,6,6,64,64,20,app_budget,false,0.0000
band1_depth3_s13,rapid,13,oracle,400,335,7,6,64,64,20,quiesced,false,0.0000
band1_depth3_s13,rapid,13,oracle,800,335,7,6,64,64,20,quiesced,true,0.0000
band1_depth3_s13,rapid,13,oracle,1600,335,7,6,64,64,20,quiesced,true,0.0000
band1_depth3_s13,rapid,13,oracle,3200,335,7,6,64,64,20,quiesced,true,0.0000
band1_depth3_s13,rapid,13,oracle,6400,335,7,6,64,64,20,quiesced,true,0.0000
band1_depth3_s13,rapid,13,oracle,12800,335,7,6,64,64,20,quiesced,true,0.0000
band1_depth3_s13,rapid,13,oracle,25600,335,7,6,64,64,20,quiesced,true,0.0000
band1_depth3_s13,rapid,13,oracle,51200,335,7,6,64,64,20,quiesced,true,0.0000
band1_depth3_s13,rapid,13,oracle,102400,335,7,6,64,64,20,quiesced,true,0.0000
band1_depth3_s13,rapid,13,oracle,204800,335,7,6,64,64,20,quiesced,true,0.0000
band1_depth3_s14,rapid,14,unguided,25,25,2,62,19,19,28,app_budget,false,0.0000
band1_depth3_s14,rapid,14,unguided,50,41,3,62,19,19,28,quiesced,false,0.0000
band1_depth3_s14,rapid,14,unguided,100,41,3,62,19,19,28,quiesced,true,0.0000
band1_depth3_s14,rapid,14,unguided,200,41,3,62,19,19,28,quiesced,true,0.0000
band1_depth3_s14,rapid,14,unguided,400,41,3,62,19,19,28,quiesced,true,0.0000
band1_depth3_s14,rapid,14,unguided,800,41,3,62,19,19,28,quiesced,true,0.0000
band1_depth3_s14,rapid,14,unguided,1600,41,3,62,19,19,28,quiesced,true,0.0000
band1_depth3_s14,rapid,14,unguided,3200,41,3,62,19,19,28,quiesced,true,0.0000
band1_depth3_s14,rapid,14,unguided,6400,41,3,62,19,19,28,quiesced,true,0.0000
band1_depth3_s14,rapid,14,unguided,12800,41,3,62,19,19,28,quiesced,true,0.0000
band1_depth3_s14,rapid,14,unguided,25600,41,3,62,19,19,28,quiesced,true,0.0000
band1_depth3_s14,rapid,14,unguided,51200,41,3,62,19,19,28,quiesced,true,0.0000
band1_depth3_s14,rapid,14,unguided,102400,41,3,62,19,19,28,quiesced,true,0.0000
band1_depth3_s14,rapid,14,unguided,204800,41,3,62,19,19,28,quiesced,true,0.0000
band1_depth3_s14,rapid,14,oracle,25,23,2,7,19,19,28,quiesced,false,0.0000
band1_depth3_s14,rapid,14,oracle,50,23,2,7,19,19,28,quiesced,true,0.0000
band1_depth3_s14,rapid,14,oracle,100,23,2,7,19,19,28,quiesced,true,0.0000
band1_depth3_s14,rapid,14,oracle,200,23,2,7,19,19,28,quiesced,true,0.0000
band1_depth3_s14,rapid,14,oracle,400,23,2,7,19,19,28,quiesced,true,0.0000
band1_depth3_s14,rapid,14,oracle,800,23,2,7,19,19,28,quiesced,true,0.0000
band1_depth3_s14,rapid,14,oracle,1600,23,2,7,19,19,28,quiesced,true,0.0000
band1_depth3_s14,rapid,14,oracle,3200,23,2,7,19,19,28,quiesced,true,0.0000
band1_depth3_s14,rapid,14,oracle,6400,23,2,7,19,19,28,quiesced,true,0.0000
band1_depth3_s14,rapid,14,oracle,12800,23,2,7,19,19,28,quiesced,true,0.0000
band1_depth3_s14,rapid,14,oracle,25600,23,2,7,19,19,28,quiesced,true,0.0000
band1_depth3_s14,rapid,14,oracle,51200,23,2,7,19,19,28,quiesced,true,0.0000
band1_depth3_s14,rapid,14,oracle,102400,23,2,7,19,19,28,quiesced,true,0.0000
band1_depth3_s14,rapid,14,oracle,204800,23,2,7,19,19,28,quiesced,true,0.0000
band1_depth3_s15,rapid,15,unguided,25,25,2,62,35,35,95,app_budget,false,20.2532
band1_depth3_s15,rapid,15,unguided,50,52,3,62,37,37,80,app_budget,false,1.2658
band1_depth3_s15,rapid,15,unguided,100,101,5,62,38,38,79,app_budget,false,0.0000
band1_depth3_s15,rapid,15,unguided,200,130,6,62,38,38,79,quiesced,false,0.0000
band1_depth3_s15,rapid,15,unguided,400,130,6,62,38,38,79,quiesced,true,0.0000
band1_depth3_s15,rapid,15,unguided,800,130,6,62,38,38,79,quiesced,true,0.0000
band1_depth3_s15,rapid,15,unguided,1600,130,6,62,38,38,79,quiesced,true,0.0000
band1_depth3_s15,rapid,15,unguided,3200,130,6,62,38,38,79,quiesced,true,0.0000
band1_depth3_s15,rapid,15,unguided,6400,130,6,62,38,38,79,quiesced,true,0.0000
band1_depth3_s15,rapid,15,unguided,12800,130,6,62,38,38,79,quiesced,true,0.0000
band1_depth3_s15,rapid,15,unguided,25600,130,6,62,38,38,79,quiesced,true,0.0000
band1_depth3_s15,rapid,15,unguided,51200,130,6,62,38,38,79,quiesced,true,0.0000
band1_depth3_s15,rapid,15,unguided,102400,130,6,62,38,38,79,quiesced,true,0.0000
band1_depth3_s15,rapid,15,unguided,204800,130,6,62,38,38,79,quiesced,true,0.0000
band1_depth3_s15,rapid,15,oracle,25,25,2,10,35,35,95,app_budget,false,20.2532
band1_depth3_s15,rapid,15,oracle,50,52,3,10,37,37,80,app_budget,false,1.2658
band1_depth3_s15,rapid,15,oracle,100,101,5,10,38,38,79,app_budget,false,0.0000
band1_depth3_s15,rapid,15,oracle,200,130,6,10,38,38,79,quiesced,false,0.0000
band1_depth3_s15,rapid,15,oracle,400,130,6,10,38,38,79,quiesced,true,0.0000
band1_depth3_s15,rapid,15,oracle,800,130,6,10,38,38,79,quiesced,true,0.0000
band1_depth3_s15,rapid,15,oracle,1600,130,6,10,38,38,79,quiesced,true,0.0000
band1_depth3_s15,rapid,15,oracle,3200,130,6,10,38,38,79,quiesced,true,0.0000
band1_depth3_s15,rapid,15,oracle,6400,130,6,10,38,38,79,quiesced,true,0.0000
band1_depth3_s15,rapid,15,oracle,12800,130,6,10,38,38,79,quiesced,true,0.0000
band1_depth3_s15,rapid,15,oracle,25600,130,6,10,38,38,79,quiesced,true,0.0000
band1_depth3_s15,rapid,15,oracle,51200,130,6,10,38,38,79,quiesced,true,0.0000
band1_depth3_s15,rapid,15,oracle,102400,130,6,10,38,38,79,quiesced,true,0.0000
band1_depth3_s15,rapid,15,oracle,204800,130,6,10,38,38,79,quiesced,true,0.0000
band1_depth3_s16,rapid,16,unguided,25,20,2,62,18,18,151,quiesced,false,0.0000
band1_depth3_s16,rapid,16,unguided,50,20,2,62,18,18,151,quiesced,true,0.0000
band1_depth3_s16,rapid,16,unguided,100,20,2,62,18,18,151,quiesced,true,0.0000
band1_depth3_s16,rapid,16,unguided,200,20,2,62,18,18,151,quiesced,true,0.0000
band1_depth3_s16,rapid,16,unguided,400,20,2,62,18,18,151,quiesced,true,0.0000
band1_depth3_s16,rapid,16,unguided,800,20,2,62,18,18,151,quiesced,true,0.0000
band1_depth3_s16,rapid,16,unguided,1600,20,2,62,18,18,151,quiesced,true,0.0000
band1_depth3_s16,rapid,16,unguided,3200,20,2,62,18,18,151,quiesced,true,0.0000
band1_depth3_s16,rapid,16,unguided,6400,20,2,62,18,18,151,quiesced,true,0.0000
band1_depth3_s16,rapid,16,unguided,12800,20,2,62,18,18,151,quiesced,true,0.0000
band1_depth3_s16,rapid,16,unguided,25600,20,2,62,18,18,151,quiesced,true,0.0000
band1_depth3_s16,rapid,16,unguided,51200,20,2,62,18,18,151,quiesced,true,0.0000
band1_depth3_s16,rapid,16,unguided,102400,20,2,62,18,18,151,quiesced,true,0.0000
band1_depth3_s16,rapid,16,unguided,204800,20,2,62,18,18,151,quiesced,true,0.0000
band1_depth3_s16,rapid,16,oracle,25,20,2,6,18,18,151,quiesced,false,0.0000
band1_depth3_s16,rapid,16,oracle,50,20,2,6,18,18,151,quiesced,true,0.0000
band1_depth3_s16,rapid,16,oracle,100,20,2,6,18,18,151,quiesced,true,0.0000
band1_depth3_s16,rapid,16,oracle,200,20,2,6,18,18,151,quiesced,true,0.0000
band1_depth3_s16,rapid,16,oracle,400,20,2,6,18,18,151,quiesced,true,0.0000
band1_depth3_s16,rapid,16,oracle,800,20,2,6,18,18,151,quiesced,true,0.0000
band1_depth3_s16,rapid,16,oracle,1600,20,2,6,18,18,151,quiesced,true,0.0000
band1_depth3_s16,rapid,16,oracle,3200,20,2,6,18,18,151,quiesced,true,0.0000
band1_depth3_s16,rapid,16,oracle,6400,20,2,6,18,18,151,quiesced,true,0.0000
band1_depth3_s16,rapid,16,oracle,12800,20,2,6,18,18,151,quiesced,true,0.0000
band1_depth3_s16,rapid,16,oracle,25600,20,2,6,18,18,151,quiesced,true,0.0000
band1_depth3_s16,rapid,16,oracle,51200,20,2,6,18,18,151,quiesced,true,0.0000
band1_depth3_s16,rapid,16,oracle,102400,20,2,6,18,18,151,quiesced,true,0.0000
band1_depth3_s16,rapid,16,oracle,204800,20,2,6,18,18,151,quiesced,true,0.0000
band1_depth3_s17,rapid,13,unguided,25,26,3,62,20,20,102,app_budget,false,4.0816
band1_depth3_s17,rapid,13,unguided,50,50,5,62,21,21,98,app_budget,false,0.0000
band1_depth3_s17,rapid,13,unguided,100,71,6,62,21,21,98,quiesced,false,0.0000
band1_depth3_s17,rapid,13,unguided,200,71,6,62,21,21,98,quiesced,true,0.0000
band1_depth3_s17,rapid,13,unguided,400,71,6,62,21,21,98,quiesced,true,0.0000
band1_depth3_s17,rapid,13,unguided,800,71,6,62,21,21,98,quiesced,true,0.0000
band1_depth3_s17,rapid,13,unguided,1600,71,6,62,21,21,98,quiesced,true,0.0000
band1_depth3_s17,rapid,13,unguided,3200,71,6,62,21,21,98,quiesced,true,0.0000
band1_depth3_s17,rapid,13,unguided,6400,71,6,62,21,21,98,quiesced,true,0.0000
band1_depth3_s17,rapid,13,unguided,12800,71,6,62,21,21,98,quiesced,true,0.0000
band1_depth3_s17,rapid,13,unguided,25600,71,6,62,21,21,98,quiesced,true,0.0000
band1_depth3_s17,rapid,13,unguided,51200,71,6,62,21,21,98,quiesced,true,0.0000
band1_depth3_s17,rapid,13,unguided,102400,71,6,62,21,21,98,quiesced,true,0.0000
band1_depth3_s17,rapid,13,unguided,204800,71,6,62,21,21,98,quiesced,true,0.0000
band1_depth3_s17,rapid,13,oracle,25,26,3,5,20,20,102,app_budget,false,4.0816
band1_depth3_s17,rapid,13,oracle,50,50,5,5,21,21,98,app_budget,false,0.0000
band1_depth3_s17,rapid,13,oracle,100,71,6,5,21,21,98,quiesced,false,0.0000
band1_depth3_s17,rapid,13,oracle,200,71,6,5,21,21,98,quiesced,true,0.0000
band1_depth3_s17,rapid,13,oracle,400,71,6,5,21,21,98,quiesced,true,0.0000
band1_depth3_s17,rapid,13,oracle,800,71,6,5,21,21,98,quiesced,true,0.0000
band1_depth3_s17,rapid,13,oracle,1600,71,6,5,21,21,98,quiesced,true,0.0000
band1_depth3_s17,rapid,13,oracle,3200,71,6,5,21,21,98,quiesced,true,0.0000
band1_depth3_s17,rapid,13,oracle,6400,71,6,5,21,21,98,quiesced,true,0.0000
band1_depth3_s17,rapid,13,oracle,12800,71,6,5,21,21,98,quiesced,true,0.0000
band1_depth3_s17,rapid,13,oracle,25600,71,6,5,21,21,98,quiesced,true,0.0000
band1_depth3_s17,rapid,13,oracle,51200,71,6,5,21,21,98,quiesced,true,0.0000
band1_depth3_s17,rapid,13,oracle,102400,71,6,5,21,21,98,quiesced,true,0.0000
band1_depth3_s17,rapid,13,oracle,204800,71,6,5,21,21,98,quiesced,true,0.0000
band1_depth3_s18,rapid,21,unguided,25,27,1,62,43,43,609,app_budget,false,2437.5000
band1_depth3_s18,rapid,21,unguided,50,60,2,62,49,49,605,app_budget,false,2420.8333
band1_depth3_s18,rapid,21,unguided,100,105,3,62,53,53,601,app_budget,false,2404.1667
band1_depth3_s18,rapid,21,unguided,200,208,4,62,86,86,601,app_budget,false,2404.1667
band1_depth3_s18,rapid,21,unguided,400,425,5,62,177,177,601,app_budget,false,2404.1667
band1_depth3_s18,rapid,21,unguided,800,875,6,62,279,279,601,app_budget,false,2404.1667
band1_depth3_s18,rapid,21,unguided,1600,1906,7,62,469,469,601,app_budget,false,2404.1667
band1_depth3_s18,rapid,21,unguided,3200,3536,8,62,681,681,601,app_budget,false,2404.1667
band1_depth3_s18,rapid,21,unguided,6400,6581,10,62,1086,1086,28,app_budget,false,16.6667
band1_depth3_s18,rapid,21,unguided,12800,12837,13,62,1340,1340,24,app_budget,false,0.0000
band1_depth3_s18,rapid,21,unguided,25600,25843,19,62,1700,1700,24,app_budget,false,0.0000
band1_depth3_s18,rapid,21,unguided,51200,31114,22,62,1742,1742,24,quiesced,false,0.0000
band1_depth3_s18,rapid,21,unguided,102400,31114,22,62,1742,1742,24,quiesced,true,0.0000
band1_depth3_s18,rapid,21,unguided,204800,31114,22,62,1742,1742,24,quiesced,true,0.0000
band1_depth3_s18,rapid,21,oracle,25,27,1,19,43,43,609,app_budget,false,2437.5000
band1_depth3_s18,rapid,21,oracle,50,60,2,19,49,49,605,app_budget,false,2420.8333
band1_depth3_s18,rapid,21,oracle,100,105,3,19,53,53,601,app_budget,false,2404.1667
band1_depth3_s18,rapid,21,oracle,200,208,4,19,86,86,601,app_budget,false,2404.1667
band1_depth3_s18,rapid,21,oracle,400,425,5,19,177,177,601,app_budget,false,2404.1667
band1_depth3_s18,rapid,21,oracle,800,875,6,19,279,279,601,app_budget,false,2404.1667
band1_depth3_s18,rapid,21,oracle,1600,1906,7,19,469,469,601,app_budget,false,2404.1667
band1_depth3_s18,rapid,21,oracle,3200,3536,8,19,681,681,601,app_budget,false,2404.1667
band1_depth3_s18,rapid,21,oracle,6400,6581,10,19,1086,1086,28,app_budget,false,16.6667
band1_depth3_s18,rapid,21,oracle,12800,12835,13,19,1340,1340,24,app_budget,false,0.0000
band1_depth3_s18,rapid,21,oracle,25600,25836,19,19,1700,1700,24,app_budget,false,0.0000
band1_depth3_s18,rapid,21,oracle,51200,31104,22,19,1742,1742,24,quiesced,false,0.0000
band1_depth3_s18,rapid,21,oracle,102400,31104,22,19,1742,1742,24,quiesced,true,0.0000
band1_depth3_s18,rapid,21,oracle,204800,31104,22,19,1742,1742,24,quiesced,true,0.0000
band1_depth3_s19,rapid,17,unguided,25,26,2,62,25,25,113,app_budget,false,0.0000
band1_depth3_s19,rapid,17,unguided,50,41,3,62,25,25,113,quiesced,false,0.0000
band1_depth3_s19,rapid,17,unguided,100,41,3,62,25,25,113,quiesced,true,0.0000
band1_depth3_s19,rapid,17,unguided,200,41,3,62,25,25,113,quiesced,true,0.0000
band1_depth3_s19,rapid,17,unguided,400,41,3,62,25,25,113,quiesced,true,0.0000
band1_depth3_s19,rapid,17,unguided,800,41,3,62,25,25,113,quiesced,true,0.0000
band1_depth3_s19,rapid,17,unguided,1600,41,3,62,25,25,113,quiesced,true,0.0000
band1_depth3_s19,rapid,17,unguided,3200,41,3,62,25,25,113,quiesced,true,0.0000
band1_depth3_s19,rapid,17,unguided,6400,41,3,62,25,25,113,quiesced,true,0.0000
band1_depth3_s19,rapid,17,unguided,12800,41,3,62,25,25,113,quiesced,true,0.0000
band1_depth3_s19,rapid,17,unguided,25600,41,3,62,25,25,113,quiesced,true,0.0000
band1_depth3_s19,rapid,17,unguided,51200,41,3,62,25,25,113,quiesced,true,0.0000
band1_depth3_s19,rapid,17,unguided,102400,41,3,62,25,25,113,quiesced,true,0.0000
band1_depth3_s19,rapid,17,unguided,204800,41,3,62,25,25,113,quiesced,true,0.0000
band1_depth3_s19,rapid,17,oracle,25,26,2,7,25,25,113,quiesced,false,0.0000
band1_depth3_s19,rapid,17,oracle,50,26,2,7,25,25,113,quiesced,true,0.0000
band1_depth3_s19,rapid,17,oracle,100,26,2,7,25,25,113,quiesced,true,0.0000
band1_depth3_s19,rapid,17,oracle,200,26,2,7,25,25,113,quiesced,true,0.0000
band1_depth3_s19,rapid,17,oracle,400,26,2,7,25,25,113,quiesced,true,0.0000
band1_depth3_s19,rapid,17,oracle,800,26,2,7,25,25,113,quiesced,true,0.0000
band1_depth3_s19,rapid,17,oracle,1600,26,2,7,25,25,113,quiesced,true,0.0000
band1_depth3_s19,rapid,17,oracle,3200,26,2,7,25,25,113,quiesced,true,0.0000
band1_depth3_s19,rapid,17,oracle,6400,26,2,7,25,25,113,quiesced,true,0.0000
band1_depth3_s19,rapid,17,oracle,12800,26,2,7,25,25,113,quiesced,true,0.0000
band1_depth3_s19,rapid,17,oracle,25600,26,2,7,25,25,113,quiesced,true,0.0000
band1_depth3_s19,rapid,17,oracle,51200,26,2,7,25,25,113,quiesced,true,0.0000
band1_depth3_s19,rapid,17,oracle,102400,26,2,7,25,25,113,quiesced,true,0.0000
band1_depth3_s19,rapid,17,oracle,204800,26,2,7,25,25,113,quiesced,true,0.0000
band1_depth3_s20,rapid,13,unguided,25,22,2,62,18,18,143,quiesced,false,0.0000
band1_depth3_s20,rapid,13,unguided,50,22,2,62,18,18,143,quiesced,true,0.0000
band1_depth3_s20,rapid,13,unguided,100,22,2,62,18,18,143,quiesced,true,0.0000
band1_depth3_s20,rapid,13,unguided,200,22,2,62,18,18,143,quiesced,true,0.0000
band1_depth3_s20,rapid,13,unguided,400,22,2,62,18,18,143,quiesced,true,0.0000
band1_depth3_s20,rapid,13,unguided,800,22,2,62,18,18,143,quiesced,true,0.0000
band1_depth3_s20,rapid,13,unguided,1600,22,2,62,18,18,143,quiesced,true,0.0000
band1_depth3_s20,rapid,13,unguided,3200,22,2,62,18,18,143,quiesced,true,0.0000
band1_depth3_s20,rapid,13,unguided,6400,22,2,62,18,18,143,quiesced,true,0.0000
band1_depth3_s20,rapid,13,unguided,12800,22,2,62,18,18,143,quiesced,true,0.0000
band1_depth3_s20,rapid,13,unguided,25600,22,2,62,18,18,143,quiesced,true,0.0000
band1_depth3_s20,rapid,13,unguided,51200,22,2,62,18,18,143,quiesced,true,0.0000
band1_depth3_s20,rapid,13,unguided,102400,22,2,62,18,18,143,quiesced,true,0.0000
band1_depth3_s20,rapid,13,unguided,204800,22,2,62,18,18,143,quiesced,true,0.0000
band1_depth3_s20,rapid,13,oracle,25,22,2,6,18,18,143,quiesced,false,0.0000
band1_depth3_s20,rapid,13,oracle,50,22,2,6,18,18,143,quiesced,true,0.0000
band1_depth3_s20,rapid,13,oracle,100,22,2,6,18,18,143,quiesced,true,0.0000
band1_depth3_s20,rapid,13,oracle,200,22,2,6,18,18,143,quiesced,true,0.0000
band1_depth3_s20,rapid,13,oracle,400,22,2,6,18,18,143,quiesced,true,0.0000
band1_depth3_s20,rapid,13,oracle,800,22,2,6,18,18,143,quiesced,true,0.0000
band1_depth3_s20,rapid,13,oracle,1600,22,2,6,18,18,143,quiesced,true,0.0000
band1_depth3_s20,rapid,13,oracle,3200,22,2,6,18,18,143,quiesced,true,0.0000
band1_depth3_s20,rapid,13,oracle,6400,22,2,6,18,18,143,quiesced,true,0.0000
band1_depth3_s20,rapid,13,oracle,12800,22,2,6,18,18,143,quiesced,true,0.0000
band1_depth3_s20,rapid,13,oracle,25600,22,2,6,18,18,143,quiesced,true,0.0000
band1_depth3_s20,rapid,13,oracle,51200,22,2,6,18,18,143,quiesced,true,0.0000
band1_depth3_s20,rapid,13,oracle,102400,22,2,6,18,18,143,quiesced,true,0.0000
band1_depth3_s20,rapid,13,oracle,204800,22,2,6,18,18,143,quiesced,true,0.0000
band1_depth3_s21,rapid,18,unguided,25,28,2,62,40,40,111,app_budget,false,0.0000
band1_depth3_s21,rapid,18,unguided,50,50,3,62,44,44,111,app_budget,false,0.0000
band1_depth3_s21,rapid,18,unguided,100,105,5,62,46,46,111,app_budget,false,0.0000
band1_depth3_s21,rapid,18,unguided,200,144,6,62,46,46,111,quiesced,false,0.0000
band1_depth3_s21,rapid,18,unguided,400,144,6,62,46,46,111,quiesced,true,0.0000
band1_depth3_s21,rapid,18,unguided,800,144,6,62,46,46,111,quiesced,true,0.0000
band1_depth3_s21,rapid,18,unguided,1600,144,6,62,46,46,111,quiesced,true,0.0000
band1_depth3_s21,rapid,18,unguided,3200,144,6,62,46,46,111,quiesced,true,0.0000
band1_depth3_s21,rapid,18,unguided,6400,144,6,62,46,46,111,quiesced,true,0.0000
band1_depth3_s21,rapid,18,unguided,12800,144,6,62,46,46,111,quiesced,true,0.0000
band1_depth3_s21,rapid,18,unguided,25600,144,6,62,46,46,111,quiesced,true,0.0000
band1_depth3_s21,rapid,18,unguided,51200,144,6,62,46,46,111,quiesced,true,0.0000
band1_depth3_s21,rapid,18,unguided,102400,144,6,62,46,46,111,quiesced,true,0.0000
band1_depth3_s21,rapid,18,unguided,204800,144,6,62,46,46,111,quiesced,true,0.0000
band1_depth3_s21,rapid,18,oracle,25,27,2,10,40,40,111,app_budget,false,0.0000
band1_depth3_s21,rapid,18,oracle,50,50,3,10,44,44,111,app_budget,false,0.0000
band1_depth3_s21,rapid,18,oracle,100,103,5,10,46,46,111,app_budget,false,0.0000
band1_depth3_s21,rapid,18,oracle,200,140,6,10,46,46,111,quiesced,false,0.0000
band1_depth3_s21,rapid,18,oracle,400,140,6,10,46,46,111,quiesced,true,0.0000
band1_depth3_s21,rapid,18,oracle,800,140,6,10,46,46,111,quiesced,true,0.0000
band1_depth3_s21,rapid,18,oracle,1600,140,6,10,46,46,111,quiesced,true,0.0000
band1_depth3_s21,rapid,18,oracle,3200,140,6,10,46,46,111,quiesced,true,0.0000
band1_depth3_s21,rapid,18,oracle,6400,140,6,10,46,46,111,quiesced,true,0.0000
band1_depth3_s21,rapid,18,oracle,12800,140,6,10,46,46,111,quiesced,true,0.0000
band1_depth3_s21,rapid,18,oracle,25600,140,6,10,46,46,111,quiesced,true,0.0000
band1_depth3_s21,rapid,18,oracle,51200,140,6,10,46,46,111,quiesced,true,0.0000
band1_depth3_s21,rapid,18,oracle,102400,140,6,10,46,46,111,quiesced,true,0.0000
band1_depth3_s21,rapid,18,oracle,204800,140,6,10,46,46,111,quiesced,true,0.0000
band2_depth4_s0,rapid,26,unguided,25,27,2,62,40,40,180,app_budget,false,0.0000
band2_depth4_s0,rapid,26,unguided,50,50,3,62,44,44,180,app_budget,false,0.0000
band2_depth4_s0,rapid,26,unguided,100,96,4,62,44,44,180,quiesced,false,0.0000
band2_depth4_s0,rapid,26,unguided,200,96,4,62,44,44,180,quiesced,true,0.0000
band2_depth4_s0,rapid,26,unguided,400,96,4,62,44,44,180,quiesced,true,0.0000
band2_depth4_s0,rapid,26,unguided,800,96,4,62,44,44,180,quiesced,true,0.0000
band2_depth4_s0,rapid,26,unguided,1600,96,4,62,44,44,180,quiesced,true,0.0000
band2_depth4_s0,rapid,26,unguided,3200,96,4,62,44,44,180,quiesced,true,0.0000
band2_depth4_s0,rapid,26,unguided,6400,96,4,62,44,44,180,quiesced,true,0.0000
band2_depth4_s0,rapid,26,unguided,12800,96,4,62,44,44,180,quiesced,true,0.0000
band2_depth4_s0,rapid,26,unguided,25600,96,4,62,44,44,180,quiesced,true,0.0000
band2_depth4_s0,rapid,26,unguided,51200,96,4,62,44,44,180,quiesced,true,0.0000
band2_depth4_s0,rapid,26,unguided,102400,96,4,62,44,44,180,quiesced,true,0.0000
band2_depth4_s0,rapid,26,unguided,204800,96,4,62,44,44,180,quiesced,true,0.0000
band2_depth4_s0,rapid,26,oracle,25,27,2,8,40,40,180,app_budget,false,0.0000
band2_depth4_s0,rapid,26,oracle,50,50,3,8,44,44,180,app_budget,false,0.0000
band2_depth4_s0,rapid,26,oracle,100,96,4,8,44,44,180,quiesced,false,0.0000
band2_depth4_s0,rapid,26,oracle,200,96,4,8,44,44,180,quiesced,true,0.0000
band2_depth4_s0,rapid,26,oracle,400,96,4,8,44,44,180,quiesced,true,0.0000
band2_depth4_s0,rapid,26,oracle,800,96,4,8,44,44,180,quiesced,true,0.0000
band2_depth4_s0,rapid,26,oracle,1600,96,4,8,44,44,180,quiesced,true,0.0000
band2_depth4_s0,rapid,26,oracle,3200,96,4,8,44,44,180,quiesced,true,0.0000
band2_depth4_s0,rapid,26,oracle,6400,96,4,8,44,44,180,quiesced,true,0.0000
band2_depth4_s0,rapid,26,oracle,12800,96,4,8,44,44,180,quiesced,true,0.0000
band2_depth4_s0,rapid,26,oracle,25600,96,4,8,44,44,180,quiesced,true,0.0000
band2_depth4_s0,rapid,26,oracle,51200,96,4,8,44,44,180,quiesced,true,0.0000
band2_depth4_s0,rapid,26,oracle,102400,96,4,8,44,44,180,quiesced,true,0.0000
band2_depth4_s0,rapid,26,oracle,204800,96,4,8,44,44,180,quiesced,true,0.0000
band2_depth4_s1,rapid,30,unguided,25,27,1,62,56,56,457,app_budget,false,2.9279
band2_depth4_s1,rapid,30,unguided,50,70,2,62,77,77,453,app_budget,false,2.0270
band2_depth4_s1,rapid,30,unguided,100,133,3,62,77,77,453,app_budget,false,2.0270
band2_depth4_s1,rapid,30,unguided,200,200,4,62,77,77,453,app_budget,false,2.0270
band2_depth4_s1,rapid,30,unguided,400,489,6,62,201,201,445,app_budget,false,0.2252
band2_depth4_s1,rapid,30,unguided,800,829,7,62,262,262,445,app_budget,false,0.2252
band2_depth4_s1,rapid,30,unguided,1600,1756,9,62,432,432,444,app_budget,false,0.0000
band2_depth4_s1,rapid,30,unguided,3200,3287,11,62,528,528,444,app_budget,false,0.0000
band2_depth4_s1,rapid,30,unguided,6400,6559,14,62,564,564,444,app_budget,false,0.0000
band2_depth4_s1,rapid,30,unguided,12800,7724,15,62,564,564,444,quiesced,false,0.0000
band2_depth4_s1,rapid,30,unguided,25600,7724,15,62,564,564,444,quiesced,true,0.0000
band2_depth4_s1,rapid,30,unguided,51200,7724,15,62,564,564,444,quiesced,true,0.0000
band2_depth4_s1,rapid,30,unguided,102400,7724,15,62,564,564,444,quiesced,true,0.0000
band2_depth4_s1,rapid,30,unguided,204800,7724,15,62,564,564,444,quiesced,true,0.0000
band2_depth4_s1,rapid,30,oracle,25,27,1,10,56,56,457,app_budget,false,2.9279
band2_depth4_s1,rapid,30,oracle,50,70,2,10,77,77,453,app_budget,false,2.0270
band2_depth4_s1,rapid,30,oracle,100,133,3,10,77,77,453,app_budget,false,2.0270
band2_depth4_s1,rapid,30,oracle,200,200,4,10,77,77,453,app_budget,false,2.0270
band2_depth4_s1,rapid,30,oracle,400,489,6,10,201,201,445,app_budget,false,0.2252
band2_depth4_s1,rapid,30,oracle,800,829,7,10,262,262,445,app_budget,false,0.2252
band2_depth4_s1,rapid,30,oracle,1600,1756,9,10,432,432,444,app_budget,false,0.0000
band2_depth4_s1,rapid,30,oracle,3200,3283,11,10,528,528,444,app_budget,false,0.0000
band2_depth4_s1,rapid,30,oracle,6400,6549,14,10,564,564,444,app_budget,false,0.0000
band2_depth4_s1,rapid,30,oracle,12800,7712,15,10,564,564,444,quiesced,false,0.0000
band2_depth4_s1,rapid,30,oracle,25600,7712,15,10,564,564,444,quiesced,true,0.0000
band2_depth4_s1,rapid,30,oracle,51200,7712,15,10,564,564,444,quiesced,true,0.0000
band2_depth4_s1,rapid,30,oracle,102400,7712,15,10,564,564,444,quiesced,true,0.0000
band2_depth4_s1,rapid,30,oracle,204800,7712,15,10,564,564,444,quiesced,true,0.0000
band2_depth4_s2,rapid,20,unguided,25,25,2,62,31,31,296,app_budget,false,0.0000
band2_depth4_s2,rapid,20,unguided,50,51,3,62,31,31,296,app_budget,false,0.0000
band2_depth4_s2,rapid,20,unguided,100,82,4,62,31,31,296,quiesced,false,0.0000
band2_depth4_s2,rapid,20,unguided,200,82,4,62,31,31,296,quiesced,true,0.0000
band2_depth4_s2,rapid,20,unguided,400,82,4,62,31,31,296,quiesced,true,0.0000
band2_depth4_s2,rapid,20,unguided,800,82,4,62,31,31,296,quiesced,true,0.0000
band2_depth4_s2,rapid,20,unguided,1600,82,4,62,31,31,296,quiesced,true,0.0000
band2_depth4_s2,rapid,20,unguided,3200,82,4,62,31,31,296,quiesced,true,0.0000
band2_depth4_s2,rapid,20,unguided,6400,82,4,62,31,31,296,quiesced,true,0.0000
band2_depth4_s2,rapid,20,unguided,12800,82,4,62,31,31,296,quiesced,true,0.0000
band2_depth4_s2,rapid,20,unguided,25600,82,4,62,31,31,296,quiesced,true,0.0000
band2_depth4_s2,rapid,20,unguided,51200,82,4,62,31,31,296,quiesced,true,0.0000
band2_depth4_s2,rapid,20,unguided,102400,82,4,62,31,31,296,quiesced,true,0.0000
band2_depth4_s2,rapid,20,unguided,204800,82,4,62,31,31,296,quiesced,true,0.0000
band2_depth4_s2,rapid,20,oracle,25,25,2,9,31,31,296,app_budget,false,0.0000
band2_depth4_s2,rapid,20,oracle,50,51,3,9,31,31,296,quiesced,false,0.0000
band2_depth4_s2,rapid,20,oracle,100,51,3,9,31,31,296,quiesced,true,0.0000
band2_depth4_s2,rapid,20,oracle,200,51,3,9,31,31,296,quiesced,true,0.0000
band2_depth4_s2,rapid,20,oracle,400,51,3,9,31,31,296,quiesced,true,0.0000
band2_depth4_s2,rapid,20,oracle,800,51,3,9,31,31,296,quiesced,true,0.0000
band2_depth4_s2,rapid,20,oracle,1600,51,3,9,31,31,296,quiesced,true,0.0000
band2_depth4_s2,rapid,20,oracle,3200,51,3,9,31,31,296,quiesced,true,0.0000
band2_depth4_s2,rapid,20,oracle,6400,51,3,9,31,31,296,quiesced,true,0.0000
band2_depth4_s2,rapid,20,oracle,12800,51,3,9,31,31,296,quiesced,true,0.0000
band2_depth4_s2,rapid,20,oracle,25600,51,3,9,31,31,296,quiesced,true,0.0000
band2_depth4_s2,rapid,20,oracle,51200,51,3,9,31,31,296,quiesced,true,0.0000
band2_depth4_s2,rapid,20,oracle,102400,51,3,9,31,31,296,quiesced,true,0.0000
band2_depth4_s2,rapid,20,oracle,204800,51,3,9,31,31,296,quiesced,true,0.0000
band2_depth4_s3,classical,53,unguided,25,26,1,62,70,70,2043,app_budget,false,98.3495
band2_depth4_s3,classical,53,unguided,50,61,2,62,77,77,2028,app_budget,false,96.8932
band2_depth4_s3,classical,53,unguided,100,110,3,62,79,79,2008,app_budget,false,94.9515
band2_depth4_s3,classical,53,unguided,200,201,4,62,109,109,1590,app_budget,false,54.3689
band2_depth4_s3,classical,53,unguided,400,421,5,62,221,221,1590,app_budget,false,54.3689
band2_depth4_s3,classical,53,unguided,800,821,6,62,322,322,1590,app_budget,false,54.3689
band2_depth4_s3,classical,53,unguided,1600,1647,7,62,535,535,1030,app_budget,false,0.0000
band2_depth4_s3,classical,53,unguided,3200,3245,9,62,681,681,1030,app_budget,false,0.0000
band2_depth4_s3,classical,53,unguided,6400,6580,12,62,727,727,1030,app_budget,false,0.0000
band2_depth4_s3,classical,53,unguided,12800,12382,16,62,732,732,1030,quiesced,false,0.0000
band2_depth4_s3,classical,53,unguided,25600,12382,16,62,732,732,1030,quiesced,true,0.0000
band2_depth4_s3,classical,53,unguided,51200,12382,16,62,732,732,1030,quiesced,true,0.0000
band2_depth4_s3,classical,53,unguided,102400,12382,16,62,732,732,1030,quiesced,true,0.0000
band2_depth4_s3,classical,53,unguided,204800,12382,16,62,732,732,1030,quiesced,true,0.0000
band2_depth4_s3,classical,53,oracle,25,26,1,16,70,70,2043,app_budget,false,98.3495
band2_depth4_s3,classical,53,oracle,50,61,2,16,77,77,2028,app_budget,false,96.8932
band2_depth4_s3,classical,53,oracle,100,110,3,16,79,79,2008,app_budget,false,94.9515
band2_depth4_s3,classical,53,oracle,200,201,4,16,109,109,1590,app_budget,false,54.3689
band2_depth4_s3,classical,53,oracle,400,419,5,16,221,221,1590,app_budget,false,54.3689
band2_depth4_s3,classical,53,oracle,800,810,6,16,322,322,1590,app_budget,false,54.3689
band2_depth4_s3,classical,53,oracle,1600,1621,7,16,535,535,1030,app_budget,false,0.0000
band2_depth4_s3,classical,53,oracle,3200,3273,9,16,683,683,1030,app_budget,false,0.0000
band2_depth4_s3,classical,53,oracle,6400,6549,12,16,727,727,1030,app_budget,false,0.0000
band2_depth4_s3,classical,53,oracle,12800,12223,16,16,732,732,1030,quiesced,false,0.0000
band2_depth4_s3,classical,53,oracle,25600,12223,16,16,732,732,1030,quiesced,true,0.0000
band2_depth4_s3,classical,53,oracle,51200,12223,16,16,732,732,1030,quiesced,true,0.0000
band2_depth4_s3,classical,53,oracle,102400,12223,16,16,732,732,1030,quiesced,true,0.0000
band2_depth4_s3,classical,53,oracle,204800,12223,16,16,732,732,1030,quiesced,true,0.0000
band2_depth4_s4,rapid,15,unguided,25,19,2,62,18,18,228,quiesced,false,0.0000
band2_depth4_s4,rapid,15,unguided,50,19,2,62,18,18,228,quiesced,true,0.0000
band2_depth4_s4,rapid,15,unguided,100,19,2,62,18,18,228,quiesced,true,0.0000
band2_depth4_s4,rapid,15,unguided,200,19,2,62,18,18,228,quiesced,true,0.0000
band2_depth4_s4,rapid,15,unguided,400,19,2,62,18,18,228,quiesced,true,0.0000
band2_depth4_s4,rapid,15,unguided,800,19,2,62,18,18,228,quiesced,true,0.0000
band2_depth4_s4,rapid,15,unguided,1600,19,2,62,18,18,228,quiesced,true,0.0000
band2_depth4_s4,rapid,15,unguided,3200,19,2,62,18,18,228,quiesced,true,0.0000
band2_depth4_s4,rapid,15,unguided,6400,19,2,62,18,18,228,quiesced,true,0.0000
band2_depth4_s4,rapid,15,unguided,12800,19,2,62,18,18,228,quiesced,true,0.0000
band2_depth4_s4,rapid,15,unguided,25600,19,2,62,18,18,228,quiesced,true,0.0000
band2_depth4_s4,rapid,15,unguided,51200,19,2,62,18,18,228,quiesced,true,0.0000
band2_depth4_s4,rapid,15,unguided,102400,19,2,62,18,18,228,quiesced,true,0.0000
band2_depth4_s4,rapid,15,unguided,204800,19,2,62,18,18,228,quiesced,true,0.0000
band2_depth4_s4,rapid,15,oracle,25,19,2,5,18,18,228,quiesced,false,0.0000
band2_depth4_s4,rapid,15,oracle,50,19,2,5,18,18,228,quiesced,true,0.0000
band2_depth4_s4,rapid,15,oracle,100,19,2,5,18,18,228,quiesced,true,0.0000
band2_depth4_s4,rapid,15,oracle,200,19,2,5,18,18,228,quiesced,true,0.0000
band2_depth4_s4,rapid,15,oracle,400,19,2,5,18,18,228,quiesced,true,0.0000
band2_depth4_s4,rapid,15,oracle,800,19,2,5,18,18,228,quiesced,true,0.0000
band2_depth4_s4,rapid,15,oracle,1600,19,2,5,18,18,228,quiesced,true,0.0000
band2_depth4_s4,rapid,15,oracle,3200,19,2,5,18,18,228,quiesced,true,0.0000
band2_depth4_s4,rapid,15,oracle,6400,19,2,5,18,18,228,quiesced,true,0.0000
band2_depth4_s4,rapid,15,oracle,12800,19,2,5,18,18,228,quiesced,true,0.0000
band2_depth4_s4,rapid,15,oracle,25600,19,2,5,18,18,228,quiesced,true,0.0000
band2_depth4_s4,rapid,15,oracle,51200,19,2,5,18,18,228,quiesced,true,0.0000
band2_depth4_s4,rapid,15,oracle,102400,19,2,5,18,18,228,quiesced,true,0.0000
band2_depth4_s4,rapid,15,oracle,204800,19,2,5,18,18,228,quiesced,true,0.0000
band2_depth4_s5,rapid,29,unguided,25,34,2,62,48,48,148,app_budget,false,0.0000
band2_depth4_s5,rapid,29,unguided,50,54,3,62,51,51,148,app_budget,false,0.0000
band2_depth4_s5,rapid,29,unguided,100,101,5,62,57,57,148,app_budget,false,0.0000
band2_depth4_s5,rapid,29,unguided,200,201,7,62,63,63,148,app_budget,false,0.0000
band2_depth4_s5,rapid,29,unguided,400,261,8,62,63,63,148,quiesced,false,0.0000
band2_depth4_s5,rapid,29,unguided,800,261,8,62,63,63,148,quiesced,true,0.0000
band2_depth4_s5,rapid,29,unguided,1600,261,8,62,63,63,148,quiesced,true,0.0000
band2_depth4_s5,rapid,29,unguided,3200,261,8,62,63,63,148,quiesced,true,0.0000
band2_depth4_s5,rapid,29,unguided,6400,261,8,62,63,63,148,quiesced,true,0.0000
band2_depth4_s5,rapid,29,unguided,12800,261,8,62,63,63,148,quiesced,true,0.0000
band2_depth4_s5,rapid,29,unguided,25600,261,8,62,63,63,148,quiesced,true,0.0000
band2_depth4_s5,rapid,29,unguided,51200,261,8,62,63,63,148,quiesced,true,0.0000
band2_depth4_s5,rapid,29,unguided,102400,261,8,62,63,63,148,quiesced,true,0.0000
band2_depth4_s5,rapid,29,unguided,204800,261,8,62,63,63,148,quiesced,true,0.0000
band2_depth4_s5,rapid,29,oracle,25,34,2,12,48,48,148,app_budget,false,0.0000
band2_depth4_s5,rapid,29,oracle,50,54,3,12,51,51,148,app_budget,false,0.0000
band2_depth4_s5,rapid,29,oracle,100,101,5,12,57,57,148,app_budget,false,0.0000
band2_depth4_s5,rapid,29,oracle,200,201,7,12,63,63,148,app_budget,false,0.0000
band2_depth4_s5,rapid,29,oracle,400,259,8,12,63,63,148,quiesced,false,0.0000
band2_depth4_s5,rapid,29,oracle,800,259,8,12,63,63,148,quiesced,true,0.0000
band2_depth4_s5,rapid,29,oracle,1600,259,8,12,63,63,148,quiesced,true,0.0000
band2_depth4_s5,rapid,29,oracle,3200,259,8,12,63,63,148,quiesced,true,0.0000
band2_depth4_s5,rapid,29,oracle,6400,259,8,12,63,63,148,quiesced,true,0.0000
band2_depth4_s5,rapid,29,oracle,12800,259,8,12,63,63,148,quiesced,true,0.0000
band2_depth4_s5,rapid,29,oracle,25600,259,8,12,63,63,148,quiesced,true,0.0000
band2_depth4_s5,rapid,29,oracle,51200,259,8,12,63,63,148,quiesced,true,0.0000
band2_depth4_s5,rapid,29,oracle,102400,259,8,12,63,63,148,quiesced,true,0.0000
band2_depth4_s5,rapid,29,oracle,204800,259,8,12,63,63,148,quiesced,true,0.0000
band2_depth4_s6,rapid,24,unguided,25,26,2,62,34,34,166,app_budget,false,0.0000
band2_depth4_s6,rapid,24,unguided,50,44,3,62,34,34,166,quiesced,false,0.0000
band2_depth4_s6,rapid,24,unguided,100,44,3,62,34,34,166,quiesced,true,0.0000
band2_depth4_s6,rapid,24,unguided,200,44,3,62,34,34,166,quiesced,true,0.0000
band2_depth4_s6,rapid,24,unguided,400,44,3,62,34,34,166,quiesced,true,0.0000
band2_depth4_s6,rapid,24,unguided,800,44,3,62,34,34,166,quiesced,true,0.0000
band2_depth4_s6,rapid,24,unguided,1600,44,3,62,34,34,166,quiesced,true,0.0000
band2_depth4_s6,rapid,24,unguided,3200,44,3,62,34,34,166,quiesced,true,0.0000
band2_depth4_s6,rapid,24,unguided,6400,44,3,62,34,34,166,quiesced,true,0.0000
band2_depth4_s6,rapid,24,unguided,12800,44,3,62,34,34,166,quiesced,true,0.0000
band2_depth4_s6,rapid,24,unguided,25600,44,3,62,34,34,166,quiesced,true,0.0000
band2_depth4_s6,rapid,24,unguided,51200,44,3,62,34,34,166,quiesced,true,0.0000
band2_depth4_s6,rapid,24,unguided,102400,44,3,62,34,34,166,quiesced,true,0.0000
band2_depth4_s6,rapid,24,unguided,204800,44,3,62,34,34,166,quiesced,true,0.0000
band2_depth4_s6,rapid,24,oracle,25,26,2,7,34,34,166,app_budget,false,0.0000
band2_depth4_s6,rapid,24,oracle,50,44,3,7,34,34,166,quiesced,false,0.0000
band2_depth4_s6,rapid,24,oracle,100,44,3,7,34,34,166,quiesced,true,0.0000
band2_depth4_s6,rapid,24,oracle,200,44,3,7,34,34,166,quiesced,true,0.0000
band2_depth4_s6,rapid,24,oracle,400,44,3,7,34,34,166,quiesced,true,0.0000
band2_depth4_s6,rapid,24,oracle,800,44,3,7,34,34,166,quiesced,true,0.0000
band2_depth4_s6,rapid,24,oracle,1600,44,3,7,34,34,166,quiesced,true,0.0000
band2_depth4_s6,rapid,24,oracle,3200,44,3,7,34,34,166,quiesced,true,0.0000
band2_depth4_s6,rapid,24,oracle,6400,44,3,7,34,34,166,quiesced,true,0.0000
band2_depth4_s6,rapid,24,oracle,12800,44,3,7,34,34,166,quiesced,true,0.0000
band2_depth4_s6,rapid,24,oracle,25600,44,3,7,34,34,166,quiesced,true,0.0000
band2_depth4_s6,rapid,24,oracle,51200,44,3,7,34,34,166,quiesced,true,0.0000
band2_depth4_s6,rapid,24,oracle,102400,44,3,7,34,34,166,quiesced,true,0.0000
band2_depth4_s6,rapid,24,oracle,204800,44,3,7,34,34,166,quiesced,true,0.0000
band2_depth4_s7,rapid,34,unguided,25,32,1,62,64,64,1363,app_budget,false,490.0433
band2_depth4_s7,rapid,34,unguided,50,74,2,62,83,83,1355,app_budget,false,486.5801
band2_depth4_s7,rapid,34,unguided,100,134,3,62,83,83,1355,app_budget,false,486.5801
band2_depth4_s7,rapid,34,unguided,200,202,4,62,83,83,1355,app_budget,false,486.5801
band2_depth4_s7,rapid,34,unguided,400,429,5,62,192,192,261,app_budget,false,12.9870
band2_depth4_s7,rapid,34,unguided,800,806,7,62,247,247,231,app_budget,false,0.0000
band2_depth4_s7,rapid,34,unguided,1600,1717,9,62,274,274,231,app_budget,false,0.0000
band2_depth4_s7,rapid,34,unguided,3200,2192,10,62,274,274,231,quiesced,false,0.0000
band2_depth4_s7,rapid,34,unguided,6400,2192,10,62,274,274,231,quiesced,true,0.0000
band2_depth4_s7,rapid,34,unguided,12800,2192,10,62,274,274,231,quiesced,true,0.0000
band2_depth4_s7,rapid,34,unguided,25600,2192,10,62,274,274,231,quiesced,true,0.0000
band2_depth4_s7,rapid,34,unguided,51200,2192,10,62,274,274,231,quiesced,true,0.0000
band2_depth4_s7,rapid,34,unguided,102400,2192,10,62,274,274,231,quiesced,true,0.0000
band2_depth4_s7,rapid,34,unguided,204800,2192,10,62,274,274,231,quiesced,true,0.0000
band2_depth4_s7,rapid,34,oracle,25,32,1,15,64,64,1363,app_budget,false,490.0433
band2_depth4_s7,rapid,34,oracle,50,74,2,15,83,83,1355,app_budget,false,486.5801
band2_depth4_s7,rapid,34,oracle,100,134,3,15,83,83,1355,app_budget,false,486.5801
band2_depth4_s7,rapid,34,oracle,200,202,4,15,83,83,1355,app_budget,false,486.5801
band2_depth4_s7,rapid,34,oracle,400,427,5,15,192,192,261,app_budget,false,12.9870
band2_depth4_s7,rapid,34,oracle,800,900,7,15,252,252,231,app_budget,false,0.0000
band2_depth4_s7,rapid,34,oracle,1600,1658,9,15,273,273,231,app_budget,false,0.0000
band2_depth4_s7,rapid,34,oracle,3200,2582,11,15,274,274,231,quiesced,false,0.0000
band2_depth4_s7,rapid,34,oracle,6400,2582,11,15,274,274,231,quiesced,true,0.0000
band2_depth4_s7,rapid,34,oracle,12800,2582,11,15,274,274,231,quiesced,true,0.0000
band2_depth4_s7,rapid,34,oracle,25600,2582,11,15,274,274,231,quiesced,true,0.0000
band2_depth4_s7,rapid,34,oracle,51200,2582,11,15,274,274,231,quiesced,true,0.0000
band2_depth4_s7,rapid,34,oracle,102400,2582,11,15,274,274,231,quiesced,true,0.0000
band2_depth4_s7,rapid,34,oracle,204800,2582,11,15,274,274,231,quiesced,true,0.0000
band2_depth4_s8,rapid,11,unguided,25,25,2,62,24,24,23,app_budget,false,0.0000
band2_depth4_s8,rapid,11,unguided,50,49,3,62,24,24,23,quiesced,false,0.0000
band2_depth4_s8,rapid,11,unguided,100,49,3,62,24,24,23,quiesced,true,0.0000
band2_depth4_s8,rapid,11,unguided,200,49,3,62,24,24,23,quiesced,true,0.0000
band2_depth4_s8,rapid,11,unguided,400,49,3,62,24,24,23,quiesced,true,0.0000
band2_depth4_s8,rapid,11,unguided,800,49,3,62,24,24,23,quiesced,true,0.0000
band2_depth4_s8,rapid,11,unguided,1600,49,3,62,24,24,23,quiesced,true,0.0000
band2_depth4_s8,rapid,11,unguided,3200,49,3,62,24,24,23,quiesced,true,0.0000
band2_depth4_s8,rapid,11,unguided,6400,49,3,62,24,24,23,quiesced,true,0.0000
band2_depth4_s8,rapid,11,unguided,12800,49,3,62,24,24,23,quiesced,true,0.0000
band2_depth4_s8,rapid,11,unguided,25600,49,3,62,24,24,23,quiesced,true,0.0000
band2_depth4_s8,rapid,11,unguided,51200,49,3,62,24,24,23,quiesced,true,0.0000
band2_depth4_s8,rapid,11,unguided,102400,49,3,62,24,24,23,quiesced,true,0.0000
band2_depth4_s8,rapid,11,unguided,204800,49,3,62,24,24,23,quiesced,true,0.0000
band2_depth4_s8,rapid,11,oracle,25,25,2,8,24,24,23,app_budget,false,0.0000
band2_depth4_s8,rapid,11,oracle,50,47,3,8,24,24,23,quiesced,false,0.0000
band2_depth4_s8,rapid,11,oracle,100,47,3,8,24,24,23,quiesced,true,0.0000
band2_depth4_s8,rapid,11,oracle,200,47,3,8,24,24,23,quiesced,true,0.0000
band2_depth4_s8,rapid,11,oracle,400,47,3,8,24,24,23,quiesced,true,0.0000
band2_depth4_s8,rapid,11,oracle,800,47,3,8,24,24,23,quiesced,true,0.0000
band2_depth4_s8,rapid,11,oracle,1600,47,3,8,24,24,23,quiesced,true,0.0000
band2_depth4_s8,rapid,11,oracle,3200,47,3,8,24,24,23,quiesced,true,0.0000
band2_depth4_s8,rapid,11,oracle,6400,47,3,8,24,24,23,quiesced,true,0.0000
band2_depth4_s8,rapid,11,oracle,12800,47,3,8,24,24,23,quiesced,true,0.0000
band2_depth4_s8,rapid,11,oracle,25600,47,3,8,24,24,23,quiesced,true,0.0000
band2_depth4_s8,rapid,11,oracle,51200,47,3,8,24,24,23,quiesced,true,0.0000
band2_depth4_s8,rapid,11,oracle,102400,47,3,8,24,24,23,quiesced,true,0.0000
band2_depth4_s8,rapid,11,oracle,204800,47,3,8,24,24,23,quiesced,true,0.0000
band2_depth4_s9,rapid,20,unguided,25,31,1,62,50,50,228,app_budget,false,0.0000
band2_depth4_s9,rapid,20,unguided,50,60,2,62,60,60,228,app_budget,false,0.0000
band2_depth4_s9,rapid,20,unguided,100,100,3,62,60,60,228,app_budget,false,0.0000
band2_depth4_s9,rapid,20,unguided,200,209,5,62,84,84,228,app_budget,false,0.0000
band2_depth4_s9,rapid,20,unguided,400,407,7,62,158,158,228,app_budget,false,0.0000
band2_depth4_s9,rapid,20,unguided,800,875,8,62,386,386,228,app_budget,false,0.0000
band2_depth4_s9,rapid,20,unguided,1600,1610,9,62,783,783,228,app_budget,false,0.0000
band2_depth4_s9,rapid,20,unguided,3200,3328,10,62,1490,1490,228,app_budget,false,0.0000
band2_depth4_s9,rapid,20,unguided,6400,6401,13,62,1954,1954,228,app_budget,false,0.0000
band2_depth4_s9,rapid,20,unguided,12800,7092,15,62,1961,1961,228,quiesced,false,0.0000
band2_depth4_s9,rapid,20,unguided,25600,7092,15,62,1961,1961,228,quiesced,true,0.0000
band2_depth4_s9,rapid,20,unguided,51200,7092,15,62,1961,1961,228,quiesced,true,0.0000
band2_depth4_s9,rapid,20,unguided,102400,7092,15,62,1961,1961,228,quiesced,true,0.0000
band2_depth4_s9,rapid,20,unguided,204800,7092,15,62,1961,1961,228,quiesced,true,0.0000
band2_depth4_s9,rapid,20,oracle,25,31,1,27,50,50,228,app_budget,false,0.0000
band2_depth4_s9,rapid,20,oracle,50,60,2,27,60,60,228,app_budget,false,0.0000
band2_depth4_s9,rapid,20,oracle,100,100,3,27,60,60,228,app_budget,false,0.0000
band2_depth4_s9,rapid,20,oracle,200,208,5,27,84,84,228,app_budget,false,0.0000
band2_depth4_s9,rapid,20,oracle,400,404,7,27,158,158,228,app_budget,false,0.0000
band2_depth4_s9,rapid,20,oracle,800,870,8,27,386,386,228,app_budget,false,0.0000
band2_depth4_s9,rapid,20,oracle,1600,1604,9,27,783,783,228,app_budget,false,0.0000
band2_depth4_s9,rapid,20,oracle,3200,3321,10,27,1490,1490,228,app_budget,false,0.0000
band2_depth4_s9,rapid,20,oracle,6400,6438,13,27,1955,1955,228,app_budget,false,0.0000
band2_depth4_s9,rapid,20,oracle,12800,7118,15,27,1961,1961,228,quiesced,false,0.0000
band2_depth4_s9,rapid,20,oracle,25600,7118,15,27,1961,1961,228,quiesced,true,0.0000
band2_depth4_s9,rapid,20,oracle,51200,7118,15,27,1961,1961,228,quiesced,true,0.0000
band2_depth4_s9,rapid,20,oracle,102400,7118,15,27,1961,1961,228,quiesced,true,0.0000
band2_depth4_s9,rapid,20,oracle,204800,7118,15,27,1961,1961,228,quiesced,true,0.0000
band2_depth4_s10,blitz,8,unguided,25,9,2,62,8,8,97,quiesced,false,0.0000
band2_depth4_s10,blitz,8,unguided,50,9,2,62,8,8,97,quiesced,true,0.0000
band2_depth4_s10,blitz,8,unguided,100,9,2,62,8,8,97,quiesced,true,0.0000
band2_depth4_s10,blitz,8,unguided,200,9,2,62,8,8,97,quiesced,true,0.0000
band2_depth4_s10,blitz,8,unguided,400,9,2,62,8,8,97,quiesced,true,0.0000
band2_depth4_s10,blitz,8,unguided,800,9,2,62,8,8,97,quiesced,true,0.0000
band2_depth4_s10,blitz,8,unguided,1600,9,2,62,8,8,97,quiesced,true,0.0000
band2_depth4_s10,blitz,8,unguided,3200,9,2,62,8,8,97,quiesced,true,0.0000
band2_depth4_s10,blitz,8,unguided,6400,9,2,62,8,8,97,quiesced,true,0.0000
band2_depth4_s10,blitz,8,unguided,12800,9,2,62,8,8,97,quiesced,true,0.0000
band2_depth4_s10,blitz,8,unguided,25600,9,2,62,8,8,97,quiesced,true,0.0000
band2_depth4_s10,blitz,8,unguided,51200,9,2,62,8,8,97,quiesced,true,0.0000
band2_depth4_s10,blitz,8,unguided,102400,9,2,62,8,8,97,quiesced,true,0.0000
band2_depth4_s10,blitz,8,unguided,204800,9,2,62,8,8,97,quiesced,true,0.0000
band2_depth4_s10,blitz,8,oracle,25,9,2,3,8,8,97,quiesced,false,0.0000
band2_depth4_s10,blitz,8,oracle,50,9,2,3,8,8,97,quiesced,true,0.0000
band2_depth4_s10,blitz,8,oracle,100,9,2,3,8,8,97,quiesced,true,0.0000
band2_depth4_s10,blitz,8,oracle,200,9,2,3,8,8,97,quiesced,true,0.0000
band2_depth4_s10,blitz,8,oracle,400,9,2,3,8,8,97,quiesced,true,0.0000
band2_depth4_s10,blitz,8,oracle,800,9,2,3,8,8,97,quiesced,true,0.0000
band2_depth4_s10,blitz,8,oracle,1600,9,2,3,8,8,97,quiesced,true,0.0000
band2_depth4_s10,blitz,8,oracle,3200,9,2,3,8,8,97,quiesced,true,0.0000
band2_depth4_s10,blitz,8,oracle,6400,9,2,3,8,8,97,quiesced,true,0.0000
band2_depth4_s10,blitz,8,oracle,12800,9,2,3,8,8,97,quiesced,true,0.0000
band2_depth4_s10,blitz,8,oracle,25600,9,2,3,8,8,97,quiesced,true,0.0000
band2_depth4_s10,blitz,8,oracle,51200,9,2,3,8,8,97,quiesced,true,0.0000
band2_depth4_s10,blitz,8,oracle,102400,9,2,3,8,8,97,quiesced,true,0.0000
band2_depth4_s10,blitz,8,oracle,204800,9,2,3,8,8,97,quiesced,true,0.0000
band2_depth4_s11,blitz,8,unguided,25,9,2,62,10,10,210,quiesced,false,0.0000
band2_depth4_s11,blitz,8,unguided,50,9,2,62,10,10,210,quiesced,true,0.0000
band2_depth4_s11,blitz,8,unguided,100,9,2,62,10,10,210,quiesced,true,0.0000
band2_depth4_s11,blitz,8,unguided,200,9,2,62,10,10,210,quiesced,true,0.0000
band2_depth4_s11,blitz,8,unguided,400,9,2,62,10,10,210,quiesced,true,0.0000
band2_depth4_s11,blitz,8,unguided,800,9,2,62,10,10,210,quiesced,true,0.0000
band2_depth4_s11,blitz,8,unguided,1600,9,2,62,10,10,210,quiesced,true,0.0000
band2_depth4_s11,blitz,8,unguided,3200,9,2,62,10,10,210,quiesced,true,0.0000
band2_depth4_s11,blitz,8,unguided,6400,9,2,62,10,10,210,quiesced,true,0.0000
band2_depth4_s11,blitz,8,unguided,12800,9,2,62,10,10,210,quiesced,true,0.0000
band2_depth4_s11,blitz,8,unguided,25600,9,2,62,10,10,210,quiesced,true,0.0000
band2_depth4_s11,blitz,8,unguided,51200,9,2,62,10,10,210,quiesced,true,0.0000
band2_depth4_s11,blitz,8,unguided,102400,9,2,62,10,10,210,quiesced,true,0.0000
band2_depth4_s11,blitz,8,unguided,204800,9,2,62,10,10,210,quiesced,true,0.0000
band2_depth4_s11,blitz,8,oracle,25,9,2,3,10,10,210,quiesced,false,0.0000
band2_depth4_s11,blitz,8,oracle,50,9,2,3,10,10,210,quiesced,true,0.0000
band2_depth4_s11,blitz,8,oracle,100,9,2,3,10,10,210,quiesced,true,0.0000
band2_depth4_s11,blitz,8,oracle,200,9,2,3,10,10,210,quiesced,true,0.0000
band2_depth4_s11,blitz,8,oracle,400,9,2,3,10,10,210,quiesced,true,0.0000
band2_depth4_s11,blitz,8,oracle,800,9,2,3,10,10,210,quiesced,true,0.0000
band2_depth4_s11,blitz,8,oracle,1600,9,2,3,10,10,210,quiesced,true,0.0000
band2_depth4_s11,blitz,8,oracle,3200,9,2,3,10,10,210,quiesced,true,0.0000
band2_depth4_s11,blitz,8,oracle,6400,9,2,3,10,10,210,quiesced,true,0.0000
band2_depth4_s11,blitz,8,oracle,12800,9,2,3,10,10,210,quiesced,true,0.0000
band2_depth4_s11,blitz,8,oracle,25600,9,2,3,10,10,210,quiesced,true,0.0000
band2_depth4_s11,blitz,8,oracle,51200,9,2,3,10,10,210,quiesced,true,0.0000
band2_depth4_s11,blitz,8,oracle,102400,9,2,3,10,10,210,quiesced,true,0.0000
band2_depth4_s11,blitz,8,oracle,204800,9,2,3,10,10,210,quiesced,true,0.0000
band2_depth4_s12,rapid,20,unguided,25,25,2,62,28,28,157,app_budget,false,0.0000
band2_depth4_s12,rapid,20,unguided,50,50,3,62,28,28,157,app_budget,false,0.0000
band2_depth4_s12,rapid,20,unguided,100,75,4,62,28,28,157,quiesced,false,0.0000
band2_depth4_s12,rapid,20,unguided,200,75,4,62,28,28,157,quiesced,true,0.0000
band2_depth4_s12,rapid,20,unguided,400,75,4,62,28,28,157,quiesced,true,0.0000
band2_depth4_s12,rapid,20,unguided,800,75,4,62,28,28,157,quiesced,true,0.0000
band2_depth4_s12,rapid,20,unguided,1600,75,4,62,28,28,157,quiesced,true,0.0000
band2_depth4_s12,rapid,20,unguided,3200,75,4,62,28,28,157,quiesced,true,0.0000
band2_depth4_s12,rapid,20,unguided,6400,75,4,62,28,28,157,quiesced,true,0.0000
band2_depth4_s12,rapid,20,unguided,12800,75,4,62,28,28,157,quiesced,true,0.0000
band2_depth4_s12,rapid,20,unguided,25600,75,4,62,28,28,157,quiesced,true,0.0000
band2_depth4_s12,rapid,20,unguided,51200,75,4,62,28,28,157,quiesced,true,0.0000
band2_depth4_s12,rapid,20,unguided,102400,75,4,62,28,28,157,quiesced,true,0.0000
band2_depth4_s12,rapid,20,unguided,204800,75,4,62,28,28,157,quiesced,true,0.0000
band2_depth4_s12,rapid,20,oracle,25,25,2,7,28,28,157,app_budget,false,0.0000
band2_depth4_s12,rapid,20,oracle,50,50,3,7,28,28,157,quiesced,false,0.0000
band2_depth4_s12,rapid,20,oracle,100,50,3,7,28,28,157,quiesced,true,0.0000
band2_depth4_s12,rapid,20,oracle,200,50,3,7,28,28,157,quiesced,true,0.0000
band2_depth4_s12,rapid,20,oracle,400,50,3,7,28,28,157,quiesced,true,0.0000
band2_depth4_s12,rapid,20,oracle,800,50,3,7,28,28,157,quiesced,true,0.0000
band2_depth4_s12,rapid,20,oracle,1600,50,3,7,28,28,157,quiesced,true,0.0000
band2_depth4_s12,rapid,20,oracle,3200,50,3,7,28,28,157,quiesced,true,0.0000
band2_depth4_s12,rapid,20,oracle,6400,50,3,7,28,28,157,quiesced,true,0.0000
band2_depth4_s12,rapid,20,oracle,12800,50,3,7,28,28,157,quiesced,true,0.0000
band2_depth4_s12,rapid,20,oracle,25600,50,3,7,28,28,157,quiesced,true,0.0000
band2_depth4_s12,rapid,20,oracle,51200,50,3,7,28,28,157,quiesced,true,0.0000
band2_depth4_s12,rapid,20,oracle,102400,50,3,7,28,28,157,quiesced,true,0.0000
band2_depth4_s12,rapid,20,oracle,204800,50,3,7,28,28,157,quiesced,true,0.0000
band2_depth4_s13,rapid,23,unguided,25,26,2,62,30,30,310,app_budget,false,0.0000
band2_depth4_s13,rapid,23,unguided,50,48,3,62,30,30,310,quiesced,false,0.0000
band2_depth4_s13,rapid,23,unguided,100,48,3,62,30,30,310,quiesced,true,0.0000
band2_depth4_s13,rapid,23,unguided,200,48,3,62,30,30,310,quiesced,true,0.0000
band2_depth4_s13,rapid,23,unguided,400,48,3,62,30,30,310,quiesced,true,0.0000
band2_depth4_s13,rapid,23,unguided,800,48,3,62,30,30,310,quiesced,true,0.0000
band2_depth4_s13,rapid,23,unguided,1600,48,3,62,30,30,310,quiesced,true,0.0000
band2_depth4_s13,rapid,23,unguided,3200,48,3,62,30,30,310,quiesced,true,0.0000
band2_depth4_s13,rapid,23,unguided,6400,48,3,62,30,30,310,quiesced,true,0.0000
band2_depth4_s13,rapid,23,unguided,12800,48,3,62,30,30,310,quiesced,true,0.0000
band2_depth4_s13,rapid,23,unguided,25600,48,3,62,30,30,310,quiesced,true,0.0000
band2_depth4_s13,rapid,23,unguided,51200,48,3,62,30,30,310,quiesced,true,0.0000
band2_depth4_s13,rapid,23,unguided,102400,48,3,62,30,30,310,quiesced,true,0.0000
band2_depth4_s13,rapid,23,unguided,204800,48,3,62,30,30,310,quiesced,true,0.0000
band2_depth4_s13,rapid,23,oracle,25,26,2,6,30,30,310,app_budget,false,0.0000
band2_depth4_s13,rapid,23,oracle,50,48,3,6,30,30,310,quiesced,false,0.0000
band2_depth4_s13,rapid,23,oracle,100,48,3,6,30,30,310,quiesced,true,0.0000
band2_depth4_s13,rapid,23,oracle,200,48,3,6,30,30,310,quiesced,true,0.0000
band2_depth4_s13,rapid,23,oracle,400,48,3,6,30,30,310,quiesced,true,0.0000
band2_depth4_s13,rapid,23,oracle,800,48,3,6,30,30,310,quiesced,true,0.0000
band2_depth4_s13,rapid,23,oracle,1600,48,3,6,30,30,310,quiesced,true,0.0000
band2_depth4_s13,rapid,23,oracle,3200,48,3,6,30,30,310,quiesced,true,0.0000
band2_depth4_s13,rapid,23,oracle,6400,48,3,6,30,30,310,quiesced,true,0.0000
band2_depth4_s13,rapid,23,oracle,12800,48,3,6,30,30,310,quiesced,true,0.0000
band2_depth4_s13,rapid,23,oracle,25600,48,3,6,30,30,310,quiesced,true,0.0000
band2_depth4_s13,rapid,23,oracle,51200,48,3,6,30,30,310,quiesced,true,0.0000
band2_depth4_s13,rapid,23,oracle,102400,48,3,6,30,30,310,quiesced,true,0.0000
band2_depth4_s13,rapid,23,oracle,204800,48,3,6,30,30,310,quiesced,true,0.0000
band2_depth4_s14,rapid,15,unguided,25,22,2,62,20,20,32,quiesced,false,0.0000
band2_depth4_s14,rapid,15,unguided,50,22,2,62,20,20,32,quiesced,true,0.0000
band2_depth4_s14,rapid,15,unguided,100,22,2,62,20,20,32,quiesced,true,0.0000
band2_depth4_s14,rapid,15,unguided,200,22,2,62,20,20,32,quiesced,true,0.0000
band2_depth4_s14,rapid,15,unguided,400,22,2,62,20,20,32,quiesced,true,0.0000
band2_depth4_s14,rapid,15,unguided,800,22,2,62,20,20,32,quiesced,true,0.0000
band2_depth4_s14,rapid,15,unguided,1600,22,2,62,20,20,32,quiesced,true,0.0000
band2_depth4_s14,rapid,15,unguided,3200,22,2,62,20,20,32,quiesced,true,0.0000
band2_depth4_s14,rapid,15,unguided,6400,22,2,62,20,20,32,quiesced,true,0.0000
band2_depth4_s14,rapid,15,unguided,12800,22,2,62,20,20,32,quiesced,true,0.0000
band2_depth4_s14,rapid,15,unguided,25600,22,2,62,20,20,32,quiesced,true,0.0000
band2_depth4_s14,rapid,15,unguided,51200,22,2,62,20,20,32,quiesced,true,0.0000
band2_depth4_s14,rapid,15,unguided,102400,22,2,62,20,20,32,quiesced,true,0.0000
band2_depth4_s14,rapid,15,unguided,204800,22,2,62,20,20,32,quiesced,true,0.0000
band2_depth4_s14,rapid,15,oracle,25,22,2,5,20,20,32,quiesced,false,0.0000
band2_depth4_s14,rapid,15,oracle,50,22,2,5,20,20,32,quiesced,true,0.0000
band2_depth4_s14,rapid,15,oracle,100,22,2,5,20,20,32,quiesced,true,0.0000
band2_depth4_s14,rapid,15,oracle,200,22,2,5,20,20,32,quiesced,true,0.0000
band2_depth4_s14,rapid,15,oracle,400,22,2,5,20,20,32,quiesced,true,0.0000
band2_depth4_s14,rapid,15,oracle,800,22,2,5,20,20,32,quiesced,true,0.0000
band2_depth4_s14,rapid,15,oracle,1600,22,2,5,20,20,32,quiesced,true,0.0000
band2_depth4_s14,rapid,15,oracle,3200,22,2,5,20,20,32,quiesced,true,0.0000
band2_depth4_s14,rapid,15,oracle,6400,22,2,5,20,20,32,quiesced,true,0.0000
band2_depth4_s14,rapid,15,oracle,12800,22,2,5,20,20,32,quiesced,true,0.0000
band2_depth4_s14,rapid,15,oracle,25600,22,2,5,20,20,32,quiesced,true,0.0000
band2_depth4_s14,rapid,15,oracle,51200,22,2,5,20,20,32,quiesced,true,0.0000
band2_depth4_s14,rapid,15,oracle,102400,22,2,5,20,20,32,quiesced,true,0.0000
band2_depth4_s14,rapid,15,oracle,204800,22,2,5,20,20,32,quiesced,true,0.0000
band2_depth4_s15,rapid,45,unguided,25,25,1,62,57,57,505,app_budget,false,57.3209
band2_depth4_s15,rapid,45,unguided,50,58,2,62,61,61,505,app_budget,false,57.3209
band2_depth4_s15,rapid,45,unguided,100,101,3,62,61,61,505,app_budget,false,57.3209
band2_depth4_s15,rapid,45,unguided,200,200,5,62,63,63,321,app_budget,false,0.0000
band2_depth4_s15,rapid,45,unguided,400,256,6,62,63,63,321,quiesced,false,0.0000
band2_depth4_s15,rapid,45,unguided,800,256,6,62,63,63,321,quiesced,true,0.0000
band2_depth4_s15,rapid,45,unguided,1600,256,6,62,63,63,321,quiesced,true,0.0000
band2_depth4_s15,rapid,45,unguided,3200,256,6,62,63,63,321,quiesced,true,0.0000
band2_depth4_s15,rapid,45,unguided,6400,256,6,62,63,63,321,quiesced,true,0.0000
band2_depth4_s15,rapid,45,unguided,12800,256,6,62,63,63,321,quiesced,true,0.0000
band2_depth4_s15,rapid,45,unguided,25600,256,6,62,63,63,321,quiesced,true,0.0000
band2_depth4_s15,rapid,45,unguided,51200,256,6,62,63,63,321,quiesced,true,0.0000
band2_depth4_s15,rapid,45,unguided,102400,256,6,62,63,63,321,quiesced,true,0.0000
band2_depth4_s15,rapid,45,unguided,204800,256,6,62,63,63,321,quiesced,true,0.0000
band2_depth4_s15,rapid,45,oracle,25,25,1,9,57,57,505,app_budget,false,57.3209
band2_depth4_s15,rapid,45,oracle,50,58,2,9,61,61,505,app_budget,false,57.3209
band2_depth4_s15,rapid,45,oracle,100,101,3,9,61,61,505,app_budget,false,57.3209
band2_depth4_s15,rapid,45,oracle,200,200,5,9,63,63,321,app_budget,false,0.0000
band2_depth4_s15,rapid,45,oracle,400,256,6,9,63,63,321,quiesced,false,0.0000
band2_depth4_s15,rapid,45,oracle,800,256,6,9,63,63,321,quiesced,true,0.0000
band2_depth4_s15,rapid,45,oracle,1600,256,6,9,63,63,321,quiesced,true,0.0000
band2_depth4_s15,rapid,45,oracle,3200,256,6,9,63,63,321,quiesced,true,0.0000
band2_depth4_s15,rapid,45,oracle,6400,256,6,9,63,63,321,quiesced,true,0.0000
band2_depth4_s15,rapid,45,oracle,12800,256,6,9,63,63,321,quiesced,true,0.0000
band2_depth4_s15,rapid,45,oracle,25600,256,6,9,63,63,321,quiesced,true,0.0000
band2_depth4_s15,rapid,45,oracle,51200,256,6,9,63,63,321,quiesced,true,0.0000
band2_depth4_s15,rapid,45,oracle,102400,256,6,9,63,63,321,quiesced,true,0.0000
band2_depth4_s15,rapid,45,oracle,204800,256,6,9,63,63,321,quiesced,true,0.0000
band2_depth4_s16,rapid,22,unguided,25,28,2,62,30,30,128,app_budget,false,0.0000
band2_depth4_s16,rapid,22,unguided,50,47,3,62,30,30,128,quiesced,false,0.0000
band2_depth4_s16,rapid,22,unguided,100,47,3,62,30,30,128,quiesced,true,0.0000
band2_depth4_s16,rapid,22,unguided,200,47,3,62,30,30,128,quiesced,true,0.0000
band2_depth4_s16,rapid,22,unguided,400,47,3,62,30,30,128,quiesced,true,0.0000
band2_depth4_s16,rapid,22,unguided,800,47,3,62,30,30,128,quiesced,true,0.0000
band2_depth4_s16,rapid,22,unguided,1600,47,3,62,30,30,128,quiesced,true,0.0000
band2_depth4_s16,rapid,22,unguided,3200,47,3,62,30,30,128,quiesced,true,0.0000
band2_depth4_s16,rapid,22,unguided,6400,47,3,62,30,30,128,quiesced,true,0.0000
band2_depth4_s16,rapid,22,unguided,12800,47,3,62,30,30,128,quiesced,true,0.0000
band2_depth4_s16,rapid,22,unguided,25600,47,3,62,30,30,128,quiesced,true,0.0000
band2_depth4_s16,rapid,22,unguided,51200,47,3,62,30,30,128,quiesced,true,0.0000
band2_depth4_s16,rapid,22,unguided,102400,47,3,62,30,30,128,quiesced,true,0.0000
band2_depth4_s16,rapid,22,unguided,204800,47,3,62,30,30,128,quiesced,true,0.0000
band2_depth4_s16,rapid,22,oracle,25,28,2,7,30,30,128,app_budget,false,0.0000
band2_depth4_s16,rapid,22,oracle,50,47,3,7,30,30,128,quiesced,false,0.0000
band2_depth4_s16,rapid,22,oracle,100,47,3,7,30,30,128,quiesced,true,0.0000
band2_depth4_s16,rapid,22,oracle,200,47,3,7,30,30,128,quiesced,true,0.0000
band2_depth4_s16,rapid,22,oracle,400,47,3,7,30,30,128,quiesced,true,0.0000
band2_depth4_s16,rapid,22,oracle,800,47,3,7,30,30,128,quiesced,true,0.0000
band2_depth4_s16,rapid,22,oracle,1600,47,3,7,30,30,128,quiesced,true,0.0000
band2_depth4_s16,rapid,22,oracle,3200,47,3,7,30,30,128,quiesced,true,0.0000
band2_depth4_s16,rapid,22,oracle,6400,47,3,7,30,30,128,quiesced,true,0.0000
band2_depth4_s16,rapid,22,oracle,12800,47,3,7,30,30,128,quiesced,true,0.0000
band2_depth4_s16,rapid,22,oracle,25600,47,3,7,30,30,128,quiesced,true,0.0000
band2_depth4_s16,rapid,22,oracle,51200,47,3,7,30,30,128,quiesced,true,0.0000
band2_depth4_s16,rapid,22,oracle,102400,47,3,7,30,30,128,quiesced,true,0.0000
band2_depth4_s16,rapid,22,oracle,204800,47,3,7,30,30,128,quiesced,true,0.0000
band2_depth4_s17,rapid,19,unguided,25,25,2,62,25,25,126,app_budget,false,0.0000
band2_depth4_s17,rapid,19,unguided,50,42,3,62,25,25,126,quiesced,false,0.0000
band2_depth4_s17,rapid,19,unguided,100,42,3,62,25,25,126,quiesced,true,0.0000
band2_depth4_s17,rapid,19,unguided,200,42,3,62,25,25,126,quiesced,true,0.0000
band2_depth4_s17,rapid,19,unguided,400,42,3,62,25,25,126,quiesced,true,0.0000
band2_depth4_s17,rapid,19,unguided,800,42,3,62,25,25,126,quiesced,true,0.0000
band2_depth4_s17,rapid,19,unguided,1600,42,3,62,25,25,126,quiesced,true,0.0000
band2_depth4_s17,rapid,19,unguided,3200,42,3,62,25,25,126,quiesced,true,0.0000
band2_depth4_s17,rapid,19,unguided,6400,42,3,62,25,25,126,quiesced,true,0.0000
band2_depth4_s17,rapid,19,unguided,12800,42,3,62,25,25,126,quiesced,true,0.0000
band2_depth4_s17,rapid,19,unguided,25600,42,3,62,25,25,126,quiesced,true,0.0000
band2_depth4_s17,rapid,19,unguided,51200,42,3,62,25,25,126,quiesced,true,0.0000
band2_depth4_s17,rapid,19,unguided,102400,42,3,62,25,25,126,quiesced,true,0.0000
band2_depth4_s17,rapid,19,unguided,204800,42,3,62,25,25,126,quiesced,true,0.0000
band2_depth4_s17,rapid,19,oracle,25,25,2,6,25,25,126,app_budget,false,0.0000
band2_depth4_s17,rapid,19,oracle,50,42,3,6,25,25,126,quiesced,false,0.0000
band2_depth4_s17,rapid,19,oracle,100,42,3,6,25,25,126,quiesced,true,0.0000
band2_depth4_s17,rapid,19,oracle,200,42,3,6,25,25,126,quiesced,true,0.0000
band2_depth4_s17,rapid,19,oracle,400,42,3,6,25,25,126,quiesced,true,0.0000
band2_depth4_s17,rapid,19,oracle,800,42,3,6,25,25,126,quiesced,true,0.0000
band2_depth4_s17,rapid,19,oracle,1600,42,3,6,25,25,126,quiesced,true,0.0000
band2_depth4_s17,rapid,19,oracle,3200,42,3,6,25,25,126,quiesced,true,0.0000
band2_depth4_s17,rapid,19,oracle,6400,42,3,6,25,25,126,quiesced,true,0.0000
band2_depth4_s17,rapid,19,oracle,12800,42,3,6,25,25,126,quiesced,true,0.0000
band2_depth4_s17,rapid,19,oracle,25600,42,3,6,25,25,126,quiesced,true,0.0000
band2_depth4_s17,rapid,19,oracle,51200,42,3,6,25,25,126,quiesced,true,0.0000
band2_depth4_s17,rapid,19,oracle,102400,42,3,6,25,25,126,quiesced,true,0.0000
band2_depth4_s17,rapid,19,oracle,204800,42,3,6,25,25,126,quiesced,true,0.0000
band2_depth4_s18,rapid,32,unguided,25,25,1,62,54,54,589,app_budget,false,49.4924
band2_depth4_s18,rapid,32,unguided,50,62,2,62,68,68,589,app_budget,false,49.4924
band2_depth4_s18,rapid,32,unguided,100,113,3,62,68,68,589,app_budget,false,49.4924
band2_depth4_s18,rapid,32,unguided,200,200,4,62,98,98,589,app_budget,false,49.4924
band2_depth4_s18,rapid,32,unguided,400,401,5,62,175,175,583,app_budget,false,47.9695
band2_depth4_s18,rapid,32,unguided,800,875,6,62,311,311,394,app_budget,false,0.0000
band2_depth4_s18,rapid,32,unguided,1600,1644,8,62,371,371,394,app_budget,false,0.0000
band2_depth4_s18,rapid,32,unguided,3200,3254,11,62,374,374,394,app_budget,false,0.0000
band2_depth4_s18,rapid,32,unguided,6400,3937,12,62,374,374,394,quiesced,false,0.0000
band2_depth4_s18,rapid,32,unguided,12800,3937,12,62,374,374,394,quiesced,true,0.0000
band2_depth4_s18,rapid,32,unguided,25600,3937,12,62,374,374,394,quiesced,true,0.0000
band2_depth4_s18,rapid,32,unguided,51200,3937,12,62,374,374,394,quiesced,true,0.0000
band2_depth4_s18,rapid,32,unguided,102400,3937,12,62,374,374,394,quiesced,true,0.0000
band2_depth4_s18,rapid,32,unguided,204800,3937,12,62,374,374,394,quiesced,true,0.0000
band2_depth4_s18,rapid,32,oracle,25,25,1,13,56,56,583,app_budget,false,47.9695
band2_depth4_s18,rapid,32,oracle,50,62,2,13,70,70,583,app_budget,false,47.9695
band2_depth4_s18,rapid,32,oracle,100,113,3,13,70,70,583,app_budget,false,47.9695
band2_depth4_s18,rapid,32,oracle,200,203,4,13,106,106,583,app_budget,false,47.9695
band2_depth4_s18,rapid,32,oracle,400,407,5,13,179,179,583,app_budget,false,47.9695
band2_depth4_s18,rapid,32,oracle,800,882,6,13,312,312,394,app_budget,false,0.0000
band2_depth4_s18,rapid,32,oracle,1600,1644,8,13,370,370,394,app_budget,false,0.0000
band2_depth4_s18,rapid,32,oracle,3200,3239,11,13,373,373,394,app_budget,false,0.0000
band2_depth4_s18,rapid,32,oracle,6400,3915,12,13,373,373,394,quiesced,false,0.0000
band2_depth4_s18,rapid,32,oracle,12800,3915,12,13,373,373,394,quiesced,true,0.0000
band2_depth4_s18,rapid,32,oracle,25600,3915,12,13,373,373,394,quiesced,true,0.0000
band2_depth4_s18,rapid,32,oracle,51200,3915,12,13,373,373,394,quiesced,true,0.0000
band2_depth4_s18,rapid,32,oracle,102400,3915,12,13,373,373,394,quiesced,true,0.0000
band2_depth4_s18,rapid,32,oracle,204800,3915,12,13,373,373,394,quiesced,true,0.0000
band2_depth4_s19,rapid,35,unguided,25,25,1,62,50,50,168,app_budget,false,4.3478
band2_depth4_s19,rapid,35,unguided,50,56,2,62,56,56,165,app_budget,false,2.4845
band2_depth4_s19,rapid,35,unguided,100,100,3,62,57,57,161,app_budget,false,0.0000
band2_depth4_s19,rapid,35,unguided,200,157,4,62,57,57,161,quiesced,false,0.0000
band2_depth4_s19,rapid,35,unguided,400,157,4,62,57,57,161,quiesced,true,0.0000
band2_depth4_s19,rapid,35,unguided,800,157,4,62,57,57,161,quiesced,true,0.0000
band2_depth4_s19,rapid,35,unguided,1600,157,4,62,57,57,161,quiesced,true,0.0000
band2_depth4_s19,rapid,35,unguided,3200,157,4,62,57,57,161,quiesced,true,0.0000
band2_depth4_s19,rapid,35,unguided,6400,157,4,62,57,57,161,quiesced,true,0.0000
band2_depth4_s19,rapid,35,unguided,12800,157,4,62,57,57,161,quiesced,true,0.0000
band2_depth4_s19,rapid,35,unguided,25600,157,4,62,57,57,161,quiesced,true,0.0000
band2_depth4_s19,rapid,35,unguided,51200,157,4,62,57,57,161,quiesced,true,0.0000
band2_depth4_s19,rapid,35,unguided,102400,157,4,62,57,57,161,quiesced,true,0.0000
band2_depth4_s19,rapid,35,unguided,204800,157,4,62,57,57,161,quiesced,true,0.0000
band2_depth4_s19,rapid,35,oracle,25,25,1,9,50,50,168,app_budget,false,4.3478
band2_depth4_s19,rapid,35,oracle,50,56,2,9,56,56,165,app_budget,false,2.4845
band2_depth4_s19,rapid,35,oracle,100,100,3,9,57,57,161,app_budget,false,0.0000
band2_depth4_s19,rapid,35,oracle,200,157,4,9,57,57,161,quiesced,false,0.0000
band2_depth4_s19,rapid,35,oracle,400,157,4,9,57,57,161,quiesced,true,0.0000
band2_depth4_s19,rapid,35,oracle,800,157,4,9,57,57,161,quiesced,true,0.0000
band2_depth4_s19,rapid,35,oracle,1600,157,4,9,57,57,161,quiesced,true,0.0000
band2_depth4_s19,rapid,35,oracle,3200,157,4,9,57,57,161,quiesced,true,0.0000
band2_depth4_s19,rapid,35,oracle,6400,157,4,9,57,57,161,quiesced,true,0.0000
band2_depth4_s19,rapid,35,oracle,12800,157,4,9,57,57,161,quiesced,true,0.0000
band2_depth4_s19,rapid,35,oracle,25600,157,4,9,57,57,161,quiesced,true,0.0000
band2_depth4_s19,rapid,35,oracle,51200,157,4,9,57,57,161,quiesced,true,0.0000
band2_depth4_s19,rapid,35,oracle,102400,157,4,9,57,57,161,quiesced,true,0.0000
band2_depth4_s19,rapid,35,oracle,204800,157,4,9,57,57,161,quiesced,true,0.0000
band2_depth4_s20,blitz,10,unguided,25,24,3,62,14,14,136,quiesced,false,0.0000
band2_depth4_s20,blitz,10,unguided,50,24,3,62,14,14,136,quiesced,true,0.0000
band2_depth4_s20,blitz,10,unguided,100,24,3,62,14,14,136,quiesced,true,0.0000
band2_depth4_s20,blitz,10,unguided,200,24,3,62,14,14,136,quiesced,true,0.0000
band2_depth4_s20,blitz,10,unguided,400,24,3,62,14,14,136,quiesced,true,0.0000
band2_depth4_s20,blitz,10,unguided,800,24,3,62,14,14,136,quiesced,true,0.0000
band2_depth4_s20,blitz,10,unguided,1600,24,3,62,14,14,136,quiesced,true,0.0000
band2_depth4_s20,blitz,10,unguided,3200,24,3,62,14,14,136,quiesced,true,0.0000
band2_depth4_s20,blitz,10,unguided,6400,24,3,62,14,14,136,quiesced,true,0.0000
band2_depth4_s20,blitz,10,unguided,12800,24,3,62,14,14,136,quiesced,true,0.0000
band2_depth4_s20,blitz,10,unguided,25600,24,3,62,14,14,136,quiesced,true,0.0000
band2_depth4_s20,blitz,10,unguided,51200,24,3,62,14,14,136,quiesced,true,0.0000
band2_depth4_s20,blitz,10,unguided,102400,24,3,62,14,14,136,quiesced,true,0.0000
band2_depth4_s20,blitz,10,unguided,204800,24,3,62,14,14,136,quiesced,true,0.0000
band2_depth4_s20,blitz,10,oracle,25,19,3,5,14,14,136,quiesced,false,0.0000
band2_depth4_s20,blitz,10,oracle,50,19,3,5,14,14,136,quiesced,true,0.0000
band2_depth4_s20,blitz,10,oracle,100,19,3,5,14,14,136,quiesced,true,0.0000
band2_depth4_s20,blitz,10,oracle,200,19,3,5,14,14,136,quiesced,true,0.0000
band2_depth4_s20,blitz,10,oracle,400,19,3,5,14,14,136,quiesced,true,0.0000
band2_depth4_s20,blitz,10,oracle,800,19,3,5,14,14,136,quiesced,true,0.0000
band2_depth4_s20,blitz,10,oracle,1600,19,3,5,14,14,136,quiesced,true,0.0000
band2_depth4_s20,blitz,10,oracle,3200,19,3,5,14,14,136,quiesced,true,0.0000
band2_depth4_s20,blitz,10,oracle,6400,19,3,5,14,14,136,quiesced,true,0.0000
band2_depth4_s20,blitz,10,oracle,12800,19,3,5,14,14,136,quiesced,true,0.0000
band2_depth4_s20,blitz,10,oracle,25600,19,3,5,14,14,136,quiesced,true,0.0000
band2_depth4_s20,blitz,10,oracle,51200,19,3,5,14,14,136,quiesced,true,0.0000
band2_depth4_s20,blitz,10,oracle,102400,19,3,5,14,14,136,quiesced,true,0.0000
band2_depth4_s20,blitz,10,oracle,204800,19,3,5,14,14,136,quiesced,true,0.0000
band2_depth4_s21,rapid,16,unguided,25,27,3,62,18,18,171,app_budget,false,0.0000
band2_depth4_s21,rapid,16,unguided,50,39,4,62,18,18,171,quiesced,false,0.0000
band2_depth4_s21,rapid,16,unguided,100,39,4,62,18,18,171,quiesced,true,0.0000
band2_depth4_s21,rapid,16,unguided,200,39,4,62,18,18,171,quiesced,true,0.0000
band2_depth4_s21,rapid,16,unguided,400,39,4,62,18,18,171,quiesced,true,0.0000
band2_depth4_s21,rapid,16,unguided,800,39,4,62,18,18,171,quiesced,true,0.0000
band2_depth4_s21,rapid,16,unguided,1600,39,4,62,18,18,171,quiesced,true,0.0000
band2_depth4_s21,rapid,16,unguided,3200,39,4,62,18,18,171,quiesced,true,0.0000
band2_depth4_s21,rapid,16,unguided,6400,39,4,62,18,18,171,quiesced,true,0.0000
band2_depth4_s21,rapid,16,unguided,12800,39,4,62,18,18,171,quiesced,true,0.0000
band2_depth4_s21,rapid,16,unguided,25600,39,4,62,18,18,171,quiesced,true,0.0000
band2_depth4_s21,rapid,16,unguided,51200,39,4,62,18,18,171,quiesced,true,0.0000
band2_depth4_s21,rapid,16,unguided,102400,39,4,62,18,18,171,quiesced,true,0.0000
band2_depth4_s21,rapid,16,unguided,204800,39,4,62,18,18,171,quiesced,true,0.0000
band2_depth4_s21,rapid,16,oracle,25,27,3,4,18,18,171,app_budget,false,0.0000
band2_depth4_s21,rapid,16,oracle,50,39,4,4,18,18,171,quiesced,false,0.0000
band2_depth4_s21,rapid,16,oracle,100,39,4,4,18,18,171,quiesced,true,0.0000
band2_depth4_s21,rapid,16,oracle,200,39,4,4,18,18,171,quiesced,true,0.0000
band2_depth4_s21,rapid,16,oracle,400,39,4,4,18,18,171,quiesced,true,0.0000
band2_depth4_s21,rapid,16,oracle,800,39,4,4,18,18,171,quiesced,true,0.0000
band2_depth4_s21,rapid,16,oracle,1600,39,4,4,18,18,171,quiesced,true,0.0000
band2_depth4_s21,rapid,16,oracle,3200,39,4,4,18,18,171,quiesced,true,0.0000
band2_depth4_s21,rapid,16,oracle,6400,39,4,4,18,18,171,quiesced,true,0.0000
band2_depth4_s21,rapid,16,oracle,12800,39,4,4,18,18,171,quiesced,true,0.0000
band2_depth4_s21,rapid,16,oracle,25600,39,4,4,18,18,171,quiesced,true,0.0000
band2_depth4_s21,rapid,16,oracle,51200,39,4,4,18,18,171,quiesced,true,0.0000
band2_depth4_s21,rapid,16,oracle,102400,39,4,4,18,18,171,quiesced,true,0.0000
band2_depth4_s21,rapid,16,oracle,204800,39,4,4,18,18,171,quiesced,true,0.0000
band3_depth5_s0,rapid,40,unguided,25,31,2,62,49,49,452,app_budget,false,0.0000
band3_depth5_s0,rapid,40,unguided,50,57,3,62,53,53,452,app_budget,false,0.0000
band3_depth5_s0,rapid,40,unguided,100,102,4,62,53,53,452,app_budget,false,0.0000
band3_depth5_s0,rapid,40,unguided,200,198,6,62,54,54,452,quiesced,false,0.0000
band3_depth5_s0,rapid,40,unguided,400,198,6,62,54,54,452,quiesced,true,0.0000
band3_depth5_s0,rapid,40,unguided,800,198,6,62,54,54,452,quiesced,true,0.0000
band3_depth5_s0,rapid,40,unguided,1600,198,6,62,54,54,452,quiesced,true,0.0000
band3_depth5_s0,rapid,40,unguided,3200,198,6,62,54,54,452,quiesced,true,0.0000
band3_depth5_s0,rapid,40,unguided,6400,198,6,62,54,54,452,quiesced,true,0.0000
band3_depth5_s0,rapid,40,unguided,12800,198,6,62,54,54,452,quiesced,true,0.0000
band3_depth5_s0,rapid,40,unguided,25600,198,6,62,54,54,452,quiesced,true,0.0000
band3_depth5_s0,rapid,40,unguided,51200,198,6,62,54,54,452,quiesced,true,0.0000
band3_depth5_s0,rapid,40,unguided,102400,198,6,62,54,54,452,quiesced,true,0.0000
band3_depth5_s0,rapid,40,unguided,204800,198,6,62,54,54,452,quiesced,true,0.0000
band3_depth5_s0,rapid,40,oracle,25,31,2,8,49,49,452,app_budget,false,0.0000
band3_depth5_s0,rapid,40,oracle,50,57,3,8,53,53,452,app_budget,false,0.0000
band3_depth5_s0,rapid,40,oracle,100,102,4,8,53,53,452,app_budget,false,0.0000
band3_depth5_s0,rapid,40,oracle,200,198,6,8,54,54,452,quiesced,false,0.0000
band3_depth5_s0,rapid,40,oracle,400,198,6,8,54,54,452,quiesced,true,0.0000
band3_depth5_s0,rapid,40,oracle,800,198,6,8,54,54,452,quiesced,true,0.0000
band3_depth5_s0,rapid,40,oracle,1600,198,6,8,54,54,452,quiesced,true,0.0000
band3_depth5_s0,rapid,40,oracle,3200,198,6,8,54,54,452,quiesced,true,0.0000
band3_depth5_s0,rapid,40,oracle,6400,198,6,8,54,54,452,quiesced,true,0.0000
band3_depth5_s0,rapid,40,oracle,12800,198,6,8,54,54,452,quiesced,true,0.0000
band3_depth5_s0,rapid,40,oracle,25600,198,6,8,54,54,452,quiesced,true,0.0000
band3_depth5_s0,rapid,40,oracle,51200,198,6,8,54,54,452,quiesced,true,0.0000
band3_depth5_s0,rapid,40,oracle,102400,198,6,8,54,54,452,quiesced,true,0.0000
band3_depth5_s0,rapid,40,oracle,204800,198,6,8,54,54,452,quiesced,true,0.0000
band3_depth5_s1,rapid,14,unguided,25,20,2,62,17,17,264,quiesced,false,0.0000
band3_depth5_s1,rapid,14,unguided,50,20,2,62,17,17,264,quiesced,true,0.0000
band3_depth5_s1,rapid,14,unguided,100,20,2,62,17,17,264,quiesced,true,0.0000
band3_depth5_s1,rapid,14,unguided,200,20,2,62,17,17,264,quiesced,true,0.0000
band3_depth5_s1,rapid,14,unguided,400,20,2,62,17,17,264,quiesced,true,0.0000
band3_depth5_s1,rapid,14,unguided,800,20,2,62,17,17,264,quiesced,true,0.0000
band3_depth5_s1,rapid,14,unguided,1600,20,2,62,17,17,264,quiesced,true,0.0000
band3_depth5_s1,rapid,14,unguided,3200,20,2,62,17,17,264,quiesced,true,0.0000
band3_depth5_s1,rapid,14,unguided,6400,20,2,62,17,17,264,quiesced,true,0.0000
band3_depth5_s1,rapid,14,unguided,12800,20,2,62,17,17,264,quiesced,true,0.0000
band3_depth5_s1,rapid,14,unguided,25600,20,2,62,17,17,264,quiesced,true,0.0000
band3_depth5_s1,rapid,14,unguided,51200,20,2,62,17,17,264,quiesced,true,0.0000
band3_depth5_s1,rapid,14,unguided,102400,20,2,62,17,17,264,quiesced,true,0.0000
band3_depth5_s1,rapid,14,unguided,204800,20,2,62,17,17,264,quiesced,true,0.0000
band3_depth5_s1,rapid,14,oracle,25,20,2,3,17,17,264,quiesced,false,0.0000
band3_depth5_s1,rapid,14,oracle,50,20,2,3,17,17,264,quiesced,true,0.0000
band3_depth5_s1,rapid,14,oracle,100,20,2,3,17,17,264,quiesced,true,0.0000
band3_depth5_s1,rapid,14,oracle,200,20,2,3,17,17,264,quiesced,true,0.0000
band3_depth5_s1,rapid,14,oracle,400,20,2,3,17,17,264,quiesced,true,0.0000
band3_depth5_s1,rapid,14,oracle,800,20,2,3,17,17,264,quiesced,true,0.0000
band3_depth5_s1,rapid,14,oracle,1600,20,2,3,17,17,264,quiesced,true,0.0000
band3_depth5_s1,rapid,14,oracle,3200,20,2,3,17,17,264,quiesced,true,0.0000
band3_depth5_s1,rapid,14,oracle,6400,20,2,3,17,17,264,quiesced,true,0.0000
band3_depth5_s1,rapid,14,oracle,12800,20,2,3,17,17,264,quiesced,true,0.0000
band3_depth5_s1,rapid,14,oracle,25600,20,2,3,17,17,264,quiesced,true,0.0000
band3_depth5_s1,rapid,14,oracle,51200,20,2,3,17,17,264,quiesced,true,0.0000
band3_depth5_s1,rapid,14,oracle,102400,20,2,3,17,17,264,quiesced,true,0.0000
band3_depth5_s1,rapid,14,oracle,204800,20,2,3,17,17,264,quiesced,true,0.0000
band3_depth5_s2,rapid,30,unguided,25,27,2,62,39,39,363,app_budget,false,0.8333
band3_depth5_s2,rapid,30,unguided,50,50,3,62,40,40,360,app_budget,false,0.0000
band3_depth5_s2,rapid,30,unguided,100,82,4,62,40,40,360,quiesced,false,0.0000
band3_depth5_s2,rapid,30,unguided,200,82,4,62,40,40,360,quiesced,true,0.0000
band3_depth5_s2,rapid,30,unguided,400,82,4,62,40,40,360,quiesced,true,0.0000
band3_depth5_s2,rapid,30,unguided,800,82,4,62,40,40,360,quiesced,true,0.0000
band3_depth5_s2,rapid,30,unguided,1600,82,4,62,40,40,360,quiesced,true,0.0000
band3_depth5_s2,rapid,30,unguided,3200,82,4,62,40,40,360,quiesced,true,0.0000
band3_depth5_s2,rapid,30,unguided,6400,82,4,62,40,40,360,quiesced,true,0.0000
band3_depth5_s2,rapid,30,unguided,12800,82,4,62,40,40,360,quiesced,true,0.0000
band3_depth5_s2,rapid,30,unguided,25600,82,4,62,40,40,360,quiesced,true,0.0000
band3_depth5_s2,rapid,30,unguided,51200,82,4,62,40,40,360,quiesced,true,0.0000
band3_depth5_s2,rapid,30,unguided,102400,82,4,62,40,40,360,quiesced,true,0.0000
band3_depth5_s2,rapid,30,unguided,204800,82,4,62,40,40,360,quiesced,true,0.0000
band3_depth5_s2,rapid,30,oracle,25,27,2,6,39,39,363,app_budget,false,0.8333
band3_depth5_s2,rapid,30,oracle,50,50,3,6,40,40,360,app_budget,false,0.0000
band3_depth5_s2,rapid,30,oracle,100,82,4,6,40,40,360,quiesced,false,0.0000
band3_depth5_s2,rapid,30,oracle,200,82,4,6,40,40,360,quiesced,true,0.0000
band3_depth5_s2,rapid,30,oracle,400,82,4,6,40,40,360,quiesced,true,0.0000
band3_depth5_s2,rapid,30,oracle,800,82,4,6,40,40,360,quiesced,true,0.0000
band3_depth5_s2,rapid,30,oracle,1600,82,4,6,40,40,360,quiesced,true,0.0000
band3_depth5_s2,rapid,30,oracle,3200,82,4,6,40,40,360,quiesced,true,0.0000
band3_depth5_s2,rapid,30,oracle,6400,82,4,6,40,40,360,quiesced,true,0.0000
band3_depth5_s2,rapid,30,oracle,12800,82,4,6,40,40,360,quiesced,true,0.0000
band3_depth5_s2,rapid,30,oracle,25600,82,4,6,40,40,360,quiesced,true,0.0000
band3_depth5_s2,rapid,30,oracle,51200,82,4,6,40,40,360,quiesced,true,0.0000
band3_depth5_s2,rapid,30,oracle,102400,82,4,6,40,40,360,quiesced,true,0.0000
band3_depth5_s2,rapid,30,oracle,204800,82,4,6,40,40,360,quiesced,true,0.0000
band3_depth5_s3,rapid,41,unguided,25,32,2,62,57,57,583,app_budget,false,1.2153
band3_depth5_s3,rapid,41,unguided,50,53,3,62,60,60,580,app_budget,false,0.6944
band3_depth5_s3,rapid,41,unguided,100,101,4,62,63,63,576,app_budget,false,0.0000
band3_depth5_s3,rapid,41,unguided,200,200,6,62,64,64,576,app_budget,false,0.0000
band3_depth5_s3,rapid,41,unguided,400,253,7,62,64,64,576,quiesced,false,0.0000
band3_depth5_s3,rapid,41,unguided,800,253,7,62,64,64,576,quiesced,true,0.0000
band3_depth5_s3,rapid,41,unguided,1600,253,7,62,64,64,576,quiesced,true,0.0000
band3_depth5_s3,rapid,41,unguided,3200,253,7,62,64,64,576,quiesced,true,0.0000
band3_depth5_s3,rapid,41,unguided,6400,253,7,62,64,64,576,quiesced,true,0.0000
band3_depth5_s3,rapid,41,unguided,12800,253,7,62,64,64,576,quiesced,true,0.0000
band3_depth5_s3,rapid,41,unguided,25600,253,7,62,64,64,576,quiesced,true,0.0000
band3_depth5_s3,rapid,41,unguided,51200,253,7,62,64,64,576,quiesced,true,0.0000
band3_depth5_s3,rapid,41,unguided,102400,253,7,62,64,64,576,quiesced,true,0.0000
band3_depth5_s3,rapid,41,unguided,204800,253,7,62,64,64,576,quiesced,true,0.0000
band3_depth5_s3,rapid,41,oracle,25,32,2,10,57,57,583,app_budget,false,1.2153
band3_depth5_s3,rapid,41,oracle,50,53,3,10,60,60,580,app_budget,false,0.6944
band3_depth5_s3,rapid,41,oracle,100,100,4,10,63,63,576,app_budget,false,0.0000
band3_depth5_s3,rapid,41,oracle,200,200,6,10,64,64,576,quiesced,false,0.0000
band3_depth5_s3,rapid,41,oracle,400,200,6,10,64,64,576,quiesced,true,0.0000
band3_depth5_s3,rapid,41,oracle,800,200,6,10,64,64,576,quiesced,true,0.0000
band3_depth5_s3,rapid,41,oracle,1600,200,6,10,64,64,576,quiesced,true,0.0000
band3_depth5_s3,rapid,41,oracle,3200,200,6,10,64,64,576,quiesced,true,0.0000
band3_depth5_s3,rapid,41,oracle,6400,200,6,10,64,64,576,quiesced,true,0.0000
band3_depth5_s3,rapid,41,oracle,12800,200,6,10,64,64,576,quiesced,true,0.0000
band3_depth5_s3,rapid,41,oracle,25600,200,6,10,64,64,576,quiesced,true,0.0000
band3_depth5_s3,rapid,41,oracle,51200,200,6,10,64,64,576,quiesced,true,0.0000
band3_depth5_s3,rapid,41,oracle,102400,200,6,10,64,64,576,quiesced,true,0.0000
band3_depth5_s3,rapid,41,oracle,204800,200,6,10,64,64,576,quiesced,true,0.0000
band3_depth5_s4,blitz,9,unguided,25,11,2,62,12,12,144,quiesced,false,0.0000
band3_depth5_s4,blitz,9,unguided,50,11,2,62,12,12,144,quiesced,true,0.0000
band3_depth5_s4,blitz,9,unguided,100,11,2,62,12,12,144,quiesced,true,0.0000
band3_depth5_s4,blitz,9,unguided,200,11,2,62,12,12,144,quiesced,true,0.0000
band3_depth5_s4,blitz,9,unguided,400,11,2,62,12,12,144,quiesced,true,0.0000
band3_depth5_s4,blitz,9,unguided,800,11,2,62,12,12,144,quiesced,true,0.0000
band3_depth5_s4,blitz,9,unguided,1600,11,2,62,12,12,144,quiesced,true,0.0000
band3_depth5_s4,blitz,9,unguided,3200,11,2,62,12,12,144,quiesced,true,0.0000
band3_depth5_s4,blitz,9,unguided,6400,11,2,62,12,12,144,quiesced,true,0.0000
band3_depth5_s4,blitz,9,unguided,12800,11,2,62,12,12,144,quiesced,true,0.0000
band3_depth5_s4,blitz,9,unguided,25600,11,2,62,12,12,144,quiesced,true,0.0000
band3_depth5_s4,blitz,9,unguided,51200,11,2,62,12,12,144,quiesced,true,0.0000
band3_depth5_s4,blitz,9,unguided,102400,11,2,62,12,12,144,quiesced,true,0.0000
band3_depth5_s4,blitz,9,unguided,204800,11,2,62,12,12,144,quiesced,true,0.0000
band3_depth5_s4,blitz,9,oracle,25,11,2,3,12,12,144,quiesced,false,0.0000
band3_depth5_s4,blitz,9,oracle,50,11,2,3,12,12,144,quiesced,true,0.0000
band3_depth5_s4,blitz,9,oracle,100,11,2,3,12,12,144,quiesced,true,0.0000
band3_depth5_s4,blitz,9,oracle,200,11,2,3,12,12,144,quiesced,true,0.0000
band3_depth5_s4,blitz,9,oracle,400,11,2,3,12,12,144,quiesced,true,0.0000
band3_depth5_s4,blitz,9,oracle,800,11,2,3,12,12,144,quiesced,true,0.0000
band3_depth5_s4,blitz,9,oracle,1600,11,2,3,12,12,144,quiesced,true,0.0000
band3_depth5_s4,blitz,9,oracle,3200,11,2,3,12,12,144,quiesced,true,0.0000
band3_depth5_s4,blitz,9,oracle,6400,11,2,3,12,12,144,quiesced,true,0.0000
band3_depth5_s4,blitz,9,oracle,12800,11,2,3,12,12,144,quiesced,true,0.0000
band3_depth5_s4,blitz,9,oracle,25600,11,2,3,12,12,144,quiesced,true,0.0000
band3_depth5_s4,blitz,9,oracle,51200,11,2,3,12,12,144,quiesced,true,0.0000
band3_depth5_s4,blitz,9,oracle,102400,11,2,3,12,12,144,quiesced,true,0.0000
band3_depth5_s4,blitz,9,oracle,204800,11,2,3,12,12,144,quiesced,true,0.0000
band3_depth5_s5,classical,75,unguided,25,29,1,62,87,87,3005542,app_budget,false,203665.5593
band3_depth5_s5,classical,75,unguided,50,70,2,62,88,88,3005530,app_budget,false,203664.7458
band3_depth5_s5,classical,75,unguided,100,111,3,62,88,88,3005530,app_budget,false,203664.7458
band3_depth5_s5,classical,75,unguided,200,201,4,62,138,138,3750,app_budget,false,154.2373
band3_depth5_s5,classical,75,unguided,400,410,5,62,293,293,3750,app_budget,false,154.2373
band3_depth5_s5,classical,75,unguided,800,804,6,62,442,442,3750,app_budget,false,154.2373
band3_depth5_s5,classical,75,unguided,1600,1647,7,62,793,793,3750,app_budget,false,154.2373
band3_depth5_s5,classical,75,unguided,3200,3337,8,62,1622,1622,2003750,app_budget,false,135747.4576
band3_depth5_s5,classical,75,unguided,6400,6434,9,62,2693,2693,2003750,app_budget,false,135747.4576
band3_depth5_s5,classical,75,unguided,12800,12882,10,62,4579,4579,1915,app_budget,false,29.8305
band3_depth5_s5,classical,75,unguided,25600,20519,14,62,4650,4650,1475,quiesced,false,0.0000
band3_depth5_s5,classical,75,unguided,51200,20519,14,62,4650,4650,1475,quiesced,true,0.0000
band3_depth5_s5,classical,75,unguided,102400,20519,14,62,4650,4650,1475,quiesced,true,0.0000
band3_depth5_s5,classical,75,unguided,204800,20519,14,62,4650,4650,1475,quiesced,true,0.0000
band3_depth5_s5,classical,75,oracle,25,29,1,20,87,87,3005542,app_budget,false,203665.5593
band3_depth5_s5,classical,75,oracle,50,70,2,20,88,88,3005530,app_budget,false,203664.7458
band3_depth5_s5,classical,75,oracle,100,111,3,20,88,88,3005530,app_budget,false,203664.7458
band3_depth5_s5,classical,75,oracle,200,201,4,20,138,138,3750,app_budget,false,154.2373
band3_depth5_s5,classical,75,oracle,400,410,5,20,293,293,3750,app_budget,false,154.2373
band3_depth5_s5,classical,75,oracle,800,804,6,20,442,442,3750,app_budget,false,154.2373
band3_depth5_s5,classical,75,oracle,1600,1647,7,20,793,793,3750,app_budget,false,154.2373
band3_depth5_s5,classical,75,oracle,3200,3337,8,20,1622,1622,2003750,app_budget,false,135747.4576
band3_depth5_s5,classical,75,oracle,6400,6434,9,20,2693,2693,2003750,app_budget,false,135747.4576
band3_depth5_s5,classical,75,oracle,12800,12882,10,20,4579,4579,1915,app_budget,false,29.8305
band3_depth5_s5,classical,75,oracle,25600,20519,14,20,4650,4650,1475,quiesced,false,0.0000
band3_depth5_s5,classical,75,oracle,51200,20519,14,20,4650,4650,1475,quiesced,true,0.0000
band3_depth5_s5,classical,75,oracle,102400,20519,14,20,4650,4650,1475,quiesced,true,0.0000
band3_depth5_s5,classical,75,oracle,204800,20519,14,20,4650,4650,1475,quiesced,true,0.0000
band3_depth5_s6,rapid,27,unguided,25,31,1,62,63,63,2001046,app_budget,false,2174950.0000
band3_depth5_s6,rapid,27,unguided,50,64,2,62,83,83,1040,app_budget,false,1030.4348
band3_depth5_s6,rapid,27,unguided,100,121,3,62,84,84,1032,app_budget,false,1021.7391
band3_depth5_s6,rapid,27,unguided,200,210,4,62,102,102,1032,app_budget,false,1021.7391
band3_depth5_s6,rapid,27,unguided,400,407,5,62,158,158,1032,app_budget,false,1021.7391
band3_depth5_s6,rapid,27,unguided,800,867,6,62,316,316,123,app_budget,false,33.6957
band3_depth5_s6,rapid,27,unguided,1600,1652,8,62,374,374,92,app_budget,false,0.0000
band3_depth5_s6,rapid,27,unguided,3200,3057,10,62,379,379,92,quiesced,false,0.0000
band3_depth5_s6,rapid,27,unguided,6400,3057,10,62,379,379,92,quiesced,true,0.0000
band3_depth5_s6,rapid,27,unguided,12800,3057,10,62,379,379,92,quiesced,true,0.0000
band3_depth5_s6,rapid,27,unguided,25600,3057,10,62,379,379,92,quiesced,true,0.0000
band3_depth5_s6,rapid,27,unguided,51200,3057,10,62,379,379,92,quiesced,true,0.0000
band3_depth5_s6,rapid,27,unguided,102400,3057,10,62,379,379,92,quiesced,true,0.0000
band3_depth5_s6,rapid,27,unguided,204800,3057,10,62,379,379,92,quiesced,true,0.0000
band3_depth5_s6,rapid,27,oracle,25,31,1,18,63,63,2001046,app_budget,false,2174950.0000
band3_depth5_s6,rapid,27,oracle,50,64,2,18,83,83,1040,app_budget,false,1030.4348
band3_depth5_s6,rapid,27,oracle,100,121,3,18,84,84,1032,app_budget,false,1021.7391
band3_depth5_s6,rapid,27,oracle,200,210,4,18,102,102,1032,app_budget,false,1021.7391
band3_depth5_s6,rapid,27,oracle,400,407,5,18,158,158,1032,app_budget,false,1021.7391
band3_depth5_s6,rapid,27,oracle,800,867,6,18,316,316,123,app_budget,false,33.6957
band3_depth5_s6,rapid,27,oracle,1600,1652,8,18,374,374,92,app_budget,false,0.0000
band3_depth5_s6,rapid,27,oracle,3200,3057,10,18,379,379,92,quiesced,false,0.0000
band3_depth5_s6,rapid,27,oracle,6400,3057,10,18,379,379,92,quiesced,true,0.0000
band3_depth5_s6,rapid,27,oracle,12800,3057,10,18,379,379,92,quiesced,true,0.0000
band3_depth5_s6,rapid,27,oracle,25600,3057,10,18,379,379,92,quiesced,true,0.0000
band3_depth5_s6,rapid,27,oracle,51200,3057,10,18,379,379,92,quiesced,true,0.0000
band3_depth5_s6,rapid,27,oracle,102400,3057,10,18,379,379,92,quiesced,true,0.0000
band3_depth5_s6,rapid,27,oracle,204800,3057,10,18,379,379,92,quiesced,true,0.0000
band3_depth5_s7,rapid,15,unguided,25,25,2,62,27,27,32,app_budget,false,0.0000
band3_depth5_s7,rapid,15,unguided,50,53,3,62,27,27,32,app_budget,false,0.0000
band3_depth5_s7,rapid,15,unguided,100,85,4,62,27,27,32,quiesced,false,0.0000
band3_depth5_s7,rapid,15,unguided,200,85,4,62,27,27,32,quiesced,true,0.0000
band3_depth5_s7,rapid,15,unguided,400,85,4,62,27,27,32,quiesced,true,0.0000
band3_depth5_s7,rapid,15,unguided,800,85,4,62,27,27,32,quiesced,true,0.0000
band3_depth5_s7,rapid,15,unguided,1600,85,4,62,27,27,32,quiesced,true,0.0000
band3_depth5_s7,rapid,15,unguided,3200,85,4,62,27,27,32,quiesced,true,0.0000
band3_depth5_s7,rapid,15,unguided,6400,85,4,62,27,27,32,quiesced,true,0.0000
band3_depth5_s7,rapid,15,unguided,12800,85,4,62,27,27,32,quiesced,true,0.0000
band3_depth5_s7,rapid,15,unguided,25600,85,4,62,27,27,32,quiesced,true,0.0000
band3_depth5_s7,rapid,15,unguided,51200,85,4,62,27,27,32,quiesced,true,0.0000
band3_depth5_s7,rapid,15,unguided,102400,85,4,62,27,27,32,quiesced,true,0.0000
band3_depth5_s7,rapid,15,unguided,204800,85,4,62,27,27,32,quiesced,true,0.0000
band3_depth5_s7,rapid,15,oracle,25,27,2,7,27,27,32,app_budget,false,0.0000
band3_depth5_s7,rapid,15,oracle,50,50,3,7,27,27,32,app_budget,false,0.0000
band3_depth5_s7,rapid,15,oracle,100,80,4,7,27,27,32,quiesced,false,0.0000
band3_depth5_s7,rapid,15,oracle,200,80,4,7,27,27,32,quiesced,true,0.0000
band3_depth5_s7,rapid,15,oracle,400,80,4,7,27,27,32,quiesced,true,0.0000
band3_depth5_s7,rapid,15,oracle,800,80,4,7,27,27,32,quiesced,true,0.0000
band3_depth5_s7,rapid,15,oracle,1600,80,4,7,27,27,32,quiesced,true,0.0000
band3_depth5_s7,rapid,15,oracle,3200,80,4,7,27,27,32,quiesced,true,0.0000
band3_depth5_s7,rapid,15,oracle,6400,80,4,7,27,27,32,quiesced,true,0.0000
band3_depth5_s7,rapid,15,oracle,12800,80,4,7,27,27,32,quiesced,true,0.0000
band3_depth5_s7,rapid,15,oracle,25600,80,4,7,27,27,32,quiesced,true,0.0000
band3_depth5_s7,rapid,15,oracle,51200,80,4,7,27,27,32,quiesced,true,0.0000
band3_depth5_s7,rapid,15,oracle,102400,80,4,7,27,27,32,quiesced,true,0.0000
band3_depth5_s7,rapid,15,oracle,204800,80,4,7,27,27,32,quiesced,true,0.0000
band3_depth5_s8,blitz,6,unguided,25,8,2,62,7,7,144,quiesced,false,0.0000
band3_depth5_s8,blitz,6,unguided,50,8,2,62,7,7,144,quiesced,true,0.0000
band3_depth5_s8,blitz,6,unguided,100,8,2,62,7,7,144,quiesced,true,0.0000
band3_depth5_s8,blitz,6,unguided,200,8,2,62,7,7,144,quiesced,true,0.0000
band3_depth5_s8,blitz,6,unguided,400,8,2,62,7,7,144,quiesced,true,0.0000
band3_depth5_s8,blitz,6,unguided,800,8,2,62,7,7,144,quiesced,true,0.0000
band3_depth5_s8,blitz,6,unguided,1600,8,2,62,7,7,144,quiesced,true,0.0000
band3_depth5_s8,blitz,6,unguided,3200,8,2,62,7,7,144,quiesced,true,0.0000
band3_depth5_s8,blitz,6,unguided,6400,8,2,62,7,7,144,quiesced,true,0.0000
band3_depth5_s8,blitz,6,unguided,12800,8,2,62,7,7,144,quiesced,true,0.0000
band3_depth5_s8,blitz,6,unguided,25600,8,2,62,7,7,144,quiesced,true,0.0000
band3_depth5_s8,blitz,6,unguided,51200,8,2,62,7,7,144,quiesced,true,0.0000
band3_depth5_s8,blitz,6,unguided,102400,8,2,62,7,7,144,quiesced,true,0.0000
band3_depth5_s8,blitz,6,unguided,204800,8,2,62,7,7,144,quiesced,true,0.0000
band3_depth5_s8,blitz,6,oracle,25,8,2,2,7,7,144,quiesced,false,0.0000
band3_depth5_s8,blitz,6,oracle,50,8,2,2,7,7,144,quiesced,true,0.0000
band3_depth5_s8,blitz,6,oracle,100,8,2,2,7,7,144,quiesced,true,0.0000
band3_depth5_s8,blitz,6,oracle,200,8,2,2,7,7,144,quiesced,true,0.0000
band3_depth5_s8,blitz,6,oracle,400,8,2,2,7,7,144,quiesced,true,0.0000
band3_depth5_s8,blitz,6,oracle,800,8,2,2,7,7,144,quiesced,true,0.0000
band3_depth5_s8,blitz,6,oracle,1600,8,2,2,7,7,144,quiesced,true,0.0000
band3_depth5_s8,blitz,6,oracle,3200,8,2,2,7,7,144,quiesced,true,0.0000
band3_depth5_s8,blitz,6,oracle,6400,8,2,2,7,7,144,quiesced,true,0.0000
band3_depth5_s8,blitz,6,oracle,12800,8,2,2,7,7,144,quiesced,true,0.0000
band3_depth5_s8,blitz,6,oracle,25600,8,2,2,7,7,144,quiesced,true,0.0000
band3_depth5_s8,blitz,6,oracle,51200,8,2,2,7,7,144,quiesced,true,0.0000
band3_depth5_s8,blitz,6,oracle,102400,8,2,2,7,7,144,quiesced,true,0.0000
band3_depth5_s8,blitz,6,oracle,204800,8,2,2,7,7,144,quiesced,true,0.0000
band3_depth5_s9,rapid,46,unguided,25,27,1,62,62,62,4001970,app_budget,false,2313177.4566
band3_depth5_s9,rapid,46,unguided,50,55,2,62,65,65,4001956,app_budget,false,2313169.3642
band3_depth5_s9,rapid,46,unguided,100,103,3,62,72,72,4001948,app_budget,false,2313164.7399
band3_depth5_s9,rapid,46,unguided,200,206,5,62,97,97,279,app_budget,false,61.2717
band3_depth5_s9,rapid,46,unguided,400,401,7,62,114,114,173,app_budget,false,0.0000
band3_depth5_s9,rapid,46,unguided,800,816,10,62,176,176,173,app_budget,false,0.0000
band3_depth5_s9,rapid,46,unguided,1600,1640,13,62,239,239,173,app_budget,false,0.0000
band3_depth5_s9,rapid,46,unguided,3200,3270,17,62,263,263,173,app_budget,false,0.0000
band3_depth5_s9,rapid,46,unguided,6400,3731,18,62,263,263,173,quiesced,false,0.0000
band3_depth5_s9,rapid,46,unguided,12800,3731,18,62,263,263,173,quiesced,true,0.0000
band3_depth5_s9,rapid,46,unguided,25600,3731,18,62,263,263,173,quiesced,true,0.0000
band3_depth5_s9,rapid,46,unguided,51200,3731,18,62,263,263,173,quiesced,true,0.0000
band3_depth5_s9,rapid,46,unguided,102400,3731,18,62,263,263,173,quiesced,true,0.0000
band3_depth5_s9,rapid,46,unguided,204800,3731,18,62,263,263,173,quiesced,true,0.0000
band3_depth5_s9,rapid,46,oracle,25,27,1,19,62,62,4001970,app_budget,false,2313177.4566
band3_depth5_s9,rapid,46,oracle,50,55,2,19,65,65,4001956,app_budget,false,2313169.3642
band3_depth5_s9,rapid,46,oracle,100,103,3,19,72,72,4001948,app_budget,false,2313164.7399
band3_depth5_s9,rapid,46,oracle,200,206,5,19,97,97,279,app_budget,false,61.2717
band3_depth5_s9,rapid,46,oracle,400,401,7,19,114,114,173,app_budget,false,0.0000
band3_depth5_s9,rapid,46,oracle,800,801,10,19,176,176,173,app_budget,false,0.0000
band3_depth5_s9,rapid,46,oracle,1600,1609,13,19,239,239,173,app_budget,false,0.0000
band3_depth5_s9,rapid,46,oracle,3200,3207,17,19,263,263,173,app_budget,false,0.0000
band3_depth5_s9,rapid,46,oracle,6400,3660,18,19,263,263,173,quiesced,false,0.0000
band3_depth5_s9,rapid,46,oracle,12800,3660,18,19,263,263,173,quiesced,true,0.0000
band3_depth5_s9,rapid,46,oracle,25600,3660,18,19,263,263,173,quiesced,true,0.0000
band3_depth5_s9,rapid,46,oracle,51200,3660,18,19,263,263,173,quiesced,true,0.0000
band3_depth5_s9,rapid,46,oracle,102400,3660,18,19,263,263,173,quiesced,true,0.0000
band3_depth5_s9,rapid,46,oracle,204800,3660,18,19,263,263,173,quiesced,true,0.0000
band3_depth5_s10,rapid,17,unguided,25,19,2,62,21,21,399,quiesced,false,0.0000
band3_depth5_s10,rapid,17,unguided,50,19,2,62,21,21,399,quiesced,true,0.0000
band3_depth5_s10,rapid,17,unguided,100,19,2,62,21,21,399,quiesced,true,0.0000
band3_depth5_s10,rapid,17,unguided,200,19,2,62,21,21,399,quiesced,true,0.0000
band3_depth5_s10,rapid,17,unguided,400,19,2,62,21,21,399,quiesced,true,0.0000
band3_depth5_s10,rapid,17,unguided,800,19,2,62,21,21,399,quiesced,true,0.0000
band3_depth5_s10,rapid,17,unguided,1600,19,2,62,21,21,399,quiesced,true,0.0000
band3_depth5_s10,rapid,17,unguided,3200,19,2,62,21,21,399,quiesced,true,0.0000
band3_depth5_s10,rapid,17,unguided,6400,19,2,62,21,21,399,quiesced,true,0.0000
band3_depth5_s10,rapid,17,unguided,12800,19,2,62,21,21,399,quiesced,true,0.0000
band3_depth5_s10,rapid,17,unguided,25600,19,2,62,21,21,399,quiesced,true,0.0000
band3_depth5_s10,rapid,17,unguided,51200,19,2,62,21,21,399,quiesced,true,0.0000
band3_depth5_s10,rapid,17,unguided,102400,19,2,62,21,21,399,quiesced,true,0.0000
band3_depth5_s10,rapid,17,unguided,204800,19,2,62,21,21,399,quiesced,true,0.0000
band3_depth5_s10,rapid,17,oracle,25,19,2,4,21,21,399,quiesced,false,0.0000
band3_depth5_s10,rapid,17,oracle,50,19,2,4,21,21,399,quiesced,true,0.0000
band3_depth5_s10,rapid,17,oracle,100,19,2,4,21,21,399,quiesced,true,0.0000
band3_depth5_s10,rapid,17,oracle,200,19,2,4,21,21,399,quiesced,true,0.0000
band3_depth5_s10,rapid,17,oracle,400,19,2,4,21,21,399,quiesced,true,0.0000
band3_depth5_s10,rapid,17,oracle,800,19,2,4,21,21,399,quiesced,true,0.0000
band3_depth5_s10,rapid,17,oracle,1600,19,2,4,21,21,399,quiesced,true,0.0000
band3_depth5_s10,rapid,17,oracle,3200,19,2,4,21,21,399,quiesced,true,0.0000
band3_depth5_s10,rapid,17,oracle,6400,19,2,4,21,21,399,quiesced,true,0.0000
band3_depth5_s10,rapid,17,oracle,12800,19,2,4,21,21,399,quiesced,true,0.0000
band3_depth5_s10,rapid,17,oracle,25600,19,2,4,21,21,399,quiesced,true,0.0000
band3_depth5_s10,rapid,17,oracle,51200,19,2,4,21,21,399,quiesced,true,0.0000
band3_depth5_s10,rapid,17,oracle,102400,19,2,4,21,21,399,quiesced,true,0.0000
band3_depth5_s10,rapid,17,oracle,204800,19,2,4,21,21,399,quiesced,true,0.0000
band3_depth5_s11,rapid,24,unguided,25,25,2,62,34,34,200,app_budget,false,3.6269
band3_depth5_s11,rapid,24,unguided,50,50,3,62,36,36,197,app_budget,false,2.0725
band3_depth5_s11,rapid,24,unguided,100,102,5,62,37,37,193,app_budget,false,0.0000
band3_depth5_s11,rapid,24,unguided,200,137,6,62,37,37,193,quiesced,false,0.0000
band3_depth5_s11,rapid,24,unguided,400,137,6,62,37,37,193,quiesced,true,0.0000
band3_depth5_s11,rapid,24,unguided,800,137,6,62,37,37,193,quiesced,true,0.0000
band3_depth5_s11,rapid,24,unguided,1600,137,6,62,37,37,193,quiesced,true,0.0000
band3_depth5_s11,rapid,24,unguided,3200,137,6,62,37,37,193,quiesced,true,0.0000
band3_depth5_s11,rapid,24,unguided,6400,137,6,62,37,37,193,quiesced,true,0.0000
band3_depth5_s11,rapid,24,unguided,12800,137,6,62,37,37,193,quiesced,true,0.0000
band3_depth5_s11,rapid,24,unguided,25600,137,6,62,37,37,193,quiesced,true,0.0000
band3_depth5_s11,rapid,24,unguided,51200,137,6,62,37,37,193,quiesced,true,0.0000
band3_depth5_s11,rapid,24,unguided,102400,137,6,62,37,37,193,quiesced,true,0.0000
band3_depth5_s11,rapid,24,unguided,204800,137,6,62,37,37,193,quiesced,true,0.0000
band3_depth5_s11,rapid,24,oracle,25,25,2,9,34,34,200,app_budget,false,3.6269
band3_depth5_s11,rapid,24,oracle,50,50,3,9,36,36,197,app_budget,false,2.0725
band3_depth5_s11,rapid,24,oracle,100,102,5,9,37,37,193,app_budget,false,0.0000
band3_depth5_s11,rapid,24,oracle,200,137,6,9,37,37,193,quiesced,false,0.0000
band3_depth5_s11,rapid,24,oracle,400,137,6,9,37,37,193,quiesced,true,0.0000
band3_depth5_s11,rapid,24,oracle,800,137,6,9,37,37,193,quiesced,true,0.0000
band3_depth5_s11,rapid,24,oracle,1600,137,6,9,37,37,193,quiesced,true,0.0000
band3_depth5_s11,rapid,24,oracle,3200,137,6,9,37,37,193,quiesced,true,0.0000
band3_depth5_s11,rapid,24,oracle,6400,137,6,9,37,37,193,quiesced,true,0.0000
band3_depth5_s11,rapid,24,oracle,12800,137,6,9,37,37,193,quiesced,true,0.0000
band3_depth5_s11,rapid,24,oracle,25600,137,6,9,37,37,193,quiesced,true,0.0000
band3_depth5_s11,rapid,24,oracle,51200,137,6,9,37,37,193,quiesced,true,0.0000
band3_depth5_s11,rapid,24,oracle,102400,137,6,9,37,37,193,quiesced,true,0.0000
band3_depth5_s11,rapid,24,oracle,204800,137,6,9,37,37,193,quiesced,true,0.0000
band3_depth5_s12,blitz,9,unguided,25,16,2,62,11,11,78,quiesced,false,0.0000
band3_depth5_s12,blitz,9,unguided,50,16,2,62,11,11,78,quiesced,true,0.0000
band3_depth5_s12,blitz,9,unguided,100,16,2,62,11,11,78,quiesced,true,0.0000
band3_depth5_s12,blitz,9,unguided,200,16,2,62,11,11,78,quiesced,true,0.0000
band3_depth5_s12,blitz,9,unguided,400,16,2,62,11,11,78,quiesced,true,0.0000
band3_depth5_s12,blitz,9,unguided,800,16,2,62,11,11,78,quiesced,true,0.0000
band3_depth5_s12,blitz,9,unguided,1600,16,2,62,11,11,78,quiesced,true,0.0000
band3_depth5_s12,blitz,9,unguided,3200,16,2,62,11,11,78,quiesced,true,0.0000
band3_depth5_s12,blitz,9,unguided,6400,16,2,62,11,11,78,quiesced,true,0.0000
band3_depth5_s12,blitz,9,unguided,12800,16,2,62,11,11,78,quiesced,true,0.0000
band3_depth5_s12,blitz,9,unguided,25600,16,2,62,11,11,78,quiesced,true,0.0000
band3_depth5_s12,blitz,9,unguided,51200,16,2,62,11,11,78,quiesced,true,0.0000
band3_depth5_s12,blitz,9,unguided,102400,16,2,62,11,11,78,quiesced,true,0.0000
band3_depth5_s12,blitz,9,unguided,204800,16,2,62,11,11,78,quiesced,true,0.0000
band3_depth5_s12,blitz,9,oracle,25,16,2,3,11,11,78,quiesced,false,0.0000
band3_depth5_s12,blitz,9,oracle,50,16,2,3,11,11,78,quiesced,true,0.0000
band3_depth5_s12,blitz,9,oracle,100,16,2,3,11,11,78,quiesced,true,0.0000
band3_depth5_s12,blitz,9,oracle,200,16,2,3,11,11,78,quiesced,true,0.0000
band3_depth5_s12,blitz,9,oracle,400,16,2,3,11,11,78,quiesced,true,0.0000
band3_depth5_s12,blitz,9,oracle,800,16,2,3,11,11,78,quiesced,true,0.0000
band3_depth5_s12,blitz,9,oracle,1600,16,2,3,11,11,78,quiesced,true,0.0000
band3_depth5_s12,blitz,9,oracle,3200,16,2,3,11,11,78,quiesced,true,0.0000
band3_depth5_s12,blitz,9,oracle,6400,16,2,3,11,11,78,quiesced,true,0.0000
band3_depth5_s12,blitz,9,oracle,12800,16,2,3,11,11,78,quiesced,true,0.0000
band3_depth5_s12,blitz,9,oracle,25600,16,2,3,11,11,78,quiesced,true,0.0000
band3_depth5_s12,blitz,9,oracle,51200,16,2,3,11,11,78,quiesced,true,0.0000
band3_depth5_s12,blitz,9,oracle,102400,16,2,3,11,11,78,quiesced,true,0.0000
band3_depth5_s12,blitz,9,oracle,204800,16,2,3,11,11,78,quiesced,true,0.0000
band3_depth5_s13,rapid,25,unguided,25,25,2,62,34,34,142,app_budget,false,0.0000
band3_depth5_s13,rapid,25,unguided,50,47,3,62,34,34,142,quiesced,false,0.0000
band3_depth5_s13,rapid,25,unguided,100,47,3,62,34,34,142,quiesced,true,0.0000
band3_depth5_s13,rapid,25,unguided,200,47,3,62,34,34,142,quiesced,true,0.0000
band3_depth5_s13,rapid,25,unguided,400,47,3,62,34,34,142,quiesced,true,0.0000
band3_depth5_s13,rapid,25,unguided,800,47,3,62,34,34,142,quiesced,true,0.0000
band3_depth5_s13,rapid,25,unguided,1600,47,3,62,34,34,142,quiesced,true,0.0000
band3_depth5_s13,rapid,25,unguided,3200,47,3,62,34,34,142,quiesced,true,0.0000
band3_depth5_s13,rapid,25,unguided,6400,47,3,62,34,34,142,quiesced,true,0.0000
band3_depth5_s13,rapid,25,unguided,12800,47,3,62,34,34,142,quiesced,true,0.0000
band3_depth5_s13,rapid,25,unguided,25600,47,3,62,34,34,142,quiesced,true,0.0000
band3_depth5_s13,rapid,25,unguided,51200,47,3,62,34,34,142,quiesced,true,0.0000
band3_depth5_s13,rapid,25,unguided,102400,47,3,62,34,34,142,quiesced,true,0.0000
band3_depth5_s13,rapid,25,unguided,204800,47,3,62,34,34,142,quiesced,true,0.0000
band3_depth5_s13,rapid,25,oracle,25,25,2,7,34,34,142,app_budget,false,0.0000
band3_depth5_s13,rapid,25,oracle,50,47,3,7,34,34,142,quiesced,false,0.0000
band3_depth5_s13,rapid,25,oracle,100,47,3,7,34,34,142,quiesced,true,0.0000
band3_depth5_s13,rapid,25,oracle,200,47,3,7,34,34,142,quiesced,true,0.0000
band3_depth5_s13,rapid,25,oracle,400,47,3,7,34,34,142,quiesced,true,0.0000
band3_depth5_s13,rapid,25,oracle,800,47,3,7,34,34,142,quiesced,true,0.0000
band3_depth5_s13,rapid,25,oracle,1600,47,3,7,34,34,142,quiesced,true,0.0000
band3_depth5_s13,rapid,25,oracle,3200,47,3,7,34,34,142,quiesced,true,0.0000
band3_depth5_s13,rapid,25,oracle,6400,47,3,7,34,34,142,quiesced,true,0.0000
band3_depth5_s13,rapid,25,oracle,12800,47,3,7,34,34,142,quiesced,true,0.0000
band3_depth5_s13,rapid,25,oracle,25600,47,3,7,34,34,142,quiesced,true,0.0000
band3_depth5_s13,rapid,25,oracle,51200,47,3,7,34,34,142,quiesced,true,0.0000
band3_depth5_s13,rapid,25,oracle,102400,47,3,7,34,34,142,quiesced,true,0.0000
band3_depth5_s13,rapid,25,oracle,204800,47,3,7,34,34,142,quiesced,true,0.0000
band3_depth5_s14,rapid,33,unguided,25,33,2,62,41,41,152,app_budget,false,0.0000
band3_depth5_s14,rapid,33,unguided,50,52,3,62,41,41,152,app_budget,false,0.0000
band3_depth5_s14,rapid,33,unguided,100,84,4,62,41,41,152,quiesced,false,0.0000
band3_depth5_s14,rapid,33,unguided,200,84,4,62,41,41,152,quiesced,true,0.0000
band3_depth5_s14,rapid,33,unguided,400,84,4,62,41,41,152,quiesced,true,0.0000
band3_depth5_s14,rapid,33,unguided,800,84,4,62,41,41,152,quiesced,true,0.0000
band3_depth5_s14,rapid,33,unguided,1600,84,4,62,41,41,152,quiesced,true,0.0000
band3_depth5_s14,rapid,33,unguided,3200,84,4,62,41,41,152,quiesced,true,0.0000
band3_depth5_s14,rapid,33,unguided,6400,84,4,62,41,41,152,quiesced,true,0.0000
band3_depth5_s14,rapid,33,unguided,12800,84,4,62,41,41,152,quiesced,true,0.0000
band3_depth5_s14,rapid,33,unguided,25600,84,4,62,41,41,152,quiesced,true,0.0000
band3_depth5_s14,rapid,33,unguided,51200,84,4,62,41,41,152,quiesced,true,0.0000
band3_depth5_s14,rapid,33,unguided,102400,84,4,62,41,41,152,quiesced,true,0.0000
band3_depth5_s14,rapid,33,unguided,204800,84,4,62,41,41,152,quiesced,true,0.0000
band3_depth5_s14,rapid,33,oracle,25,33,2,6,41,41,152,app_budget,false,0.0000
band3_depth5_s14,rapid,33,oracle,50,52,3,6,41,41,152,app_budget,false,0.0000
band3_depth5_s14,rapid,33,oracle,100,84,4,6,41,41,152,quiesced,false,0.0000
band3_depth5_s14,rapid,33,oracle,200,84,4,6,41,41,152,quiesced,true,0.0000
band3_depth5_s14,rapid,33,oracle,400,84,4,6,41,41,152,quiesced,true,0.0000
band3_depth5_s14,rapid,33,oracle,800,84,4,6,41,41,152,quiesced,true,0.0000
band3_depth5_s14,rapid,33,oracle,1600,84,4,6,41,41,152,quiesced,true,0.0000
band3_depth5_s14,rapid,33,oracle,3200,84,4,6,41,41,152,quiesced,true,0.0000
band3_depth5_s14,rapid,33,oracle,6400,84,4,6,41,41,152,quiesced,true,0.0000
band3_depth5_s14,rapid,33,oracle,12800,84,4,6,41,41,152,quiesced,true,0.0000
band3_depth5_s14,rapid,33,oracle,25600,84,4,6,41,41,152,quiesced,true,0.0000
band3_depth5_s14,rapid,33,oracle,51200,84,4,6,41,41,152,quiesced,true,0.0000
band3_depth5_s14,rapid,33,oracle,102400,84,4,6,41,41,152,quiesced,true,0.0000
band3_depth5_s14,rapid,33,oracle,204800,84,4,6,41,41,152,quiesced,true,0.0000
band3_depth5_s15,rapid,22,unguided,25,27,2,62,33,33,212,app_budget,false,0.0000
band3_depth5_s15,rapid,22,unguided,50,51,3,62,35,35,212,app_budget,false,0.0000
band3_depth5_s15,rapid,22,unguided,100,102,5,62,36,36,212,app_budget,false,0.0000
band3_depth5_s15,rapid,22,unguided,200,131,6,62,36,36,212,quiesced,false,0.0000
band3_depth5_s15,rapid,22,unguided,400,131,6,62,36,36,212,quiesced,true,0.0000
band3_depth5_s15,rapid,22,unguided,800,131,6,62,36,36,212,quiesced,true,0.0000
band3_depth5_s15,rapid,22,unguided,1600,131,6,62,36,36,212,quiesced,true,0.0000
band3_depth5_s15,rapid,22,unguided,3200,131,6,62,36,36,212,quiesced,true,0.0000
band3_depth5_s15,rapid,22,unguided,6400,131,6,62,36,36,212,quiesced,true,0.0000
band3_depth5_s15,rapid,22,unguided,12800,131,6,62,36,36,212,quiesced,true,0.0000
band3_depth5_s15,rapid,22,unguided,25600,131,6,62,36,36,212,quiesced,true,0.0000
band3_depth5_s15,rapid,22,unguided,51200,131,6,62,36,36,212,quiesced,true,0.0000
band3_depth5_s15,rapid,22,unguided,102400,131,6,62,36,36,212,quiesced,true,0.0000
band3_depth5_s15,rapid,22,unguided,204800,131,6,62,36,36,212,quiesced,true,0.0000
band3_depth5_s15,rapid,22,oracle,25,27,2,10,33,33,212,app_budget,false,0.0000
band3_depth5_s15,rapid,22,oracle,50,50,3,10,35,35,212,app_budget,false,0.0000
band3_depth5_s15,rapid,22,oracle,100,100,5,10,36,36,212,app_budget,false,0.0000
band3_depth5_s15,rapid,22,oracle,200,127,6,10,36,36,212,quiesced,false,0.0000
band3_depth5_s15,rapid,22,oracle,400,127,6,10,36,36,212,quiesced,true,0.0000
band3_depth5_s15,rapid,22,oracle,800,127,6,10,36,36,212,quiesced,true,0.0000
band3_depth5_s15,rapid,22,oracle,1600,127,6,10,36,36,212,quiesced,true,0.0000
band3_depth5_s15,rapid,22,oracle,3200,127,6,10,36,36,212,quiesced,true,0.0000
band3_depth5_s15,rapid,22,oracle,6400,127,6,10,36,36,212,quiesced,true,0.0000
band3_depth5_s15,rapid,22,oracle,12800,127,6,10,36,36,212,quiesced,true,0.0000
band3_depth5_s15,rapid,22,oracle,25600,127,6,10,36,36,212,quiesced,true,0.0000
band3_depth5_s15,rapid,22,oracle,51200,127,6,10,36,36,212,quiesced,true,0.0000
band3_depth5_s15,rapid,22,oracle,102400,127,6,10,36,36,212,quiesced,true,0.0000
band3_depth5_s15,rapid,22,oracle,204800,127,6,10,36,36,212,quiesced,true,0.0000
band3_depth5_s16,rapid,15,unguided,25,21,2,62,19,19,147,quiesced,false,0.0000
band3_depth5_s16,rapid,15,unguided,50,21,2,62,19,19,147,quiesced,true,0.0000
band3_depth5_s16,rapid,15,unguided,100,21,2,62,19,19,147,quiesced,true,0.0000
band3_depth5_s16,rapid,15,unguided,200,21,2,62,19,19,147,quiesced,true,0.0000
band3_depth5_s16,rapid,15,unguided,400,21,2,62,19,19,147,quiesced,true,0.0000
band3_depth5_s16,rapid,15,unguided,800,21,2,62,19,19,147,quiesced,true,0.0000
band3_depth5_s16,rapid,15,unguided,1600,21,2,62,19,19,147,quiesced,true,0.0000
band3_depth5_s16,rapid,15,unguided,3200,21,2,62,19,19,147,quiesced,true,0.0000
band3_depth5_s16,rapid,15,unguided,6400,21,2,62,19,19,147,quiesced,true,0.0000
band3_depth5_s16,rapid,15,unguided,12800,21,2,62,19,19,147,quiesced,true,0.0000
band3_depth5_s16,rapid,15,unguided,25600,21,2,62,19,19,147,quiesced,true,0.0000
band3_depth5_s16,rapid,15,unguided,51200,21,2,62,19,19,147,quiesced,true,0.0000
band3_depth5_s16,rapid,15,unguided,102400,21,2,62,19,19,147,quiesced,true,0.0000
band3_depth5_s16,rapid,15,unguided,204800,21,2,62,19,19,147,quiesced,true,0.0000
band3_depth5_s16,rapid,15,oracle,25,21,2,5,19,19,147,quiesced,false,0.0000
band3_depth5_s16,rapid,15,oracle,50,21,2,5,19,19,147,quiesced,true,0.0000
band3_depth5_s16,rapid,15,oracle,100,21,2,5,19,19,147,quiesced,true,0.0000
band3_depth5_s16,rapid,15,oracle,200,21,2,5,19,19,147,quiesced,true,0.0000
band3_depth5_s16,rapid,15,oracle,400,21,2,5,19,19,147,quiesced,true,0.0000
band3_depth5_s16,rapid,15,oracle,800,21,2,5,19,19,147,quiesced,true,0.0000
band3_depth5_s16,rapid,15,oracle,1600,21,2,5,19,19,147,quiesced,true,0.0000
band3_depth5_s16,rapid,15,oracle,3200,21,2,5,19,19,147,quiesced,true,0.0000
band3_depth5_s16,rapid,15,oracle,6400,21,2,5,19,19,147,quiesced,true,0.0000
band3_depth5_s16,rapid,15,oracle,12800,21,2,5,19,19,147,quiesced,true,0.0000
band3_depth5_s16,rapid,15,oracle,25600,21,2,5,19,19,147,quiesced,true,0.0000
band3_depth5_s16,rapid,15,oracle,51200,21,2,5,19,19,147,quiesced,true,0.0000
band3_depth5_s16,rapid,15,oracle,102400,21,2,5,19,19,147,quiesced,true,0.0000
band3_depth5_s16,rapid,15,oracle,204800,21,2,5,19,19,147,quiesced,true,0.0000
band3_depth5_s17,rapid,17,unguided,25,25,2,62,27,27,253,app_budget,false,0.0000
band3_depth5_s17,rapid,17,unguided,50,52,4,62,28,28,253,app_budget,false,0.0000
band3_depth5_s17,rapid,17,unguided,100,72,5,62,28,28,253,quiesced,false,0.0000
band3_depth5_s17,rapid,17,unguided,200,72,5,62,28,28,253,quiesced,true,0.0000
band3_depth5_s17,rapid,17,unguided,400,72,5,62,28,28,253,quiesced,true,0.0000
band3_depth5_s17,rapid,17,unguided,800,72,5,62,28,28,253,quiesced,true,0.0000
band3_depth5_s17,rapid,17,unguided,1600,72,5,62,28,28,253,quiesced,true,0.0000
band3_depth5_s17,rapid,17,unguided,3200,72,5,62,28,28,253,quiesced,true,0.0000
band3_depth5_s17,rapid,17,unguided,6400,72,5,62,28,28,253,quiesced,true,0.0000
band3_depth5_s17,rapid,17,unguided,12800,72,5,62,28,28,253,quiesced,true,0.0000
band3_depth5_s17,rapid,17,unguided,25600,72,5,62,28,28,253,quiesced,true,0.0000
band3_depth5_s17,rapid,17,unguided,51200,72,5,62,28,28,253,quiesced,true,0.0000
band3_depth5_s17,rapid,17,unguided,102400,72,5,62,28,28,253,quiesced,true,0.0000
band3_depth5_s17,rapid,17,unguided,204800,72,5,62,28,28,253,quiesced,true,0.0000
band3_depth5_s17,rapid,17,oracle,25,25,3,6,28,28,253,app_budget,false,0.0000
band3_depth5_s17,rapid,17,oracle,50,43,4,6,28,28,253,quiesced,false,0.0000
band3_depth5_s17,rapid,17,oracle,100,43,4,6,28,28,253,quiesced,true,0.0000
band3_depth5_s17,rapid,17,oracle,200,43,4,6,28,28,253,quiesced,true,0.0000
band3_depth5_s17,rapid,17,oracle,400,43,4,6,28,28,253,quiesced,true,0.0000
band3_depth5_s17,rapid,17,oracle,800,43,4,6,28,28,253,quiesced,true,0.0000
band3_depth5_s17,rapid,17,oracle,1600,43,4,6,28,28,253,quiesced,true,0.0000
band3_depth5_s17,rapid,17,oracle,3200,43,4,6,28,28,253,quiesced,true,0.0000
band3_depth5_s17,rapid,17,oracle,6400,43,4,6,28,28,253,quiesced,true,0.0000
band3_depth5_s17,rapid,17,oracle,12800,43,4,6,28,28,253,quiesced,true,0.0000
band3_depth5_s17,rapid,17,oracle,25600,43,4,6,28,28,253,quiesced,true,0.0000
band3_depth5_s17,rapid,17,oracle,51200,43,4,6,28,28,253,quiesced,true,0.0000
band3_depth5_s17,rapid,17,oracle,102400,43,4,6,28,28,253,quiesced,true,0.0000
band3_depth5_s17,rapid,17,oracle,204800,43,4,6,28,28,253,quiesced,true,0.0000
band3_depth5_s18,classical,57,unguided,25,27,1,62,62,62,1427,app_budget,false,139.0285
band3_depth5_s18,classical,57,unguided,50,60,2,62,67,67,1427,app_budget,false,139.0285
band3_depth5_s18,classical,57,unguided,100,100,3,62,67,67,1427,app_budget,false,139.0285
band3_depth5_s18,classical,57,unguided,200,208,5,62,76,76,597,app_budget,false,0.0000
band3_depth5_s18,classical,57,unguided,400,350,7,62,78,78,597,quiesced,false,0.0000
band3_depth5_s18,classical,57,unguided,800,350,7,62,78,78,597,quiesced,true,0.0000
band3_depth5_s18,classical,57,unguided,1600,350,7,62,78,78,597,quiesced,true,0.0000
band3_depth5_s18,classical,57,unguided,3200,350,7,62,78,78,597,quiesced,true,0.0000
band3_depth5_s18,classical,57,unguided,6400,350,7,62,78,78,597,quiesced,true,0.0000
band3_depth5_s18,classical,57,unguided,12800,350,7,62,78,78,597,quiesced,true,0.0000
band3_depth5_s18,classical,57,unguided,25600,350,7,62,78,78,597,quiesced,true,0.0000
band3_depth5_s18,classical,57,unguided,51200,350,7,62,78,78,597,quiesced,true,0.0000
band3_depth5_s18,classical,57,unguided,102400,350,7,62,78,78,597,quiesced,true,0.0000
band3_depth5_s18,classical,57,unguided,204800,350,7,62,78,78,597,quiesced,true,0.0000
band3_depth5_s18,classical,57,oracle,25,26,1,12,62,62,1427,app_budget,false,139.0285
band3_depth5_s18,classical,57,oracle,50,59,2,12,67,67,1427,app_budget,false,139.0285
band3_depth5_s18,classical,57,oracle,100,101,3,12,67,67,1427,app_budget,false,139.0285
band3_depth5_s18,classical,57,oracle,200,207,5,12,76,76,597,app_budget,false,0.0000
band3_depth5_s18,classical,57,oracle,400,345,7,12,78,78,597,quiesced,false,0.0000
band3_depth5_s18,classical,57,oracle,800,345,7,12,78,78,597,quiesced,true,0.0000
band3_depth5_s18,classical,57,oracle,1600,345,7,12,78,78,597,quiesced,true,0.0000
band3_depth5_s18,classical,57,oracle,3200,345,7,12,78,78,597,quiesced,true,0.0000
band3_depth5_s18,classical,57,oracle,6400,345,7,12,78,78,597,quiesced,true,0.0000
band3_depth5_s18,classical,57,oracle,12800,345,7,12,78,78,597,quiesced,true,0.0000
band3_depth5_s18,classical,57,oracle,25600,345,7,12,78,78,597,quiesced,true,0.0000
band3_depth5_s18,classical,57,oracle,51200,345,7,12,78,78,597,quiesced,true,0.0000
band3_depth5_s18,classical,57,oracle,102400,345,7,12,78,78,597,quiesced,true,0.0000
band3_depth5_s18,classical,57,oracle,204800,345,7,12,78,78,597,quiesced,true,0.0000
band3_depth5_s19,classical,60,unguided,25,26,1,62,64,64,1016,app_budget,false,59.2476
band3_depth5_s19,classical,60,unguided,50,54,2,62,64,64,1016,app_budget,false,59.2476
band3_depth5_s19,classical,60,unguided,100,100,3,62,64,64,1016,app_budget,false,59.2476
band3_depth5_s19,classical,60,unguided,200,201,5,62,69,69,638,app_budget,false,0.0000
band3_depth5_s19,classical,60,unguided,400,254,6,62,69,69,638,quiesced,false,0.0000
band3_depth5_s19,classical,60,unguided,800,254,6,62,69,69,638,quiesced,true,0.0000
band3_depth5_s19,classical,60,unguided,1600,254,6,62,69,69,638,quiesced,true,0.0000
band3_depth5_s19,classical,60,unguided,3200,254,6,62,69,69,638,quiesced,true,0.0000
band3_depth5_s19,classical,60,unguided,6400,254,6,62,69,69,638,quiesced,true,0.0000
band3_depth5_s19,classical,60,unguided,12800,254,6,62,69,69,638,quiesced,true,0.0000
band3_depth5_s19,classical,60,unguided,25600,254,6,62,69,69,638,quiesced,true,0.0000
band3_depth5_s19,classical,60,unguided,51200,254,6,62,69,69,638,quiesced,true,0.0000
band3_depth5_s19,classical,60,unguided,102400,254,6,62,69,69,638,quiesced,true,0.0000
band3_depth5_s19,classical,60,unguided,204800,254,6,62,69,69,638,quiesced,true,0.0000
band3_depth5_s19,classical,60,oracle,25,26,1,9,64,64,1016,app_budget,false,59.2476
band3_depth5_s19,classical,60,oracle,50,54,2,9,64,64,1016,app_budget,false,59.2476
band3_depth5_s19,classical,60,oracle,100,100,3,9,64,64,1016,app_budget,false,59.2476
band3_depth5_s19,classical,60,oracle,200,201,5,9,69,69,638,app_budget,false,0.0000
band3_depth5_s19,classical,60,oracle,400,254,6,9,69,69,638,quiesced,false,0.0000
band3_depth5_s19,classical,60,oracle,800,254,6,9,69,69,638,quiesced,true,0.0000
band3_depth5_s19,classical,60,oracle,1600,254,6,9,69,69,638,quiesced,true,0.0000
band3_depth5_s19,classical,60,oracle,3200,254,6,9,69,69,638,quiesced,true,0.0000
band3_depth5_s19,classical,60,oracle,6400,254,6,9,69,69,638,quiesced,true,0.0000
band3_depth5_s19,classical,60,oracle,12800,254,6,9,69,69,638,quiesced,true,0.0000
band3_depth5_s19,classical,60,oracle,25600,254,6,9,69,69,638,quiesced,true,0.0000
band3_depth5_s19,classical,60,oracle,51200,254,6,9,69,69,638,quiesced,true,0.0000
band3_depth5_s19,classical,60,oracle,102400,254,6,9,69,69,638,quiesced,true,0.0000
band3_depth5_s19,classical,60,oracle,204800,254,6,9,69,69,638,quiesced,true,0.0000
band3_depth5_s20,rapid,38,unguided,25,25,1,62,57,57,635,app_budget,false,42.0582
band3_depth5_s20,rapid,38,unguided,50,52,2,62,61,61,635,app_budget,false,42.0582
band3_depth5_s20,rapid,38,unguided,100,101,3,62,63,63,635,app_budget,false,42.0582
band3_depth5_s20,rapid,38,unguided,200,211,5,62,72,72,447,app_budget,false,0.0000
band3_depth5_s20,rapid,38,unguided,400,290,6,62,72,72,447,quiesced,false,0.0000
band3_depth5_s20,rapid,38,unguided,800,290,6,62,72,72,447,quiesced,true,0.0000
band3_depth5_s20,rapid,38,unguided,1600,290,6,62,72,72,447,quiesced,true,0.0000
band3_depth5_s20,rapid,38,unguided,3200,290,6,62,72,72,447,quiesced,true,0.0000
band3_depth5_s20,rapid,38,unguided,6400,290,6,62,72,72,447,quiesced,true,0.0000
band3_depth5_s20,rapid,38,unguided,12800,290,6,62,72,72,447,quiesced,true,0.0000
band3_depth5_s20,rapid,38,unguided,25600,290,6,62,72,72,447,quiesced,true,0.0000
band3_depth5_s20,rapid,38,unguided,51200,290,6,62,72,72,447,quiesced,true,0.0000
band3_depth5_s20,rapid,38,unguided,102400,290,6,62,72,72,447,quiesced,true,0.0000
band3_depth5_s20,rapid,38,unguided,204800,290,6,62,72,72,447,quiesced,true,0.0000
band3_depth5_s20,rapid,38,oracle,25,25,1,10,58,58,455,app_budget,false,1.7897
band3_depth5_s20,rapid,38,oracle,50,52,2,10,62,62,455,app_budget,false,1.7897
band3_depth5_s20,rapid,38,oracle,100,102,3,10,64,64,455,app_budget,false,1.7897
band3_depth5_s20,rapid,38,oracle,200,208,5,10,72,72,447,app_budget,false,0.0000
band3_depth5_s20,rapid,38,oracle,400,283,6,10,72,72,447,quiesced,false,0.0000
band3_depth5_s20,rapid,38,oracle,800,283,6,10,72,72,447,quiesced,true,0.0000
band3_depth5_s20,rapid,38,oracle,1600,283,6,10,72,72,447,quiesced,true,0.0000
band3_depth5_s20,rapid,38,oracle,3200,283,6,10,72,72,447,quiesced,true,0.0000
band3_depth5_s20,rapid,38,oracle,6400,283,6,10,72,72,447,quiesced,true,0.0000
band3_depth5_s20,rapid,38,oracle,12800,283,6,10,72,72,447,quiesced,true,0.0000
band3_depth5_s20,rapid,38,oracle,25600,283,6,10,72,72,447,quiesced,true,0.0000
band3_depth5_s20,rapid,38,oracle,51200,283,6,10,72,72,447,quiesced,true,0.0000
band3_depth5_s20,rapid,38,oracle,102400,283,6,10,72,72,447,quiesced,true,0.0000
band3_depth5_s20,rapid,38,oracle,204800,283,6,10,72,72,447,quiesced,true,0.0000
band3_depth5_s21,rapid,26,unguided,25,29,2,62,36,36,428,app_budget,false,0.0000
band3_depth5_s21,rapid,26,unguided,50,54,3,62,36,36,428,app_budget,false,0.0000
band3_depth5_s21,rapid,26,unguided,100,83,4,62,36,36,428,quiesced,false,0.0000
band3_depth5_s21,rapid,26,unguided,200,83,4,62,36,36,428,quiesced,true,0.0000
band3_depth5_s21,rapid,26,unguided,400,83,4,62,36,36,428,quiesced,true,0.0000
band3_depth5_s21,rapid,26,unguided,800,83,4,62,36,36,428,quiesced,true,0.0000
band3_depth5_s21,rapid,26,unguided,1600,83,4,62,36,36,428,quiesced,true,0.0000
band3_depth5_s21,rapid,26,unguided,3200,83,4,62,36,36,428,quiesced,true,0.0000
band3_depth5_s21,rapid,26,unguided,6400,83,4,62,36,36,428,quiesced,true,0.0000
band3_depth5_s21,rapid,26,unguided,12800,83,4,62,36,36,428,quiesced,true,0.0000
band3_depth5_s21,rapid,26,unguided,25600,83,4,62,36,36,428,quiesced,true,0.0000
band3_depth5_s21,rapid,26,unguided,51200,83,4,62,36,36,428,quiesced,true,0.0000
band3_depth5_s21,rapid,26,unguided,102400,83,4,62,36,36,428,quiesced,true,0.0000
band3_depth5_s21,rapid,26,unguided,204800,83,4,62,36,36,428,quiesced,true,0.0000
band3_depth5_s21,rapid,26,oracle,25,29,2,6,36,36,428,app_budget,false,0.0000
band3_depth5_s21,rapid,26,oracle,50,54,3,6,36,36,428,app_budget,false,0.0000
band3_depth5_s21,rapid,26,oracle,100,83,4,6,36,36,428,quiesced,false,0.0000
band3_depth5_s21,rapid,26,oracle,200,83,4,6,36,36,428,quiesced,true,0.0000
band3_depth5_s21,rapid,26,oracle,400,83,4,6,36,36,428,quiesced,true,0.0000
band3_depth5_s21,rapid,26,oracle,800,83,4,6,36,36,428,quiesced,true,0.0000
band3_depth5_s21,rapid,26,oracle,1600,83,4,6,36,36,428,quiesced,true,0.0000
band3_depth5_s21,rapid,26,oracle,3200,83,4,6,36,36,428,quiesced,true,0.0000
band3_depth5_s21,rapid,26,oracle,6400,83,4,6,36,36,428,quiesced,true,0.0000
band3_depth5_s21,rapid,26,oracle,12800,83,4,6,36,36,428,quiesced,true,0.0000
band3_depth5_s21,rapid,26,oracle,25600,83,4,6,36,36,428,quiesced,true,0.0000
band3_depth5_s21,rapid,26,oracle,51200,83,4,6,36,36,428,quiesced,true,0.0000
band3_depth5_s21,rapid,26,oracle,102400,83,4,6,36,36,428,quiesced,true,0.0000
band3_depth5_s21,rapid,26,oracle,204800,83,4,6,36,36,428,quiesced,true,0.0000
band4_depth6_s0,rapid,25,unguided,25,26,2,62,32,32,250,app_budget,false,0.0000
band4_depth6_s0,rapid,25,unguided,50,47,3,62,32,32,250,quiesced,false,0.0000
band4_depth6_s0,rapid,25,unguided,100,47,3,62,32,32,250,quiesced,true,0.0000
band4_depth6_s0,rapid,25,unguided,200,47,3,62,32,32,250,quiesced,true,0.0000
band4_depth6_s0,rapid,25,unguided,400,47,3,62,32,32,250,quiesced,true,0.0000
band4_depth6_s0,rapid,25,unguided,800,47,3,62,32,32,250,quiesced,true,0.0000
band4_depth6_s0,rapid,25,unguided,1600,47,3,62,32,32,250,quiesced,true,0.0000
band4_depth6_s0,rapid,25,unguided,3200,47,3,62,32,32,250,quiesced,true,0.0000
band4_depth6_s0,rapid,25,unguided,6400,47,3,62,32,32,250,quiesced,true,0.0000
band4_depth6_s0,rapid,25,unguided,12800,47,3,62,32,32,250,quiesced,true,0.0000
band4_depth6_s0,rapid,25,unguided,25600,47,3,62,32,32,250,quiesced,true,0.0000
band4_depth6_s0,rapid,25,unguided,51200,47,3,62,32,32,250,quiesced,true,0.0000
band4_depth6_s0,rapid,25,unguided,102400,47,3,62,32,32,250,quiesced,true,0.0000
band4_depth6_s0,rapid,25,unguided,204800,47,3,62,32,32,250,quiesced,true,0.0000
band4_depth6_s0,rapid,25,oracle,25,26,2,5,32,32,250,app_budget,false,0.0000
band4_depth6_s0,rapid,25,oracle,50,47,3,5,32,32,250,quiesced,false,0.0000
band4_depth6_s0,rapid,25,oracle,100,47,3,5,32,32,250,quiesced,true,0.0000
band4_depth6_s0,rapid,25,oracle,200,47,3,5,32,32,250,quiesced,true,0.0000
band4_depth6_s0,rapid,25,oracle,400,47,3,5,32,32,250,quiesced,true,0.0000
band4_depth6_s0,rapid,25,oracle,800,47,3,5,32,32,250,quiesced,true,0.0000
band4_depth6_s0,rapid,25,oracle,1600,47,3,5,32,32,250,quiesced,true,0.0000
band4_depth6_s0,rapid,25,oracle,3200,47,3,5,32,32,250,quiesced,true,0.0000
band4_depth6_s0,rapid,25,oracle,6400,47,3,5,32,32,250,quiesced,true,0.0000
band4_depth6_s0,rapid,25,oracle,12800,47,3,5,32,32,250,quiesced,true,0.0000
band4_depth6_s0,rapid,25,oracle,25600,47,3,5,32,32,250,quiesced,true,0.0000
band4_depth6_s0,rapid,25,oracle,51200,47,3,5,32,32,250,quiesced,true,0.0000
band4_depth6_s0,rapid,25,oracle,102400,47,3,5,32,32,250,quiesced,true,0.0000
band4_depth6_s0,rapid,25,oracle,204800,47,3,5,32,32,250,quiesced,true,0.0000
band4_depth6_s1,rapid,24,unguided,25,26,2,62,32,32,242,app_budget,false,0.0000
band4_depth6_s1,rapid,24,unguided,50,48,3,62,32,32,242,quiesced,false,0.0000
band4_depth6_s1,rapid,24,unguided,100,48,3,62,32,32,242,quiesced,true,0.0000
band4_depth6_s1,rapid,24,unguided,200,48,3,62,32,32,242,quiesced,true,0.0000
band4_depth6_s1,rapid,24,unguided,400,48,3,62,32,32,242,quiesced,true,0.0000
band4_depth6_s1,rapid,24,unguided,800,48,3,62,32,32,242,quiesced,true,0.0000
band4_depth6_s1,rapid,24,unguided,1600,48,3,62,32,32,242,quiesced,true,0.0000
band4_depth6_s1,rapid,24,unguided,3200,48,3,62,32,32,242,quiesced,true,0.0000
band4_depth6_s1,rapid,24,unguided,6400,48,3,62,32,32,242,quiesced,true,0.0000
band4_depth6_s1,rapid,24,unguided,12800,48,3,62,32,32,242,quiesced,true,0.0000
band4_depth6_s1,rapid,24,unguided,25600,48,3,62,32,32,242,quiesced,true,0.0000
band4_depth6_s1,rapid,24,unguided,51200,48,3,62,32,32,242,quiesced,true,0.0000
band4_depth6_s1,rapid,24,unguided,102400,48,3,62,32,32,242,quiesced,true,0.0000
band4_depth6_s1,rapid,24,unguided,204800,48,3,62,32,32,242,quiesced,true,0.0000
band4_depth6_s1,rapid,24,oracle,25,26,2,8,32,32,242,app_budget,false,0.0000
band4_depth6_s1,rapid,24,oracle,50,48,3,8,32,32,242,quiesced,false,0.0000
band4_depth6_s1,rapid,24,oracle,100,48,3,8,32,32,242,quiesced,true,0.0000
band4_depth6_s1,rapid,24,oracle,200,48,3,8,32,32,242,quiesced,true,0.0000
band4_depth6_s1,rapid,24,oracle,400,48,3,8,32,32,242,quiesced,true,0.0000
band4_depth6_s1,rapid,24,oracle,800,48,3,8,32,32,242,quiesced,true,0.0000
band4_depth6_s1,rapid,24,oracle,1600,48,3,8,32,32,242,quiesced,true,0.0000
band4_depth6_s1,rapid,24,oracle,3200,48,3,8,32,32,242,quiesced,true,0.0000
band4_depth6_s1,rapid,24,oracle,6400,48,3,8,32,32,242,quiesced,true,0.0000
band4_depth6_s1,rapid,24,oracle,12800,48,3,8,32,32,242,quiesced,true,0.0000
band4_depth6_s1,rapid,24,oracle,25600,48,3,8,32,32,242,quiesced,true,0.0000
band4_depth6_s1,rapid,24,oracle,51200,48,3,8,32,32,242,quiesced,true,0.0000
band4_depth6_s1,rapid,24,oracle,102400,48,3,8,32,32,242,quiesced,true,0.0000
band4_depth6_s1,rapid,24,oracle,204800,48,3,8,32,32,242,quiesced,true,0.0000
band4_depth6_s2,classical,70,unguided,25,26,1,62,83,83,4005735,app_budget,false,545640.4632
band4_depth6_s2,classical,70,unguided,50,55,2,62,85,85,4005711,app_budget,false,545637.1935
band4_depth6_s2,classical,70,unguided,100,107,3,62,93,93,4005679,app_budget,false,545632.8338
band4_depth6_s2,classical,70,unguided,200,200,4,62,120,120,1667,app_budget,false,127.1117
band4_depth6_s2,classical,70,unguided,400,438,6,62,180,180,900,app_budget,false,22.6158
band4_depth6_s2,classical,70,unguided,800,803,8,62,220,220,734,app_budget,false,0.0000
band4_depth6_s2,classical,70,unguided,1600,1604,11,62,236,236,734,app_budget,false,0.0000
band4_depth6_s2,classical,70,unguided,3200,1944,12,62,236,236,734,quiesced,false,0.0000
band4_depth6_s2,classical,70,unguided,6400,1944,12,62,236,236,734,quiesced,true,0.0000
band4_depth6_s2,classical,70,unguided,12800,1944,12,62,236,236,734,quiesced,true,0.0000
band4_depth6_s2,classical,70,unguided,25600,1944,12,62,236,236,734,quiesced,true,0.0000
band4_depth6_s2,classical,70,unguided,51200,1944,12,62,236,236,734,quiesced,true,0.0000
band4_depth6_s2,classical,70,unguided,102400,1944,12,62,236,236,734,quiesced,true,0.0000
band4_depth6_s2,classical,70,unguided,204800,1944,12,62,236,236,734,quiesced,true,0.0000
band4_depth6_s2,classical,70,oracle,25,26,1,19,83,83,4005735,app_budget,false,545640.4632
band4_depth6_s2,classical,70,oracle,50,55,2,19,85,85,4005711,app_budget,false,545637.1935
band4_depth6_s2,classical,70,oracle,100,107,3,19,93,93,4005679,app_budget,false,545632.8338
band4_depth6_s2,classical,70,oracle,200,200,4,19,120,120,1667,app_budget,false,127.1117
band4_depth6_s2,classical,70,oracle,400,438,6,19,180,180,900,app_budget,false,22.6158
band4_depth6_s2,classical,70,oracle,800,803,8,19,220,220,734,app_budget,false,0.0000
band4_depth6_s2,classical,70,oracle,1600,1604,11,19,236,236,734,app_budget,false,0.0000
band4_depth6_s2,classical,70,oracle,3200,1944,12,19,236,236,734,quiesced,false,0.0000
band4_depth6_s2,classical,70,oracle,6400,1944,12,19,236,236,734,quiesced,true,0.0000
band4_depth6_s2,classical,70,oracle,12800,1944,12,19,236,236,734,quiesced,true,0.0000
band4_depth6_s2,classical,70,oracle,25600,1944,12,19,236,236,734,quiesced,true,0.0000
band4_depth6_s2,classical,70,oracle,51200,1944,12,19,236,236,734,quiesced,true,0.0000
band4_depth6_s2,classical,70,oracle,102400,1944,12,19,236,236,734,quiesced,true,0.0000
band4_depth6_s2,classical,70,oracle,204800,1944,12,19,236,236,734,quiesced,true,0.0000
band4_depth6_s3,classical,63,unguided,25,28,1,62,75,75,1464,app_budget,false,102.7701
band4_depth6_s3,classical,63,unguided,50,54,2,62,79,79,1464,app_budget,false,102.7701
band4_depth6_s3,classical,63,unguided,100,100,3,62,79,79,1464,app_budget,false,102.7701
band4_depth6_s3,classical,63,unguided,200,212,5,62,94,94,722,app_budget,false,0.0000
band4_depth6_s3,classical,63,unguided,400,294,6,62,94,94,722,quiesced,false,0.0000
band4_depth6_s3,classical,63,unguided,800,294,6,62,94,94,722,quiesced,true,0.0000
band4_depth6_s3,classical,63,unguided,1600,294,6,62,94,94,722,quiesced,true,0.0000
band4_depth6_s3,classical,63,unguided,3200,294,6,62,94,94,722,quiesced,true,0.0000
band4_depth6_s3,classical,63,unguided,6400,294,6,62,94,94,722,quiesced,true,0.0000
band4_depth6_s3,classical,63,unguided,12800,294,6,62,94,94,722,quiesced,true,0.0000
band4_depth6_s3,classical,63,unguided,25600,294,6,62,94,94,722,quiesced,true,0.0000
band4_depth6_s3,classical,63,unguided,51200,294,6,62,94,94,722,quiesced,true,0.0000
band4_depth6_s3,classical,63,unguided,102400,294,6,62,94,94,722,quiesced,true,0.0000
band4_depth6_s3,classical,63,unguided,204800,294,6,62,94,94,722,quiesced,true,0.0000
band4_depth6_s3,classical,63,oracle,25,28,1,12,75,75,1464,app_budget,false,102.7701
band4_depth6_s3,classical,63,oracle,50,54,2,12,79,79,1464,app_budget,false,102.7701
band4_depth6_s3,classical,63,oracle,100,100,3,12,79,79,1464,app_budget,false,102.7701
band4_depth6_s3,classical,63,oracle,200,212,5,12,94,94,722,app_budget,false,0.0000
band4_depth6_s3,classical,63,oracle,400,294,6,12,94,94,722,quiesced,false,0.0000
band4_depth6_s3,classical,63,oracle,800,294,6,12,94,94,722,quiesced,true,0.0000
band4_depth6_s3,classical,63,oracle,1600,294,6,12,94,94,722,quiesced,true,0.0000
band4_depth6_s3,classical,63,oracle,3200,294,6,12,94,94,722,quiesced,true,0.0000
band4_depth6_s3,classical,63,oracle,6400,294,6,12,94,94,722,quiesced,true,0.0000
band4_depth6_s3,classical,63,oracle,12800,294,6,12,94,94,722,quiesced,true,0.0000
band4_depth6_s3,classical,63,oracle,25600,294,6,12,94,94,722,quiesced,true,0.0000
band4_depth6_s3,classical,63,oracle,51200,294,6,12,94,94,722,quiesced,true,0.0000
band4_depth6_s3,classical,63,oracle,102400,294,6,12,94,94,722,quiesced,true,0.0000
band4_depth6_s3,classical,63,oracle,204800,294,6,12,94,94,722,quiesced,true,0.0000
band4_depth6_s4,rapid,13,unguided,25,25,2,62,23,23,27,app_budget,false,0.0000
band4_depth6_s4,rapid,13,unguided,50,50,4,62,24,24,27,app_budget,false,0.0000
band4_depth6_s4,rapid,13,unguided,100,71,5,62,24,24,27,quiesced,false,0.0000
band4_depth6_s4,rapid,13,unguided,200,71,5,62,24,24,27,quiesced,true,0.0000
band4_depth6_s4,rapid,13,unguided,400,71,5,62,24,24,27,quiesced,true,0.0000
band4_depth6_s4,rapid,13,unguided,800,71,5,62,24,24,27,quiesced,true,0.0000
band4_depth6_s4,rapid,13,unguided,1600,71,5,62,24,24,27,quiesced,true,0.0000
band4_depth6_s4,rapid,13,unguided,3200,71,5,62,24,24,27,quiesced,true,0.0000
band4_depth6_s4,rapid,13,unguided,6400,71,5,62,24,24,27,quiesced,true,0.0000
band4_depth6_s4,rapid,13,unguided,12800,71,5,62,24,24,27,quiesced,true,0.0000
band4_depth6_s4,rapid,13,unguided,25600,71,5,62,24,24,27,quiesced,true,0.0000
band4_depth6_s4,rapid,13,unguided,51200,71,5,62,24,24,27,quiesced,true,0.0000
band4_depth6_s4,rapid,13,unguided,102400,71,5,62,24,24,27,quiesced,true,0.0000
band4_depth6_s4,rapid,13,unguided,204800,71,5,62,24,24,27,quiesced,true,0.0000
band4_depth6_s4,rapid,13,oracle,25,25,2,8,23,23,27,app_budget,false,0.0000
band4_depth6_s4,rapid,13,oracle,50,53,4,8,24,24,27,app_budget,false,0.0000
band4_depth6_s4,rapid,13,oracle,100,72,5,8,24,24,27,quiesced,false,0.0000
band4_depth6_s4,rapid,13,oracle,200,72,5,8,24,24,27,quiesced,true,0.0000
band4_depth6_s4,rapid,13,oracle,400,72,5,8,24,24,27,quiesced,true,0.0000
band4_depth6_s4,rapid,13,oracle,800,72,5,8,24,24,27,quiesced,true,0.0000
band4_depth6_s4,rapid,13,oracle,1600,72,5,8,24,24,27,quiesced,true,0.0000
band4_depth6_s4,rapid,13,oracle,3200,72,5,8,24,24,27,quiesced,true,0.0000
band4_depth6_s4,rapid,13,oracle,6400,72,5,8,24,24,27,quiesced,true,0.0000
band4_depth6_s4,rapid,13,oracle,12800,72,5,8,24,24,27,quiesced,true,0.0000
band4_depth6_s4,rapid,13,oracle,25600,72,5,8,24,24,27,quiesced,true,0.0000
band4_depth6_s4,rapid,13,oracle,51200,72,5,8,24,24,27,quiesced,true,0.0000
band4_depth6_s4,rapid,13,oracle,102400,72,5,8,24,24,27,quiesced,true,0.0000
band4_depth6_s4,rapid,13,oracle,204800,72,5,8,24,24,27,quiesced,true,0.0000
band4_depth6_s5,rapid,34,unguided,25,27,1,62,51,51,391,app_budget,false,1.0336
band4_depth6_s5,rapid,34,unguided,50,56,2,62,56,56,387,app_budget,false,0.0000
band4_depth6_s5,rapid,34,unguided,100,105,3,62,56,56,387,app_budget,false,0.0000
band4_depth6_s5,rapid,34,unguided,200,162,4,62,56,56,387,quiesced,false,0.0000
band4_depth6_s5,rapid,34,unguided,400,162,4,62,56,56,387,quiesced,true,0.0000
band4_depth6_s5,rapid,34,unguided,800,162,4,62,56,56,387,quiesced,true,0.0000
band4_depth6_s5,rapid,34,unguided,1600,162,4,62,56,56,387,quiesced,true,0.0000
band4_depth6_s5,rapid,34,unguided,3200,162,4,62,56,56,387,quiesced,true,0.0000
band4_depth6_s5,rapid,34,unguided,6400,162,4,62,56,56,387,quiesced,true,0.0000
band4_depth6_s5,rapid,34,unguided,12800,162,4,62,56,56,387,quiesced,true,0.0000
band4_depth6_s5,rapid,34,unguided,25600,162,4,62,56,56,387,quiesced,true,0.0000
band4_depth6_s5,rapid,34,unguided,51200,162,4,62,56,56,387,quiesced,true,0.0000
band4_depth6_s5,rapid,34,unguided,102400,162,4,62,56,56,387,quiesced,true,0.0000
band4_depth6_s5,rapid,34,unguided,204800,162,4,62,56,56,387,quiesced,true,0.0000
band4_depth6_s5,rapid,34,oracle,25,27,1,9,51,51,391,app_budget,false,1.0336
band4_depth6_s5,rapid,34,oracle,50,56,2,9,56,56,387,app_budget,false,0.0000
band4_depth6_s5,rapid,34,oracle,100,105,3,9,56,56,387,app_budget,false,0.0000
band4_depth6_s5,rapid,34,oracle,200,162,4,9,56,56,387,quiesced,false,0.0000
band4_depth6_s5,rapid,34,oracle,400,162,4,9,56,56,387,quiesced,true,0.0000
band4_depth6_s5,rapid,34,oracle,800,162,4,9,56,56,387,quiesced,true,0.0000
band4_depth6_s5,rapid,34,oracle,1600,162,4,9,56,56,387,quiesced,true,0.0000
band4_depth6_s5,rapid,34,oracle,3200,162,4,9,56,56,387,quiesced,true,0.0000
band4_depth6_s5,rapid,34,oracle,6400,162,4,9,56,56,387,quiesced,true,0.0000
band4_depth6_s5,rapid,34,oracle,12800,162,4,9,56,56,387,quiesced,true,0.0000
band4_depth6_s5,rapid,34,oracle,25600,162,4,9,56,56,387,quiesced,true,0.0000
band4_depth6_s5,rapid,34,oracle,51200,162,4,9,56,56,387,quiesced,true,0.0000
band4_depth6_s5,rapid,34,oracle,102400,162,4,9,56,56,387,quiesced,true,0.0000
band4_depth6_s5,rapid,34,oracle,204800,162,4,9,56,56,387,quiesced,true,0.0000
band4_depth6_s6,rapid,25,unguided,25,25,2,62,32,32,181,app_budget,false,0.0000
band4_depth6_s6,rapid,25,unguided,50,49,3,62,32,32,181,quiesced,false,0.0000
band4_depth6_s6,rapid,25,unguided,100,49,3,62,32,32,181,quiesced,true,0.0000
band4_depth6_s6,rapid,25,unguided,200,49,3,62,32,32,181,quiesced,true,0.0000
band4_depth6_s6,rapid,25,unguided,400,49,3,62,32,32,181,quiesced,true,0.0000
band4_depth6_s6,rapid,25,unguided,800,49,3,62,32,32,181,quiesced,true,0.0000
band4_depth6_s6,rapid,25,unguided,1600,49,3,62,32,32,181,quiesced,true,0.0000
band4_depth6_s6,rapid,25,unguided,3200,49,3,62,32,32,181,quiesced,true,0.0000
band4_depth6_s6,rapid,25,unguided,6400,49,3,62,32,32,181,quiesced,true,0.0000
band4_depth6_s6,rapid,25,unguided,12800,49,3,62,32,32,181,quiesced,true,0.0000
band4_depth6_s6,rapid,25,unguided,25600,49,3,62,32,32,181,quiesced,true,0.0000
band4_depth6_s6,rapid,25,unguided,51200,49,3,62,32,32,181,quiesced,true,0.0000
band4_depth6_s6,rapid,25,unguided,102400,49,3,62,32,32,181,quiesced,true,0.0000
band4_depth6_s6,rapid,25,unguided,204800,49,3,62,32,32,181,quiesced,true,0.0000
band4_depth6_s6,rapid,25,oracle,25,25,2,6,32,32,181,app_budget,false,0.0000
band4_depth6_s6,rapid,25,oracle,50,49,3,6,32,32,181,quiesced,false,0.0000
band4_depth6_s6,rapid,25,oracle,100,49,3,6,32,32,181,quiesced,true,0.0000
band4_depth6_s6,rapid,25,oracle,200,49,3,6,32,32,181,quiesced,true,0.0000
band4_depth6_s6,rapid,25,oracle,400,49,3,6,32,32,181,quiesced,true,0.0000
band4_depth6_s6,rapid,25,oracle,800,49,3,6,32,32,181,quiesced,true,0.0000
band4_depth6_s6,rapid,25,oracle,1600,49,3,6,32,32,181,quiesced,true,0.0000
band4_depth6_s6,rapid,25,oracle,3200,49,3,6,32,32,181,quiesced,true,0.0000
band4_depth6_s6,rapid,25,oracle,6400,49,3,6,32,32,181,quiesced,true,0.0000
band4_depth6_s6,rapid,25,oracle,12800,49,3,6,32,32,181,quiesced,true,0.0000
band4_depth6_s6,rapid,25,oracle,25600,49,3,6,32,32,181,quiesced,true,0.0000
band4_depth6_s6,rapid,25,oracle,51200,49,3,6,32,32,181,quiesced,true,0.0000
band4_depth6_s6,rapid,25,oracle,102400,49,3,6,32,32,181,quiesced,true,0.0000
band4_depth6_s6,rapid,25,oracle,204800,49,3,6,32,32,181,quiesced,true,0.0000
band4_depth6_s7,rapid,33,unguided,25,25,1,62,51,51,701,app_budget,false,39.0873
band4_depth6_s7,rapid,33,unguided,50,60,2,62,60,60,698,app_budget,false,38.4921
band4_depth6_s7,rapid,33,unguided,100,108,3,62,61,61,694,app_budget,false,37.6984
band4_depth6_s7,rapid,33,unguided,200,200,5,62,80,80,504,app_budget,false,0.0000
band4_depth6_s7,rapid,33,unguided,400,401,7,62,130,130,504,app_budget,false,0.0000
band4_depth6_s7,rapid,33,unguided,800,818,9,62,333,333,504,app_budget,false,0.0000
band4_depth6_s7,rapid,33,unguided,1600,1745,10,62,690,690,504,app_budget,false,0.0000
band4_depth6_s7,rapid,33,unguided,3200,3363,11,62,1452,1452,504,app_budget,false,0.0000
band4_depth6_s7,rapid,33,unguided,6400,6349,15,62,1968,1968,504,quiesced,false,0.0000
band4_depth6_s7,rapid,33,unguided,12800,6349,15,62,1968,1968,504,quiesced,true,0.0000
band4_depth6_s7,rapid,33,unguided,25600,6349,15,62,1968,1968,504,quiesced,true,0.0000
band4_depth6_s7,rapid,33,unguided,51200,6349,15,62,1968,1968,504,quiesced,true,0.0000
band4_depth6_s7,rapid,33,unguided,102400,6349,15,62,1968,1968,504,quiesced,true,0.0000
band4_depth6_s7,rapid,33,unguided,204800,6349,15,62,1968,1968,504,quiesced,true,0.0000
band4_depth6_s7,rapid,33,oracle,25,25,1,28,51,51,701,app_budget,false,39.0873
band4_depth6_s7,rapid,33,oracle,50,60,2,28,60,60,698,app_budget,false,38.4921
band4_depth6_s7,rapid,33,oracle,100,108,3,28,61,61,694,app_budget,false,37.6984
band4_depth6_s7,rapid,33,oracle,200,200,5,28,80,80,504,app_budget,false,0.0000
band4_depth6_s7,rapid,33,oracle,400,400,7,28,130,130,504,app_budget,false,0.0000
band4_depth6_s7,rapid,33,oracle,800,814,9,28,333,333,504,app_budget,false,0.0000
band4_depth6_s7,rapid,33,oracle,1600,1739,10,28,690,690,504,app_budget,false,0.0000
band4_depth6_s7,rapid,33,oracle,3200,3356,11,28,1452,1452,504,app_budget,false,0.0000
band4_depth6_s7,rapid,33,oracle,6400,6330,15,28,1968,1968,504,quiesced,false,0.0000
band4_depth6_s7,rapid,33,oracle,12800,6330,15,28,1968,1968,504,quiesced,true,0.0000
band4_depth6_s7,rapid,33,oracle,25600,6330,15,28,1968,1968,504,quiesced,true,0.0000
band4_depth6_s7,rapid,33,oracle,51200,6330,15,28,1968,1968,504,quiesced,true,0.0000
band4_depth6_s7,rapid,33,oracle,102400,6330,15,28,1968,1968,504,quiesced,true,0.0000
band4_depth6_s7,rapid,33,oracle,204800,6330,15,28,1968,1968,504,quiesced,true,0.0000
band4_depth6_s8,rapid,26,unguided,25,29,2,62,35,35,523,app_budget,false,0.0000
band4_depth6_s8,rapid,26,unguided,50,51,3,62,35,35,523,app_budget,false,0.0000
band4_depth6_s8,rapid,26,unguided,100,76,4,62,35,35,523,quiesced,false,0.0000
band4_depth6_s8,rapid,26,unguided,200,76,4,62,35,35,523,quiesced,true,0.0000
band4_depth6_s8,rapid,26,unguided,400,76,4,62,35,35,523,quiesced,true,0.0000
band4_depth6_s8,rapid,26,unguided,800,76,4,62,35,35,523,quiesced,true,0.0000
band4_depth6_s8,rapid,26,unguided,1600,76,4,62,35,35,523,quiesced,true,0.0000
band4_depth6_s8,rapid,26,unguided,3200,76,4,62,35,35,523,quiesced,true,0.0000
band4_depth6_s8,rapid,26,unguided,6400,76,4,62,35,35,523,quiesced,true,0.0000
band4_depth6_s8,rapid,26,unguided,12800,76,4,62,35,35,523,quiesced,true,0.0000
band4_depth6_s8,rapid,26,unguided,25600,76,4,62,35,35,523,quiesced,true,0.0000
band4_depth6_s8,rapid,26,unguided,51200,76,4,62,35,35,523,quiesced,true,0.0000
band4_depth6_s8,rapid,26,unguided,102400,76,4,62,35,35,523,quiesced,true,0.0000
band4_depth6_s8,rapid,26,unguided,204800,76,4,62,35,35,523,quiesced,true,0.0000
band4_depth6_s8,rapid,26,oracle,25,29,2,8,35,35,523,app_budget,false,0.0000
band4_depth6_s8,rapid,26,oracle,50,51,3,8,35,35,523,app_budget,false,0.0000
band4_depth6_s8,rapid,26,oracle,100,76,4,8,35,35,523,quiesced,false,0.0000
band4_depth6_s8,rapid,26,oracle,200,76,4,8,35,35,523,quiesced,true,0.0000
band4_depth6_s8,rapid,26,oracle,400,76,4,8,35,35,523,quiesced,true,0.0000
band4_depth6_s8,rapid,26,oracle,800,76,4,8,35,35,523,quiesced,true,0.0000
band4_depth6_s8,rapid,26,oracle,1600,76,4,8,35,35,523,quiesced,true,0.0000
band4_depth6_s8,rapid,26,oracle,3200,76,4,8,35,35,523,quiesced,true,0.0000
band4_depth6_s8,rapid,26,oracle,6400,76,4,8,35,35,523,quiesced,true,0.0000
band4_depth6_s8,rapid,26,oracle,12800,76,4,8,35,35,523,quiesced,true,0.0000
band4_depth6_s8,rapid,26,oracle,25600,76,4,8,35,35,523,quiesced,true,0.0000
band4_depth6_s8,rapid,26,oracle,51200,76,4,8,35,35,523,quiesced,true,0.0000
band4_depth6_s8,rapid,26,oracle,102400,76,4,8,35,35,523,quiesced,true,0.0000
band4_depth6_s8,rapid,26,oracle,204800,76,4,8,35,35,523,quiesced,true,0.0000
band4_depth6_s9,rapid,34,unguided,25,25,1,62,47,47,394,app_budget,false,1.0256
band4_depth6_s9,rapid,34,unguided,50,51,2,62,48,48,390,app_budget,false,0.0000
band4_depth6_s9,rapid,34,unguided,100,94,3,62,48,48,390,quiesced,false,0.0000
band4_depth6_s9,rapid,34,unguided,200,94,3,62,48,48,390,quiesced,true,0.0000
band4_depth6_s9,rapid,34,unguided,400,94,3,62,48,48,390,quiesced,true,0.0000
band4_depth6_s9,rapid,34,unguided,800,94,3,62,48,48,390,quiesced,true,0.0000
band4_depth6_s9,rapid,34,unguided,1600,94,3,62,48,48,390,quiesced,true,0.0000
band4_depth6_s9,rapid,34,unguided,3200,94,3,62,48,48,390,quiesced,true,0.0000
band4_depth6_s9,rapid,34,unguided,6400,94,3,62,48,48,390,quiesced,true,0.0000
band4_depth6_s9,rapid,34,unguided,12800,94,3,62,48,48,390,quiesced,true,0.0000
band4_depth6_s9,rapid,34,unguided,25600,94,3,62,48,48,390,quiesced,true,0.0000
band4_depth6_s9,rapid,34,unguided,51200,94,3,62,48,48,390,quiesced,true,0.0000
band4_depth6_s9,rapid,34,unguided,102400,94,3,62,48,48,390,quiesced,true,0.0000
band4_depth6_s9,rapid,34,unguided,204800,94,3,62,48,48,390,quiesced,true,0.0000
band4_depth6_s9,rapid,34,oracle,25,25,1,8,47,47,394,app_budget,false,1.0256
band4_depth6_s9,rapid,34,oracle,50,51,2,8,48,48,390,app_budget,false,0.0000
band4_depth6_s9,rapid,34,oracle,100,94,3,8,48,48,390,quiesced,false,0.0000
band4_depth6_s9,rapid,34,oracle,200,94,3,8,48,48,390,quiesced,true,0.0000
band4_depth6_s9,rapid,34,oracle,400,94,3,8,48,48,390,quiesced,true,0.0000
band4_depth6_s9,rapid,34,oracle,800,94,3,8,48,48,390,quiesced,true,0.0000
band4_depth6_s9,rapid,34,oracle,1600,94,3,8,48,48,390,quiesced,true,0.0000
band4_depth6_s9,rapid,34,oracle,3200,94,3,8,48,48,390,quiesced,true,0.0000
band4_depth6_s9,rapid,34,oracle,6400,94,3,8,48,48,390,quiesced,true,0.0000
band4_depth6_s9,rapid,34,oracle,12800,94,3,8,48,48,390,quiesced,true,0.0000
band4_depth6_s9,rapid,34,oracle,25600,94,3,8,48,48,390,quiesced,true,0.0000
band4_depth6_s9,rapid,34,oracle,51200,94,3,8,48,48,390,quiesced,true,0.0000
band4_depth6_s9,rapid,34,oracle,102400,94,3,8,48,48,390,quiesced,true,0.0000
band4_depth6_s9,rapid,34,oracle,204800,94,3,8,48,48,390,quiesced,true,0.0000
band4_depth6_s10,classical,119,unguided,25,27,1,62,109,109,6493,app_budget,false,151.1799
band4_depth6_s10,classical,119,unguided,50,81,2,62,109,109,6493,app_budget,false,151.1799
band4_depth6_s10,classical,119,unguided,100,135,3,62,109,109,6493,app_budget,false,151.1799
band4_depth6_s10,classical,119,unguided,200,201,4,62,121,121,6493,app_budget,false,151.1799
band4_depth6_s10,classical,119,unguided,400,472,6,62,268,268,2603,app_budget,false,0.6963
band4_depth6_s10,classical,119,unguided,800,827,7,62,444,444,2603,app_budget,false,0.6963
band4_depth6_s10,classical,119,unguided,1600,2034,8,62,1219,1219,2603,app_budget,false,0.6963
band4_depth6_s10,classical,119,unguided,3200,3200,9,62,1806,1806,2603,app_budget,false,0.6963
band4_depth6_s10,classical,119,unguided,6400,7112,10,62,2920,2920,2603,app_budget,false,0.6963
band4_depth6_s10,classical,119,unguided,12800,12826,12,62,4576,4576,2585,app_budget,false,0.0000
band4_depth6_s10,classical,119,unguided,25600,18898,16,62,4751,4751,2585,quiesced,false,0.0000
band4_depth6_s10,classical,119,unguided,51200,18898,16,62,4751,4751,2585,quiesced,true,0.0000
band4_depth6_s10,classical,119,unguided,102400,18898,16,62,4751,4751,2585,quiesced,true,0.0000
band4_depth6_s10,classical,119,unguided,204800,18898,16,62,4751,4751,2585,quiesced,true,0.0000
band4_depth6_s10,classical,119,oracle,25,27,1,20,109,109,6493,app_budget,false,151.1799
band4_depth6_s10,classical,119,oracle,50,81,2,20,109,109,6493,app_budget,false,151.1799
band4_depth6_s10,classical,119,oracle,100,135,3,20,109,109,6493,app_budget,false,151.1799
band4_depth6_s10,classical,119,oracle,200,201,4,20,121,121,6493,app_budget,false,151.1799
band4_depth6_s10,classical,119,oracle,400,472,6,20,268,268,2603,app_budget,false,0.6963
band4_depth6_s10,classical,119,oracle,800,827,7,20,444,444,2603,app_budget,false,0.6963
band4_depth6_s10,classical,119,oracle,1600,2034,8,20,1219,1219,2603,app_budget,false,0.6963
band4_depth6_s10,classical,119,oracle,3200,3200,9,20,1806,1806,2603,app_budget,false,0.6963
band4_depth6_s10,classical,119,oracle,6400,7112,10,20,2920,2920,2603,app_budget,false,0.6963
band4_depth6_s10,classical,119,oracle,12800,12826,12,20,4576,4576,2585,app_budget,false,0.0000
band4_depth6_s10,classical,119,oracle,25600,18898,16,20,4751,4751,2585,quiesced,false,0.0000
band4_depth6_s10,classical,119,oracle,51200,18898,16,20,4751,4751,2585,quiesced,true,0.0000
band4_depth6_s10,classical,119,oracle,102400,18898,16,20,4751,4751,2585,quiesced,true,0.0000
band4_depth6_s10,classical,119,oracle,204800,18898,16,20,4751,4751,2585,quiesced,true,0.0000
band4_depth6_s11,rapid,26,unguided,25,27,2,62,37,37,873,app_budget,false,0.0000
band4_depth6_s11,rapid,26,unguided,50,48,3,62,37,37,873,quiesced,false,0.0000
band4_depth6_s11,rapid,26,unguided,100,48,3,62,37,37,873,quiesced,true,0.0000
band4_depth6_s11,rapid,26,unguided,200,48,3,62,37,37,873,quiesced,true,0.0000
band4_depth6_s11,rapid,26,unguided,400,48,3,62,37,37,873,quiesced,true,0.0000
band4_depth6_s11,rapid,26,unguided,800,48,3,62,37,37,873,quiesced,true,0.0000
band4_depth6_s11,rapid,26,unguided,1600,48,3,62,37,37,873,quiesced,true,0.0000
band4_depth6_s11,rapid,26,unguided,3200,48,3,62,37,37,873,quiesced,true,0.0000
band4_depth6_s11,rapid,26,unguided,6400,48,3,62,37,37,873,quiesced,true,0.0000
band4_depth6_s11,rapid,26,unguided,12800,48,3,62,37,37,873,quiesced,true,0.0000
band4_depth6_s11,rapid,26,unguided,25600,48,3,62,37,37,873,quiesced,true,0.0000
band4_depth6_s11,rapid,26,unguided,51200,48,3,62,37,37,873,quiesced,true,0.0000
band4_depth6_s11,rapid,26,unguided,102400,48,3,62,37,37,873,quiesced,true,0.0000
band4_depth6_s11,rapid,26,unguided,204800,48,3,62,37,37,873,quiesced,true,0.0000
band4_depth6_s11,rapid,26,oracle,25,27,2,7,37,37,873,app_budget,false,0.0000
band4_depth6_s11,rapid,26,oracle,50,48,3,7,37,37,873,quiesced,false,0.0000
band4_depth6_s11,rapid,26,oracle,100,48,3,7,37,37,873,quiesced,true,0.0000
band4_depth6_s11,rapid,26,oracle,200,48,3,7,37,37,873,quiesced,true,0.0000
band4_depth6_s11,rapid,26,oracle,400,48,3,7,37,37,873,quiesced,true,0.0000
band4_depth6_s11,rapid,26,oracle,800,48,3,7,37,37,873,quiesced,true,0.0000
band4_depth6_s11,rapid,26,oracle,1600,48,3,7,37,37,873,quiesced,true,0.0000
band4_depth6_s11,rapid,26,oracle,3200,48,3,7,37,37,873,quiesced,true,0.0000
band4_depth6_s11,rapid,26,oracle,6400,48,3,7,37,37,873,quiesced,true,0.0000
band4_depth6_s11,rapid,26,oracle,12800,48,3,7,37,37,873,quiesced,true,0.0000
band4_depth6_s11,rapid,26,oracle,25600,48,3,7,37,37,873,quiesced,true,0.0000
band4_depth6_s11,rapid,26,oracle,51200,48,3,7,37,37,873,quiesced,true,0.0000
band4_depth6_s11,rapid,26,oracle,102400,48,3,7,37,37,873,quiesced,true,0.0000
band4_depth6_s11,rapid,26,oracle,204800,48,3,7,37,37,873,quiesced,true,0.0000
band4_depth6_s12,rapid,44,unguided,25,29,2,62,51,51,766,app_budget,false,0.0000
band4_depth6_s12,rapid,44,unguided,50,51,3,62,51,51,766,app_budget,false,0.0000
band4_depth6_s12,rapid,44,unguided,100,84,4,62,51,51,766,quiesced,false,0.0000
band4_depth6_s12,rapid,44,unguided,200,84,4,62,51,51,766,quiesced,true,0.0000
band4_depth6_s12,rapid,44,unguided,400,84,4,62,51,51,766,quiesced,true,0.0000
band4_depth6_s12,rapid,44,unguided,800,84,4,62,51,51,766,quiesced,true,0.0000
band4_depth6_s12,rapid,44,unguided,1600,84,4,62,51,51,766,quiesced,true,0.0000
band4_depth6_s12,rapid,44,unguided,3200,84,4,62,51,51,766,quiesced,true,0.0000
band4_depth6_s12,rapid,44,unguided,6400,84,4,62,51,51,766,quiesced,true,0.0000
band4_depth6_s12,rapid,44,unguided,12800,84,4,62,51,51,766,quiesced,true,0.0000
band4_depth6_s12,rapid,44,unguided,25600,84,4,62,51,51,766,quiesced,true,0.0000
band4_depth6_s12,rapid,44,unguided,51200,84,4,62,51,51,766,quiesced,true,0.0000
band4_depth6_s12,rapid,44,unguided,102400,84,4,62,51,51,766,quiesced,true,0.0000
band4_depth6_s12,rapid,44,unguided,204800,84,4,62,51,51,766,quiesced,true,0.0000
band4_depth6_s12,rapid,44,oracle,25,29,2,7,51,51,766,app_budget,false,0.0000
band4_depth6_s12,rapid,44,oracle,50,51,3,7,51,51,766,app_budget,false,0.0000
band4_depth6_s12,rapid,44,oracle,100,84,4,7,51,51,766,quiesced,false,0.0000
band4_depth6_s12,rapid,44,oracle,200,84,4,7,51,51,766,quiesced,true,0.0000
band4_depth6_s12,rapid,44,oracle,400,84,4,7,51,51,766,quiesced,true,0.0000
band4_depth6_s12,rapid,44,oracle,800,84,4,7,51,51,766,quiesced,true,0.0000
band4_depth6_s12,rapid,44,oracle,1600,84,4,7,51,51,766,quiesced,true,0.0000
band4_depth6_s12,rapid,44,oracle,3200,84,4,7,51,51,766,quiesced,true,0.0000
band4_depth6_s12,rapid,44,oracle,6400,84,4,7,51,51,766,quiesced,true,0.0000
band4_depth6_s12,rapid,44,oracle,12800,84,4,7,51,51,766,quiesced,true,0.0000
band4_depth6_s12,rapid,44,oracle,25600,84,4,7,51,51,766,quiesced,true,0.0000
band4_depth6_s12,rapid,44,oracle,51200,84,4,7,51,51,766,quiesced,true,0.0000
band4_depth6_s12,rapid,44,oracle,102400,84,4,7,51,51,766,quiesced,true,0.0000
band4_depth6_s12,rapid,44,oracle,204800,84,4,7,51,51,766,quiesced,true,0.0000
band4_depth6_s13,classical,82,unguided,25,25,1,62,91,91,1001139,app_budget,false,90418.8969
band4_depth6_s13,classical,82,unguided,50,58,2,62,93,93,1001136,app_budget,false,90418.6257
band4_depth6_s13,classical,82,unguided,100,104,3,62,95,95,1001133,app_budget,false,90418.3544
band4_depth6_s13,classical,82,unguided,200,227,5,62,122,122,1106,app_budget,false,0.0000
band4_depth6_s13,classical,82,unguided,400,412,7,62,150,150,1106,app_budget,false,0.0000
band4_depth6_s13,classical,82,unguided,800,813,10,62,163,163,1106,app_budget,false,0.0000
band4_depth6_s13,classical,82,unguided,1600,976,11,62,163,163,1106,quiesced,false,0.0000
band4_depth6_s13,classical,82,unguided,3200,976,11,62,163,163,1106,quiesced,true,0.0000
band4_depth6_s13,classical,82,unguided,6400,976,11,62,163,163,1106,quiesced,true,0.0000
band4_depth6_s13,classical,82,unguided,12800,976,11,62,163,163,1106,quiesced,true,0.0000
band4_depth6_s13,classical,82,unguided,25600,976,11,62,163,163,1106,quiesced,true,0.0000
band4_depth6_s13,classical,82,unguided,51200,976,11,62,163,163,1106,quiesced,true,0.0000
band4_depth6_s13,classical,82,unguided,102400,976,11,62,163,163,1106,quiesced,true,0.0000
band4_depth6_s13,classical,82,unguided,204800,976,11,62,163,163,1106,quiesced,true,0.0000
band4_depth6_s13,classical,82,oracle,25,25,1,15,91,91,1001139,app_budget,false,90418.8969
band4_depth6_s13,classical,82,oracle,50,58,2,15,93,93,1001136,app_budget,false,90418.6257
band4_depth6_s13,classical,82,oracle,100,104,3,15,95,95,1001133,app_budget,false,90418.3544
band4_depth6_s13,classical,82,oracle,200,227,5,15,122,122,1106,app_budget,false,0.0000
band4_depth6_s13,classical,82,oracle,400,412,7,15,150,150,1106,app_budget,false,0.0000
band4_depth6_s13,classical,82,oracle,800,813,10,15,163,163,1106,app_budget,false,0.0000
band4_depth6_s13,classical,82,oracle,1600,976,11,15,163,163,1106,quiesced,false,0.0000
band4_depth6_s13,classical,82,oracle,3200,976,11,15,163,163,1106,quiesced,true,0.0000
band4_depth6_s13,classical,82,oracle,6400,976,11,15,163,163,1106,quiesced,true,0.0000
band4_depth6_s13,classical,82,oracle,12800,976,11,15,163,163,1106,quiesced,true,0.0000
band4_depth6_s13,classical,82,oracle,25600,976,11,15,163,163,1106,quiesced,true,0.0000
band4_depth6_s13,classical,82,oracle,51200,976,11,15,163,163,1106,quiesced,true,0.0000
band4_depth6_s13,classical,82,oracle,102400,976,11,15,163,163,1106,quiesced,true,0.0000
band4_depth6_s13,classical,82,oracle,204800,976,11,15,163,163,1106,quiesced,true,0.0000
band4_depth6_s14,rapid,20,unguided,25,26,2,62,27,27,129,app_budget,false,0.0000
band4_depth6_s14,rapid,20,unguided,50,44,3,62,27,27,129,quiesced,false,0.0000
band4_depth6_s14,rapid,20,unguided,100,44,3,62,27,27,129,quiesced,true,0.0000
band4_depth6_s14,rapid,20,unguided,200,44,3,62,27,27,129,quiesced,true,0.0000
band4_depth6_s14,rapid,20,unguided,400,44,3,62,27,27,129,quiesced,true,0.0000
band4_depth6_s14,rapid,20,unguided,800,44,3,62,27,27,129,quiesced,true,0.0000
band4_depth6_s14,rapid,20,unguided,1600,44,3,62,27,27,129,quiesced,true,0.0000
band4_depth6_s14,rapid,20,unguided,3200,44,3,62,27,27,129,quiesced,true,0.0000
band4_depth6_s14,rapid,20,unguided,6400,44,3,62,27,27,129,quiesced,true,0.0000
band4_depth6_s14,rapid,20,unguided,12800,44,3,62,27,27,129,quiesced,true,0.0000
band4_depth6_s14,rapid,20,unguided,25600,44,3,62,27,27,129,quiesced,true,0.0000
band4_depth6_s14,rapid,20,unguided,51200,44,3,62,27,27,129,quiesced,true,0.0000
band4_depth6_s14,rapid,20,unguided,102400,44,3,62,27,27,129,quiesced,true,0.0000
band4_depth6_s14,rapid,20,unguided,204800,44,3,62,27,27,129,quiesced,true,0.0000
band4_depth6_s14,rapid,20,oracle,25,26,2,6,27,27,129,app_budget,false,0.0000
band4_depth6_s14,rapid,20,oracle,50,44,3,6,27,27,129,quiesced,false,0.0000
band4_depth6_s14,rapid,20,oracle,100,44,3,6,27,27,129,quiesced,true,0.0000
band4_depth6_s14,rapid,20,oracle,200,44,3,6,27,27,129,quiesced,true,0.0000
band4_depth6_s14,rapid,20,oracle,400,44,3,6,27,27,129,quiesced,true,0.0000
band4_depth6_s14,rapid,20,oracle,800,44,3,6,27,27,129,quiesced,true,0.0000
band4_depth6_s14,rapid,20,oracle,1600,44,3,6,27,27,129,quiesced,true,0.0000
band4_depth6_s14,rapid,20,oracle,3200,44,3,6,27,27,129,quiesced,true,0.0000
band4_depth6_s14,rapid,20,oracle,6400,44,3,6,27,27,129,quiesced,true,0.0000
band4_depth6_s14,rapid,20,oracle,12800,44,3,6,27,27,129,quiesced,true,0.0000
band4_depth6_s14,rapid,20,oracle,25600,44,3,6,27,27,129,quiesced,true,0.0000
band4_depth6_s14,rapid,20,oracle,51200,44,3,6,27,27,129,quiesced,true,0.0000
band4_depth6_s14,rapid,20,oracle,102400,44,3,6,27,27,129,quiesced,true,0.0000
band4_depth6_s14,rapid,20,oracle,204800,44,3,6,27,27,129,quiesced,true,0.0000
band4_depth6_s15,rapid,16,unguided,25,23,2,62,20,20,111,quiesced,false,0.0000
band4_depth6_s15,rapid,16,unguided,50,23,2,62,20,20,111,quiesced,true,0.0000
band4_depth6_s15,rapid,16,unguided,100,23,2,62,20,20,111,quiesced,true,0.0000
band4_depth6_s15,rapid,16,unguided,200,23,2,62,20,20,111,quiesced,true,0.0000
band4_depth6_s15,rapid,16,unguided,400,23,2,62,20,20,111,quiesced,true,0.0000
band4_depth6_s15,rapid,16,unguided,800,23,2,62,20,20,111,quiesced,true,0.0000
band4_depth6_s15,rapid,16,unguided,1600,23,2,62,20,20,111,quiesced,true,0.0000
band4_depth6_s15,rapid,16,unguided,3200,23,2,62,20,20,111,quiesced,true,0.0000
band4_depth6_s15,rapid,16,unguided,6400,23,2,62,20,20,111,quiesced,true,0.0000
band4_depth6_s15,rapid,16,unguided,12800,23,2,62,20,20,111,quiesced,true,0.0000
band4_depth6_s15,rapid,16,unguided,25600,23,2,62,20,20,111,quiesced,true,0.0000
band4_depth6_s15,rapid,16,unguided,51200,23,2,62,20,20,111,quiesced,true,0.0000
band4_depth6_s15,rapid,16,unguided,102400,23,2,62,20,20,111,quiesced,true,0.0000
band4_depth6_s15,rapid,16,unguided,204800,23,2,62,20,20,111,quiesced,true,0.0000
band4_depth6_s15,rapid,16,oracle,25,23,2,5,20,20,111,quiesced,false,0.0000
band4_depth6_s15,rapid,16,oracle,50,23,2,5,20,20,111,quiesced,true,0.0000
band4_depth6_s15,rapid,16,oracle,100,23,2,5,20,20,111,quiesced,true,0.0000
band4_depth6_s15,rapid,16,oracle,200,23,2,5,20,20,111,quiesced,true,0.0000
band4_depth6_s15,rapid,16,oracle,400,23,2,5,20,20,111,quiesced,true,0.0000
band4_depth6_s15,rapid,16,oracle,800,23,2,5,20,20,111,quiesced,true,0.0000
band4_depth6_s15,rapid,16,oracle,1600,23,2,5,20,20,111,quiesced,true,0.0000
band4_depth6_s15,rapid,16,oracle,3200,23,2,5,20,20,111,quiesced,true,0.0000
band4_depth6_s15,rapid,16,oracle,6400,23,2,5,20,20,111,quiesced,true,0.0000
band4_depth6_s15,rapid,16,oracle,12800,23,2,5,20,20,111,quiesced,true,0.0000
band4_depth6_s15,rapid,16,oracle,25600,23,2,5,20,20,111,quiesced,true,0.0000
band4_depth6_s15,rapid,16,oracle,51200,23,2,5,20,20,111,quiesced,true,0.0000
band4_depth6_s15,rapid,16,oracle,102400,23,2,5,20,20,111,quiesced,true,0.0000
band4_depth6_s15,rapid,16,oracle,204800,23,2,5,20,20,111,quiesced,true,0.0000
band4_depth6_s16,classical,75,unguided,25,29,1,62,79,79,1000903,app_budget,false,245219.3627
band4_depth6_s16,classical,75,unguided,50,53,2,62,80,80,1000899,app_budget,false,245218.3824
band4_depth6_s16,classical,75,unguided,100,109,3,62,80,80,1000899,app_budget,false,245218.3824
band4_depth6_s16,classical,75,unguided,200,200,4,62,115,115,408,app_budget,false,0.0000
band4_depth6_s16,classical,75,unguided,400,401,6,62,121,121,408,app_budget,false,0.0000
band4_depth6_s16,classical,75,unguided,800,530,7,62,121,121,408,quiesced,false,0.0000
band4_depth6_s16,classical,75,unguided,1600,530,7,62,121,121,408,quiesced,true,0.0000
band4_depth6_s16,classical,75,unguided,3200,530,7,62,121,121,408,quiesced,true,0.0000
band4_depth6_s16,classical,75,unguided,6400,530,7,62,121,121,408,quiesced,true,0.0000
band4_depth6_s16,classical,75,unguided,12800,530,7,62,121,121,408,quiesced,true,0.0000
band4_depth6_s16,classical,75,unguided,25600,530,7,62,121,121,408,quiesced,true,0.0000
band4_depth6_s16,classical,75,unguided,51200,530,7,62,121,121,408,quiesced,true,0.0000
band4_depth6_s16,classical,75,unguided,102400,530,7,62,121,121,408,quiesced,true,0.0000
band4_depth6_s16,classical,75,unguided,204800,530,7,62,121,121,408,quiesced,true,0.0000
band4_depth6_s16,classical,75,oracle,25,29,1,15,79,79,1000903,app_budget,false,245219.3627
band4_depth6_s16,classical,75,oracle,50,53,2,15,80,80,1000899,app_budget,false,245218.3824
band4_depth6_s16,classical,75,oracle,100,109,3,15,80,80,1000899,app_budget,false,245218.3824
band4_depth6_s16,classical,75,oracle,200,216,5,15,115,115,408,app_budget,false,0.0000
band4_depth6_s16,classical,75,oracle,400,407,7,15,121,121,408,app_budget,false,0.0000
band4_depth6_s16,classical,75,oracle,800,532,8,15,121,121,408,quiesced,false,0.0000
band4_depth6_s16,classical,75,oracle,1600,532,8,15,121,121,408,quiesced,true,0.0000
band4_depth6_s16,classical,75,oracle,3200,532,8,15,121,121,408,quiesced,true,0.0000
band4_depth6_s16,classical,75,oracle,6400,532,8,15,121,121,408,quiesced,true,0.0000
band4_depth6_s16,classical,75,oracle,12800,532,8,15,121,121,408,quiesced,true,0.0000
band4_depth6_s16,classical,75,oracle,25600,532,8,15,121,121,408,quiesced,true,0.0000
band4_depth6_s16,classical,75,oracle,51200,532,8,15,121,121,408,quiesced,true,0.0000
band4_depth6_s16,classical,75,oracle,102400,532,8,15,121,121,408,quiesced,true,0.0000
band4_depth6_s16,classical,75,oracle,204800,532,8,15,121,121,408,quiesced,true,0.0000
band4_depth6_s17,rapid,13,unguided,25,21,2,62,17,17,26,quiesced,false,0.0000
band4_depth6_s17,rapid,13,unguided,50,21,2,62,17,17,26,quiesced,true,0.0000
band4_depth6_s17,rapid,13,unguided,100,21,2,62,17,17,26,quiesced,true,0.0000
band4_depth6_s17,rapid,13,unguided,200,21,2,62,17,17,26,quiesced,true,0.0000
band4_depth6_s17,rapid,13,unguided,400,21,2,62,17,17,26,quiesced,true,0.0000
band4_depth6_s17,rapid,13,unguided,800,21,2,62,17,17,26,quiesced,true,0.0000
band4_depth6_s17,rapid,13,unguided,1600,21,2,62,17,17,26,quiesced,true,0.0000
band4_depth6_s17,rapid,13,unguided,3200,21,2,62,17,17,26,quiesced,true,0.0000
band4_depth6_s17,rapid,13,unguided,6400,21,2,62,17,17,26,quiesced,true,0.0000
band4_depth6_s17,rapid,13,unguided,12800,21,2,62,17,17,26,quiesced,true,0.0000
band4_depth6_s17,rapid,13,unguided,25600,21,2,62,17,17,26,quiesced,true,0.0000
band4_depth6_s17,rapid,13,unguided,51200,21,2,62,17,17,26,quiesced,true,0.0000
band4_depth6_s17,rapid,13,unguided,102400,21,2,62,17,17,26,quiesced,true,0.0000
band4_depth6_s17,rapid,13,unguided,204800,21,2,62,17,17,26,quiesced,true,0.0000
band4_depth6_s17,rapid,13,oracle,25,21,2,4,17,17,26,quiesced,false,0.0000
band4_depth6_s17,rapid,13,oracle,50,21,2,4,17,17,26,quiesced,true,0.0000
band4_depth6_s17,rapid,13,oracle,100,21,2,4,17,17,26,quiesced,true,0.0000
band4_depth6_s17,rapid,13,oracle,200,21,2,4,17,17,26,quiesced,true,0.0000
band4_depth6_s17,rapid,13,oracle,400,21,2,4,17,17,26,quiesced,true,0.0000
band4_depth6_s17,rapid,13,oracle,800,21,2,4,17,17,26,quiesced,true,0.0000
band4_depth6_s17,rapid,13,oracle,1600,21,2,4,17,17,26,quiesced,true,0.0000
band4_depth6_s17,rapid,13,oracle,3200,21,2,4,17,17,26,quiesced,true,0.0000
band4_depth6_s17,rapid,13,oracle,6400,21,2,4,17,17,26,quiesced,true,0.0000
band4_depth6_s17,rapid,13,oracle,12800,21,2,4,17,17,26,quiesced,true,0.0000
band4_depth6_s17,rapid,13,oracle,25600,21,2,4,17,17,26,quiesced,true,0.0000
band4_depth6_s17,rapid,13,oracle,51200,21,2,4,17,17,26,quiesced,true,0.0000
band4_depth6_s17,rapid,13,oracle,102400,21,2,4,17,17,26,quiesced,true,0.0000
band4_depth6_s17,rapid,13,oracle,204800,21,2,4,17,17,26,quiesced,true,0.0000
band4_depth6_s18,classical,54,unguided,25,25,1,62,70,70,1346,app_budget,false,121.0181
band4_depth6_s18,classical,54,unguided,50,51,2,62,73,73,1343,app_budget,false,120.5255
band4_depth6_s18,classical,54,unguided,100,102,3,62,78,78,1339,app_budget,false,119.8686
band4_depth6_s18,classical,54,unguided,200,212,5,62,87,87,609,app_budget,false,0.0000
band4_depth6_s18,classical,54,unguided,400,289,6,62,87,87,609,quiesced,false,0.0000
band4_depth6_s18,classical,54,unguided,800,289,6,62,87,87,609,quiesced,true,0.0000
band4_depth6_s18,classical,54,unguided,1600,289,6,62,87,87,609,quiesced,true,0.0000
band4_depth6_s18,classical,54,unguided,3200,289,6,62,87,87,609,quiesced,true,0.0000
band4_depth6_s18,classical,54,unguided,6400,289,6,62,87,87,609,quiesced,true,0.0000
band4_depth6_s18,classical,54,unguided,12800,289,6,62,87,87,609,quiesced,true,0.0000
band4_depth6_s18,classical,54,unguided,25600,289,6,62,87,87,609,quiesced,true,0.0000
band4_depth6_s18,classical,54,unguided,51200,289,6,62,87,87,609,quiesced,true,0.0000
band4_depth6_s18,classical,54,unguided,102400,289,6,62,87,87,609,quiesced,true,0.0000
band4_depth6_s18,classical,54,unguided,204800,289,6,62,87,87,609,quiesced,true,0.0000
band4_depth6_s18,classical,54,oracle,25,26,1,12,72,72,984,app_budget,false,61.5764
band4_depth6_s18,classical,54,oracle,50,52,2,12,75,75,981,app_budget,false,61.0837
band4_depth6_s18,classical,54,oracle,100,101,3,12,80,80,977,app_budget,false,60.4269
band4_depth6_s18,classical,54,oracle,200,209,5,12,87,87,609,app_budget,false,0.0000
band4_depth6_s18,classical,54,oracle,400,284,6,12,87,87,609,quiesced,false,0.0000
band4_depth6_s18,classical,54,oracle,800,284,6,12,87,87,609,quiesced,true,0.0000
band4_depth6_s18,classical,54,oracle,1600,284,6,12,87,87,609,quiesced,true,0.0000
band4_depth6_s18,classical,54,oracle,3200,284,6,12,87,87,609,quiesced,true,0.0000
band4_depth6_s18,classical,54,oracle,6400,284,6,12,87,87,609,quiesced,true,0.0000
band4_depth6_s18,classical,54,oracle,12800,284,6,12,87,87,609,quiesced,true,0.0000
band4_depth6_s18,classical,54,oracle,25600,284,6,12,87,87,609,quiesced,true,0.0000
band4_depth6_s18,classical,54,oracle,51200,284,6,12,87,87,609,quiesced,true,0.0000
band4_depth6_s18,classical,54,oracle,102400,284,6,12,87,87,609,quiesced,true,0.0000
band4_depth6_s18,classical,54,oracle,204800,284,6,12,87,87,609,quiesced,true,0.0000
band4_depth6_s19,rapid,24,unguided,25,26,2,62,31,31,391,app_budget,false,0.0000
band4_depth6_s19,rapid,24,unguided,50,46,3,62,31,31,391,quiesced,false,0.0000
band4_depth6_s19,rapid,24,unguided,100,46,3,62,31,31,391,quiesced,true,0.0000
band4_depth6_s19,rapid,24,unguided,200,46,3,62,31,31,391,quiesced,true,0.0000
band4_depth6_s19,rapid,24,unguided,400,46,3,62,31,31,391,quiesced,true,0.0000
band4_depth6_s19,rapid,24,unguided,800,46,3,62,31,31,391,quiesced,true,0.0000
band4_depth6_s19,rapid,24,unguided,1600,46,3,62,31,31,391,quiesced,true,0.0000
band4_depth6_s19,rapid,24,unguided,3200,46,3,62,31,31,391,quiesced,true,0.0000
band4_depth6_s19,rapid,24,unguided,6400,46,3,62,31,31,391,quiesced,true,0.0000
band4_depth6_s19,rapid,24,unguided,12800,46,3,62,31,31,391,quiesced,true,0.0000
band4_depth6_s19,rapid,24,unguided,25600,46,3,62,31,31,391,quiesced,true,0.0000
band4_depth6_s19,rapid,24,unguided,51200,46,3,62,31,31,391,quiesced,true,0.0000
band4_depth6_s19,rapid,24,unguided,102400,46,3,62,31,31,391,quiesced,true,0.0000
band4_depth6_s19,rapid,24,unguided,204800,46,3,62,31,31,391,quiesced,true,0.0000
band4_depth6_s19,rapid,24,oracle,25,26,2,7,31,31,391,app_budget,false,0.0000
band4_depth6_s19,rapid,24,oracle,50,46,3,7,31,31,391,quiesced,false,0.0000
band4_depth6_s19,rapid,24,oracle,100,46,3,7,31,31,391,quiesced,true,0.0000
band4_depth6_s19,rapid,24,oracle,200,46,3,7,31,31,391,quiesced,true,0.0000
band4_depth6_s19,rapid,24,oracle,400,46,3,7,31,31,391,quiesced,true,0.0000
band4_depth6_s19,rapid,24,oracle,800,46,3,7,31,31,391,quiesced,true,0.0000
band4_depth6_s19,rapid,24,oracle,1600,46,3,7,31,31,391,quiesced,true,0.0000
band4_depth6_s19,rapid,24,oracle,3200,46,3,7,31,31,391,quiesced,true,0.0000
band4_depth6_s19,rapid,24,oracle,6400,46,3,7,31,31,391,quiesced,true,0.0000
band4_depth6_s19,rapid,24,oracle,12800,46,3,7,31,31,391,quiesced,true,0.0000
band4_depth6_s19,rapid,24,oracle,25600,46,3,7,31,31,391,quiesced,true,0.0000
band4_depth6_s19,rapid,24,oracle,51200,46,3,7,31,31,391,quiesced,true,0.0000
band4_depth6_s19,rapid,24,oracle,102400,46,3,7,31,31,391,quiesced,true,0.0000
band4_depth6_s19,rapid,24,oracle,204800,46,3,7,31,31,391,quiesced,true,0.0000
band4_depth6_s20,classical,69,unguided,25,32,1,62,80,80,1556,app_budget,false,31.7528
band4_depth6_s20,classical,69,unguided,50,59,2,62,81,81,1549,app_budget,false,31.1600
band4_depth6_s20,classical,69,unguided,100,102,3,62,82,82,1545,app_budget,false,30.8213
band4_depth6_s20,classical,69,unguided,200,200,5,62,85,85,1181,app_budget,false,0.0000
band4_depth6_s20,classical,69,unguided,400,269,6,62,85,85,1181,quiesced,false,0.0000
band4_depth6_s20,classical,69,unguided,800,269,6,62,85,85,1181,quiesced,true,0.0000
band4_depth6_s20,classical,69,unguided,1600,269,6,62,85,85,1181,quiesced,true,0.0000
band4_depth6_s20,classical,69,unguided,3200,269,6,62,85,85,1181,quiesced,true,0.0000
band4_depth6_s20,classical,69,unguided,6400,269,6,62,85,85,1181,quiesced,true,0.0000
band4_depth6_s20,classical,69,unguided,12800,269,6,62,85,85,1181,quiesced,true,0.0000
band4_depth6_s20,classical,69,unguided,25600,269,6,62,85,85,1181,quiesced,true,0.0000
band4_depth6_s20,classical,69,unguided,51200,269,6,62,85,85,1181,quiesced,true,0.0000
band4_depth6_s20,classical,69,unguided,102400,269,6,62,85,85,1181,quiesced,true,0.0000
band4_depth6_s20,classical,69,unguided,204800,269,6,62,85,85,1181,quiesced,true,0.0000
band4_depth6_s20,classical,69,oracle,25,32,1,8,80,80,1556,app_budget,false,31.7528
band4_depth6_s20,classical,69,oracle,50,59,2,8,81,81,1549,app_budget,false,31.1600
band4_depth6_s20,classical,69,oracle,100,102,3,8,82,82,1545,app_budget,false,30.8213
band4_depth6_s20,classical,69,oracle,200,200,5,8,85,85,1181,app_budget,false,0.0000
band4_depth6_s20,classical,69,oracle,400,269,6,8,85,85,1181,quiesced,false,0.0000
band4_depth6_s20,classical,69,oracle,800,269,6,8,85,85,1181,quiesced,true,0.0000
band4_depth6_s20,classical,69,oracle,1600,269,6,8,85,85,1181,quiesced,true,0.0000
band4_depth6_s20,classical,69,oracle,3200,269,6,8,85,85,1181,quiesced,true,0.0000
band4_depth6_s20,classical,69,oracle,6400,269,6,8,85,85,1181,quiesced,true,0.0000
band4_depth6_s20,classical,69,oracle,12800,269,6,8,85,85,1181,quiesced,true,0.0000
band4_depth6_s20,classical,69,oracle,25600,269,6,8,85,85,1181,quiesced,true,0.0000
band4_depth6_s20,classical,69,oracle,51200,269,6,8,85,85,1181,quiesced,true,0.0000
band4_depth6_s20,classical,69,oracle,102400,269,6,8,85,85,1181,quiesced,true,0.0000
band4_depth6_s20,classical,69,oracle,204800,269,6,8,85,85,1181,quiesced,true,0.0000
band4_depth6_s21,rapid,22,unguided,25,26,2,62,28,28,231,app_budget,false,0.0000
band4_depth6_s21,rapid,22,unguided,50,45,3,62,28,28,231,quiesced,false,0.0000
band4_depth6_s21,rapid,22,unguided,100,45,3,62,28,28,231,quiesced,true,0.0000
band4_depth6_s21,rapid,22,unguided,200,45,3,62,28,28,231,quiesced,true,0.0000
band4_depth6_s21,rapid,22,unguided,400,45,3,62,28,28,231,quiesced,true,0.0000
band4_depth6_s21,rapid,22,unguided,800,45,3,62,28,28,231,quiesced,true,0.0000
band4_depth6_s21,rapid,22,unguided,1600,45,3,62,28,28,231,quiesced,true,0.0000
band4_depth6_s21,rapid,22,unguided,3200,45,3,62,28,28,231,quiesced,true,0.0000
band4_depth6_s21,rapid,22,unguided,6400,45,3,62,28,28,231,quiesced,true,0.0000
band4_depth6_s21,rapid,22,unguided,12800,45,3,62,28,28,231,quiesced,true,0.0000
band4_depth6_s21,rapid,22,unguided,25600,45,3,62,28,28,231,quiesced,true,0.0000
band4_depth6_s21,rapid,22,unguided,51200,45,3,62,28,28,231,quiesced,true,0.0000
band4_depth6_s21,rapid,22,unguided,102400,45,3,62,28,28,231,quiesced,true,0.0000
band4_depth6_s21,rapid,22,unguided,204800,45,3,62,28,28,231,quiesced,true,0.0000
band4_depth6_s21,rapid,22,oracle,25,26,2,5,28,28,231,app_budget,false,0.0000
band4_depth6_s21,rapid,22,oracle,50,45,3,5,28,28,231,quiesced,false,0.0000
band4_depth6_s21,rapid,22,oracle,100,45,3,5,28,28,231,quiesced,true,0.0000
band4_depth6_s21,rapid,22,oracle,200,45,3,5,28,28,231,quiesced,true,0.0000
band4_depth6_s21,rapid,22,oracle,400,45,3,5,28,28,231,quiesced,true,0.0000
band4_depth6_s21,rapid,22,oracle,800,45,3,5,28,28,231,quiesced,true,0.0000
band4_depth6_s21,rapid,22,oracle,1600,45,3,5,28,28,231,quiesced,true,0.0000
band4_depth6_s21,rapid,22,oracle,3200,45,3,5,28,28,231,quiesced,true,0.0000
band4_depth6_s21,rapid,22,oracle,6400,45,3,5,28,28,231,quiesced,true,0.0000
band4_depth6_s21,rapid,22,oracle,12800,45,3,5,28,28,231,quiesced,true,0.0000
band4_depth6_s21,rapid,22,oracle,25600,45,3,5,28,28,231,quiesced,true,0.0000
band4_depth6_s21,rapid,22,oracle,51200,45,3,5,28,28,231,quiesced,true,0.0000
band4_depth6_s21,rapid,22,oracle,102400,45,3,5,28,28,231,quiesced,true,0.0000
band4_depth6_s21,rapid,22,oracle,204800,45,3,5,28,28,231,quiesced,true,0.0000
band5_depth8_s0,rapid,11,unguided,25,11,2,62,13,13,284,quiesced,false,0.0000
band5_depth8_s0,rapid,11,unguided,50,11,2,62,13,13,284,quiesced,true,0.0000
band5_depth8_s0,rapid,11,unguided,100,11,2,62,13,13,284,quiesced,true,0.0000
band5_depth8_s0,rapid,11,unguided,200,11,2,62,13,13,284,quiesced,true,0.0000
band5_depth8_s0,rapid,11,unguided,400,11,2,62,13,13,284,quiesced,true,0.0000
band5_depth8_s0,rapid,11,unguided,800,11,2,62,13,13,284,quiesced,true,0.0000
band5_depth8_s0,rapid,11,unguided,1600,11,2,62,13,13,284,quiesced,true,0.0000
band5_depth8_s0,rapid,11,unguided,3200,11,2,62,13,13,284,quiesced,true,0.0000
band5_depth8_s0,rapid,11,unguided,6400,11,2,62,13,13,284,quiesced,true,0.0000
band5_depth8_s0,rapid,11,unguided,12800,11,2,62,13,13,284,quiesced,true,0.0000
band5_depth8_s0,rapid,11,unguided,25600,11,2,62,13,13,284,quiesced,true,0.0000
band5_depth8_s0,rapid,11,unguided,51200,11,2,62,13,13,284,quiesced,true,0.0000
band5_depth8_s0,rapid,11,unguided,102400,11,2,62,13,13,284,quiesced,true,0.0000
band5_depth8_s0,rapid,11,unguided,204800,11,2,62,13,13,284,quiesced,true,0.0000
band5_depth8_s0,rapid,11,oracle,25,11,2,3,13,13,284,quiesced,false,0.0000
band5_depth8_s0,rapid,11,oracle,50,11,2,3,13,13,284,quiesced,true,0.0000
band5_depth8_s0,rapid,11,oracle,100,11,2,3,13,13,284,quiesced,true,0.0000
band5_depth8_s0,rapid,11,oracle,200,11,2,3,13,13,284,quiesced,true,0.0000
band5_depth8_s0,rapid,11,oracle,400,11,2,3,13,13,284,quiesced,true,0.0000
band5_depth8_s0,rapid,11,oracle,800,11,2,3,13,13,284,quiesced,true,0.0000
band5_depth8_s0,rapid,11,oracle,1600,11,2,3,13,13,284,quiesced,true,0.0000
band5_depth8_s0,rapid,11,oracle,3200,11,2,3,13,13,284,quiesced,true,0.0000
band5_depth8_s0,rapid,11,oracle,6400,11,2,3,13,13,284,quiesced,true,0.0000
band5_depth8_s0,rapid,11,oracle,12800,11,2,3,13,13,284,quiesced,true,0.0000
band5_depth8_s0,rapid,11,oracle,25600,11,2,3,13,13,284,quiesced,true,0.0000
band5_depth8_s0,rapid,11,oracle,51200,11,2,3,13,13,284,quiesced,true,0.0000
band5_depth8_s0,rapid,11,oracle,102400,11,2,3,13,13,284,quiesced,true,0.0000
band5_depth8_s0,rapid,11,oracle,204800,11,2,3,13,13,284,quiesced,true,0.0000
band5_depth8_s1,classical,90,unguided,25,27,1,62,97,97,1857,app_budget,false,81.8805
band5_depth8_s1,classical,90,unguided,50,60,2,62,99,99,1854,app_budget,false,81.5867
band5_depth8_s1,classical,90,unguided,100,119,3,62,100,100,1850,app_budget,false,81.1949
band5_depth8_s1,classical,90,unguided,200,205,4,62,135,135,1772,app_budget,false,73.5553
band5_depth8_s1,classical,90,unguided,400,427,5,62,241,241,1021,app_budget,false,0.0000
band5_depth8_s1,classical,90,unguided,800,864,7,62,307,307,1021,app_budget,false,0.0000
band5_depth8_s1,classical,90,unguided,1600,1610,9,62,474,474,1021,app_budget,false,0.0000
band5_depth8_s1,classical,90,unguided,3200,3213,11,62,929,929,1021,app_budget,false,0.0000
band5_depth8_s1,classical,90,unguided,6400,6557,13,62,1189,1189,1021,app_budget,false,0.0000
band5_depth8_s1,classical,90,unguided,12800,12999,16,62,1246,1246,1021,app_budget,false,0.0000
band5_depth8_s1,classical,90,unguided,25600,15179,17,62,1246,1246,1021,quiesced,false,0.0000
band5_depth8_s1,classical,90,unguided,51200,15179,17,62,1246,1246,1021,quiesced,true,0.0000
band5_depth8_s1,classical,90,unguided,102400,15179,17,62,1246,1246,1021,quiesced,true,0.0000
band5_depth8_s1,classical,90,unguided,204800,15179,17,62,1246,1246,1021,quiesced,true,0.0000
band5_depth8_s1,classical,90,oracle,25,27,1,22,97,97,1857,app_budget,false,81.8805
band5_depth8_s1,classical,90,oracle,50,60,2,22,99,99,1854,app_budget,false,81.5867
band5_depth8_s1,classical,90,oracle,100,119,3,22,100,100,1850,app_budget,false,81.1949
band5_depth8_s1,classical,90,oracle,200,204,4,22,135,135,1772,app_budget,false,73.5553
band5_depth8_s1,classical,90,oracle,400,424,5,22,241,241,1021,app_budget,false,0.0000
band5_depth8_s1,classical,90,oracle,800,859,7,22,307,307,1021,app_budget,false,0.0000
band5_depth8_s1,classical,90,oracle,1600,1603,9,22,474,474,1021,app_budget,false,0.0000
band5_depth8_s1,classical,90,oracle,3200,3204,11,22,929,929,1021,app_budget,false,0.0000
band5_depth8_s1,classical,90,oracle,6400,6545,13,22,1189,1189,1021,app_budget,false,0.0000
band5_depth8_s1,classical,90,oracle,12800,12981,16,22,1246,1246,1021,app_budget,false,0.0000
band5_depth8_s1,classical,90,oracle,25600,15159,17,22,1246,1246,1021,quiesced,false,0.0000
band5_depth8_s1,classical,90,oracle,51200,15159,17,22,1246,1246,1021,quiesced,true,0.0000
band5_depth8_s1,classical,90,oracle,102400,15159,17,22,1246,1246,1021,quiesced,true,0.0000
band5_depth8_s1,classical,90,oracle,204800,15159,17,22,1246,1246,1021,quiesced,true,0.0000
band5_depth8_s2,classical,55,unguided,25,27,1,62,68,68,2102,app_budget,false,56.0505
band5_depth8_s2,classical,55,unguided,50,62,2,62,72,72,2096,app_budget,false,55.6050
band5_depth8_s2,classical,55,unguided,100,105,3,62,73,73,2088,app_budget,false,55.0111
band5_depth8_s2,classical,55,unguided,200,211,4,62,123,123,1347,app_budget,false,0.0000
band5_depth8_s2,classical,55,unguided,400,423,5,62,207,207,1347,app_budget,false,0.0000
band5_depth8_s2,classical,55,unguided,800,901,7,62,264,264,1347,app_budget,false,0.0000
band5_depth8_s2,classical,55,unguided,1600,1602,9,62,284,284,1347,app_budget,false,0.0000
band5_depth8_s2,classical,55,unguided,3200,2518,11,62,285,285,1347,quiesced,false,0.0000
band5_depth8_s2,classical,55,unguided,6400,2518,11,62,285,285,1347,quiesced,true,0.0000
band5_depth8_s2,classical,55,unguided,12800,2518,11,62,285,285,1347,quiesced,true,0.0000
band5_depth8_s2,classical,55,unguided,25600,2518,11,62,285,285,1347,quiesced,true,0.0000
band5_depth8_s2,classical,55,unguided,51200,2518,11,62,285,285,1347,quiesced,true,0.0000
band5_depth8_s2,classical,55,unguided,102400,2518,11,62,285,285,1347,quiesced,true,0.0000
band5_depth8_s2,classical,55,unguided,204800,2518,11,62,285,285,1347,quiesced,true,0.0000
band5_depth8_s2,classical,55,oracle,25,27,1,16,68,68,2102,app_budget,false,56.0505
band5_depth8_s2,classical,55,oracle,50,62,2,16,72,72,2096,app_budget,false,55.6050
band5_depth8_s2,classical,55,oracle,100,105,3,16,73,73,2088,app_budget,false,55.0111
band5_depth8_s2,classical,55,oracle,200,211,4,16,123,123,1347,app_budget,false,0.0000
band5_depth8_s2,classical,55,oracle,400,421,5,16,207,207,1347,app_budget,false,0.0000
band5_depth8_s2,classical,55,oracle,800,889,7,16,264,264,1347,app_budget,false,0.0000
band5_depth8_s2,classical,55,oracle,1600,1625,9,16,284,284,1347,app_budget,false,0.0000
band5_depth8_s2,classical,55,oracle,3200,2519,11,16,285,285,1347,quiesced,false,0.0000
band5_depth8_s2,classical,55,oracle,6400,2519,11,16,285,285,1347,quiesced,true,0.0000
band5_depth8_s2,classical,55,oracle,12800,2519,11,16,285,285,1347,quiesced,true,0.0000
band5_depth8_s2,classical,55,oracle,25600,2519,11,16,285,285,1347,quiesced,true,0.0000
band5_depth8_s2,classical,55,oracle,51200,2519,11,16,285,285,1347,quiesced,true,0.0000
band5_depth8_s2,classical,55,oracle,102400,2519,11,16,285,285,1347,quiesced,true,0.0000
band5_depth8_s2,classical,55,oracle,204800,2519,11,16,285,285,1347,quiesced,true,0.0000
band5_depth8_s3,rapid,41,unguided,25,31,2,62,55,55,836,app_budget,false,0.0000
band5_depth8_s3,rapid,41,unguided,50,59,3,62,59,59,836,app_budget,false,0.0000
band5_depth8_s3,rapid,41,unguided,100,107,4,62,59,59,836,app_budget,false,0.0000
band5_depth8_s3,rapid,41,unguided,200,156,5,62,59,59,836,quiesced,false,0.0000
band5_depth8_s3,rapid,41,unguided,400,156,5,62,59,59,836,quiesced,true,0.0000
band5_depth8_s3,rapid,41,unguided,800,156,5,62,59,59,836,quiesced,true,0.0000
band5_depth8_s3,rapid,41,unguided,1600,156,5,62,59,59,836,quiesced,true,0.0000
band5_depth8_s3,rapid,41,unguided,3200,156,5,62,59,59,836,quiesced,true,0.0000
band5_depth8_s3,rapid,41,unguided,6400,156,5,62,59,59,836,quiesced,true,0.0000
band5_depth8_s3,rapid,41,unguided,12800,156,5,62,59,59,836,quiesced,true,0.0000
band5_depth8_s3,rapid,41,unguided,25600,156,5,62,59,59,836,quiesced,true,0.0000
band5_depth8_s3,rapid,41,unguided,51200,156,5,62,59,59,836,quiesced,true,0.0000
band5_depth8_s3,rapid,41,unguided,102400,156,5,62,59,59,836,quiesced,true,0.0000
band5_depth8_s3,rapid,41,unguided,204800,156,5,62,59,59,836,quiesced,true,0.0000
band5_depth8_s3,rapid,41,oracle,25,31,2,7,55,55,836,app_budget,false,0.0000
band5_depth8_s3,rapid,41,oracle,50,59,3,7,59,59,836,app_budget,false,0.0000
band5_depth8_s3,rapid,41,oracle,100,107,4,7,59,59,836,app_budget,false,0.0000
band5_depth8_s3,rapid,41,oracle,200,156,5,7,59,59,836,quiesced,false,0.0000
band5_depth8_s3,rapid,41,oracle,400,156,5,7,59,59,836,quiesced,true,0.0000
band5_depth8_s3,rapid,41,oracle,800,156,5,7,59,59,836,quiesced,true,0.0000
band5_depth8_s3,rapid,41,oracle,1600,156,5,7,59,59,836,quiesced,true,0.0000
band5_depth8_s3,rapid,41,oracle,3200,156,5,7,59,59,836,quiesced,true,0.0000
band5_depth8_s3,rapid,41,oracle,6400,156,5,7,59,59,836,quiesced,true,0.0000
band5_depth8_s3,rapid,41,oracle,12800,156,5,7,59,59,836,quiesced,true,0.0000
band5_depth8_s3,rapid,41,oracle,25600,156,5,7,59,59,836,quiesced,true,0.0000
band5_depth8_s3,rapid,41,oracle,51200,156,5,7,59,59,836,quiesced,true,0.0000
band5_depth8_s3,rapid,41,oracle,102400,156,5,7,59,59,836,quiesced,true,0.0000
band5_depth8_s3,rapid,41,oracle,204800,156,5,7,59,59,836,quiesced,true,0.0000
band5_depth8_s4,classical,72,unguided,25,25,1,62,71,71,1412,app_budget,false,35.2490
band5_depth8_s4,classical,72,unguided,50,53,2,62,72,72,1408,app_budget,false,34.8659
band5_depth8_s4,classical,72,unguided,100,101,3,62,74,74,1408,app_budget,false,34.8659
band5_depth8_s4,classical,72,unguided,200,212,5,62,88,88,1044,app_budget,false,0.0000
band5_depth8_s4,classical,72,unguided,400,365,7,62,88,88,1044,quiesced,false,0.0000
band5_depth8_s4,classical,72,unguided,800,365,7,62,88,88,1044,quiesced,true,0.0000
band5_depth8_s4,classical,72,unguided,1600,365,7,62,88,88,1044,quiesced,true,0.0000
band5_depth8_s4,classical,72,unguided,3200,365,7,62,88,88,1044,quiesced,true,0.0000
band5_depth8_s4,classical,72,unguided,6400,365,7,62,88,88,1044,quiesced,true,0.0000
band5_depth8_s4,classical,72,unguided,12800,365,7,62,88,88,1044,quiesced,true,0.0000
band5_depth8_s4,classical,72,unguided,25600,365,7,62,88,88,1044,quiesced,true,0.0000
band5_depth8_s4,classical,72,unguided,51200,365,7,62,88,88,1044,quiesced,true,0.0000
band5_depth8_s4,classical,72,unguided,102400,365,7,62,88,88,1044,quiesced,true,0.0000
band5_depth8_s4,classical,72,unguided,204800,365,7,62,88,88,1044,quiesced,true,0.0000
band5_depth8_s4,classical,72,oracle,25,25,1,10,71,71,1412,app_budget,false,35.2490
band5_depth8_s4,classical,72,oracle,50,53,2,10,72,72,1408,app_budget,false,34.8659
band5_depth8_s4,classical,72,oracle,100,101,3,10,74,74,1408,app_budget,false,34.8659
band5_depth8_s4,classical,72,oracle,200,212,5,10,88,88,1044,app_budget,false,0.0000
band5_depth8_s4,classical,72,oracle,400,365,7,10,88,88,1044,quiesced,false,0.0000
band5_depth8_s4,classical,72,oracle,800,365,7,10,88,88,1044,quiesced,true,0.0000
band5_depth8_s4,classical,72,oracle,1600,365,7,10,88,88,1044,quiesced,true,0.0000
band5_depth8_s4,classical,72,oracle,3200,365,7,10,88,88,1044,quiesced,true,0.0000
band5_depth8_s4,classical,72,oracle,6400,365,7,10,88,88,1044,quiesced,true,0.0000
band5_depth8_s4,classical,72,oracle,12800,365,7,10,88,88,1044,quiesced,true,0.0000
band5_depth8_s4,classical,72,oracle,25600,365,7,10,88,88,1044,quiesced,true,0.0000
band5_depth8_s4,classical,72,oracle,51200,365,7,10,88,88,1044,quiesced,true,0.0000
band5_depth8_s4,classical,72,oracle,102400,365,7,10,88,88,1044,quiesced,true,0.0000
band5_depth8_s4,classical,72,oracle,204800,365,7,10,88,88,1044,quiesced,true,0.0000
band5_depth8_s5,rapid,24,unguided,25,25,2,62,30,30,414,app_budget,false,0.0000
band5_depth8_s5,rapid,24,unguided,50,45,3,62,30,30,414,quiesced,false,0.0000
band5_depth8_s5,rapid,24,unguided,100,45,3,62,30,30,414,quiesced,true,0.0000
band5_depth8_s5,rapid,24,unguided,200,45,3,62,30,30,414,quiesced,true,0.0000
band5_depth8_s5,rapid,24,unguided,400,45,3,62,30,30,414,quiesced,true,0.0000
band5_depth8_s5,rapid,24,unguided,800,45,3,62,30,30,414,quiesced,true,0.0000
band5_depth8_s5,rapid,24,unguided,1600,45,3,62,30,30,414,quiesced,true,0.0000
band5_depth8_s5,rapid,24,unguided,3200,45,3,62,30,30,414,quiesced,true,0.0000
band5_depth8_s5,rapid,24,unguided,6400,45,3,62,30,30,414,quiesced,true,0.0000
band5_depth8_s5,rapid,24,unguided,12800,45,3,62,30,30,414,quiesced,true,0.0000
band5_depth8_s5,rapid,24,unguided,25600,45,3,62,30,30,414,quiesced,true,0.0000
band5_depth8_s5,rapid,24,unguided,51200,45,3,62,30,30,414,quiesced,true,0.0000
band5_depth8_s5,rapid,24,unguided,102400,45,3,62,30,30,414,quiesced,true,0.0000
band5_depth8_s5,rapid,24,unguided,204800,45,3,62,30,30,414,quiesced,true,0.0000
band5_depth8_s5,rapid,24,oracle,25,25,2,6,30,30,414,app_budget,false,0.0000
band5_depth8_s5,rapid,24,oracle,50,45,3,6,30,30,414,quiesced,false,0.0000
band5_depth8_s5,rapid,24,oracle,100,45,3,6,30,30,414,quiesced,true,0.0000
band5_depth8_s5,rapid,24,oracle,200,45,3,6,30,30,414,quiesced,true,0.0000
band5_depth8_s5,rapid,24,oracle,400,45,3,6,30,30,414,quiesced,true,0.0000
band5_depth8_s5,rapid,24,oracle,800,45,3,6,30,30,414,quiesced,true,0.0000
band5_depth8_s5,rapid,24,oracle,1600,45,3,6,30,30,414,quiesced,true,0.0000
band5_depth8_s5,rapid,24,oracle,3200,45,3,6,30,30,414,quiesced,true,0.0000
band5_depth8_s5,rapid,24,oracle,6400,45,3,6,30,30,414,quiesced,true,0.0000
band5_depth8_s5,rapid,24,oracle,12800,45,3,6,30,30,414,quiesced,true,0.0000
band5_depth8_s5,rapid,24,oracle,25600,45,3,6,30,30,414,quiesced,true,0.0000
band5_depth8_s5,rapid,24,oracle,51200,45,3,6,30,30,414,quiesced,true,0.0000
band5_depth8_s5,rapid,24,oracle,102400,45,3,6,30,30,414,quiesced,true,0.0000
band5_depth8_s5,rapid,24,oracle,204800,45,3,6,30,30,414,quiesced,true,0.0000
band5_depth8_s6,rapid,32,unguided,25,31,2,62,45,45,488,app_budget,false,0.0000
band5_depth8_s6,rapid,32,unguided,50,52,3,62,45,45,488,app_budget,false,0.0000
band5_depth8_s6,rapid,32,unguided,100,102,5,62,46,46,488,app_budget,false,0.0000
band5_depth8_s6,rapid,32,unguided,200,144,6,62,46,46,488,quiesced,false,0.0000
band5_depth8_s6,rapid,32,unguided,400,144,6,62,46,46,488,quiesced,true,0.0000
band5_depth8_s6,rapid,32,unguided,800,144,6,62,46,46,488,quiesced,true,0.0000
band5_depth8_s6,rapid,32,unguided,1600,144,6,62,46,46,488,quiesced,true,0.0000
band5_depth8_s6,rapid,32,unguided,3200,144,6,62,46,46,488,quiesced,true,0.0000
band5_depth8_s6,rapid,32,unguided,6400,144,6,62,46,46,488,quiesced,true,0.0000
band5_depth8_s6,rapid,32,unguided,12800,144,6,62,46,46,488,quiesced,true,0.0000
band5_depth8_s6,rapid,32,unguided,25600,144,6,62,46,46,488,quiesced,true,0.0000
band5_depth8_s6,rapid,32,unguided,51200,144,6,62,46,46,488,quiesced,true,0.0000
band5_depth8_s6,rapid,32,unguided,102400,144,6,62,46,46,488,quiesced,true,0.0000
band5_depth8_s6,rapid,32,unguided,204800,144,6,62,46,46,488,quiesced,true,0.0000
band5_depth8_s6,rapid,32,oracle,25,31,2,6,45,45,488,app_budget,false,0.0000
band5_depth8_s6,rapid,32,oracle,50,52,3,6,45,45,488,app_budget,false,0.0000
band5_depth8_s6,rapid,32,oracle,100,100,5,6,46,46,488,app_budget,false,0.0000
band5_depth8_s6,rapid,32,oracle,200,140,6,6,46,46,488,quiesced,false,0.0000
band5_depth8_s6,rapid,32,oracle,400,140,6,6,46,46,488,quiesced,true,0.0000
band5_depth8_s6,rapid,32,oracle,800,140,6,6,46,46,488,quiesced,true,0.0000
band5_depth8_s6,rapid,32,oracle,1600,140,6,6,46,46,488,quiesced,true,0.0000
band5_depth8_s6,rapid,32,oracle,3200,140,6,6,46,46,488,quiesced,true,0.0000
band5_depth8_s6,rapid,32,oracle,6400,140,6,6,46,46,488,quiesced,true,0.0000
band5_depth8_s6,rapid,32,oracle,12800,140,6,6,46,46,488,quiesced,true,0.0000
band5_depth8_s6,rapid,32,oracle,25600,140,6,6,46,46,488,quiesced,true,0.0000
band5_depth8_s6,rapid,32,oracle,51200,140,6,6,46,46,488,quiesced,true,0.0000
band5_depth8_s6,rapid,32,oracle,102400,140,6,6,46,46,488,quiesced,true,0.0000
band5_depth8_s6,rapid,32,oracle,204800,140,6,6,46,46,488,quiesced,true,0.0000
band5_depth8_s7,classical,91,unguided,25,25,1,62,94,94,3783,app_budget,false,170.2143
band5_depth8_s7,classical,91,unguided,50,66,2,62,94,94,3783,app_budget,false,170.2143
band5_depth8_s7,classical,91,unguided,100,107,3,62,94,94,3783,app_budget,false,170.2143
band5_depth8_s7,classical,91,unguided,200,200,5,62,122,122,1400,app_budget,false,0.0000
band5_depth8_s7,classical,91,unguided,400,403,8,62,125,125,1400,app_budget,false,0.0000
band5_depth8_s7,classical,91,unguided,800,499,9,62,125,125,1400,quiesced,false,0.0000
band5_depth8_s7,classical,91,unguided,1600,499,9,62,125,125,1400,quiesced,true,0.0000
band5_depth8_s7,classical,91,unguided,3200,499,9,62,125,125,1400,quiesced,true,0.0000
band5_depth8_s7,classical,91,unguided,6400,499,9,62,125,125,1400,quiesced,true,0.0000
band5_depth8_s7,classical,91,unguided,12800,499,9,62,125,125,1400,quiesced,true,0.0000
band5_depth8_s7,classical,91,unguided,25600,499,9,62,125,125,1400,quiesced,true,0.0000
band5_depth8_s7,classical,91,unguided,51200,499,9,62,125,125,1400,quiesced,true,0.0000
band5_depth8_s7,classical,91,unguided,102400,499,9,62,125,125,1400,quiesced,true,0.0000
band5_depth8_s7,classical,91,unguided,204800,499,9,62,125,125,1400,quiesced,true,0.0000
band5_depth8_s7,classical,91,oracle,25,25,1,12,94,94,3783,app_budget,false,170.2143
band5_depth8_s7,classical,91,oracle,50,66,2,12,94,94,3783,app_budget,false,170.2143
band5_depth8_s7,classical,91,oracle,100,107,3,12,94,94,3783,app_budget,false,170.2143
band5_depth8_s7,classical,91,oracle,200,226,5,12,122,122,1400,app_budget,false,0.0000
band5_depth8_s7,classical,91,oracle,400,400,7,12,125,125,1400,app_budget,false,0.0000
band5_depth8_s7,classical,91,oracle,800,490,8,12,125,125,1400,quiesced,false,0.0000
band5_depth8_s7,classical,91,oracle,1600,490,8,12,125,125,1400,quiesced,true,0.0000
band5_depth8_s7,classical,91,oracle,3200,490,8,12,125,125,1400,quiesced,true,0.0000
band5_depth8_s7,classical,91,oracle,6400,490,8,12,125,125,1400,quiesced,true,0.0000
band5_depth8_s7,classical,91,oracle,12800,490,8,12,125,125,1400,quiesced,true,0.0000
band5_depth8_s7,classical,91,oracle,25600,490,8,12,125,125,1400,quiesced,true,0.0000
band5_depth8_s7,classical,91,oracle,51200,490,8,12,125,125,1400,quiesced,true,0.0000
band5_depth8_s7,classical,91,oracle,102400,490,8,12,125,125,1400,quiesced,true,0.0000
band5_depth8_s7,classical,91,oracle,204800,490,8,12,125,125,1400,quiesced,true,0.0000
band5_depth8_s8,rapid,37,unguided,25,30,2,62,50,50,653,app_budget,false,0.6163
band5_depth8_s8,rapid,37,unguided,50,57,3,62,51,51,649,app_budget,false,0.0000
band5_depth8_s8,rapid,37,unguided,100,104,4,62,55,55,649,app_budget,false,0.0000
band5_depth8_s8,rapid,37,unguided,200,158,5,62,55,55,649,quiesced,false,0.0000
band5_depth8_s8,rapid,37,unguided,400,158,5,62,55,55,649,quiesced,true,0.0000
band5_depth8_s8,rapid,37,unguided,800,158,5,62,55,55,649,quiesced,true,0.0000
band5_depth8_s8,rapid,37,unguided,1600,158,5,62,55,55,649,quiesced,true,0.0000
band5_depth8_s8,rapid,37,unguided,3200,158,5,62,55,55,649,quiesced,true,0.0000
band5_depth8_s8,rapid,37,unguided,6400,158,5,62,55,55,649,quiesced,true,0.0000
band5_depth8_s8,rapid,37,unguided,12800,158,5,62,55,55,649,quiesced,true,0.0000
band5_depth8_s8,rapid,37,unguided,25600,158,5,62,55,55,649,quiesced,true,0.0000
band5_depth8_s8,rapid,37,unguided,51200,158,5,62,55,55,649,quiesced,true,0.0000
band5_depth8_s8,rapid,37,unguided,102400,158,5,62,55,55,649,quiesced,true,0.0000
band5_depth8_s8,rapid,37,unguided,204800,158,5,62,55,55,649,quiesced,true,0.0000
band5_depth8_s8,rapid,37,oracle,25,30,2,9,50,50,653,app_budget,false,0.6163
band5_depth8_s8,rapid,37,oracle,50,57,3,9,51,51,649,app_budget,false,0.0000
band5_depth8_s8,rapid,37,oracle,100,104,4,9,55,55,649,app_budget,false,0.0000
band5_depth8_s8,rapid,37,oracle,200,158,5,9,55,55,649,quiesced,false,0.0000
band5_depth8_s8,rapid,37,oracle,400,158,5,9,55,55,649,quiesced,true,0.0000
band5_depth8_s8,rapid,37,oracle,800,158,5,9,55,55,649,quiesced,true,0.0000
band5_depth8_s8,rapid,37,oracle,1600,158,5,9,55,55,649,quiesced,true,0.0000
band5_depth8_s8,rapid,37,oracle,3200,158,5,9,55,55,649,quiesced,true,0.0000
band5_depth8_s8,rapid,37,oracle,6400,158,5,9,55,55,649,quiesced,true,0.0000
band5_depth8_s8,rapid,37,oracle,12800,158,5,9,55,55,649,quiesced,true,0.0000
band5_depth8_s8,rapid,37,oracle,25600,158,5,9,55,55,649,quiesced,true,0.0000
band5_depth8_s8,rapid,37,oracle,51200,158,5,9,55,55,649,quiesced,true,0.0000
band5_depth8_s8,rapid,37,oracle,102400,158,5,9,55,55,649,quiesced,true,0.0000
band5_depth8_s8,rapid,37,oracle,204800,158,5,9,55,55,649,quiesced,true,0.0000
band5_depth8_s9,rapid,11,unguided,25,16,2,62,15,15,133,quiesced,false,0.0000
band5_depth8_s9,rapid,11,unguided,50,16,2,62,15,15,133,quiesced,true,0.0000
band5_depth8_s9,rapid,11,unguided,100,16,2,62,15,15,133,quiesced,true,0.0000
band5_depth8_s9,rapid,11,unguided,200,16,2,62,15,15,133,quiesced,true,0.0000
band5_depth8_s9,rapid,11,unguided,400,16,2,62,15,15,133,quiesced,true,0.0000
band5_depth8_s9,rapid,11,unguided,800,16,2,62,15,15,133,quiesced,true,0.0000
band5_depth8_s9,rapid,11,unguided,1600,16,2,62,15,15,133,quiesced,true,0.0000
band5_depth8_s9,rapid,11,unguided,3200,16,2,62,15,15,133,quiesced,true,0.0000
band5_depth8_s9,rapid,11,unguided,6400,16,2,62,15,15,133,quiesced,true,0.0000
band5_depth8_s9,rapid,11,unguided,12800,16,2,62,15,15,133,quiesced,true,0.0000
band5_depth8_s9,rapid,11,unguided,25600,16,2,62,15,15,133,quiesced,true,0.0000
band5_depth8_s9,rapid,11,unguided,51200,16,2,62,15,15,133,quiesced,true,0.0000
band5_depth8_s9,rapid,11,unguided,102400,16,2,62,15,15,133,quiesced,true,0.0000
band5_depth8_s9,rapid,11,unguided,204800,16,2,62,15,15,133,quiesced,true,0.0000
band5_depth8_s9,rapid,11,oracle,25,16,2,4,15,15,133,quiesced,false,0.0000
band5_depth8_s9,rapid,11,oracle,50,16,2,4,15,15,133,quiesced,true,0.0000
band5_depth8_s9,rapid,11,oracle,100,16,2,4,15,15,133,quiesced,true,0.0000
band5_depth8_s9,rapid,11,oracle,200,16,2,4,15,15,133,quiesced,true,0.0000
band5_depth8_s9,rapid,11,oracle,400,16,2,4,15,15,133,quiesced,true,0.0000
band5_depth8_s9,rapid,11,oracle,800,16,2,4,15,15,133,quiesced,true,0.0000
band5_depth8_s9,rapid,11,oracle,1600,16,2,4,15,15,133,quiesced,true,0.0000
band5_depth8_s9,rapid,11,oracle,3200,16,2,4,15,15,133,quiesced,true,0.0000
band5_depth8_s9,rapid,11,oracle,6400,16,2,4,15,15,133,quiesced,true,0.0000
band5_depth8_s9,rapid,11,oracle,12800,16,2,4,15,15,133,quiesced,true,0.0000
band5_depth8_s9,rapid,11,oracle,25600,16,2,4,15,15,133,quiesced,true,0.0000
band5_depth8_s9,rapid,11,oracle,51200,16,2,4,15,15,133,quiesced,true,0.0000
band5_depth8_s9,rapid,11,oracle,102400,16,2,4,15,15,133,quiesced,true,0.0000
band5_depth8_s9,rapid,11,oracle,204800,16,2,4,15,15,133,quiesced,true,0.0000
band5_depth8_s10,rapid,22,unguided,25,28,2,62,30,30,291,app_budget,false,0.0000
band5_depth8_s10,rapid,22,unguided,50,54,3,62,30,30,291,app_budget,false,0.0000
band5_depth8_s10,rapid,22,unguided,100,81,4,62,30,30,291,quiesced,false,0.0000
band5_depth8_s10,rapid,22,unguided,200,81,4,62,30,30,291,quiesced,true,0.0000
band5_depth8_s10,rapid,22,unguided,400,81,4,62,30,30,291,quiesced,true,0.0000
band5_depth8_s10,rapid,22,unguided,800,81,4,62,30,30,291,quiesced,true,0.0000
band5_depth8_s10,rapid,22,unguided,1600,81,4,62,30,30,291,quiesced,true,0.0000
band5_depth8_s10,rapid,22,unguided,3200,81,4,62,30,30,291,quiesced,true,0.0000
band5_depth8_s10,rapid,22,unguided,6400,81,4,62,30,30,291,quiesced,true,0.0000
band5_depth8_s10,rapid,22,unguided,12800,81,4,62,30,30,291,quiesced,true,0.0000
band5_depth8_s10,rapid,22,unguided,25600,81,4,62,30,30,291,quiesced,true,0.0000
band5_depth8_s10,rapid,22,unguided,51200,81,4,62,30,30,291,quiesced,true,0.0000
band5_depth8_s10,rapid,22,unguided,102400,81,4,62,30,30,291,quiesced,true,0.0000
band5_depth8_s10,rapid,22,unguided,204800,81,4,62,30,30,291,quiesced,true,0.0000
band5_depth8_s10,rapid,22,oracle,25,28,2,5,30,30,291,app_budget,false,0.0000
band5_depth8_s10,rapid,22,oracle,50,54,3,5,30,30,291,app_budget,false,0.0000
band5_depth8_s10,rapid,22,oracle,100,81,4,5,30,30,291,quiesced,false,0.0000
band5_depth8_s10,rapid,22,oracle,200,81,4,5,30,30,291,quiesced,true,0.0000
band5_depth8_s10,rapid,22,oracle,400,81,4,5,30,30,291,quiesced,true,0.0000
band5_depth8_s10,rapid,22,oracle,800,81,4,5,30,30,291,quiesced,true,0.0000
band5_depth8_s10,rapid,22,oracle,1600,81,4,5,30,30,291,quiesced,true,0.0000
band5_depth8_s10,rapid,22,oracle,3200,81,4,5,30,30,291,quiesced,true,0.0000
band5_depth8_s10,rapid,22,oracle,6400,81,4,5,30,30,291,quiesced,true,0.0000
band5_depth8_s10,rapid,22,oracle,12800,81,4,5,30,30,291,quiesced,true,0.0000
band5_depth8_s10,rapid,22,oracle,25600,81,4,5,30,30,291,quiesced,true,0.0000
band5_depth8_s10,rapid,22,oracle,51200,81,4,5,30,30,291,quiesced,true,0.0000
band5_depth8_s10,rapid,22,oracle,102400,81,4,5,30,30,291,quiesced,true,0.0000
band5_depth8_s10,rapid,22,oracle,204800,81,4,5,30,30,291,quiesced,true,0.0000
band5_depth8_s11,classical,116,unguided,25,25,1,62,111,111,7086,app_budget,false,251.6625
band5_depth8_s11,classical,116,unguided,50,75,2,62,112,112,7082,app_budget,false,251.4640
band5_depth8_s11,classical,116,unguided,100,125,3,62,112,112,7082,app_budget,false,251.4640
band5_depth8_s11,classical,116,unguided,200,204,4,62,147,147,4243,app_budget,false,110.5707
band5_depth8_s11,classical,116,unguided,400,442,5,62,349,349,4243,app_budget,false,110.5707
band5_depth8_s11,classical,116,unguided,800,841,6,62,733,733,4243,app_budget,false,110.5707
band5_depth8_s11,classical,116,unguided,1600,1780,7,62,1285,1285,4243,app_budget,false,110.5707
band5_depth8_s11,classical,116,unguided,3200,3483,8,62,2075,2075,4243,app_budget,false,110.5707
band5_depth8_s11,classical,116,unguided,6400,6872,9,62,2441,2441,4243,app_budget,false,110.5707
band5_depth8_s11,classical,116,unguided,12800,12833,11,62,4956,4956,2015,app_budget,false,0.0000
band5_depth8_s11,classical,116,unguided,25600,13357,13,62,4958,4958,2015,quiesced,false,0.0000
band5_depth8_s11,classical,116,unguided,51200,13357,13,62,4958,4958,2015,quiesced,true,0.0000
band5_depth8_s11,classical,116,unguided,102400,13357,13,62,4958,4958,2015,quiesced,true,0.0000
band5_depth8_s11,classical,116,unguided,204800,13357,13,62,4958,4958,2015,quiesced,true,0.0000
band5_depth8_s11,classical,116,oracle,25,25,1,18,111,111,7086,app_budget,false,251.6625
band5_depth8_s11,classical,116,oracle,50,75,2,18,112,112,7082,app_budget,false,251.4640
band5_depth8_s11,classical,116,oracle,100,125,3,18,112,112,7082,app_budget,false,251.4640
band5_depth8_s11,classical,116,oracle,200,204,4,18,147,147,4243,app_budget,false,110.5707
band5_depth8_s11,classical,116,oracle,400,442,5,18,349,349,4243,app_budget,false,110.5707
band5_depth8_s11,classical,116,oracle,800,841,6,18,733,733,4243,app_budget,false,110.5707
band5_depth8_s11,classical,116,oracle,1600,1780,7,18,1285,1285,4243,app_budget,false,110.5707
band5_depth8_s11,classical,116,oracle,3200,3483,8,18,2075,2075,4243,app_budget,false,110.5707
band5_depth8_s11,classical,116,oracle,6400,6872,9,18,2441,2441,4243,app_budget,false,110.5707
band5_depth8_s11,classical,116,oracle,12800,12829,11,18,4956,4956,2015,app_budget,false,0.0000
band5_depth8_s11,classical,116,oracle,25600,13349,13,18,4958,4958,2015,quiesced,false,0.0000
band5_depth8_s11,classical,116,oracle,51200,13349,13,18,4958,4958,2015,quiesced,true,0.0000
band5_depth8_s11,classical,116,oracle,102400,13349,13,18,4958,4958,2015,quiesced,true,0.0000
band5_depth8_s11,classical,116,oracle,204800,13349,13,18,4958,4958,2015,quiesced,true,0.0000
band5_depth8_s12,classical,53,unguided,25,25,1,62,69,69,1239,app_budget,false,4.9111
band5_depth8_s12,classical,53,unguided,50,55,2,62,74,74,1239,app_budget,false,4.9111
band5_depth8_s12,classical,53,unguided,100,100,3,62,76,76,1239,app_budget,false,4.9111
band5_depth8_s12,classical,53,unguided,200,203,5,62,83,83,1181,app_budget,false,0.0000
band5_depth8_s12,classical,53,unguided,400,270,6,62,83,83,1181,quiesced,false,0.0000
band5_depth8_s12,classical,53,unguided,800,270,6,62,83,83,1181,quiesced,true,0.0000
band5_depth8_s12,classical,53,unguided,1600,270,6,62,83,83,1181,quiesced,true,0.0000
band5_depth8_s12,classical,53,unguided,3200,270,6,62,83,83,1181,quiesced,true,0.0000
band5_depth8_s12,classical,53,unguided,6400,270,6,62,83,83,1181,quiesced,true,0.0000
band5_depth8_s12,classical,53,unguided,12800,270,6,62,83,83,1181,quiesced,true,0.0000
band5_depth8_s12,classical,53,unguided,25600,270,6,62,83,83,1181,quiesced,true,0.0000
band5_depth8_s12,classical,53,unguided,51200,270,6,62,83,83,1181,quiesced,true,0.0000
band5_depth8_s12,classical,53,unguided,102400,270,6,62,83,83,1181,quiesced,true,0.0000
band5_depth8_s12,classical,53,unguided,204800,270,6,62,83,83,1181,quiesced,true,0.0000
band5_depth8_s12,classical,53,oracle,25,25,1,15,69,69,1239,app_budget,false,4.9111
band5_depth8_s12,classical,53,oracle,50,55,2,15,74,74,1239,app_budget,false,4.9111
band5_depth8_s12,classical,53,oracle,100,102,3,15,76,76,1239,app_budget,false,4.9111
band5_depth8_s12,classical,53,oracle,200,203,5,15,83,83,1181,app_budget,false,0.0000
band5_depth8_s12,classical,53,oracle,400,268,6,15,83,83,1181,quiesced,false,0.0000
band5_depth8_s12,classical,53,oracle,800,268,6,15,83,83,1181,quiesced,true,0.0000
band5_depth8_s12,classical,53,oracle,1600,268,6,15,83,83,1181,quiesced,true,0.0000
band5_depth8_s12,classical,53,oracle,3200,268,6,15,83,83,1181,quiesced,true,0.0000
band5_depth8_s12,classical,53,oracle,6400,268,6,15,83,83,1181,quiesced,true,0.0000
band5_depth8_s12,classical,53,oracle,12800,268,6,15,83,83,1181,quiesced,true,0.0000
band5_depth8_s12,classical,53,oracle,25600,268,6,15,83,83,1181,quiesced,true,0.0000
band5_depth8_s12,classical,53,oracle,51200,268,6,15,83,83,1181,quiesced,true,0.0000
band5_depth8_s12,classical,53,oracle,102400,268,6,15,83,83,1181,quiesced,true,0.0000
band5_depth8_s12,classical,53,oracle,204800,268,6,15,83,83,1181,quiesced,true,0.0000
band5_depth8_s13,classical,107,unguided,25,25,1,62,101,101,3708,app_budget,false,34.3478
band5_depth8_s13,classical,107,unguided,50,57,2,62,101,101,3708,app_budget,false,34.3478
band5_depth8_s13,classical,107,unguided,100,107,3,62,101,101,3708,app_budget,false,34.3478
band5_depth8_s13,classical,107,unguided,200,220,5,62,133,133,2760,app_budget,false,0.0000
band5_depth8_s13,classical,107,unguided,400,400,7,62,137,137,2760,app_budget,false,0.0000
band5_depth8_s13,classical,107,unguided,800,504,8,62,137,137,2760,quiesced,false,0.0000
band5_depth8_s13,classical,107,unguided,1600,504,8,62,137,137,2760,quiesced,true,0.0000
band5_depth8_s13,classical,107,unguided,3200,504,8,62,137,137,2760,quiesced,true,0.0000
band5_depth8_s13,classical,107,unguided,6400,504,8,62,137,137,2760,quiesced,true,0.0000
band5_depth8_s13,classical,107,unguided,12800,504,8,62,137,137,2760,quiesced,true,0.0000
band5_depth8_s13,classical,107,unguided,25600,504,8,62,137,137,2760,quiesced,true,0.0000
band5_depth8_s13,classical,107,unguided,51200,504,8,62,137,137,2760,quiesced,true,0.0000
band5_depth8_s13,classical,107,unguided,102400,504,8,62,137,137,2760,quiesced,true,0.0000
band5_depth8_s13,classical,107,unguided,204800,504,8,62,137,137,2760,quiesced,true,0.0000
band5_depth8_s13,classical,107,oracle,25,25,1,15,101,101,3708,app_budget,false,34.3478
band5_depth8_s13,classical,107,oracle,50,57,2,15,101,101,3708,app_budget,false,34.3478
band5_depth8_s13,classical,107,oracle,100,107,3,15,101,101,3708,app_budget,false,34.3478
band5_depth8_s13,classical,107,oracle,200,220,5,15,133,133,2760,app_budget,false,0.0000
band5_depth8_s13,classical,107,oracle,400,400,7,15,137,137,2760,app_budget,false,0.0000
band5_depth8_s13,classical,107,oracle,800,504,8,15,137,137,2760,quiesced,false,0.0000
band5_depth8_s13,classical,107,oracle,1600,504,8,15,137,137,2760,quiesced,true,0.0000
band5_depth8_s13,classical,107,oracle,3200,504,8,15,137,137,2760,quiesced,true,0.0000
band5_depth8_s13,classical,107,oracle,6400,504,8,15,137,137,2760,quiesced,true,0.0000
band5_depth8_s13,classical,107,oracle,12800,504,8,15,137,137,2760,quiesced,true,0.0000
band5_depth8_s13,classical,107,oracle,25600,504,8,15,137,137,2760,quiesced,true,0.0000
band5_depth8_s13,classical,107,oracle,51200,504,8,15,137,137,2760,quiesced,true,0.0000
band5_depth8_s13,classical,107,oracle,102400,504,8,15,137,137,2760,quiesced,true,0.0000
band5_depth8_s13,classical,107,oracle,204800,504,8,15,137,137,2760,quiesced,true,0.0000
band5_depth8_s14,classical,54,unguided,25,25,1,62,65,65,1110,app_budget,false,50.2030
band5_depth8_s14,classical,54,unguided,50,58,2,62,67,67,1107,app_budget,false,49.7970
band5_depth8_s14,classical,54,unguided,100,101,3,62,68,68,1103,app_budget,false,49.2558
band5_depth8_s14,classical,54,unguided,200,200,5,62,71,71,739,app_budget,false,0.0000
band5_depth8_s14,classical,54,unguided,400,258,6,62,71,71,739,quiesced,false,0.0000
band5_depth8_s14,classical,54,unguided,800,258,6,62,71,71,739,quiesced,true,0.0000
band5_depth8_s14,classical,54,unguided,1600,258,6,62,71,71,739,quiesced,true,0.0000
band5_depth8_s14,classical,54,unguided,3200,258,6,62,71,71,739,quiesced,true,0.0000
band5_depth8_s14,classical,54,unguided,6400,258,6,62,71,71,739,quiesced,true,0.0000
band5_depth8_s14,classical,54,unguided,12800,258,6,62,71,71,739,quiesced,true,0.0000
band5_depth8_s14,classical,54,unguided,25600,258,6,62,71,71,739,quiesced,true,0.0000
band5_depth8_s14,classical,54,unguided,51200,258,6,62,71,71,739,quiesced,true,0.0000
band5_depth8_s14,classical,54,unguided,102400,258,6,62,71,71,739,quiesced,true,0.0000
band5_depth8_s14,classical,54,unguided,204800,258,6,62,71,71,739,quiesced,true,0.0000
band5_depth8_s14,classical,54,oracle,25,25,1,8,65,65,1110,app_budget,false,50.2030
band5_depth8_s14,classical,54,oracle,50,58,2,8,67,67,1107,app_budget,false,49.7970
band5_depth8_s14,classical,54,oracle,100,101,3,8,68,68,1103,app_budget,false,49.2558
band5_depth8_s14,classical,54,oracle,200,200,5,8,71,71,739,app_budget,false,0.0000
band5_depth8_s14,classical,54,oracle,400,258,6,8,71,71,739,quiesced,false,0.0000
band5_depth8_s14,classical,54,oracle,800,258,6,8,71,71,739,quiesced,true,0.0000
band5_depth8_s14,classical,54,oracle,1600,258,6,8,71,71,739,quiesced,true,0.0000
band5_depth8_s14,classical,54,oracle,3200,258,6,8,71,71,739,quiesced,true,0.0000
band5_depth8_s14,classical,54,oracle,6400,258,6,8,71,71,739,quiesced,true,0.0000
band5_depth8_s14,classical,54,oracle,12800,258,6,8,71,71,739,quiesced,true,0.0000
band5_depth8_s14,classical,54,oracle,25600,258,6,8,71,71,739,quiesced,true,0.0000
band5_depth8_s14,classical,54,oracle,51200,258,6,8,71,71,739,quiesced,true,0.0000
band5_depth8_s14,classical,54,oracle,102400,258,6,8,71,71,739,quiesced,true,0.0000
band5_depth8_s14,classical,54,oracle,204800,258,6,8,71,71,739,quiesced,true,0.0000
band5_depth8_s15,classical,102,unguided,25,29,1,62,111,111,4059,app_budget,false,185.8451
band5_depth8_s15,classical,102,unguided,50,55,2,62,113,113,4035,app_budget,false,184.1549
band5_depth8_s15,classical,102,unguided,100,115,3,62,114,114,4023,app_budget,false,183.3099
band5_depth8_s15,classical,102,unguided,200,201,4,62,146,146,3866,app_budget,false,172.2535
band5_depth8_s15,classical,102,unguided,400,406,5,62,269,269,3866,app_budget,false,172.2535
band5_depth8_s15,classical,102,unguided,800,809,6,62,505,505,3866,app_budget,false,172.2535
band5_depth8_s15,classical,102,unguided,1600,1639,7,62,819,819,3866,app_budget,false,172.2535
band5_depth8_s15,classical,102,unguided,3200,3665,8,62,1455,1455,3866,app_budget,false,172.2535
band5_depth8_s15,classical,102,unguided,6400,6540,9,62,2206,2206,3866,app_budget,false,172.2535
band5_depth8_s15,classical,102,unguided,12800,13577,10,62,4422,4422,1743,app_budget,false,22.7465
band5_depth8_s15,classical,102,unguided,25600,25716,15,62,4518,4518,1420,app_budget,false,0.0000
band5_depth8_s15,classical,102,unguided,51200,28281,16,62,4518,4518,1420,quiesced,false,0.0000
band5_depth8_s15,classical,102,unguided,102400,28281,16,62,4518,4518,1420,quiesced,true,0.0000
band5_depth8_s15,classical,102,unguided,204800,28281,16,62,4518,4518,1420,quiesced,true,0.0000
band5_depth8_s15,classical,102,oracle,25,29,1,22,111,111,4059,app_budget,false,185.8451
band5_depth8_s15,classical,102,oracle,50,55,2,22,113,113,4035,app_budget,false,184.1549
band5_depth8_s15,classical,102,oracle,100,115,3,22,114,114,4023,app_budget,false,183.3099
band5_depth8_s15,classical,102,oracle,200,201,4,22,146,146,3866,app_budget,false,172.2535
band5_depth8_s15,classical,102,oracle,400,406,5,22,269,269,3866,app_budget,false,172.2535
band5_depth8_s15,classical,102,oracle,800,809,6,22,505,505,3866,app_budget,false,172.2535
band5_depth8_s15,classical,102,oracle,1600,1639,7,22,819,819,3866,app_budget,false,172.2535
band5_depth8_s15,classical,102,oracle,3200,3665,8,22,1455,1455,3866,app_budget,false,172.2535
band5_depth8_s15,classical,102,oracle,6400,6540,9,22,2206,2206,3866,app_budget,false,172.2535
band5_depth8_s15,classical,102,oracle,12800,13577,10,22,4422,4422,1743,app_budget,false,22.7465
band5_depth8_s15,classical,102,oracle,25600,25716,15,22,4518,4518,1420,app_budget,false,0.0000
band5_depth8_s15,classical,102,oracle,51200,28281,16,22,4518,4518,1420,quiesced,false,0.0000
band5_depth8_s15,classical,102,oracle,102400,28281,16,22,4518,4518,1420,quiesced,true,0.0000
band5_depth8_s15,classical,102,oracle,204800,28281,16,22,4518,4518,1420,quiesced,true,0.0000
band5_depth8_s16,classical,66,unguided,25,26,1,62,81,81,2768,app_budget,false,131.8258
band5_depth8_s16,classical,66,unguided,50,59,2,62,84,84,2736,app_budget,false,129.1457
band5_depth8_s16,classical,66,unguided,100,104,3,62,84,84,2736,app_budget,false,129.1457
band5_depth8_s16,classical,66,unguided,200,212,4,62,141,141,1398,app_budget,false,17.0854
band5_depth8_s16,classical,66,unguided,400,428,5,62,228,228,1198,app_budget,false,0.3350
band5_depth8_s16,classical,66,unguided,800,804,7,62,290,290,1194,app_budget,false,0.0000
band5_depth8_s16,classical,66,unguided,1600,1607,9,62,322,322,1194,app_budget,false,0.0000
band5_depth8_s16,classical,66,unguided,3200,2593,11,62,323,323,1194,quiesced,false,0.0000
band5_depth8_s16,classical,66,unguided,6400,2593,11,62,323,323,1194,quiesced,true,0.0000
band5_depth8_s16,classical,66,unguided,12800,2593,11,62,323,323,1194,quiesced,true,0.0000
band5_depth8_s16,classical,66,unguided,25600,2593,11,62,323,323,1194,quiesced,true,0.0000
band5_depth8_s16,classical,66,unguided,51200,2593,11,62,323,323,1194,quiesced,true,0.0000
band5_depth8_s16,classical,66,unguided,102400,2593,11,62,323,323,1194,quiesced,true,0.0000
band5_depth8_s16,classical,66,unguided,204800,2593,11,62,323,323,1194,quiesced,true,0.0000
band5_depth8_s16,classical,66,oracle,25,26,1,16,81,81,2768,app_budget,false,131.8258
band5_depth8_s16,classical,66,oracle,50,59,2,16,84,84,2736,app_budget,false,129.1457
band5_depth8_s16,classical,66,oracle,100,104,3,16,84,84,2736,app_budget,false,129.1457
band5_depth8_s16,classical,66,oracle,200,212,4,16,141,141,1398,app_budget,false,17.0854
band5_depth8_s16,classical,66,oracle,400,425,5,16,228,228,1198,app_budget,false,0.3350
band5_depth8_s16,classical,66,oracle,800,906,7,16,299,299,1194,app_budget,false,0.0000
band5_depth8_s16,classical,66,oracle,1600,1633,9,16,322,322,1194,app_budget,false,0.0000
band5_depth8_s16,classical,66,oracle,3200,2593,11,16,323,323,1194,quiesced,false,0.0000
band5_depth8_s16,classical,66,oracle,6400,2593,11,16,323,323,1194,quiesced,true,0.0000
band5_depth8_s16,classical,66,oracle,12800,2593,11,16,323,323,1194,quiesced,true,0.0000
band5_depth8_s16,classical,66,oracle,25600,2593,11,16,323,323,1194,quiesced,true,0.0000
band5_depth8_s16,classical,66,oracle,51200,2593,11,16,323,323,1194,quiesced,true,0.0000
band5_depth8_s16,classical,66,oracle,102400,2593,11,16,323,323,1194,quiesced,true,0.0000
band5_depth8_s16,classical,66,oracle,204800,2593,11,16,323,323,1194,quiesced,true,0.0000
band5_depth8_s17,rapid,28,unguided,25,29,2,62,40,40,456,app_budget,false,0.0000
band5_depth8_s17,rapid,28,unguided,50,50,3,62,44,44,456,app_budget,false,0.0000
band5_depth8_s17,rapid,28,unguided,100,88,4,62,44,44,456,quiesced,false,0.0000
band5_depth8_s17,rapid,28,unguided,200,88,4,62,44,44,456,quiesced,true,0.0000
band5_depth8_s17,rapid,28,unguided,400,88,4,62,44,44,456,quiesced,true,0.0000
band5_depth8_s17,rapid,28,unguided,800,88,4,62,44,44,456,quiesced,true,0.0000
band5_depth8_s17,rapid,28,unguided,1600,88,4,62,44,44,456,quiesced,true,0.0000
band5_depth8_s17,rapid,28,unguided,3200,88,4,62,44,44,456,quiesced,true,0.0000
band5_depth8_s17,rapid,28,unguided,6400,88,4,62,44,44,456,quiesced,true,0.0000
band5_depth8_s17,rapid,28,unguided,12800,88,4,62,44,44,456,quiesced,true,0.0000
band5_depth8_s17,rapid,28,unguided,25600,88,4,62,44,44,456,quiesced,true,0.0000
band5_depth8_s17,rapid,28,unguided,51200,88,4,62,44,44,456,quiesced,true,0.0000
band5_depth8_s17,rapid,28,unguided,102400,88,4,62,44,44,456,quiesced,true,0.0000
band5_depth8_s17,rapid,28,unguided,204800,88,4,62,44,44,456,quiesced,true,0.0000
band5_depth8_s17,rapid,28,oracle,25,29,2,10,40,40,456,app_budget,false,0.0000
band5_depth8_s17,rapid,28,oracle,50,50,3,10,44,44,456,app_budget,false,0.0000
band5_depth8_s17,rapid,28,oracle,100,88,4,10,44,44,456,quiesced,false,0.0000
band5_depth8_s17,rapid,28,oracle,200,88,4,10,44,44,456,quiesced,true,0.0000
band5_depth8_s17,rapid,28,oracle,400,88,4,10,44,44,456,quiesced,true,0.0000
band5_depth8_s17,rapid,28,oracle,800,88,4,10,44,44,456,quiesced,true,0.0000
band5_depth8_s17,rapid,28,oracle,1600,88,4,10,44,44,456,quiesced,true,0.0000
band5_depth8_s17,rapid,28,oracle,3200,88,4,10,44,44,456,quiesced,true,0.0000
band5_depth8_s17,rapid,28,oracle,6400,88,4,10,44,44,456,quiesced,true,0.0000
band5_depth8_s17,rapid,28,oracle,12800,88,4,10,44,44,456,quiesced,true,0.0000
band5_depth8_s17,rapid,28,oracle,25600,88,4,10,44,44,456,quiesced,true,0.0000
band5_depth8_s17,rapid,28,oracle,51200,88,4,10,44,44,456,quiesced,true,0.0000
band5_depth8_s17,rapid,28,oracle,102400,88,4,10,44,44,456,quiesced,true,0.0000
band5_depth8_s17,rapid,28,oracle,204800,88,4,10,44,44,456,quiesced,true,0.0000
band5_depth8_s18,classical,97,unguided,25,25,1,62,97,97,1002515,app_budget,false,68144.7243
band5_depth8_s18,classical,97,unguided,50,59,2,62,99,99,1002512,app_budget,false,68144.5201
band5_depth8_s18,classical,97,unguided,100,113,3,62,100,100,1002508,app_budget,false,68144.2478
band5_depth8_s18,classical,97,unguided,200,202,4,62,138,138,2209,app_budget,false,50.3744
band5_depth8_s18,classical,97,unguided,400,431,6,62,185,185,1469,app_budget,false,0.0000
band5_depth8_s18,classical,97,unguided,800,807,8,62,190,190,1469,app_budget,false,0.0000
band5_depth8_s18,classical,97,unguided,1600,1255,10,62,191,191,1469,quiesced,false,0.0000
band5_depth8_s18,classical,97,unguided,3200,1255,10,62,191,191,1469,quiesced,true,0.0000
band5_depth8_s18,classical,97,unguided,6400,1255,10,62,191,191,1469,quiesced,true,0.0000
band5_depth8_s18,classical,97,unguided,12800,1255,10,62,191,191,1469,quiesced,true,0.0000
band5_depth8_s18,classical,97,unguided,25600,1255,10,62,191,191,1469,quiesced,true,0.0000
band5_depth8_s18,classical,97,unguided,51200,1255,10,62,191,191,1469,quiesced,true,0.0000
band5_depth8_s18,classical,97,unguided,102400,1255,10,62,191,191,1469,quiesced,true,0.0000
band5_depth8_s18,classical,97,unguided,204800,1255,10,62,191,191,1469,quiesced,true,0.0000
band5_depth8_s18,classical,97,oracle,25,25,1,16,97,97,1002515,app_budget,false,68144.7243
band5_depth8_s18,classical,97,oracle,50,59,2,16,99,99,1002512,app_budget,false,68144.5201
band5_depth8_s18,classical,97,oracle,100,113,3,16,100,100,1002508,app_budget,false,68144.2478
band5_depth8_s18,classical,97,oracle,200,202,4,16,138,138,2209,app_budget,false,50.3744
band5_depth8_s18,classical,97,oracle,400,431,6,16,185,185,1469,app_budget,false,0.0000
band5_depth8_s18,classical,97,oracle,800,807,8,16,190,190,1469,app_budget,false,0.0000
band5_depth8_s18,classical,97,oracle,1600,1255,10,16,191,191,1469,quiesced,false,0.0000
band5_depth8_s18,classical,97,oracle,3200,1255,10,16,191,191,1469,quiesced,true,0.0000
band5_depth8_s18,classical,97,oracle,6400,1255,10,16,191,191,1469,quiesced,true,0.0000
band5_depth8_s18,classical,97,oracle,12800,1255,10,16,191,191,1469,quiesced,true,0.0000
band5_depth8_s18,classical,97,oracle,25600,1255,10,16,191,191,1469,quiesced,true,0.0000
band5_depth8_s18,classical,97,oracle,51200,1255,10,16,191,191,1469,quiesced,true,0.0000
band5_depth8_s18,classical,97,oracle,102400,1255,10,16,191,191,1469,quiesced,true,0.0000
band5_depth8_s18,classical,97,oracle,204800,1255,10,16,191,191,1469,quiesced,true,0.0000
band5_depth8_s19,classical,239,unguided,25,55,1,62,225,225,6823,app_budget,false,95.8381
band5_depth8_s19,classical,239,unguided,50,55,1,62,225,225,6823,app_budget,false,95.8381
band5_depth8_s19,classical,239,unguided,100,166,2,62,235,235,6791,app_budget,false,94.9196
band5_depth8_s19,classical,239,unguided,200,215,3,62,239,239,6759,app_budget,false,94.0011
band5_depth8_s19,classical,239,unguided,400,403,4,62,314,314,3004139,app_budget,false,86126.7222
band5_depth8_s19,classical,239,unguided,800,837,5,62,547,547,3004139,app_budget,false,86126.7222
band5_depth8_s19,classical,239,unguided,1600,1779,6,62,917,917,3004134,app_budget,false,86126.5786
band5_depth8_s19,classical,239,unguided,3200,3641,7,62,1520,1520,3004132,app_budget,false,86126.5212
band5_depth8_s19,classical,239,unguided,6400,7091,8,62,2464,2464,3004132,app_budget,false,86126.5212
band5_depth8_s19,classical,239,unguided,12800,13284,9,62,4200,4200,3499,app_budget,false,0.4305
band5_depth8_s19,classical,239,unguided,25600,22611,12,62,4278,4278,3484,quiesced,false,0.0000
band5_depth8_s19,classical,239,unguided,51200,22611,12,62,4278,4278,3484,quiesced,true,0.0000
band5_depth8_s19,classical,239,unguided,102400,22611,12,62,4278,4278,3484,quiesced,true,0.0000
band5_depth8_s19,classical,239,unguided,204800,22611,12,62,4278,4278,3484,quiesced,true,0.0000
band5_depth8_s19,classical,239,oracle,25,55,1,22,225,225,6823,app_budget,false,95.8381
band5_depth8_s19,classical,239,oracle,50,55,1,22,225,225,6823,app_budget,false,95.8381
band5_depth8_s19,classical,239,oracle,100,166,2,22,235,235,6791,app_budget,false,94.9196
band5_depth8_s19,classical,239,oracle,200,215,3,22,239,239,6759,app_budget,false,94.0011
band5_depth8_s19,classical,239,oracle,400,403,4,22,314,314,3004139,app_budget,false,86126.7222
band5_depth8_s19,classical,239,oracle,800,837,5,22,547,547,3004139,app_budget,false,86126.7222
band5_depth8_s19,classical,239,oracle,1600,1779,6,22,917,917,3004134,app_budget,false,86126.5786
band5_depth8_s19,classical,239,oracle,3200,3641,7,22,1520,1520,3004132,app_budget,false,86126.5212
band5_depth8_s19,classical,239,oracle,6400,7091,8,22,2464,2464,3004132,app_budget,false,86126.5212
band5_depth8_s19,classical,239,oracle,12800,13284,9,22,4200,4200,3499,app_budget,false,0.4305
band5_depth8_s19,classical,239,oracle,25600,22606,12,22,4278,4278,3484,quiesced,false,0.0000
band5_depth8_s19,classical,239,oracle,51200,22606,12,22,4278,4278,3484,quiesced,true,0.0000
band5_depth8_s19,classical,239,oracle,102400,22606,12,22,4278,4278,3484,quiesced,true,0.0000
band5_depth8_s19,classical,239,oracle,204800,22606,12,22,4278,4278,3484,quiesced,true,0.0000
band5_depth8_s20,blitz,10,unguided,25,13,2,62,14,14,167,quiesced,false,0.0000
band5_depth8_s20,blitz,10,unguided,50,13,2,62,14,14,167,quiesced,true,0.0000
band5_depth8_s20,blitz,10,unguided,100,13,2,62,14,14,167,quiesced,true,0.0000
band5_depth8_s20,blitz,10,unguided,200,13,2,62,14,14,167,quiesced,true,0.0000
band5_depth8_s20,blitz,10,unguided,400,13,2,62,14,14,167,quiesced,true,0.0000
band5_depth8_s20,blitz,10,unguided,800,13,2,62,14,14,167,quiesced,true,0.0000
band5_depth8_s20,blitz,10,unguided,1600,13,2,62,14,14,167,quiesced,true,0.0000
band5_depth8_s20,blitz,10,unguided,3200,13,2,62,14,14,167,quiesced,true,0.0000
band5_depth8_s20,blitz,10,unguided,6400,13,2,62,14,14,167,quiesced,true,0.0000
band5_depth8_s20,blitz,10,unguided,12800,13,2,62,14,14,167,quiesced,true,0.0000
band5_depth8_s20,blitz,10,unguided,25600,13,2,62,14,14,167,quiesced,true,0.0000
band5_depth8_s20,blitz,10,unguided,51200,13,2,62,14,14,167,quiesced,true,0.0000
band5_depth8_s20,blitz,10,unguided,102400,13,2,62,14,14,167,quiesced,true,0.0000
band5_depth8_s20,blitz,10,unguided,204800,13,2,62,14,14,167,quiesced,true,0.0000
band5_depth8_s20,blitz,10,oracle,25,13,2,4,14,14,167,quiesced,false,0.0000
band5_depth8_s20,blitz,10,oracle,50,13,2,4,14,14,167,quiesced,true,0.0000
band5_depth8_s20,blitz,10,oracle,100,13,2,4,14,14,167,quiesced,true,0.0000
band5_depth8_s20,blitz,10,oracle,200,13,2,4,14,14,167,quiesced,true,0.0000
band5_depth8_s20,blitz,10,oracle,400,13,2,4,14,14,167,quiesced,true,0.0000
band5_depth8_s20,blitz,10,oracle,800,13,2,4,14,14,167,quiesced,true,0.0000
band5_depth8_s20,blitz,10,oracle,1600,13,2,4,14,14,167,quiesced,true,0.0000
band5_depth8_s20,blitz,10,oracle,3200,13,2,4,14,14,167,quiesced,true,0.0000
band5_depth8_s20,blitz,10,oracle,6400,13,2,4,14,14,167,quiesced,true,0.0000
band5_depth8_s20,blitz,10,oracle,12800,13,2,4,14,14,167,quiesced,true,0.0000
band5_depth8_s20,blitz,10,oracle,25600,13,2,4,14,14,167,quiesced,true,0.0000
band5_depth8_s20,blitz,10,oracle,51200,13,2,4,14,14,167,quiesced,true,0.0000
band5_depth8_s20,blitz,10,oracle,102400,13,2,4,14,14,167,quiesced,true,0.0000
band5_depth8_s20,blitz,10,oracle,204800,13,2,4,14,14,167,quiesced,true,0.0000
band5_depth8_s21,classical,103,unguided,25,28,1,62,101,101,2002246,app_budget,false,128249.1026
band5_depth8_s21,classical,103,unguided,50,73,2,62,102,102,2002241,app_budget,false,128248.7821
band5_depth8_s21,classical,103,unguided,100,118,3,62,102,102,2002241,app_budget,false,128248.7821
band5_depth8_s21,classical,103,unguided,200,201,4,62,129,129,1747,app_budget,false,11.9872
band5_depth8_s21,classical,103,unguided,400,465,6,62,204,204,1560,app_budget,false,0.0000
band5_depth8_s21,classical,103,unguided,800,802,7,62,268,268,1560,app_budget,false,0.0000
band5_depth8_s21,classical,103,unguided,1600,1603,9,62,438,438,1560,app_budget,false,0.0000
band5_depth8_s21,classical,103,unguided,3200,3257,11,62,662,662,1560,app_budget,false,0.0000
band5_depth8_s21,classical,103,unguided,6400,6604,13,62,1026,1026,1560,app_budget,false,0.0000
band5_depth8_s21,classical,103,unguided,12800,13507,15,62,1788,1788,1560,app_budget,false,0.0000
band5_depth8_s21,classical,103,unguided,25600,26353,18,62,2914,2914,1560,app_budget,false,0.0000
band5_depth8_s21,classical,103,unguided,51200,51534,22,62,4213,4213,1560,app_budget,false,0.0000
band5_depth8_s21,classical,103,unguided,102400,63407,25,62,4469,4469,1560,quiesced,false,0.0000
band5_depth8_s21,classical,103,unguided,204800,63407,25,62,4469,4469,1560,quiesced,true,0.0000
band5_depth8_s21,classical,103,oracle,25,28,1,23,101,101,2002246,app_budget,false,128249.1026
band5_depth8_s21,classical,103,oracle,50,73,2,23,102,102,2002241,app_budget,false,128248.7821
band5_depth8_s21,classical,103,oracle,100,118,3,23,102,102,2002241,app_budget,false,128248.7821
band5_depth8_s21,classical,103,oracle,200,201,4,23,129,129,1747,app_budget,false,11.9872
band5_depth8_s21,classical,103,oracle,400,465,6,23,204,204,1560,app_budget,false,0.0000
band5_depth8_s21,classical,103,oracle,800,802,7,23,268,268,1560,app_budget,false,0.0000
band5_depth8_s21,classical,103,oracle,1600,1601,9,23,438,438,1560,app_budget,false,0.0000
band5_depth8_s21,classical,103,oracle,3200,3253,11,23,662,662,1560,app_budget,false,0.0000
band5_depth8_s21,classical,103,oracle,6400,6598,13,23,1026,1026,1560,app_budget,false,0.0000
band5_depth8_s21,classical,103,oracle,12800,13499,15,23,1788,1788,1560,app_budget,false,0.0000
band5_depth8_s21,classical,103,oracle,25600,26342,18,23,2914,2914,1560,app_budget,false,0.0000
band5_depth8_s21,classical,103,oracle,51200,51519,22,23,4213,4213,1560,app_budget,false,0.0000
band5_depth8_s21,classical,103,oracle,102400,63389,25,23,4469,4469,1560,quiesced,false,0.0000
band5_depth8_s21,classical,103,oracle,204800,63389,25,23,4469,4469,1560,quiesced,true,0.0000
band6_depth10_s0,classical,94,unguided,25,25,1,62,89,89,1637,app_budget,false,32.9813
band6_depth10_s0,classical,94,unguided,50,65,2,62,91,91,1634,app_budget,false,32.7376
band6_depth10_s0,classical,94,unguided,100,111,3,62,92,92,1630,app_budget,false,32.4127
band6_depth10_s0,classical,94,unguided,200,203,4,62,137,137,1617,app_budget,false,31.3566
band6_depth10_s0,classical,94,unguided,400,404,5,62,214,214,1000411,app_budget,false,81168.1560
band6_depth10_s0,classical,94,unguided,800,800,6,62,348,348,1000411,app_budget,false,81168.1560
band6_depth10_s0,classical,94,unguided,1600,1911,7,62,848,848,1231,app_budget,false,0.0000
band6_depth10_s0,classical,94,unguided,3200,3353,8,62,1248,1248,1231,app_budget,false,0.0000
band6_depth10_s0,classical,94,unguided,6400,6763,9,62,2101,2101,1231,app_budget,false,0.0000
band6_depth10_s0,classical,94,unguided,12800,12991,11,62,2617,2617,1231,app_budget,false,0.0000
band6_depth10_s0,classical,94,unguided,25600,25783,14,62,2839,2839,1231,app_budget,false,0.0000
band6_depth10_s0,classical,94,unguided,51200,41652,17,62,2875,2875,1231,quiesced,false,0.0000
band6_depth10_s0,classical,94,unguided,102400,41652,17,62,2875,2875,1231,quiesced,true,0.0000
band6_depth10_s0,classical,94,unguided,204800,41652,17,62,2875,2875,1231,quiesced,true,0.0000
band6_depth10_s0,classical,94,oracle,25,25,1,20,89,89,1637,app_budget,false,32.9813
band6_depth10_s0,classical,94,oracle,50,65,2,20,91,91,1634,app_budget,false,32.7376
band6_depth10_s0,classical,94,oracle,100,111,3,20,92,92,1630,app_budget,false,32.4127
band6_depth10_s0,classical,94,oracle,200,200,4,20,137,137,1617,app_budget,false,31.3566
band6_depth10_s0,classical,94,oracle,400,406,5,20,225,225,1608,app_budget,false,30.6255
band6_depth10_s0,classical,94,oracle,800,802,6,20,360,360,1608,app_budget,false,30.6255
band6_depth10_s0,classical,94,oracle,1600,1915,7,20,849,849,1231,app_budget,false,0.0000
band6_depth10_s0,classical,94,oracle,3200,3354,8,20,1249,1249,1231,app_budget,false,0.0000
band6_depth10_s0,classical,94,oracle,6400,6760,9,20,2101,2101,1231,app_budget,false,0.0000
band6_depth10_s0,classical,94,oracle,12800,12982,11,20,2617,2617,1231,app_budget,false,0.0000
band6_depth10_s0,classical,94,oracle,25600,25762,14,20,2839,2839,1231,app_budget,false,0.0000
band6_depth10_s0,classical,94,oracle,51200,41613,17,20,2875,2875,1231,quiesced,false,0.0000
band6_depth10_s0,classical,94,oracle,102400,41613,17,20,2875,2875,1231,quiesced,true,0.0000
band6_depth10_s0,classical,94,oracle,204800,41613,17,20,2875,2875,1231,quiesced,true,0.0000
band6_depth10_s1,rapid,11,unguided,25,17,2,62,14,14,28,quiesced,false,0.0000
band6_depth10_s1,rapid,11,unguided,50,17,2,62,14,14,28,quiesced,true,0.0000
band6_depth10_s1,rapid,11,unguided,100,17,2,62,14,14,28,quiesced,true,0.0000
band6_depth10_s1,rapid,11,unguided,200,17,2,62,14,14,28,quiesced,true,0.0000
band6_depth10_s1,rapid,11,unguided,400,17,2,62,14,14,28,quiesced,true,0.0000
band6_depth10_s1,rapid,11,unguided,800,17,2,62,14,14,28,quiesced,true,0.0000
band6_depth10_s1,rapid,11,unguided,1600,17,2,62,14,14,28,quiesced,true,0.0000
band6_depth10_s1,rapid,11,unguided,3200,17,2,62,14,14,28,quiesced,true,0.0000
band6_depth10_s1,rapid,11,unguided,6400,17,2,62,14,14,28,quiesced,true,0.0000
band6_depth10_s1,rapid,11,unguided,12800,17,2,62,14,14,28,quiesced,true,0.0000
band6_depth10_s1,rapid,11,unguided,25600,17,2,62,14,14,28,quiesced,true,0.0000
band6_depth10_s1,rapid,11,unguided,51200,17,2,62,14,14,28,quiesced,true,0.0000
band6_depth10_s1,rapid,11,unguided,102400,17,2,62,14,14,28,quiesced,true,0.0000
band6_depth10_s1,rapid,11,unguided,204800,17,2,62,14,14,28,quiesced,true,0.0000
band6_depth10_s1,rapid,11,oracle,25,17,2,4,14,14,28,quiesced,false,0.0000
band6_depth10_s1,rapid,11,oracle,50,17,2,4,14,14,28,quiesced,true,0.0000
band6_depth10_s1,rapid,11,oracle,100,17,2,4,14,14,28,quiesced,true,0.0000
band6_depth10_s1,rapid,11,oracle,200,17,2,4,14,14,28,quiesced,true,0.0000
band6_depth10_s1,rapid,11,oracle,400,17,2,4,14,14,28,quiesced,true,0.0000
band6_depth10_s1,rapid,11,oracle,800,17,2,4,14,14,28,quiesced,true,0.0000
band6_depth10_s1,rapid,11,oracle,1600,17,2,4,14,14,28,quiesced,true,0.0000
band6_depth10_s1,rapid,11,oracle,3200,17,2,4,14,14,28,quiesced,true,0.0000
band6_depth10_s1,rapid,11,oracle,6400,17,2,4,14,14,28,quiesced,true,0.0000
band6_depth10_s1,rapid,11,oracle,12800,17,2,4,14,14,28,quiesced,true,0.0000
band6_depth10_s1,rapid,11,oracle,25600,17,2,4,14,14,28,quiesced,true,0.0000
band6_depth10_s1,rapid,11,oracle,51200,17,2,4,14,14,28,quiesced,true,0.0000
band6_depth10_s1,rapid,11,oracle,102400,17,2,4,14,14,28,quiesced,true,0.0000
band6_depth10_s1,rapid,11,oracle,204800,17,2,4,14,14,28,quiesced,true,0.0000
band6_depth10_s2,classical,80,unguided,25,26,1,62,88,88,3209,app_budget,false,85.8135
band6_depth10_s2,classical,80,unguided,50,62,2,62,92,92,3179,app_budget,false,84.0764
band6_depth10_s2,classical,80,unguided,100,110,3,62,94,94,3147,app_budget,false,82.2235
band6_depth10_s2,classical,80,unguided,200,203,4,62,138,138,2000897,app_budget,false,115759.6989
band6_depth10_s2,classical,80,unguided,400,400,5,62,233,233,2469,app_budget,false,42.9647
band6_depth10_s2,classical,80,unguided,800,800,6,62,342,342,2000897,app_budget,false,115759.6989
band6_depth10_s2,classical,80,unguided,1600,1697,7,62,619,619,1727,app_budget,false,0.0000
band6_depth10_s2,classical,80,unguided,3200,3335,9,62,827,827,1727,app_budget,false,0.0000
band6_depth10_s2,classical,80,unguided,6400,6717,11,62,1557,1557,1727,app_budget,false,0.0000
band6_depth10_s2,classical,80,unguided,12800,12826,13,62,4418,4418,1727,app_budget,false,0.0000
band6_depth10_s2,classical,80,unguided,25600,22827,18,62,4659,4659,1727,quiesced,false,0.0000
band6_depth10_s2,classical,80,unguided,51200,22827,18,62,4659,4659,1727,quiesced,true,0.0000
band6_depth10_s2,classical,80,unguided,102400,22827,18,62,4659,4659,1727,quiesced,true,0.0000
band6_depth10_s2,classical,80,unguided,204800,22827,18,62,4659,4659,1727,quiesced,true,0.0000
band6_depth10_s2,classical,80,oracle,25,26,1,25,88,88,3209,app_budget,false,85.8135
band6_depth10_s2,classical,80,oracle,50,62,2,25,92,92,3179,app_budget,false,84.0764
band6_depth10_s2,classical,80,oracle,100,110,3,25,94,94,3147,app_budget,false,82.2235
band6_depth10_s2,classical,80,oracle,200,203,4,25,138,138,2000897,app_budget,false,115759.6989
band6_depth10_s2,classical,80,oracle,400,400,5,25,233,233,2469,app_budget,false,42.9647
band6_depth10_s2,classical,80,oracle,800,800,6,25,342,342,2000897,app_budget,false,115759.6989
band6_depth10_s2,classical,80,oracle,1600,1697,7,25,619,619,1727,app_budget,false,0.0000
band6_depth10_s2,classical,80,oracle,3200,3334,9,25,827,827,1727,app_budget,false,0.0000
band6_depth10_s2,classical,80,oracle,6400,6711,11,25,1557,1557,1727,app_budget,false,0.0000
band6_depth10_s2,classical,80,oracle,12800,12812,13,25,4418,4418,1727,app_budget,false,0.0000
band6_depth10_s2,classical,80,oracle,25600,22773,18,25,4659,4659,1727,quiesced,false,0.0000
band6_depth10_s2,classical,80,oracle,51200,22773,18,25,4659,4659,1727,quiesced,true,0.0000
band6_depth10_s2,classical,80,oracle,102400,22773,18,25,4659,4659,1727,quiesced,true,0.0000
band6_depth10_s2,classical,80,oracle,204800,22773,18,25,4659,4659,1727,quiesced,true,0.0000
band6_depth10_s3,rapid,19,unguided,25,23,2,62,24,24,233,quiesced,false,0.0000
band6_depth10_s3,rapid,19,unguided,50,23,2,62,24,24,233,quiesced,true,0.0000
band6_depth10_s3,rapid,19,unguided,100,23,2,62,24,24,233,quiesced,true,0.0000
band6_depth10_s3,rapid,19,unguided,200,23,2,62,24,24,233,quiesced,true,0.0000
band6_depth10_s3,rapid,19,unguided,400,23,2,62,24,24,233,quiesced,true,0.0000
band6_depth10_s3,rapid,19,unguided,800,23,2,62,24,24,233,quiesced,true,0.0000
band6_depth10_s3,rapid,19,unguided,1600,23,2,62,24,24,233,quiesced,true,0.0000
band6_depth10_s3,rapid,19,unguided,3200,23,2,62,24,24,233,quiesced,true,0.0000
band6_depth10_s3,rapid,19,unguided,6400,23,2,62,24,24,233,quiesced,true,0.0000
band6_depth10_s3,rapid,19,unguided,12800,23,2,62,24,24,233,quiesced,true,0.0000
band6_depth10_s3,rapid,19,unguided,25600,23,2,62,24,24,233,quiesced,true,0.0000
band6_depth10_s3,rapid,19,unguided,51200,23,2,62,24,24,233,quiesced,true,0.0000
band6_depth10_s3,rapid,19,unguided,102400,23,2,62,24,24,233,quiesced,true,0.0000
band6_depth10_s3,rapid,19,unguided,204800,23,2,62,24,24,233,quiesced,true,0.0000
band6_depth10_s3,rapid,19,oracle,25,23,2,5,24,24,233,quiesced,false,0.0000
band6_depth10_s3,rapid,19,oracle,50,23,2,5,24,24,233,quiesced,true,0.0000
band6_depth10_s3,rapid,19,oracle,100,23,2,5,24,24,233,quiesced,true,0.0000
band6_depth10_s3,rapid,19,oracle,200,23,2,5,24,24,233,quiesced,true,0.0000
band6_depth10_s3,rapid,19,oracle,400,23,2,5,24,24,233,quiesced,true,0.0000
band6_depth10_s3,rapid,19,oracle,800,23,2,5,24,24,233,quiesced,true,0.0000
band6_depth10_s3,rapid,19,oracle,1600,23,2,5,24,24,233,quiesced,true,0.0000
band6_depth10_s3,rapid,19,oracle,3200,23,2,5,24,24,233,quiesced,true,0.0000
band6_depth10_s3,rapid,19,oracle,6400,23,2,5,24,24,233,quiesced,true,0.0000
band6_depth10_s3,rapid,19,oracle,12800,23,2,5,24,24,233,quiesced,true,0.0000
band6_depth10_s3,rapid,19,oracle,25600,23,2,5,24,24,233,quiesced,true,0.0000
band6_depth10_s3,rapid,19,oracle,51200,23,2,5,24,24,233,quiesced,true,0.0000
band6_depth10_s3,rapid,19,oracle,102400,23,2,5,24,24,233,quiesced,true,0.0000
band6_depth10_s3,rapid,19,oracle,204800,23,2,5,24,24,233,quiesced,true,0.0000
band6_depth10_s4,classical,135,unguided,25,29,1,62,123,123,1001795,app_budget,false,57773.7724
band6_depth10_s4,classical,135,unguided,50,85,2,62,123,123,1001795,app_budget,false,57773.7724
band6_depth10_s4,classical,135,unguided,100,104,3,62,123,123,1001795,app_budget,false,57773.7724
band6_depth10_s4,classical,135,unguided,200,202,4,62,162,162,1771,app_budget,false,2.3108
band6_depth10_s4,classical,135,unguided,400,409,6,62,173,173,1731,app_budget,false,0.0000
band6_depth10_s4,classical,135,unguided,800,544,7,62,173,173,1731,quiesced,false,0.0000
band6_depth10_s4,classical,135,unguided,1600,544,7,62,173,173,1731,quiesced,true,0.0000
band6_depth10_s4,classical,135,unguided,3200,544,7,62,173,173,1731,quiesced,true,0.0000
band6_depth10_s4,classical,135,unguided,6400,544,7,62,173,173,1731,quiesced,true,0.0000
band6_depth10_s4,classical,135,unguided,12800,544,7,62,173,173,1731,quiesced,true,0.0000
band6_depth10_s4,classical,135,unguided,25600,544,7,62,173,173,1731,quiesced,true,0.0000
band6_depth10_s4,classical,135,unguided,51200,544,7,62,173,173,1731,quiesced,true,0.0000
band6_depth10_s4,classical,135,unguided,102400,544,7,62,173,173,1731,quiesced,true,0.0000
band6_depth10_s4,classical,135,unguided,204800,544,7,62,173,173,1731,quiesced,true,0.0000
band6_depth10_s4,classical,135,oracle,25,29,1,15,123,123,1001795,app_budget,false,57773.7724
band6_depth10_s4,classical,135,oracle,50,85,2,15,123,123,1001795,app_budget,false,57773.7724
band6_depth10_s4,classical,135,oracle,100,104,3,15,123,123,1001795,app_budget,false,57773.7724
band6_depth10_s4,classical,135,oracle,200,200,4,15,162,162,1771,app_budget,false,2.3108
band6_depth10_s4,classical,135,oracle,400,405,6,15,173,173,1731,app_budget,false,0.0000
band6_depth10_s4,classical,135,oracle,800,538,7,15,173,173,1731,quiesced,false,0.0000
band6_depth10_s4,classical,135,oracle,1600,538,7,15,173,173,1731,quiesced,true,0.0000
band6_depth10_s4,classical,135,oracle,3200,538,7,15,173,173,1731,quiesced,true,0.0000
band6_depth10_s4,classical,135,oracle,6400,538,7,15,173,173,1731,quiesced,true,0.0000
band6_depth10_s4,classical,135,oracle,12800,538,7,15,173,173,1731,quiesced,true,0.0000
band6_depth10_s4,classical,135,oracle,25600,538,7,15,173,173,1731,quiesced,true,0.0000
band6_depth10_s4,classical,135,oracle,51200,538,7,15,173,173,1731,quiesced,true,0.0000
band6_depth10_s4,classical,135,oracle,102400,538,7,15,173,173,1731,quiesced,true,0.0000
band6_depth10_s4,classical,135,oracle,204800,538,7,15,173,173,1731,quiesced,true,0.0000
band6_depth10_s5,classical,120,unguided,25,30,1,62,110,110,2007283,app_budget,false,57464.7548
band6_depth10_s5,classical,120,unguided,50,70,2,62,110,110,2007283,app_budget,false,57464.7548
band6_depth10_s5,classical,120,unguided,100,110,3,62,110,110,2007283,app_budget,false,57464.7548
band6_depth10_s5,classical,120,unguided,200,208,4,62,151,151,2004097,app_budget,false,57373.3869
band6_depth10_s5,classical,120,unguided,400,417,6,62,163,163,3487,app_budget,false,0.0000
band6_depth10_s5,classical,120,unguided,800,558,7,62,163,163,3487,quiesced,false,0.0000
band6_depth10_s5,classical,120,unguided,1600,558,7,62,163,163,3487,quiesced,true,0.0000
band6_depth10_s5,classical,120,unguided,3200,558,7,62,163,163,3487,quiesced,true,0.0000
band6_depth10_s5,classical,120,unguided,6400,558,7,62,163,163,3487,quiesced,true,0.0000
band6_depth10_s5,classical,120,unguided,12800,558,7,62,163,163,3487,quiesced,true,0.0000
band6_depth10_s5,classical,120,unguided,25600,558,7,62,163,163,3487,quiesced,true,0.0000
band6_depth10_s5,classical,120,unguided,51200,558,7,62,163,163,3487,quiesced,true,0.0000
band6_depth10_s5,classical,120,unguided,102400,558,7,62,163,163,3487,quiesced,true,0.0000
band6_depth10_s5,classical,120,unguided,204800,558,7,62,163,163,3487,quiesced,true,0.0000
band6_depth10_s5,classical,120,oracle,25,30,1,17,110,110,2007283,app_budget,false,57464.7548
band6_depth10_s5,classical,120,oracle,50,70,2,17,110,110,2007283,app_budget,false,57464.7548
band6_depth10_s5,classical,120,oracle,100,110,3,17,110,110,2007283,app_budget,false,57464.7548
band6_depth10_s5,classical,120,oracle,200,206,4,17,151,151,2004097,app_budget,false,57373.3869
band6_depth10_s5,classical,120,oracle,400,410,6,17,163,163,3487,app_budget,false,0.0000
band6_depth10_s5,classical,120,oracle,800,545,7,17,163,163,3487,quiesced,false,0.0000
band6_depth10_s5,classical,120,oracle,1600,545,7,17,163,163,3487,quiesced,true,0.0000
band6_depth10_s5,classical,120,oracle,3200,545,7,17,163,163,3487,quiesced,true,0.0000
band6_depth10_s5,classical,120,oracle,6400,545,7,17,163,163,3487,quiesced,true,0.0000
band6_depth10_s5,classical,120,oracle,12800,545,7,17,163,163,3487,quiesced,true,0.0000
band6_depth10_s5,classical,120,oracle,25600,545,7,17,163,163,3487,quiesced,true,0.0000
band6_depth10_s5,classical,120,oracle,51200,545,7,17,163,163,3487,quiesced,true,0.0000
band6_depth10_s5,classical,120,oracle,102400,545,7,17,163,163,3487,quiesced,true,0.0000
band6_depth10_s5,classical,120,oracle,204800,545,7,17,163,163,3487,quiesced,true,0.0000
band6_depth10_s6,classical,92,unguided,25,32,1,62,105,105,2793,app_budget,false,38.0623
band6_depth10_s6,classical,92,unguided,50,68,2,62,107,107,2787,app_budget,false,37.7657
band6_depth10_s6,classical,92,unguided,100,110,3,62,108,108,2779,app_budget,false,37.3702
band6_depth10_s6,classical,92,unguided,200,206,5,62,121,121,2023,app_budget,false,0.0000
band6_depth10_s6,classical,92,unguided,400,288,6,62,121,121,2023,quiesced,false,0.0000
band6_depth10_s6,classical,92,unguided,800,288,6,62,121,121,2023,quiesced,true,0.0000
band6_depth10_s6,classical,92,unguided,1600,288,6,62,121,121,2023,quiesced,true,0.0000
band6_depth10_s6,classical,92,unguided,3200,288,6,62,121,121,2023,quiesced,true,0.0000
band6_depth10_s6,classical,92,unguided,6400,288,6,62,121,121,2023,quiesced,true,0.0000
band6_depth10_s6,classical,92,unguided,12800,288,6,62,121,121,2023,quiesced,true,0.0000
band6_depth10_s6,classical,92,unguided,25600,288,6,62,121,121,2023,quiesced,true,0.0000
band6_depth10_s6,classical,92,unguided,51200,288,6,62,121,121,2023,quiesced,true,0.0000
band6_depth10_s6,classical,92,unguided,102400,288,6,62,121,121,2023,quiesced,true,0.0000
band6_depth10_s6,classical,92,unguided,204800,288,6,62,121,121,2023,quiesced,true,0.0000
band6_depth10_s6,classical,92,oracle,25,32,1,11,105,105,2793,app_budget,false,38.0623
band6_depth10_s6,classical,92,oracle,50,68,2,11,107,107,2787,app_budget,false,37.7657
band6_depth10_s6,classical,92,oracle,100,110,3,11,108,108,2779,app_budget,false,37.3702
band6_depth10_s6,classical,92,oracle,200,206,5,11,121,121,2023,app_budget,false,0.0000
band6_depth10_s6,classical,92,oracle,400,288,6,11,121,121,2023,quiesced,false,0.0000
band6_depth10_s6,classical,92,oracle,800,288,6,11,121,121,2023,quiesced,true,0.0000
band6_depth10_s6,classical,92,oracle,1600,288,6,11,121,121,2023,quiesced,true,0.0000
band6_depth10_s6,classical,92,oracle,3200,288,6,11,121,121,2023,quiesced,true,0.0000
band6_depth10_s6,classical,92,oracle,6400,288,6,11,121,121,2023,quiesced,true,0.0000
band6_depth10_s6,classical,92,oracle,12800,288,6,11,121,121,2023,quiesced,true,0.0000
band6_depth10_s6,classical,92,oracle,25600,288,6,11,121,121,2023,quiesced,true,0.0000
band6_depth10_s6,classical,92,oracle,51200,288,6,11,121,121,2023,quiesced,true,0.0000
band6_depth10_s6,classical,92,oracle,102400,288,6,11,121,121,2023,quiesced,true,0.0000
band6_depth10_s6,classical,92,oracle,204800,288,6,11,121,121,2023,quiesced,true,0.0000
band6_depth10_s7,classical,228,unguided,25,47,1,62,212,212,4009868,app_budget,false,61943.4473
band6_depth10_s7,classical,228,unguided,50,67,2,62,212,212,4009868,app_budget,false,61943.4473
band6_depth10_s7,classical,228,unguided,100,160,3,62,213,213,4009864,app_budget,false,61943.3854
band6_depth10_s7,classical,228,unguided,200,253,4,62,213,213,4009864,app_budget,false,61943.3854
band6_depth10_s7,classical,228,unguided,400,403,5,62,277,277,6463,app_budget,false,0.0000
band6_depth10_s7,classical,228,unguided,800,818,7,62,361,361,4004067,app_budget,false,61853.6902
band6_depth10_s7,classical,228,unguided,1600,1664,10,62,371,371,4004067,app_budget,false,61853.6902
band6_depth10_s7,classical,228,unguided,3200,2021,11,62,371,371,4004067,quiesced,false,61853.6902
band6_depth10_s7,classical,228,unguided,6400,2021,11,62,371,371,4004067,quiesced,true,61853.6902
band6_depth10_s7,classical,228,unguided,12800,2021,11,62,371,371,4004067,quiesced,true,61853.6902
band6_depth10_s7,classical,228,unguided,25600,2021,11,62,371,371,4004067,quiesced,true,61853.6902
band6_depth10_s7,classical,228,unguided,51200,2021,11,62,371,371,4004067,quiesced,true,61853.6902
band6_depth10_s7,classical,228,unguided,102400,2021,11,62,371,371,4004067,quiesced,true,61853.6902
band6_depth10_s7,classical,228,unguided,204800,2021,11,62,371,371,4004067,quiesced,true,61853.6902
band6_depth10_s7,classical,228,oracle,25,47,1,17,212,212,4009868,app_budget,false,61943.4473
band6_depth10_s7,classical,228,oracle,50,67,2,17,212,212,4009868,app_budget,false,61943.4473
band6_depth10_s7,classical,228,oracle,100,160,3,17,213,213,4009864,app_budget,false,61943.3854
band6_depth10_s7,classical,228,oracle,200,253,4,17,213,213,4009864,app_budget,false,61943.3854
band6_depth10_s7,classical,228,oracle,400,403,5,17,277,277,6463,app_budget,false,0.0000
band6_depth10_s7,classical,228,oracle,800,818,7,17,361,361,4004067,app_budget,false,61853.6902
band6_depth10_s7,classical,228,oracle,1600,1664,10,17,371,371,4004067,app_budget,false,61853.6902
band6_depth10_s7,classical,228,oracle,3200,2021,11,17,371,371,4004067,quiesced,false,61853.6902
band6_depth10_s7,classical,228,oracle,6400,2021,11,17,371,371,4004067,quiesced,true,61853.6902
band6_depth10_s7,classical,228,oracle,12800,2021,11,17,371,371,4004067,quiesced,true,61853.6902
band6_depth10_s7,classical,228,oracle,25600,2021,11,17,371,371,4004067,quiesced,true,61853.6902
band6_depth10_s7,classical,228,oracle,51200,2021,11,17,371,371,4004067,quiesced,true,61853.6902
band6_depth10_s7,classical,228,oracle,102400,2021,11,17,371,371,4004067,quiesced,true,61853.6902
band6_depth10_s7,classical,228,oracle,204800,2021,11,17,371,371,4004067,quiesced,true,61853.6902
band6_depth10_s8,classical,226,unguided,25,38,1,62,191,191,3004064,app_budget,false,199.3416
band6_depth10_s8,classical,226,unguided,50,113,2,62,193,193,3004064,app_budget,false,199.3416
band6_depth10_s8,classical,226,unguided,100,113,2,62,193,193,3004064,app_budget,false,199.3416
band6_depth10_s8,classical,226,unguided,200,210,3,62,210,210,3004064,app_budget,false,199.3416
band6_depth10_s8,classical,226,unguided,400,400,4,62,311,311,3003972,app_budget,false,199.3325
band6_depth10_s8,classical,226,unguided,800,851,5,62,558,558,3003972,app_budget,false,199.3325
band6_depth10_s8,classical,226,unguided,1600,1666,6,62,819,819,3003972,app_budget,false,199.3325
band6_depth10_s8,classical,226,unguided,3200,3263,7,62,1089,1089,3003972,app_budget,false,199.3325
band6_depth10_s8,classical,226,unguided,6400,6983,9,62,1627,1627,1003608,app_budget,false,0.0051
band6_depth10_s8,classical,226,unguided,12800,13060,11,62,1788,1788,1003558,app_budget,false,0.0001
band6_depth10_s8,classical,226,unguided,25600,25724,14,62,3902,3902,1003557,app_budget,false,0.0000
band6_depth10_s8,classical,226,unguided,51200,35277,16,62,3939,3939,1003557,quiesced,false,0.0000
band6_depth10_s8,classical,226,unguided,102400,35277,16,62,3939,3939,1003557,quiesced,true,0.0000
band6_depth10_s8,classical,226,unguided,204800,35277,16,62,3939,3939,1003557,quiesced,true,0.0000
band6_depth10_s8,classical,226,oracle,25,38,1,21,191,191,3004064,app_budget,false,199.3416
band6_depth10_s8,classical,226,oracle,50,113,2,21,193,193,3004064,app_budget,false,199.3416
band6_depth10_s8,classical,226,oracle,100,113,2,21,193,193,3004064,app_budget,false,199.3416
band6_depth10_s8,classical,226,oracle,200,210,3,21,210,210,3004064,app_budget,false,199.3416
band6_depth10_s8,classical,226,oracle,400,400,4,21,311,311,3003972,app_budget,false,199.3325
band6_depth10_s8,classical,226,oracle,800,851,5,21,558,558,3003972,app_budget,false,199.3325
band6_depth10_s8,classical,226,oracle,1600,1666,6,21,819,819,3003972,app_budget,false,199.3325
band6_depth10_s8,classical,226,oracle,3200,3263,7,21,1089,1089,3003972,app_budget,false,199.3325
band6_depth10_s8,classical,226,oracle,6400,6983,9,21,1627,1627,1003608,app_budget,false,0.0051
band6_depth10_s8,classical,226,oracle,12800,13060,11,21,1788,1788,1003558,app_budget,false,0.0001
band6_depth10_s8,classical,226,oracle,25600,25724,14,21,3902,3902,1003557,app_budget,false,0.0000
band6_depth10_s8,classical,226,oracle,51200,35277,16,21,3939,3939,1003557,quiesced,false,0.0000
band6_depth10_s8,classical,226,oracle,102400,35277,16,21,3939,3939,1003557,quiesced,true,0.0000
band6_depth10_s8,classical,226,oracle,204800,35277,16,21,3939,3939,1003557,quiesced,true,0.0000
band6_depth10_s9,classical,224,unguided,25,51,1,62,214,214,13074,app_budget,false,137.8821
band6_depth10_s9,classical,224,unguided,50,51,1,62,214,214,13074,app_budget,false,137.8821
band6_depth10_s9,classical,224,unguided,100,154,2,62,216,216,13054,app_budget,false,137.5182
band6_depth10_s9,classical,224,unguided,200,257,3,62,216,216,13054,app_budget,false,137.5182
band6_depth10_s9,classical,224,unguided,400,419,4,62,282,282,12955,app_budget,false,135.7169
band6_depth10_s9,classical,224,unguided,800,817,5,62,475,475,5896,app_budget,false,7.2780
band6_depth10_s9,classical,224,unguided,1600,1883,6,62,1040,1040,5496,app_budget,false,0.0000
band6_depth10_s9,classical,224,unguided,3200,3246,7,62,1878,1878,5496,app_budget,false,0.0000
band6_depth10_s9,classical,224,unguided,6400,6803,8,62,3511,3511,5496,app_budget,false,0.0000
band6_depth10_s9,classical,224,unguided,12800,12905,10,62,4650,4650,5496,app_budget,false,0.0000
band6_depth10_s9,classical,224,unguided,25600,20670,15,62,4758,4758,5496,quiesced,false,0.0000
band6_depth10_s9,classical,224,unguided,51200,20670,15,62,4758,4758,5496,quiesced,true,0.0000
band6_depth10_s9,classical,224,unguided,102400,20670,15,62,4758,4758,5496,quiesced,true,0.0000
band6_depth10_s9,classical,224,unguided,204800,20670,15,62,4758,4758,5496,quiesced,true,0.0000
band6_depth10_s9,classical,224,oracle,25,51,1,22,214,214,13074,app_budget,false,137.8821
band6_depth10_s9,classical,224,oracle,50,51,1,22,214,214,13074,app_budget,false,137.8821
band6_depth10_s9,classical,224,oracle,100,154,2,22,216,216,13054,app_budget,false,137.5182
band6_depth10_s9,classical,224,oracle,200,257,3,22,216,216,13054,app_budget,false,137.5182
band6_depth10_s9,classical,224,oracle,400,419,4,22,282,282,12955,app_budget,false,135.7169
band6_depth10_s9,classical,224,oracle,800,817,5,22,475,475,5896,app_budget,false,7.2780
band6_depth10_s9,classical,224,oracle,1600,1883,6,22,1040,1040,5496,app_budget,false,0.0000
band6_depth10_s9,classical,224,oracle,3200,3246,7,22,1878,1878,5496,app_budget,false,0.0000
band6_depth10_s9,classical,224,oracle,6400,6803,8,22,3511,3511,5496,app_budget,false,0.0000
band6_depth10_s9,classical,224,oracle,12800,12905,10,22,4650,4650,5496,app_budget,false,0.0000
band6_depth10_s9,classical,224,oracle,25600,20670,15,22,4758,4758,5496,quiesced,false,0.0000
band6_depth10_s9,classical,224,oracle,51200,20670,15,22,4758,4758,5496,quiesced,true,0.0000
band6_depth10_s9,classical,224,oracle,102400,20670,15,22,4758,4758,5496,quiesced,true,0.0000
band6_depth10_s9,classical,224,oracle,204800,20670,15,22,4758,4758,5496,quiesced,true,0.0000
band6_depth10_s10,classical,76,unguided,25,27,1,62,79,79,1842,app_budget,false,66.8478
band6_depth10_s10,classical,76,unguided,50,52,2,62,80,80,1838,app_budget,false,66.4855
band6_depth10_s10,classical,76,unguided,100,103,3,62,80,80,1838,app_budget,false,66.4855
band6_depth10_s10,classical,76,unguided,200,200,5,62,98,98,1104,app_budget,false,0.0000
band6_depth10_s10,classical,76,unguided,400,378,7,62,103,103,1104,quiesced,false,0.0000
band6_depth10_s10,classical,76,unguided,800,378,7,62,103,103,1104,quiesced,true,0.0000
band6_depth10_s10,classical,76,unguided,1600,378,7,62,103,103,1104,quiesced,true,0.0000
band6_depth10_s10,classical,76,unguided,3200,378,7,62,103,103,1104,quiesced,true,0.0000
band6_depth10_s10,classical,76,unguided,6400,378,7,62,103,103,1104,quiesced,true,0.0000
band6_depth10_s10,classical,76,unguided,12800,378,7,62,103,103,1104,quiesced,true,0.0000
band6_depth10_s10,classical,76,unguided,25600,378,7,62,103,103,1104,quiesced,true,0.0000
band6_depth10_s10,classical,76,unguided,51200,378,7,62,103,103,1104,quiesced,true,0.0000
band6_depth10_s10,classical,76,unguided,102400,378,7,62,103,103,1104,quiesced,true,0.0000
band6_depth10_s10,classical,76,unguided,204800,378,7,62,103,103,1104,quiesced,true,0.0000
band6_depth10_s10,classical,76,oracle,25,27,1,11,79,79,1842,app_budget,false,66.8478
band6_depth10_s10,classical,76,oracle,50,52,2,11,80,80,1838,app_budget,false,66.4855
band6_depth10_s10,classical,76,oracle,100,103,3,11,80,80,1838,app_budget,false,66.4855
band6_depth10_s10,classical,76,oracle,200,200,5,11,98,98,1104,app_budget,false,0.0000
band6_depth10_s10,classical,76,oracle,400,378,7,11,103,103,1104,quiesced,false,0.0000
band6_depth10_s10,classical,76,oracle,800,378,7,11,103,103,1104,quiesced,true,0.0000
band6_depth10_s10,classical,76,oracle,1600,378,7,11,103,103,1104,quiesced,true,0.0000
band6_depth10_s10,classical,76,oracle,3200,378,7,11,103,103,1104,quiesced,true,0.0000
band6_depth10_s10,classical,76,oracle,6400,378,7,11,103,103,1104,quiesced,true,0.0000
band6_depth10_s10,classical,76,oracle,12800,378,7,11,103,103,1104,quiesced,true,0.0000
band6_depth10_s10,classical,76,oracle,25600,378,7,11,103,103,1104,quiesced,true,0.0000
band6_depth10_s10,classical,76,oracle,51200,378,7,11,103,103,1104,quiesced,true,0.0000
band6_depth10_s10,classical,76,oracle,102400,378,7,11,103,103,1104,quiesced,true,0.0000
band6_depth10_s10,classical,76,oracle,204800,378,7,11,103,103,1104,quiesced,true,0.0000
band6_depth10_s11,classical,208,unguided,25,50,1,62,197,197,1003257,app_budget,false,50239.0366
band6_depth10_s11,classical,208,unguided,50,50,1,62,197,197,1003257,app_budget,false,50239.0366
band6_depth10_s11,classical,208,unguided,100,151,2,62,200,200,1003253,app_budget,false,50238.8359
band6_depth10_s11,classical,208,unguided,200,252,3,62,200,200,1003253,app_budget,false,50238.8359
band6_depth10_s11,classical,208,unguided,400,411,4,62,275,275,1002894,app_budget,false,50220.8229
band6_depth10_s11,classical,208,unguided,800,813,5,62,483,483,1002894,app_budget,false,50220.8229
band6_depth10_s11,classical,208,unguided,1600,1723,6,62,789,789,1002894,app_budget,false,50220.8229
band6_depth10_s11,classical,208,unguided,3200,3334,7,62,1121,1121,1002894,app_budget,false,50220.8229
band6_depth10_s11,classical,208,unguided,6400,6849,8,62,2139,2139,2215,app_budget,false,11.1390
band6_depth10_s11,classical,208,unguided,12800,12817,10,62,2612,2612,1997,app_budget,false,0.2007
band6_depth10_s11,classical,208,unguided,25600,26289,13,62,2649,2649,1993,app_budget,false,0.0000
band6_depth10_s11,classical,208,unguided,51200,31256,14,62,2649,2649,1993,quiesced,false,0.0000
band6_depth10_s11,classical,208,unguided,102400,31256,14,62,2649,2649,1993,quiesced,true,0.0000
band6_depth10_s11,classical,208,unguided,204800,31256,14,62,2649,2649,1993,quiesced,true,0.0000
band6_depth10_s11,classical,208,oracle,25,50,1,22,197,197,1003257,app_budget,false,50239.0366
band6_depth10_s11,classical,208,oracle,50,50,1,22,197,197,1003257,app_budget,false,50239.0366
band6_depth10_s11,classical,208,oracle,100,151,2,22,200,200,1003253,app_budget,false,50238.8359
band6_depth10_s11,classical,208,oracle,200,252,3,22,200,200,1003253,app_budget,false,50238.8359
band6_depth10_s11,classical,208,oracle,400,411,4,22,275,275,1002894,app_budget,false,50220.8229
band6_depth10_s11,classical,208,oracle,800,813,5,22,483,483,1002894,app_budget,false,50220.8229
band6_depth10_s11,classical,208,oracle,1600,1723,6,22,789,789,1002894,app_budget,false,50220.8229
band6_depth10_s11,classical,208,oracle,3200,3334,7,22,1121,1121,1002894,app_budget,false,50220.8229
band6_depth10_s11,classical,208,oracle,6400,6849,8,22,2139,2139,2215,app_budget,false,11.1390
band6_depth10_s11,classical,208,oracle,12800,12817,10,22,2612,2612,1997,app_budget,false,0.2007
band6_depth10_s11,classical,208,oracle,25600,26289,13,22,2649,2649,1993,app_budget,false,0.0000
band6_depth10_s11,classical,208,oracle,51200,31256,14,22,2649,2649,1993,quiesced,false,0.0000
band6_depth10_s11,classical,208,oracle,102400,31256,14,22,2649,2649,1993,quiesced,true,0.0000
band6_depth10_s11,classical,208,oracle,204800,31256,14,22,2649,2649,1993,quiesced,true,0.0000
band6_depth10_s12,classical,187,unguided,25,27,1,62,160,160,1002288,app_budget,false,35117.4280
band6_depth10_s12,classical,187,unguided,50,81,2,62,160,160,1002288,app_budget,false,35117.4280
band6_depth10_s12,classical,187,unguided,100,135,3,62,160,160,1002288,app_budget,false,35117.4280
band6_depth10_s12,classical,187,unguided,200,200,4,62,171,171,1002288,app_budget,false,35117.4280
band6_depth10_s12,classical,187,unguided,400,427,6,62,250,250,2850,app_budget,false,0.1405
band6_depth10_s12,classical,187,unguided,800,823,8,62,257,257,2846,app_budget,false,0.0000
band6_depth10_s12,classical,187,unguided,1600,1032,9,62,257,257,2846,quiesced,false,0.0000
band6_depth10_s12,classical,187,unguided,3200,1032,9,62,257,257,2846,quiesced,true,0.0000
band6_depth10_s12,classical,187,unguided,6400,1032,9,62,257,257,2846,quiesced,true,0.0000
band6_depth10_s12,classical,187,unguided,12800,1032,9,62,257,257,2846,quiesced,true,0.0000
band6_depth10_s12,classical,187,unguided,25600,1032,9,62,257,257,2846,quiesced,true,0.0000
band6_depth10_s12,classical,187,unguided,51200,1032,9,62,257,257,2846,quiesced,true,0.0000
band6_depth10_s12,classical,187,unguided,102400,1032,9,62,257,257,2846,quiesced,true,0.0000
band6_depth10_s12,classical,187,unguided,204800,1032,9,62,257,257,2846,quiesced,true,0.0000
band6_depth10_s12,classical,187,oracle,25,27,1,20,160,160,1002288,app_budget,false,35117.4280
band6_depth10_s12,classical,187,oracle,50,81,2,20,160,160,1002288,app_budget,false,35117.4280
band6_depth10_s12,classical,187,oracle,100,135,3,20,160,160,1002288,app_budget,false,35117.4280
band6_depth10_s12,classical,187,oracle,200,200,4,20,171,171,1002288,app_budget,false,35117.4280
band6_depth10_s12,classical,187,oracle,400,426,6,20,250,250,2850,app_budget,false,0.1405
band6_depth10_s12,classical,187,oracle,800,818,8,20,257,257,2846,app_budget,false,0.0000
band6_depth10_s12,classical,187,oracle,1600,1025,9,20,257,257,2846,quiesced,false,0.0000
band6_depth10_s12,classical,187,oracle,3200,1025,9,20,257,257,2846,quiesced,true,0.0000
band6_depth10_s12,classical,187,oracle,6400,1025,9,20,257,257,2846,quiesced,true,0.0000
band6_depth10_s12,classical,187,oracle,12800,1025,9,20,257,257,2846,quiesced,true,0.0000
band6_depth10_s12,classical,187,oracle,25600,1025,9,20,257,257,2846,quiesced,true,0.0000
band6_depth10_s12,classical,187,oracle,51200,1025,9,20,257,257,2846,quiesced,true,0.0000
band6_depth10_s12,classical,187,oracle,102400,1025,9,20,257,257,2846,quiesced,true,0.0000
band6_depth10_s12,classical,187,oracle,204800,1025,9,20,257,257,2846,quiesced,true,0.0000
band6_depth10_s13,classical,76,unguided,25,25,1,62,81,81,1886,app_budget,false,41.2734
band6_depth10_s13,classical,76,unguided,50,58,2,62,81,81,1886,app_budget,false,41.2734
band6_depth10_s13,classical,76,unguided,100,103,3,62,85,85,1886,app_budget,false,41.2734
band6_depth10_s13,classical,76,unguided,200,202,5,62,97,97,1335,app_budget,false,0.0000
band6_depth10_s13,classical,76,unguided,400,275,6,62,97,97,1335,quiesced,false,0.0000
band6_depth10_s13,classical,76,unguided,800,275,6,62,97,97,1335,quiesced,true,0.0000
band6_depth10_s13,classical,76,unguided,1600,275,6,62,97,97,1335,quiesced,true,0.0000
band6_depth10_s13,classical,76,unguided,3200,275,6,62,97,97,1335,quiesced,true,0.0000
band6_depth10_s13,classical,76,unguided,6400,275,6,62,97,97,1335,quiesced,true,0.0000
band6_depth10_s13,classical,76,unguided,12800,275,6,62,97,97,1335,quiesced,true,0.0000
band6_depth10_s13,classical,76,unguided,25600,275,6,62,97,97,1335,quiesced,true,0.0000
band6_depth10_s13,classical,76,unguided,51200,275,6,62,97,97,1335,quiesced,true,0.0000
band6_depth10_s13,classical,76,unguided,102400,275,6,62,97,97,1335,quiesced,true,0.0000
band6_depth10_s13,classical,76,unguided,204800,275,6,62,97,97,1335,quiesced,true,0.0000
band6_depth10_s13,classical,76,oracle,25,25,1,10,81,81,1886,app_budget,false,41.2734
band6_depth10_s13,classical,76,oracle,50,58,2,10,81,81,1886,app_budget,false,41.2734
band6_depth10_s13,classical,76,oracle,100,103,3,10,85,85,1886,app_budget,false,41.2734
band6_depth10_s13,classical,76,oracle,200,202,5,10,97,97,1335,app_budget,false,0.0000
band6_depth10_s13,classical,76,oracle,400,275,6,10,97,97,1335,quiesced,false,0.0000
band6_depth10_s13,classical,76,oracle,800,275,6,10,97,97,1335,quiesced,true,0.0000
band6_depth10_s13,classical,76,oracle,1600,275,6,10,97,97,1335,quiesced,true,0.0000
band6_depth10_s13,classical,76,oracle,3200,275,6,10,97,97,1335,quiesced,true,0.0000
band6_depth10_s13,classical,76,oracle,6400,275,6,10,97,97,1335,quiesced,true,0.0000
band6_depth10_s13,classical,76,oracle,12800,275,6,10,97,97,1335,quiesced,true,0.0000
band6_depth10_s13,classical,76,oracle,25600,275,6,10,97,97,1335,quiesced,true,0.0000
band6_depth10_s13,classical,76,oracle,51200,275,6,10,97,97,1335,quiesced,true,0.0000
band6_depth10_s13,classical,76,oracle,102400,275,6,10,97,97,1335,quiesced,true,0.0000
band6_depth10_s13,classical,76,oracle,204800,275,6,10,97,97,1335,quiesced,true,0.0000
band6_depth10_s14,classical,235,unguided,25,47,1,62,211,211,8010080,app_budget,false,103282.5503
band6_depth10_s14,classical,235,unguided,50,66,2,62,211,211,8010080,app_budget,false,103282.5503
band6_depth10_s14,classical,235,unguided,100,156,3,62,211,211,8010074,app_budget,false,103282.4729
band6_depth10_s14,classical,235,unguided,200,247,4,62,212,212,8010044,app_budget,false,103282.0857
band6_depth10_s14,classical,235,unguided,400,403,5,62,277,277,9382,app_budget,false,21.0893
band6_depth10_s14,classical,235,unguided,800,809,7,62,459,459,7764,app_budget,false,0.2065
band6_depth10_s14,classical,235,unguided,1600,1782,9,62,680,680,7748,app_budget,false,0.0000
band6_depth10_s14,classical,235,unguided,3200,3290,11,62,797,797,7748,app_budget,false,0.0000
band6_depth10_s14,classical,235,unguided,6400,6466,14,62,810,810,7748,app_budget,false,0.0000
band6_depth10_s14,classical,235,unguided,12800,7698,15,62,810,810,7748,quiesced,false,0.0000
band6_depth10_s14,classical,235,unguided,25600,7698,15,62,810,810,7748,quiesced,true,0.0000
band6_depth10_s14,classical,235,unguided,51200,7698,15,62,810,810,7748,quiesced,true,0.0000
band6_depth10_s14,classical,235,unguided,102400,7698,15,62,810,810,7748,quiesced,true,0.0000
band6_depth10_s14,classical,235,unguided,204800,7698,15,62,810,810,7748,quiesced,true,0.0000
band6_depth10_s14,classical,235,oracle,25,47,1,21,211,211,8010080,app_budget,false,103282.5503
band6_depth10_s14,classical,235,oracle,50,66,2,21,211,211,8010080,app_budget,false,103282.5503
band6_depth10_s14,classical,235,oracle,100,156,3,21,211,211,8010074,app_budget,false,103282.4729
band6_depth10_s14,classical,235,oracle,200,247,4,21,212,212,8010044,app_budget,false,103282.0857
band6_depth10_s14,classical,235,oracle,400,403,5,21,277,277,9382,app_budget,false,21.0893
band6_depth10_s14,classical,235,oracle,800,809,7,21,459,459,7764,app_budget,false,0.2065
band6_depth10_s14,classical,235,oracle,1600,1782,9,21,680,680,7748,app_budget,false,0.0000
band6_depth10_s14,classical,235,oracle,3200,3290,11,21,797,797,7748,app_budget,false,0.0000
band6_depth10_s14,classical,235,oracle,6400,6466,14,21,810,810,7748,app_budget,false,0.0000
band6_depth10_s14,classical,235,oracle,12800,7698,15,21,810,810,7748,quiesced,false,0.0000
band6_depth10_s14,classical,235,oracle,25600,7698,15,21,810,810,7748,quiesced,true,0.0000
band6_depth10_s14,classical,235,oracle,51200,7698,15,21,810,810,7748,quiesced,true,0.0000
band6_depth10_s14,classical,235,oracle,102400,7698,15,21,810,810,7748,quiesced,true,0.0000
band6_depth10_s14,classical,235,oracle,204800,7698,15,21,810,810,7748,quiesced,true,0.0000
band6_depth10_s15,rapid,47,unguided,25,25,1,62,63,63,1148,app_budget,false,165.1270
band6_depth10_s15,rapid,47,unguided,50,61,2,62,70,70,1148,app_budget,false,165.1270
band6_depth10_s15,rapid,47,unguided,100,104,3,62,70,70,1148,app_budget,false,165.1270
band6_depth10_s15,rapid,47,unguided,200,214,5,62,76,76,433,app_budget,false,0.0000
band6_depth10_s15,rapid,47,unguided,400,281,6,62,76,76,433,quiesced,false,0.0000
band6_depth10_s15,rapid,47,unguided,800,281,6,62,76,76,433,quiesced,true,0.0000
band6_depth10_s15,rapid,47,unguided,1600,281,6,62,76,76,433,quiesced,true,0.0000
band6_depth10_s15,rapid,47,unguided,3200,281,6,62,76,76,433,quiesced,true,0.0000
band6_depth10_s15,rapid,47,unguided,6400,281,6,62,76,76,433,quiesced,true,0.0000
band6_depth10_s15,rapid,47,unguided,12800,281,6,62,76,76,433,quiesced,true,0.0000
band6_depth10_s15,rapid,47,unguided,25600,281,6,62,76,76,433,quiesced,true,0.0000
band6_depth10_s15,rapid,47,unguided,51200,281,6,62,76,76,433,quiesced,true,0.0000
band6_depth10_s15,rapid,47,unguided,102400,281,6,62,76,76,433,quiesced,true,0.0000
band6_depth10_s15,rapid,47,unguided,204800,281,6,62,76,76,433,quiesced,true,0.0000
band6_depth10_s15,rapid,47,oracle,25,27,1,12,66,66,608,app_budget,false,40.4157
band6_depth10_s15,rapid,47,oracle,50,51,2,12,67,67,608,app_budget,false,40.4157
band6_depth10_s15,rapid,47,oracle,100,104,3,12,73,73,608,app_budget,false,40.4157
band6_depth10_s15,rapid,47,oracle,200,212,5,12,76,76,433,app_budget,false,0.0000
band6_depth10_s15,rapid,47,oracle,400,277,6,12,76,76,433,quiesced,false,0.0000
band6_depth10_s15,rapid,47,oracle,800,277,6,12,76,76,433,quiesced,true,0.0000
band6_depth10_s15,rapid,47,oracle,1600,277,6,12,76,76,433,quiesced,true,0.0000
band6_depth10_s15,rapid,47,oracle,3200,277,6,12,76,76,433,quiesced,true,0.0000
band6_depth10_s15,rapid,47,oracle,6400,277,6,12,76,76,433,quiesced,true,0.0000
band6_depth10_s15,rapid,47,oracle,12800,277,6,12,76,76,433,quiesced,true,0.0000
band6_depth10_s15,rapid,47,oracle,25600,277,6,12,76,76,433,quiesced,true,0.0000
band6_depth10_s15,rapid,47,oracle,51200,277,6,12,76,76,433,quiesced,true,0.0000
band6_depth10_s15,rapid,47,oracle,102400,277,6,12,76,76,433,quiesced,true,0.0000
band6_depth10_s15,rapid,47,oracle,204800,277,6,12,76,76,433,quiesced,true,0.0000
band6_depth10_s16,classical,259,unguided,25,36,1,62,220,220,13716,app_budget,false,360.4230
band6_depth10_s16,classical,259,unguided,50,108,2,62,221,221,13694,app_budget,false,359.6845
band6_depth10_s16,classical,259,unguided,100,108,2,62,221,221,13694,app_budget,false,359.6845
band6_depth10_s16,classical,259,unguided,200,202,3,62,243,243,13694,app_budget,false,359.6845
band6_depth10_s16,classical,259,unguided,400,418,4,62,374,374,10564,app_budget,false,254.6156
band6_depth10_s16,classical,259,unguided,800,800,5,62,562,562,10554,app_budget,false,254.2800
band6_depth10_s16,classical,259,unguided,1600,1631,6,62,756,756,10554,app_budget,false,254.2800
band6_depth10_s16,classical,259,unguided,3200,3558,8,62,1132,1132,3857,app_budget,false,29.4730
band6_depth10_s16,classical,259,unguided,6400,6491,10,62,1228,1228,2979,app_budget,false,0.0000
band6_depth10_s16,classical,259,unguided,12800,12380,13,62,1242,1242,2979,quiesced,false,0.0000
band6_depth10_s16,classical,259,unguided,25600,12380,13,62,1242,1242,2979,quiesced,true,0.0000
band6_depth10_s16,classical,259,unguided,51200,12380,13,62,1242,1242,2979,quiesced,true,0.0000
band6_depth10_s16,classical,259,unguided,102400,12380,13,62,1242,1242,2979,quiesced,true,0.0000
band6_depth10_s16,classical,259,unguided,204800,12380,13,62,1242,1242,2979,quiesced,true,0.0000
band6_depth10_s16,classical,259,oracle,25,36,1,22,220,220,13716,app_budget,false,360.4230
band6_depth10_s16,classical,259,oracle,50,108,2,22,221,221,13694,app_budget,false,359.6845
band6_depth10_s16,classical,259,oracle,100,108,2,22,221,221,13694,app_budget,false,359.6845
band6_depth10_s16,classical,259,oracle,200,202,3,22,243,243,13694,app_budget,false,359.6845
band6_depth10_s16,classical,259,oracle,400,418,4,22,374,374,10564,app_budget,false,254.6156
band6_depth10_s16,classical,259,oracle,800,800,5,22,562,562,10554,app_budget,false,254.2800
band6_depth10_s16,classical,259,oracle,1600,1631,6,22,756,756,10554,app_budget,false,254.2800
band6_depth10_s16,classical,259,oracle,3200,3558,8,22,1132,1132,3857,app_budget,false,29.4730
band6_depth10_s16,classical,259,oracle,6400,6491,10,22,1228,1228,2979,app_budget,false,0.0000
band6_depth10_s16,classical,259,oracle,12800,12380,13,22,1242,1242,2979,quiesced,false,0.0000
band6_depth10_s16,classical,259,oracle,25600,12380,13,22,1242,1242,2979,quiesced,true,0.0000
band6_depth10_s16,classical,259,oracle,51200,12380,13,22,1242,1242,2979,quiesced,true,0.0000
band6_depth10_s16,classical,259,oracle,102400,12380,13,22,1242,1242,2979,quiesced,true,0.0000
band6_depth10_s16,classical,259,oracle,204800,12380,13,22,1242,1242,2979,quiesced,true,0.0000
band6_depth10_s17,classical,149,unguided,25,27,1,62,123,123,3595,app_budget,false,110.2339
band6_depth10_s17,classical,149,unguided,50,79,2,62,123,123,3589,app_budget,false,109.8830
band6_depth10_s17,classical,149,unguided,100,131,3,62,123,123,3589,app_budget,false,109.8830
band6_depth10_s17,classical,149,unguided,200,202,4,62,150,150,3589,app_budget,false,109.8830
band6_depth10_s17,classical,149,unguided,400,441,5,62,310,310,1728,app_budget,false,1.0526
band6_depth10_s17,classical,149,unguided,800,861,6,62,566,566,1728,app_budget,false,1.0526
band6_depth10_s17,classical,149,unguided,1600,1649,7,62,859,859,1728,app_budget,false,1.0526
band6_depth10_s17,classical,149,unguided,3200,3278,8,62,1270,1270,1728,app_budget,false,1.0526
band6_depth10_s17,classical,149,unguided,6400,7117,9,62,2370,2370,1710,app_budget,false,0.0000
band6_depth10_s17,classical,149,unguided,12800,13768,11,62,2994,2994,1710,app_budget,false,0.0000
band6_depth10_s17,classical,149,unguided,25600,25866,13,62,3239,3239,1710,app_budget,false,0.0000
band6_depth10_s17,classical,149,unguided,51200,44688,16,62,3261,3261,1710,quiesced,false,0.0000
band6_depth10_s17,classical,149,unguided,102400,44688,16,62,3261,3261,1710,quiesced,true,0.0000
band6_depth10_s17,classical,149,unguided,204800,44688,16,62,3261,3261,1710,quiesced,true,0.0000
band6_depth10_s17,classical,149,oracle,25,27,1,20,123,123,3595,app_budget,false,110.2339
band6_depth10_s17,classical,149,oracle,50,79,2,20,123,123,3589,app_budget,false,109.8830
band6_depth10_s17,classical,149,oracle,100,131,3,20,123,123,3589,app_budget,false,109.8830
band6_depth10_s17,classical,149,oracle,200,202,4,20,150,150,3589,app_budget,false,109.8830
band6_depth10_s17,classical,149,oracle,400,441,5,20,310,310,1728,app_budget,false,1.0526
band6_depth10_s17,classical,149,oracle,800,861,6,20,566,566,1728,app_budget,false,1.0526
band6_depth10_s17,classical,149,oracle,1600,1649,7,20,859,859,1728,app_budget,false,1.0526
band6_depth10_s17,classical,149,oracle,3200,3278,8,20,1270,1270,1728,app_budget,false,1.0526
band6_depth10_s17,classical,149,oracle,6400,7117,9,20,2370,2370,1710,app_budget,false,0.0000
band6_depth10_s17,classical,149,oracle,12800,13768,11,20,2994,2994,1710,app_budget,false,0.0000
band6_depth10_s17,classical,149,oracle,25600,25866,13,20,3239,3239,1710,app_budget,false,0.0000
band6_depth10_s17,classical,149,oracle,51200,44688,16,20,3261,3261,1710,quiesced,false,0.0000
band6_depth10_s17,classical,149,oracle,102400,44688,16,20,3261,3261,1710,quiesced,true,0.0000
band6_depth10_s17,classical,149,oracle,204800,44688,16,20,3261,3261,1710,quiesced,true,0.0000
band6_depth10_s18,classical,197,unguided,25,41,1,62,176,176,4014411,app_budget,false,301.1206
band6_depth10_s18,classical,197,unguided,50,60,2,62,176,176,4014411,app_budget,false,301.1206
band6_depth10_s18,classical,197,unguided,100,142,3,62,179,179,4014347,app_budget,false,301.1142
band6_depth10_s18,classical,197,unguided,200,225,4,62,180,180,4014227,app_budget,false,301.1022
band6_depth10_s18,classical,197,unguided,400,430,5,62,319,319,2003303,app_budget,false,100.1704
band6_depth10_s18,classical,197,unguided,800,804,6,62,483,483,2003295,app_budget,false,100.1696
band6_depth10_s18,classical,197,unguided,1600,1752,7,62,865,865,1000799,app_budget,false,0.0000
band6_depth10_s18,classical,197,unguided,3200,3203,8,62,1297,1297,1000799,app_budget,false,0.0000
band6_depth10_s18,classical,197,unguided,6400,6963,10,62,2186,2186,1000799,app_budget,false,0.0000
band6_depth10_s18,classical,197,unguided,12800,12984,12,62,2769,2769,1000799,app_budget,false,0.0000
band6_depth10_s18,classical,197,unguided,25600,26188,15,62,3299,3299,1000799,app_budget,false,0.0000
band6_depth10_s18,classical,197,unguided,51200,43837,18,62,3344,3344,1000799,quiesced,false,0.0000
band6_depth10_s18,classical,197,unguided,102400,43837,18,62,3344,3344,1000799,quiesced,true,0.0000
band6_depth10_s18,classical,197,unguided,204800,43837,18,62,3344,3344,1000799,quiesced,true,0.0000
band6_depth10_s18,classical,197,oracle,25,41,1,26,176,176,4014411,app_budget,false,301.1206
band6_depth10_s18,classical,197,oracle,50,60,2,26,176,176,4014411,app_budget,false,301.1206
band6_depth10_s18,classical,197,oracle,100,142,3,26,179,179,4014347,app_budget,false,301.1142
band6_depth10_s18,classical,197,oracle,200,225,4,26,180,180,4014227,app_budget,false,301.1022
band6_depth10_s18,classical,197,oracle,400,430,5,26,319,319,2003303,app_budget,false,100.1704
band6_depth10_s18,classical,197,oracle,800,802,6,26,483,483,2003295,app_budget,false,100.1696
band6_depth10_s18,classical,197,oracle,1600,1746,7,26,865,865,1000799,app_budget,false,0.0000
band6_depth10_s18,classical,197,oracle,3200,3205,8,26,1299,1299,1000799,app_budget,false,0.0000
band6_depth10_s18,classical,197,oracle,6400,6963,10,26,2186,2186,1000799,app_budget,false,0.0000
band6_depth10_s18,classical,197,oracle,12800,12980,12,26,2769,2769,1000799,app_budget,false,0.0000
band6_depth10_s18,classical,197,oracle,25600,26176,15,26,3299,3299,1000799,app_budget,false,0.0000
band6_depth10_s18,classical,197,oracle,51200,43813,18,26,3344,3344,1000799,quiesced,false,0.0000
band6_depth10_s18,classical,197,oracle,102400,43813,18,26,3344,3344,1000799,quiesced,true,0.0000
band6_depth10_s18,classical,197,oracle,204800,43813,18,26,3344,3344,1000799,quiesced,true,0.0000
band6_depth10_s19,rapid,15,unguided,25,22,2,62,20,20,254,quiesced,false,0.0000
band6_depth10_s19,rapid,15,unguided,50,22,2,62,20,20,254,quiesced,true,0.0000
band6_depth10_s19,rapid,15,unguided,100,22,2,62,20,20,254,quiesced,true,0.0000
band6_depth10_s19,rapid,15,unguided,200,22,2,62,20,20,254,quiesced,true,0.0000
band6_depth10_s19,rapid,15,unguided,400,22,2,62,20,20,254,quiesced,true,0.0000
band6_depth10_s19,rapid,15,unguided,800,22,2,62,20,20,254,quiesced,true,0.0000
band6_depth10_s19,rapid,15,unguided,1600,22,2,62,20,20,254,quiesced,true,0.0000
band6_depth10_s19,rapid,15,unguided,3200,22,2,62,20,20,254,quiesced,true,0.0000
band6_depth10_s19,rapid,15,unguided,6400,22,2,62,20,20,254,quiesced,true,0.0000
band6_depth10_s19,rapid,15,unguided,12800,22,2,62,20,20,254,quiesced,true,0.0000
band6_depth10_s19,rapid,15,unguided,25600,22,2,62,20,20,254,quiesced,true,0.0000
band6_depth10_s19,rapid,15,unguided,51200,22,2,62,20,20,254,quiesced,true,0.0000
band6_depth10_s19,rapid,15,unguided,102400,22,2,62,20,20,254,quiesced,true,0.0000
band6_depth10_s19,rapid,15,unguided,204800,22,2,62,20,20,254,quiesced,true,0.0000
band6_depth10_s19,rapid,15,oracle,25,22,2,6,20,20,254,quiesced,false,0.0000
band6_depth10_s19,rapid,15,oracle,50,22,2,6,20,20,254,quiesced,true,0.0000
band6_depth10_s19,rapid,15,oracle,100,22,2,6,20,20,254,quiesced,true,0.0000
band6_depth10_s19,rapid,15,oracle,200,22,2,6,20,20,254,quiesced,true,0.0000
band6_depth10_s19,rapid,15,oracle,400,22,2,6,20,20,254,quiesced,true,0.0000
band6_depth10_s19,rapid,15,oracle,800,22,2,6,20,20,254,quiesced,true,0.0000
band6_depth10_s19,rapid,15,oracle,1600,22,2,6,20,20,254,quiesced,true,0.0000
band6_depth10_s19,rapid,15,oracle,3200,22,2,6,20,20,254,quiesced,true,0.0000
band6_depth10_s19,rapid,15,oracle,6400,22,2,6,20,20,254,quiesced,true,0.0000
band6_depth10_s19,rapid,15,oracle,12800,22,2,6,20,20,254,quiesced,true,0.0000
band6_depth10_s19,rapid,15,oracle,25600,22,2,6,20,20,254,quiesced,true,0.0000
band6_depth10_s19,rapid,15,oracle,51200,22,2,6,20,20,254,quiesced,true,0.0000
band6_depth10_s19,rapid,15,oracle,102400,22,2,6,20,20,254,quiesced,true,0.0000
band6_depth10_s19,rapid,15,oracle,204800,22,2,6,20,20,254,quiesced,true,0.0000
band6_depth10_s20,rapid,46,unguided,25,26,1,62,64,64,1241,app_budget,false,145.7426
band6_depth10_s20,rapid,46,unguided,50,50,2,62,64,64,1241,app_budget,false,145.7426
band6_depth10_s20,rapid,46,unguided,100,107,3,62,69,69,1241,app_budget,false,145.7426
band6_depth10_s20,rapid,46,unguided,200,202,5,62,77,77,505,app_budget,false,0.0000
band6_depth10_s20,rapid,46,unguided,400,273,6,62,77,77,505,quiesced,false,0.0000
band6_depth10_s20,rapid,46,unguided,800,273,6,62,77,77,505,quiesced,true,0.0000
band6_depth10_s20,rapid,46,unguided,1600,273,6,62,77,77,505,quiesced,true,0.0000
band6_depth10_s20,rapid,46,unguided,3200,273,6,62,77,77,505,quiesced,true,0.0000
band6_depth10_s20,rapid,46,unguided,6400,273,6,62,77,77,505,quiesced,true,0.0000
band6_depth10_s20,rapid,46,unguided,12800,273,6,62,77,77,505,quiesced,true,0.0000
band6_depth10_s20,rapid,46,unguided,25600,273,6,62,77,77,505,quiesced,true,0.0000
band6_depth10_s20,rapid,46,unguided,51200,273,6,62,77,77,505,quiesced,true,0.0000
band6_depth10_s20,rapid,46,unguided,102400,273,6,62,77,77,505,quiesced,true,0.0000
band6_depth10_s20,rapid,46,unguided,204800,273,6,62,77,77,505,quiesced,true,0.0000
band6_depth10_s20,rapid,46,oracle,25,26,1,12,64,64,1241,app_budget,false,145.7426
band6_depth10_s20,rapid,46,oracle,50,50,2,12,64,64,1241,app_budget,false,145.7426
band6_depth10_s20,rapid,46,oracle,100,105,3,12,69,69,1241,app_budget,false,145.7426
band6_depth10_s20,rapid,46,oracle,200,217,5,12,77,77,505,app_budget,false,0.0000
band6_depth10_s20,rapid,46,oracle,400,286,6,12,77,77,505,quiesced,false,0.0000
band6_depth10_s20,rapid,46,oracle,800,286,6,12,77,77,505,quiesced,true,0.0000
band6_depth10_s20,rapid,46,oracle,1600,286,6,12,77,77,505,quiesced,true,0.0000
band6_depth10_s20,rapid,46,oracle,3200,286,6,12,77,77,505,quiesced,true,0.0000
band6_depth10_s20,rapid,46,oracle,6400,286,6,12,77,77,505,quiesced,true,0.0000
band6_depth10_s20,rapid,46,oracle,12800,286,6,12,77,77,505,quiesced,true,0.0000
band6_depth10_s20,rapid,46,oracle,25600,286,6,12,77,77,505,quiesced,true,0.0000
band6_depth10_s20,rapid,46,oracle,51200,286,6,12,77,77,505,quiesced,true,0.0000
band6_depth10_s20,rapid,46,oracle,102400,286,6,12,77,77,505,quiesced,true,0.0000
band6_depth10_s20,rapid,46,oracle,204800,286,6,12,77,77,505,quiesced,true,0.0000
band6_depth10_s21,classical,57,unguided,25,25,1,62,72,72,1523,app_budget,false,5.3979
band6_depth10_s21,classical,57,unguided,50,52,2,62,73,73,1507,app_budget,false,4.2907
band6_depth10_s21,classical,57,unguided,100,101,4,62,79,79,1445,app_budget,false,0.0000
band6_depth10_s21,classical,57,unguided,200,148,5,62,79,79,1445,quiesced,false,0.0000
band6_depth10_s21,classical,57,unguided,400,148,5,62,79,79,1445,quiesced,true,0.0000
band6_depth10_s21,classical,57,unguided,800,148,5,62,79,79,1445,quiesced,true,0.0000
band6_depth10_s21,classical,57,unguided,1600,148,5,62,79,79,1445,quiesced,true,0.0000
band6_depth10_s21,classical,57,unguided,3200,148,5,62,79,79,1445,quiesced,true,0.0000
band6_depth10_s21,classical,57,unguided,6400,148,5,62,79,79,1445,quiesced,true,0.0000
band6_depth10_s21,classical,57,unguided,12800,148,5,62,79,79,1445,quiesced,true,0.0000
band6_depth10_s21,classical,57,unguided,25600,148,5,62,79,79,1445,quiesced,true,0.0000
band6_depth10_s21,classical,57,unguided,51200,148,5,62,79,79,1445,quiesced,true,0.0000
band6_depth10_s21,classical,57,unguided,102400,148,5,62,79,79,1445,quiesced,true,0.0000
band6_depth10_s21,classical,57,unguided,204800,148,5,62,79,79,1445,quiesced,true,0.0000
band6_depth10_s21,classical,57,oracle,25,25,1,11,72,72,1523,app_budget,false,5.3979
band6_depth10_s21,classical,57,oracle,50,52,2,11,73,73,1507,app_budget,false,4.2907
band6_depth10_s21,classical,57,oracle,100,101,4,11,79,79,1445,app_budget,false,0.0000
band6_depth10_s21,classical,57,oracle,200,148,5,11,79,79,1445,quiesced,false,0.0000
band6_depth10_s21,classical,57,oracle,400,148,5,11,79,79,1445,quiesced,true,0.0000
band6_depth10_s21,classical,57,oracle,800,148,5,11,79,79,1445,quiesced,true,0.0000
band6_depth10_s21,classical,57,oracle,1600,148,5,11,79,79,1445,quiesced,true,0.0000
band6_depth10_s21,classical,57,oracle,3200,148,5,11,79,79,1445,quiesced,true,0.0000
band6_depth10_s21,classical,57,oracle,6400,148,5,11,79,79,1445,quiesced,true,0.0000
band6_depth10_s21,classical,57,oracle,12800,148,5,11,79,79,1445,quiesced,true,0.0000
band6_depth10_s21,classical,57,oracle,25600,148,5,11,79,79,1445,quiesced,true,0.0000
band6_depth10_s21,classical,57,oracle,51200,148,5,11,79,79,1445,quiesced,true,0.0000
band6_depth10_s21,classical,57,oracle,102400,148,5,11,79,79,1445,quiesced,true,0.0000
band6_depth10_s21,classical,57,oracle,204800,148,5,11,79,79,1445,quiesced,true,0.0000
band7_depth12_s0,classical,656,unguided,25,116,1,62,557,557,20863,app_budget,false,104.1789
band7_depth12_s0,classical,656,unguided,50,116,1,62,557,557,20863,app_budget,false,104.1789
band7_depth12_s0,classical,656,unguided,100,116,1,62,557,557,20863,app_budget,false,104.1789
band7_depth12_s0,classical,656,unguided,200,341,2,62,571,571,20812,app_budget,false,103.6798
band7_depth12_s0,classical,656,unguided,400,405,3,62,578,578,20746,app_budget,false,103.0339
band7_depth12_s0,classical,656,unguided,800,834,4,62,795,795,20535,app_budget,false,100.9689
band7_depth12_s0,classical,656,unguided,1600,1636,5,62,1173,1173,20535,app_budget,false,100.9689
band7_depth12_s0,classical,656,unguided,3200,3647,6,62,2245,2245,20535,app_budget,false,100.9689
band7_depth12_s0,classical,656,unguided,6400,6881,7,62,3510,3510,20535,app_budget,false,100.9689
band7_depth12_s0,classical,656,unguided,12800,12801,9,62,4893,4893,10218,app_budget,false,0.0000
band7_depth12_s0,classical,656,unguided,25600,14195,12,62,4973,4973,10218,quiesced,false,0.0000
band7_depth12_s0,classical,656,unguided,51200,14195,12,62,4973,4973,10218,quiesced,true,0.0000
band7_depth12_s0,classical,656,unguided,102400,14195,12,62,4973,4973,10218,quiesced,true,0.0000
band7_depth12_s0,classical,656,unguided,204800,14195,12,62,4973,4973,10218,quiesced,true,0.0000
band7_depth12_s0,classical,656,oracle,25,116,1,33,557,557,20863,app_budget,false,104.1789
band7_depth12_s0,classical,656,oracle,50,116,1,33,557,557,20863,app_budget,false,104.1789
band7_depth12_s0,classical,656,oracle,100,116,1,33,557,557,20863,app_budget,false,104.1789
band7_depth12_s0,classical,656,oracle,200,341,2,33,571,571,20812,app_budget,false,103.6798
band7_depth12_s0,classical,656,oracle,400,405,3,33,578,578,20746,app_budget,false,103.0339
band7_depth12_s0,classical,656,oracle,800,834,4,33,795,795,20535,app_budget,false,100.9689
band7_depth12_s0,classical,656,oracle,1600,1636,5,33,1173,1173,20535,app_budget,false,100.9689
band7_depth12_s0,classical,656,oracle,3200,3647,6,33,2245,2245,20535,app_budget,false,100.9689
band7_depth12_s0,classical,656,oracle,6400,6881,7,33,3510,3510,20535,app_budget,false,100.9689
band7_depth12_s0,classical,656,oracle,12800,12903,9,33,4900,4900,10218,app_budget,false,0.0000
band7_depth12_s0,classical,656,oracle,25600,14218,12,33,4975,4975,10218,quiesced,false,0.0000
band7_depth12_s0,classical,656,oracle,51200,14218,12,33,4975,4975,10218,quiesced,true,0.0000
band7_depth12_s0,classical,656,oracle,102400,14218,12,33,4975,4975,10218,quiesced,true,0.0000
band7_depth12_s0,classical,656,oracle,204800,14218,12,33,4975,4975,10218,quiesced,true,0.0000
band7_depth12_s1,classical,124,unguided,25,26,1,62,111,111,2007276,app_budget,false,58747.1416
band7_depth12_s1,classical,124,unguided,50,68,2,62,111,111,2007276,app_budget,false,58747.1416
band7_depth12_s1,classical,124,unguided,100,110,3,62,111,111,2007276,app_budget,false,58747.1416
band7_depth12_s1,classical,124,unguided,200,207,4,62,154,154,3411,app_budget,false,0.0000
band7_depth12_s1,classical,124,unguided,400,407,6,62,167,167,3411,app_budget,false,0.0000
band7_depth12_s1,classical,124,unguided,800,543,7,62,167,167,3411,quiesced,false,0.0000
band7_depth12_s1,classical,124,unguided,1600,543,7,62,167,167,3411,quiesced,true,0.0000
band7_depth12_s1,classical,124,unguided,3200,543,7,62,167,167,3411,quiesced,true,0.0000
band7_depth12_s1,classical,124,unguided,6400,543,7,62,167,167,3411,quiesced,true,0.0000
band7_depth12_s1,classical,124,unguided,12800,543,7,62,167,167,3411,quiesced,true,0.0000
band7_depth12_s1,classical,124,unguided,25600,543,7,62,167,167,3411,quiesced,true,0.0000
band7_depth12_s1,classical,124,unguided,51200,543,7,62,167,167,3411,quiesced,true,0.0000
band7_depth12_s1,classical,124,unguided,102400,543,7,62,167,167,3411,quiesced,true,0.0000
band7_depth12_s1,classical,124,unguided,204800,543,7,62,167,167,3411,quiesced,true,0.0000
band7_depth12_s1,classical,124,oracle,25,26,1,17,111,111,2007276,app_budget,false,58747.1416
band7_depth12_s1,classical,124,oracle,50,68,2,17,111,111,2007276,app_budget,false,58747.1416
band7_depth12_s1,classical,124,oracle,100,110,3,17,111,111,2007276,app_budget,false,58747.1416
band7_depth12_s1,classical,124,oracle,200,207,4,17,154,154,3411,app_budget,false,0.0000
band7_depth12_s1,classical,124,oracle,400,406,6,17,167,167,3411,app_budget,false,0.0000
band7_depth12_s1,classical,124,oracle,800,540,7,17,167,167,3411,quiesced,false,0.0000
band7_depth12_s1,classical,124,oracle,1600,540,7,17,167,167,3411,quiesced,true,0.0000
band7_depth12_s1,classical,124,oracle,3200,540,7,17,167,167,3411,quiesced,true,0.0000
band7_depth12_s1,classical,124,oracle,6400,540,7,17,167,167,3411,quiesced,true,0.0000
band7_depth12_s1,classical,124,oracle,12800,540,7,17,167,167,3411,quiesced,true,0.0000
band7_depth12_s1,classical,124,oracle,25600,540,7,17,167,167,3411,quiesced,true,0.0000
band7_depth12_s1,classical,124,oracle,51200,540,7,17,167,167,3411,quiesced,true,0.0000
band7_depth12_s1,classical,124,oracle,102400,540,7,17,167,167,3411,quiesced,true,0.0000
band7_depth12_s1,classical,124,oracle,204800,540,7,17,167,167,3411,quiesced,true,0.0000
band7_depth12_s2,classical,735,unguided,25,26,1,62,535,535,2017386,app_budget,false,11596.3474
band7_depth12_s2,classical,735,unguided,50,68,2,62,540,540,2017322,app_budget,false,11595.9763
band7_depth12_s2,classical,735,unguided,100,121,3,62,547,547,2017264,app_budget,false,11595.6401
band7_depth12_s2,classical,735,unguided,200,270,4,62,642,642,17248,app_budget,false,0.0000
band7_depth12_s2,classical,735,unguided,400,525,5,62,642,642,17248,app_budget,false,0.0000
band7_depth12_s2,classical,735,unguided,800,829,6,62,691,691,2017248,app_budget,false,11595.5473
band7_depth12_s2,classical,735,unguided,1600,1842,8,62,1101,1101,2011847,app_budget,false,11564.2335
band7_depth12_s2,classical,735,unguided,3200,3267,10,62,1508,1508,2011681,app_budget,false,11563.2711
band7_depth12_s2,classical,735,unguided,6400,6750,12,62,2269,2269,2011681,app_budget,false,11563.2711
band7_depth12_s2,classical,735,unguided,12800,12875,14,62,2940,2940,2011681,app_budget,false,11563.2711
band7_depth12_s2,classical,735,unguided,25600,25606,17,62,3463,3463,2011681,app_budget,false,11563.2711
band7_depth12_s2,classical,735,unguided,51200,51283,22,62,3527,3527,2011681,app_budget,false,11563.2711
band7_depth12_s2,classical,735,unguided,102400,57086,23,62,3527,3527,2011681,quiesced,false,11563.2711
band7_depth12_s2,classical,735,unguided,204800,57086,23,62,3527,3527,2011681,quiesced,true,11563.2711
band7_depth12_s2,classical,735,oracle,25,26,1,33,535,535,2017386,app_budget,false,11596.3474
band7_depth12_s2,classical,735,oracle,50,68,2,33,540,540,2017322,app_budget,false,11595.9763
band7_depth12_s2,classical,735,oracle,100,121,3,33,547,547,2017264,app_budget,false,11595.6401
band7_depth12_s2,classical,735,oracle,200,270,4,33,642,642,17248,app_budget,false,0.0000
band7_depth12_s2,classical,735,oracle,400,525,5,33,642,642,17248,app_budget,false,0.0000
band7_depth12_s2,classical,735,oracle,800,829,6,33,691,691,2017248,app_budget,false,11595.5473
band7_depth12_s2,classical,735,oracle,1600,1840,8,33,1101,1101,2011847,app_budget,false,11564.2335
band7_depth12_s2,classical,735,oracle,3200,3256,10,33,1508,1508,2011681,app_budget,false,11563.2711
band7_depth12_s2,classical,735,oracle,6400,6729,12,33,2269,2269,2011681,app_budget,false,11563.2711
band7_depth12_s2,classical,735,oracle,12800,12838,14,33,2940,2940,2011681,app_budget,false,11563.2711
band7_depth12_s2,classical,735,oracle,25600,25741,17,33,3463,3463,2011681,app_budget,false,11563.2711
band7_depth12_s2,classical,735,oracle,51200,51227,22,33,3527,3527,2011681,app_budget,false,11563.2711
band7_depth12_s2,classical,735,oracle,102400,57020,23,33,3527,3527,2011681,quiesced,false,11563.2711
band7_depth12_s2,classical,735,oracle,204800,57020,23,33,3527,3527,2011681,quiesced,true,11563.2711
band7_depth12_s3,classical,346,unguided,25,57,1,62,291,291,9921,app_budget,false,36.2026
band7_depth12_s3,classical,346,unguided,50,57,1,62,291,291,9921,app_budget,false,36.2026
band7_depth12_s3,classical,346,unguided,100,171,2,62,298,298,9902,app_budget,false,35.9418
band7_depth12_s3,classical,346,unguided,200,303,3,62,301,301,9882,app_budget,false,35.6672
band7_depth12_s3,classical,346,unguided,400,436,4,62,302,302,9852,app_budget,false,35.2554
band7_depth12_s3,classical,346,unguided,800,824,6,62,409,409,7302,app_budget,false,0.2471
band7_depth12_s3,classical,346,unguided,1600,1716,8,62,742,742,7284,app_budget,false,0.0000
band7_depth12_s3,classical,346,unguided,3200,3208,9,62,1096,1096,7284,app_budget,false,0.0000
band7_depth12_s3,classical,346,unguided,6400,6418,10,62,1902,1902,7284,app_budget,false,0.0000
band7_depth12_s3,classical,346,unguided,12800,13130,12,62,2687,2687,1004626,app_budget,false,13692.2295
band7_depth12_s3,classical,346,unguided,25600,25732,15,62,3798,3798,1004626,app_budget,false,13692.2295
band7_depth12_s3,classical,346,unguided,51200,51249,24,62,4827,4827,1004626,app_budget,false,13692.2295
band7_depth12_s3,classical,346,unguided,102400,72427,34,62,4851,4851,1004626,quiesced,false,13692.2295
band7_depth12_s3,classical,346,unguided,204800,72427,34,62,4851,4851,1004626,quiesced,true,13692.2295
band7_depth12_s3,classical,346,oracle,25,57,1,35,291,291,9921,app_budget,false,36.2026
band7_depth12_s3,classical,346,oracle,50,57,1,35,291,291,9921,app_budget,false,36.2026
band7_depth12_s3,classical,346,oracle,100,171,2,35,298,298,9902,app_budget,false,35.9418
band7_depth12_s3,classical,346,oracle,200,303,3,35,301,301,9882,app_budget,false,35.6672
band7_depth12_s3,classical,346,oracle,400,436,4,35,302,302,9852,app_budget,false,35.2554
band7_depth12_s3,classical,346,oracle,800,824,6,35,409,409,7302,app_budget,false,0.2471
band7_depth12_s3,classical,346,oracle,1600,1716,8,35,742,742,7284,app_budget,false,0.0000
band7_depth12_s3,classical,346,oracle,3200,3208,9,35,1096,1096,7284,app_budget,false,0.0000
band7_depth12_s3,classical,346,oracle,6400,6418,10,35,1902,1902,7284,app_budget,false,0.0000
band7_depth12_s3,classical,346,oracle,12800,13130,12,35,2687,2687,1004626,app_budget,false,13692.2295
band7_depth12_s3,classical,346,oracle,25600,25730,15,35,3798,3798,1004626,app_budget,false,13692.2295
band7_depth12_s3,classical,346,oracle,51200,51215,24,35,4829,4829,1004626,app_budget,false,13692.2295
band7_depth12_s3,classical,346,oracle,102400,70070,33,35,4851,4851,1004626,quiesced,false,13692.2295
band7_depth12_s3,classical,346,oracle,204800,70070,33,35,4851,4851,1004626,quiesced,true,13692.2295
band7_depth12_s4,classical,309,unguided,25,57,1,62,284,284,20263,app_budget,false,81.8777
band7_depth12_s4,classical,309,unguided,50,57,1,62,284,284,20263,app_budget,false,81.8777
band7_depth12_s4,classical,309,unguided,100,166,2,62,290,290,20217,app_budget,false,81.4649
band7_depth12_s4,classical,309,unguided,200,291,3,62,296,296,20175,app_budget,false,81.0879
band7_depth12_s4,classical,309,unguided,400,429,4,62,298,298,20159,app_budget,false,80.9443
band7_depth12_s4,classical,309,unguided,800,886,6,62,483,483,12851,app_budget,false,15.3487
band7_depth12_s4,classical,309,unguided,1600,1790,8,62,794,794,11817,app_budget,false,6.0677
band7_depth12_s4,classical,309,unguided,3200,3238,9,62,1577,1577,11141,app_budget,false,0.0000
band7_depth12_s4,classical,309,unguided,6400,6720,10,62,3280,3280,11141,app_budget,false,0.0000
band7_depth12_s4,classical,309,unguided,12800,12891,12,62,4701,4701,11141,app_budget,false,0.0000
band7_depth12_s4,classical,309,unguided,25600,17668,15,62,4721,4721,11141,quiesced,false,0.0000
band7_depth12_s4,classical,309,unguided,51200,17668,15,62,4721,4721,11141,quiesced,true,0.0000
band7_depth12_s4,classical,309,unguided,102400,17668,15,62,4721,4721,11141,quiesced,true,0.0000
band7_depth12_s4,classical,309,unguided,204800,17668,15,62,4721,4721,11141,quiesced,true,0.0000
band7_depth12_s4,classical,309,oracle,25,57,1,24,284,284,20263,app_budget,false,81.8777
band7_depth12_s4,classical,309,oracle,50,57,1,24,284,284,20263,app_budget,false,81.8777
band7_depth12_s4,classical,309,oracle,100,166,2,24,290,290,20217,app_budget,false,81.4649
band7_depth12_s4,classical,309,oracle,200,291,3,24,296,296,20175,app_budget,false,81.0879
band7_depth12_s4,classical,309,oracle,400,429,4,24,298,298,20159,app_budget,false,80.9443
band7_depth12_s4,classical,309,oracle,800,885,6,24,483,483,12851,app_budget,false,15.3487
band7_depth12_s4,classical,309,oracle,1600,1784,8,24,794,794,11817,app_budget,false,6.0677
band7_depth12_s4,classical,309,oracle,3200,3224,9,24,1577,1577,11141,app_budget,false,0.0000
band7_depth12_s4,classical,309,oracle,6400,6689,10,24,3280,3280,11141,app_budget,false,0.0000
band7_depth12_s4,classical,309,oracle,12800,12812,12,24,4701,4701,11141,app_budget,false,0.0000
band7_depth12_s4,classical,309,oracle,25600,17511,15,24,4721,4721,11141,quiesced,false,0.0000
band7_depth12_s4,classical,309,oracle,51200,17511,15,24,4721,4721,11141,quiesced,true,0.0000
band7_depth12_s4,classical,309,oracle,102400,17511,15,24,4721,4721,11141,quiesced,true,0.0000
band7_depth12_s4,classical,309,oracle,204800,17511,15,24,4721,4721,11141,quiesced,true,0.0000
band7_depth12_s5,classical,455,unguided,25,95,1,62,433,433,31776,app_budget,false,142.2505
band7_depth12_s5,classical,455,unguided,50,95,1,62,433,433,31776,app_budget,false,142.2505
band7_depth12_s5,classical,455,unguided,100,101,2,62,433,433,31776,app_budget,false,142.2505
band7_depth12_s5,classical,455,unguided,200,282,3,62,444,444,31735,app_budget,false,141.9379
band7_depth12_s5,classical,455,unguided,400,493,4,62,449,449,31691,app_budget,false,141.6025
band7_depth12_s5,classical,455,unguided,800,802,5,62,578,578,24889,app_budget,false,89.7461
band7_depth12_s5,classical,455,unguided,1600,1851,6,62,1224,1224,13227,app_budget,false,0.8386
band7_depth12_s5,classical,455,unguided,3200,3319,7,62,1812,1812,13185,app_budget,false,0.5184
band7_depth12_s5,classical,455,unguided,6400,6418,8,62,2895,2895,13185,app_budget,false,0.5184
band7_depth12_s5,classical,455,unguided,12800,12883,10,62,4267,4267,1011303,app_budget,false,7609.8651
band7_depth12_s5,classical,455,unguided,25600,24125,15,62,4677,4677,13117,quiesced,false,0.0000
band7_depth12_s5,classical,455,unguided,51200,24125,15,62,4677,4677,13117,quiesced,true,0.0000
band7_depth12_s5,classical,455,unguided,102400,24125,15,62,4677,4677,13117,quiesced,true,0.0000
band7_depth12_s5,classical,455,unguided,204800,24125,15,62,4677,4677,13117,quiesced,true,0.0000
band7_depth12_s5,classical,455,oracle,25,95,1,29,433,433,31776,app_budget,false,142.2505
band7_depth12_s5,classical,455,oracle,50,95,1,29,433,433,31776,app_budget,false,142.2505
band7_depth12_s5,classical,455,oracle,100,101,2,29,433,433,31776,app_budget,false,142.2505
band7_depth12_s5,classical,455,oracle,200,282,3,29,444,444,31735,app_budget,false,141.9379
band7_depth12_s5,classical,455,oracle,400,493,4,29,449,449,31691,app_budget,false,141.6025
band7_depth12_s5,classical,455,oracle,800,802,5,29,578,578,24889,app_budget,false,89.7461
band7_depth12_s5,classical,455,oracle,1600,1851,6,29,1224,1224,13227,app_budget,false,0.8386
band7_depth12_s5,classical,455,oracle,3200,3319,7,29,1812,1812,13185,app_budget,false,0.5184
band7_depth12_s5,classical,455,oracle,6400,6418,8,29,2895,2895,13185,app_budget,false,0.5184
band7_depth12_s5,classical,455,oracle,12800,12882,10,29,4267,4267,1011303,app_budget,false,7609.8651
band7_depth12_s5,classical,455,oracle,25600,24114,15,29,4677,4677,13117,quiesced,false,0.0000
band7_depth12_s5,classical,455,oracle,51200,24114,15,29,4677,4677,13117,quiesced,true,0.0000
band7_depth12_s5,classical,455,oracle,102400,24114,15,29,4677,4677,13117,quiesced,true,0.0000
band7_depth12_s5,classical,455,oracle,204800,24114,15,29,4677,4677,13117,quiesced,true,0.0000
band7_depth12_s6,classical,689,unguided,25,111,1,62,565,565,25663,app_budget,false,73.8686
band7_depth12_s6,classical,689,unguided,50,111,1,62,565,565,25663,app_budget,false,73.8686
band7_depth12_s6,classical,689,unguided,100,111,1,62,565,565,25663,app_budget,false,73.8686
band7_depth12_s6,classical,689,unguided,200,321,2,62,569,569,25630,app_budget,false,73.6450
band7_depth12_s6,classical,689,unguided,400,539,3,62,572,572,25602,app_budget,false,73.4553
band7_depth12_s6,classical,689,unguided,800,802,4,62,614,614,25594,app_budget,false,73.4011
band7_depth12_s6,classical,689,unguided,1600,1903,6,62,1211,1211,14770,app_budget,false,0.0678
band7_depth12_s6,classical,689,unguided,3200,3228,7,62,1625,1625,14767,app_budget,false,0.0474
band7_depth12_s6,classical,689,unguided,6400,6973,8,62,3104,3104,14764,app_budget,false,0.0271
band7_depth12_s6,classical,689,unguided,12800,13011,10,62,3979,3979,14760,app_budget,false,0.0000
band7_depth12_s6,classical,689,unguided,25600,24811,14,62,4586,4586,14760,quiesced,false,0.0000
band7_depth12_s6,classical,689,unguided,51200,24811,14,62,4586,4586,14760,quiesced,true,0.0000
band7_depth12_s6,classical,689,unguided,102400,24811,14,62,4586,4586,14760,quiesced,true,0.0000
band7_depth12_s6,classical,689,unguided,204800,24811,14,62,4586,4586,14760,quiesced,true,0.0000
band7_depth12_s6,classical,689,oracle,25,111,1,30,565,565,25663,app_budget,false,73.8686
band7_depth12_s6,classical,689,oracle,50,111,1,30,565,565,25663,app_budget,false,73.8686
band7_depth12_s6,classical,689,oracle,100,111,1,30,565,565,25663,app_budget,false,73.8686
band7_depth12_s6,classical,689,oracle,200,321,2,30,569,569,25630,app_budget,false,73.6450
band7_depth12_s6,classical,689,oracle,400,539,3,30,572,572,25602,app_budget,false,73.4553
band7_depth12_s6,classical,689,oracle,800,802,4,30,614,614,25594,app_budget,false,73.4011
band7_depth12_s6,classical,689,oracle,1600,1901,6,30,1211,1211,14770,app_budget,false,0.0678
band7_depth12_s6,classical,689,oracle,3200,3217,7,30,1625,1625,14767,app_budget,false,0.0474
band7_depth12_s6,classical,689,oracle,6400,6932,8,30,3104,3104,14764,app_budget,false,0.0271
band7_depth12_s6,classical,689,oracle,12800,12929,10,30,3979,3979,14760,app_budget,false,0.0000
band7_depth12_s6,classical,689,oracle,25600,24557,14,30,4586,4586,14760,quiesced,false,0.0000
band7_depth12_s6,classical,689,oracle,51200,24557,14,30,4586,4586,14760,quiesced,true,0.0000
band7_depth12_s6,classical,689,oracle,102400,24557,14,30,4586,4586,14760,quiesced,true,0.0000
band7_depth12_s6,classical,689,oracle,204800,24557,14,30,4586,4586,14760,quiesced,true,0.0000
band7_depth12_s7,classical,116,unguided,25,28,1,62,107,107,1002714,app_budget,false,62884.5477
band7_depth12_s7,classical,116,unguided,50,52,2,62,108,108,1002696,app_budget,false,62883.4171
band7_depth12_s7,classical,116,unguided,100,100,3,62,108,108,1002696,app_budget,false,62883.4171
band7_depth12_s7,classical,116,unguided,200,200,4,62,151,151,1592,app_budget,false,0.0000
band7_depth12_s7,classical,116,unguided,400,400,6,62,166,166,1592,app_budget,false,0.0000
band7_depth12_s7,classical,116,unguided,800,707,8,62,167,167,1592,quiesced,false,0.0000
band7_depth12_s7,classical,116,unguided,1600,707,8,62,167,167,1592,quiesced,true,0.0000
band7_depth12_s7,classical,116,unguided,3200,707,8,62,167,167,1592,quiesced,true,0.0000
band7_depth12_s7,classical,116,unguided,6400,707,8,62,167,167,1592,quiesced,true,0.0000
band7_depth12_s7,classical,116,unguided,12800,707,8,62,167,167,1592,quiesced,true,0.0000
band7_depth12_s7,classical,116,unguided,25600,707,8,62,167,167,1592,quiesced,true,0.0000
band7_depth12_s7,classical,116,unguided,51200,707,8,62,167,167,1592,quiesced,true,0.0000
band7_depth12_s7,classical,116,unguided,102400,707,8,62,167,167,1592,quiesced,true,0.0000
band7_depth12_s7,classical,116,unguided,204800,707,8,62,167,167,1592,quiesced,true,0.0000
band7_depth12_s7,classical,116,oracle,25,28,1,18,107,107,1002714,app_budget,false,62884.5477
band7_depth12_s7,classical,116,oracle,50,52,2,18,108,108,1002696,app_budget,false,62883.4171
band7_depth12_s7,classical,116,oracle,100,100,3,18,108,108,1002696,app_budget,false,62883.4171
band7_depth12_s7,classical,116,oracle,200,217,5,18,151,151,1592,app_budget,false,0.0000
band7_depth12_s7,classical,116,oracle,400,415,7,18,166,166,1592,app_budget,false,0.0000
band7_depth12_s7,classical,116,oracle,800,718,9,18,167,167,1592,quiesced,false,0.0000
band7_depth12_s7,classical,116,oracle,1600,718,9,18,167,167,1592,quiesced,true,0.0000
band7_depth12_s7,classical,116,oracle,3200,718,9,18,167,167,1592,quiesced,true,0.0000
band7_depth12_s7,classical,116,oracle,6400,718,9,18,167,167,1592,quiesced,true,0.0000
band7_depth12_s7,classical,116,oracle,12800,718,9,18,167,167,1592,quiesced,true,0.0000
band7_depth12_s7,classical,116,oracle,25600,718,9,18,167,167,1592,quiesced,true,0.0000
band7_depth12_s7,classical,116,oracle,51200,718,9,18,167,167,1592,quiesced,true,0.0000
band7_depth12_s7,classical,116,oracle,102400,718,9,18,167,167,1592,quiesced,true,0.0000
band7_depth12_s7,classical,116,oracle,204800,718,9,18,167,167,1592,quiesced,true,0.0000
band7_depth12_s8,classical,80,unguided,25,28,1,62,87,87,1434,app_budget,false,17.5410
band7_depth12_s8,classical,80,unguided,50,52,2,62,87,87,1434,app_budget,false,17.5410
band7_depth12_s8,classical,80,unguided,100,102,3,62,87,87,1434,app_budget,false,17.5410
band7_depth12_s8,classical,80,unguided,200,206,5,62,131,131,1220,app_budget,false,0.0000
band7_depth12_s8,classical,80,unguided,400,421,7,62,174,174,1220,app_budget,false,0.0000
band7_depth12_s8,classical,80,unguided,800,832,9,62,183,183,1220,app_budget,false,0.0000
band7_depth12_s8,classical,80,unguided,1600,1044,10,62,183,183,1220,quiesced,false,0.0000
band7_depth12_s8,classical,80,unguided,3200,1044,10,62,183,183,1220,quiesced,true,0.0000
band7_depth12_s8,classical,80,unguided,6400,1044,10,62,183,183,1220,quiesced,true,0.0000
band7_depth12_s8,classical,80,unguided,12800,1044,10,62,183,183,1220,quiesced,true,0.0000
band7_depth12_s8,classical,80,unguided,25600,1044,10,62,183,183,1220,quiesced,true,0.0000
band7_depth12_s8,classical,80,unguided,51200,1044,10,62,183,183,1220,quiesced,true,0.0000
band7_depth12_s8,classical,80,unguided,102400,1044,10,62,183,183,1220,quiesced,true,0.0000
band7_depth12_s8,classical,80,unguided,204800,1044,10,62,183,183,1220,quiesced,true,0.0000
band7_depth12_s8,classical,80,oracle,25,28,1,16,87,87,1434,app_budget,false,17.5410
band7_depth12_s8,classical,80,oracle,50,52,2,16,87,87,1434,app_budget,false,17.5410
band7_depth12_s8,classical,80,oracle,100,102,3,16,87,87,1434,app_budget,false,17.5410
band7_depth12_s8,classical,80,oracle,200,206,5,16,131,131,1220,app_budget,false,0.0000
band7_depth12_s8,classical,80,oracle,400,421,7,16,174,174,1220,app_budget,false,0.0000
band7_depth12_s8,classical,80,oracle,800,832,9,16,183,183,1220,app_budget,false,0.0000
band7_depth12_s8,classical,80,oracle,1600,1044,10,16,183,183,1220,quiesced,false,0.0000
band7_depth12_s8,classical,80,oracle,3200,1044,10,16,183,183,1220,quiesced,true,0.0000
band7_depth12_s8,classical,80,oracle,6400,1044,10,16,183,183,1220,quiesced,true,0.0000
band7_depth12_s8,classical,80,oracle,12800,1044,10,16,183,183,1220,quiesced,true,0.0000
band7_depth12_s8,classical,80,oracle,25600,1044,10,16,183,183,1220,quiesced,true,0.0000
band7_depth12_s8,classical,80,oracle,51200,1044,10,16,183,183,1220,quiesced,true,0.0000
band7_depth12_s8,classical,80,oracle,102400,1044,10,16,183,183,1220,quiesced,true,0.0000
band7_depth12_s8,classical,80,oracle,204800,1044,10,16,183,183,1220,quiesced,true,0.0000
band7_depth12_s9,classical,381,unguided,25,69,1,62,357,357,18141,app_budget,false,34.4874
band7_depth12_s9,classical,381,unguided,50,69,1,62,357,357,18141,app_budget,false,34.4874
band7_depth12_s9,classical,381,unguided,100,202,2,62,365,365,18084,app_budget,false,34.0648
band7_depth12_s9,classical,381,unguided,200,202,2,62,365,365,18084,app_budget,false,34.0648
band7_depth12_s9,classical,381,unguided,400,404,3,62,428,428,18060,app_budget,false,33.8869
band7_depth12_s9,classical,381,unguided,800,913,4,62,687,687,13609,app_budget,false,0.8896
band7_depth12_s9,classical,381,unguided,1600,1602,5,62,889,889,13549,app_budget,false,0.4448
band7_depth12_s9,classical,381,unguided,3200,3430,7,62,1166,1166,13489,app_budget,false,0.0000
band7_depth12_s9,classical,381,unguided,6400,6428,9,62,1238,1238,13489,app_budget,false,0.0000
band7_depth12_s9,classical,381,unguided,12800,12830,12,62,2594,2594,13489,app_budget,false,0.0000
band7_depth12_s9,classical,381,unguided,25600,22663,17,62,4986,4986,13489,quiesced,false,0.0000
band7_depth12_s9,classical,381,unguided,51200,22663,17,62,4986,4986,13489,quiesced,true,0.0000
band7_depth12_s9,classical,381,unguided,102400,22663,17,62,4986,4986,13489,quiesced,true,0.0000
band7_depth12_s9,classical,381,unguided,204800,22663,17,62,4986,4986,13489,quiesced,true,0.0000
band7_depth12_s9,classical,381,oracle,25,69,1,33,357,357,18141,app_budget,false,34.4874
band7_depth12_s9,classical,381,oracle,50,69,1,33,357,357,18141,app_budget,false,34.4874
band7_depth12_s9,classical,381,oracle,100,202,2,33,365,365,18084,app_budget,false,34.0648
band7_depth12_s9,classical,381,oracle,200,202,2,33,365,365,18084,app_budget,false,34.0648
band7_depth12_s9,classical,381,oracle,400,404,3,33,428,428,18060,app_budget,false,33.8869
band7_depth12_s9,classical,381,oracle,800,913,4,33,687,687,13609,app_budget,false,0.8896
band7_depth12_s9,classical,381,oracle,1600,1602,5,33,889,889,13549,app_budget,false,0.4448
band7_depth12_s9,classical,381,oracle,3200,3430,7,33,1166,1166,13489,app_budget,false,0.0000
band7_depth12_s9,classical,381,oracle,6400,6428,9,33,1238,1238,13489,app_budget,false,0.0000
band7_depth12_s9,classical,381,oracle,12800,12827,12,33,2594,2594,13489,app_budget,false,0.0000
band7_depth12_s9,classical,381,oracle,25600,22655,17,33,4986,4986,13489,quiesced,false,0.0000
band7_depth12_s9,classical,381,oracle,51200,22655,17,33,4986,4986,13489,quiesced,true,0.0000
band7_depth12_s9,classical,381,oracle,102400,22655,17,33,4986,4986,13489,quiesced,true,0.0000
band7_depth12_s9,classical,381,oracle,204800,22655,17,33,4986,4986,13489,quiesced,true,0.0000
band7_depth12_s10,classical,231,unguided,25,52,1,62,228,228,8470,app_budget,false,72.1545
band7_depth12_s10,classical,231,unguided,50,52,1,62,228,228,8470,app_budget,false,72.1545
band7_depth12_s10,classical,231,unguided,100,152,2,62,231,231,8464,app_budget,false,72.0325
band7_depth12_s10,classical,231,unguided,200,259,3,62,234,234,8457,app_budget,false,71.8902
band7_depth12_s10,classical,231,unguided,400,403,4,62,272,272,8453,app_budget,false,71.8089
band7_depth12_s10,classical,231,unguided,800,867,6,62,410,410,6166,app_budget,false,25.3252
band7_depth12_s10,classical,231,unguided,1600,1628,8,62,463,463,4920,app_budget,false,0.0000
band7_depth12_s10,classical,231,unguided,3200,2693,10,62,468,468,4920,quiesced,false,0.0000
band7_depth12_s10,classical,231,unguided,6400,2693,10,62,468,468,4920,quiesced,true,0.0000
band7_depth12_s10,classical,231,unguided,12800,2693,10,62,468,468,4920,quiesced,true,0.0000
band7_depth12_s10,classical,231,unguided,25600,2693,10,62,468,468,4920,quiesced,true,0.0000
band7_depth12_s10,classical,231,unguided,51200,2693,10,62,468,468,4920,quiesced,true,0.0000
band7_depth12_s10,classical,231,unguided,102400,2693,10,62,468,468,4920,quiesced,true,0.0000
band7_depth12_s10,classical,231,unguided,204800,2693,10,62,468,468,4920,quiesced,true,0.0000
band7_depth12_s10,classical,231,oracle,25,52,1,24,228,228,8470,app_budget,false,72.1545
band7_depth12_s10,classical,231,oracle,50,52,1,24,228,228,8470,app_budget,false,72.1545
band7_depth12_s10,classical,231,oracle,100,152,2,24,231,231,8464,app_budget,false,72.0325
band7_depth12_s10,classical,231,oracle,200,259,3,24,234,234,8457,app_budget,false,71.8902
band7_depth12_s10,classical,231,oracle,400,403,4,24,272,272,8453,app_budget,false,71.8089
band7_depth12_s10,classical,231,oracle,800,865,6,24,410,410,6166,app_budget,false,25.3252
band7_depth12_s10,classical,231,oracle,1600,1620,8,24,463,463,4920,app_budget,false,0.0000
band7_depth12_s10,classical,231,oracle,3200,2675,10,24,468,468,4920,quiesced,false,0.0000
band7_depth12_s10,classical,231,oracle,6400,2675,10,24,468,468,4920,quiesced,true,0.0000
band7_depth12_s10,classical,231,oracle,12800,2675,10,24,468,468,4920,quiesced,true,0.0000
band7_depth12_s10,classical,231,oracle,25600,2675,10,24,468,468,4920,quiesced,true,0.0000
band7_depth12_s10,classical,231,oracle,51200,2675,10,24,468,468,4920,quiesced,true,0.0000
band7_depth12_s10,classical,231,oracle,102400,2675,10,24,468,468,4920,quiesced,true,0.0000
band7_depth12_s10,classical,231,oracle,204800,2675,10,24,468,468,4920,quiesced,true,0.0000
band7_depth12_s11,classical,458,unguided,25,88,1,62,414,414,6018984,app_budget,false,58076.9186
band7_depth12_s11,classical,458,unguided,50,88,1,62,414,414,6018984,app_budget,false,58076.9186
band7_depth12_s11,classical,458,unguided,100,110,2,62,414,414,6018960,app_budget,false,58076.6866
band7_depth12_s11,classical,458,unguided,200,284,3,62,417,417,6018928,app_budget,false,58076.3773
band7_depth12_s11,classical,458,unguided,400,458,4,62,417,417,6018928,app_budget,false,58076.3773
band7_depth12_s11,classical,458,unguided,800,832,5,62,674,674,14641,app_budget,false,41.5136
band7_depth12_s11,classical,458,unguided,1600,1669,6,62,1218,1218,3014045,app_budget,false,29032.4667
band7_depth12_s11,classical,458,unguided,3200,3278,7,62,1845,1845,3014045,app_budget,false,29032.4667
band7_depth12_s11,classical,458,unguided,6400,6541,8,62,3191,3191,3014045,app_budget,false,29032.4667
band7_depth12_s11,classical,458,unguided,12800,12806,12,62,4957,4957,10346,app_budget,false,0.0000
band7_depth12_s11,classical,458,unguided,25600,13296,13,62,4957,4957,10346,quiesced,false,0.0000
band7_depth12_s11,classical,458,unguided,51200,13296,13,62,4957,4957,10346,quiesced,true,0.0000
band7_depth12_s11,classical,458,unguided,102400,13296,13,62,4957,4957,10346,quiesced,true,0.0000
band7_depth12_s11,classical,458,unguided,204800,13296,13,62,4957,4957,10346,quiesced,true,0.0000
band7_depth12_s11,classical,458,oracle,25,88,1,30,414,414,6018984,app_budget,false,58076.9186
band7_depth12_s11,classical,458,oracle,50,88,1,30,414,414,6018984,app_budget,false,58076.9186
band7_depth12_s11,classical,458,oracle,100,110,2,30,414,414,6018960,app_budget,false,58076.6866
band7_depth12_s11,classical,458,oracle,200,284,3,30,417,417,6018928,app_budget,false,58076.3773
band7_depth12_s11,classical,458,oracle,400,458,4,30,417,417,6018928,app_budget,false,58076.3773
band7_depth12_s11,classical,458,oracle,800,832,5,30,674,674,14641,app_budget,false,41.5136
band7_depth12_s11,classical,458,oracle,1600,1669,6,30,1218,1218,3014045,app_budget,false,29032.4667
band7_depth12_s11,classical,458,oracle,3200,3278,7,30,1845,1845,3014045,app_budget,false,29032.4667
band7_depth12_s11,classical,458,oracle,6400,6541,8,30,3191,3191,3014045,app_budget,false,29032.4667
band7_depth12_s11,classical,458,oracle,12800,12813,12,30,4957,4957,10346,app_budget,false,0.0000
band7_depth12_s11,classical,458,oracle,25600,13300,13,30,4957,4957,10346,quiesced,false,0.0000
band7_depth12_s11,classical,458,oracle,51200,13300,13,30,4957,4957,10346,quiesced,true,0.0000
band7_depth12_s11,classical,458,oracle,102400,13300,13,30,4957,4957,10346,quiesced,true,0.0000
band7_depth12_s11,classical,458,oracle,204800,13300,13,30,4957,4957,10346,quiesced,true,0.0000
band7_depth12_s12,classical,87,unguided,25,33,1,62,101,101,2652,app_budget,false,160.2552
band7_depth12_s12,classical,87,unguided,50,66,2,62,103,103,2649,app_budget,false,159.9607
band7_depth12_s12,classical,87,unguided,100,105,3,62,104,104,2645,app_budget,false,159.5682
band7_depth12_s12,classical,87,unguided,200,201,5,62,120,120,1019,app_budget,false,0.0000
band7_depth12_s12,classical,87,unguided,400,288,6,62,120,120,1019,quiesced,false,0.0000
band7_depth12_s12,classical,87,unguided,800,288,6,62,120,120,1019,quiesced,true,0.0000
band7_depth12_s12,classical,87,unguided,1600,288,6,62,120,120,1019,quiesced,true,0.0000
band7_depth12_s12,classical,87,unguided,3200,288,6,62,120,120,1019,quiesced,true,0.0000
band7_depth12_s12,classical,87,unguided,6400,288,6,62,120,120,1019,quiesced,true,0.0000
band7_depth12_s12,classical,87,unguided,12800,288,6,62,120,120,1019,quiesced,true,0.0000
band7_depth12_s12,classical,87,unguided,25600,288,6,62,120,120,1019,quiesced,true,0.0000
band7_depth12_s12,classical,87,unguided,51200,288,6,62,120,120,1019,quiesced,true,0.0000
band7_depth12_s12,classical,87,unguided,102400,288,6,62,120,120,1019,quiesced,true,0.0000
band7_depth12_s12,classical,87,unguided,204800,288,6,62,120,120,1019,quiesced,true,0.0000
band7_depth12_s12,classical,87,oracle,25,33,1,12,101,101,2652,app_budget,false,160.2552
band7_depth12_s12,classical,87,oracle,50,66,2,12,103,103,2649,app_budget,false,159.9607
band7_depth12_s12,classical,87,oracle,100,105,3,12,104,104,2645,app_budget,false,159.5682
band7_depth12_s12,classical,87,oracle,200,201,5,12,120,120,1019,app_budget,false,0.0000
band7_depth12_s12,classical,87,oracle,400,288,6,12,120,120,1019,quiesced,false,0.0000
band7_depth12_s12,classical,87,oracle,800,288,6,12,120,120,1019,quiesced,true,0.0000
band7_depth12_s12,classical,87,oracle,1600,288,6,12,120,120,1019,quiesced,true,0.0000
band7_depth12_s12,classical,87,oracle,3200,288,6,12,120,120,1019,quiesced,true,0.0000
band7_depth12_s12,classical,87,oracle,6400,288,6,12,120,120,1019,quiesced,true,0.0000
band7_depth12_s12,classical,87,oracle,12800,288,6,12,120,120,1019,quiesced,true,0.0000
band7_depth12_s12,classical,87,oracle,25600,288,6,12,120,120,1019,quiesced,true,0.0000
band7_depth12_s12,classical,87,oracle,51200,288,6,12,120,120,1019,quiesced,true,0.0000
band7_depth12_s12,classical,87,oracle,102400,288,6,12,120,120,1019,quiesced,true,0.0000
band7_depth12_s12,classical,87,oracle,204800,288,6,12,120,120,1019,quiesced,true,0.0000
band7_depth12_s13,classical,87,unguided,25,26,1,62,88,88,7723,app_budget,false,12.3999
band7_depth12_s13,classical,87,unguided,50,56,2,62,89,89,7675,app_budget,false,11.7014
band7_depth12_s13,classical,87,unguided,100,110,3,62,89,89,7675,app_budget,false,11.7014
band7_depth12_s13,classical,87,unguided,200,202,4,62,143,143,6871,app_budget,false,0.0000
band7_depth12_s13,classical,87,unguided,400,431,5,62,211,211,6871,app_budget,false,0.0000
band7_depth12_s13,classical,87,unguided,800,817,6,62,288,288,6871,app_budget,false,0.0000
band7_depth12_s13,classical,87,unguided,1600,1643,7,62,447,447,1000009,app_budget,false,14454.0533
band7_depth12_s13,classical,87,unguided,3200,3269,8,62,748,748,1000006,app_budget,false,14454.0096
band7_depth12_s13,classical,87,unguided,6400,6426,10,62,1127,1127,1000006,app_budget,false,14454.0096
band7_depth12_s13,classical,87,unguided,12800,13677,12,62,1722,1722,1000006,app_budget,false,14454.0096
band7_depth12_s13,classical,87,unguided,25600,25612,15,62,2524,2524,1000006,app_budget,false,14454.0096
band7_depth12_s13,classical,87,unguided,51200,51630,20,62,4512,4512,1000006,app_budget,false,14454.0096
band7_depth12_s13,classical,87,unguided,102400,58670,22,62,4552,4552,1000006,quiesced,false,14454.0096
band7_depth12_s13,classical,87,unguided,204800,58670,22,62,4552,4552,1000006,quiesced,true,14454.0096
band7_depth12_s13,classical,87,oracle,25,26,1,21,88,88,7723,app_budget,false,12.3999
band7_depth12_s13,classical,87,oracle,50,56,2,21,89,89,7675,app_budget,false,11.7014
band7_depth12_s13,classical,87,oracle,100,110,3,21,89,89,7675,app_budget,false,11.7014
band7_depth12_s13,classical,87,oracle,200,202,4,21,143,143,6871,app_budget,false,0.0000
band7_depth12_s13,classical,87,oracle,400,431,5,21,211,211,6871,app_budget,false,0.0000
band7_depth12_s13,classical,87,oracle,800,817,6,21,288,288,6871,app_budget,false,0.0000
band7_depth12_s13,classical,87,oracle,1600,1643,7,21,447,447,1000009,app_budget,false,14454.0533
band7_depth12_s13,classical,87,oracle,3200,3269,8,21,748,748,1000006,app_budget,false,14454.0096
band7_depth12_s13,classical,87,oracle,6400,6426,10,21,1127,1127,1000006,app_budget,false,14454.0096
band7_depth12_s13,classical,87,oracle,12800,13677,12,21,1722,1722,1000006,app_budget,false,14454.0096
band7_depth12_s13,classical,87,oracle,25600,25612,15,21,2524,2524,1000006,app_budget,false,14454.0096
band7_depth12_s13,classical,87,oracle,51200,51630,20,21,4512,4512,1000006,app_budget,false,14454.0096
band7_depth12_s13,classical,87,oracle,102400,58670,22,21,4552,4552,1000006,quiesced,false,14454.0096
band7_depth12_s13,classical,87,oracle,204800,58670,22,21,4552,4552,1000006,quiesced,true,14454.0096
band7_depth12_s14,classical,78,unguided,25,25,1,62,87,87,1837,app_budget,false,43.6278
band7_depth12_s14,classical,78,unguided,50,60,2,62,87,87,1837,app_budget,false,43.6278
band7_depth12_s14,classical,78,unguided,100,105,3,62,87,87,1837,app_budget,false,43.6278
band7_depth12_s14,classical,78,unguided,200,205,5,62,133,133,1279,app_budget,false,0.0000
band7_depth12_s14,classical,78,unguided,400,432,7,62,171,171,1279,app_budget,false,0.0000
band7_depth12_s14,classical,78,unguided,800,629,8,62,171,171,1279,quiesced,false,0.0000
band7_depth12_s14,classical,78,unguided,1600,629,8,62,171,171,1279,quiesced,true,0.0000
band7_depth12_s14,classical,78,unguided,3200,629,8,62,171,171,1279,quiesced,true,0.0000
band7_depth12_s14,classical,78,unguided,6400,629,8,62,171,171,1279,quiesced,true,0.0000
band7_depth12_s14,classical,78,unguided,12800,629,8,62,171,171,1279,quiesced,true,0.0000
band7_depth12_s14,classical,78,unguided,25600,629,8,62,171,171,1279,quiesced,true,0.0000
band7_depth12_s14,classical,78,unguided,51200,629,8,62,171,171,1279,quiesced,true,0.0000
band7_depth12_s14,classical,78,unguided,102400,629,8,62,171,171,1279,quiesced,true,0.0000
band7_depth12_s14,classical,78,unguided,204800,629,8,62,171,171,1279,quiesced,true,0.0000
band7_depth12_s14,classical,78,oracle,25,25,1,15,87,87,1837,app_budget,false,43.6278
band7_depth12_s14,classical,78,oracle,50,60,2,15,87,87,1837,app_budget,false,43.6278
band7_depth12_s14,classical,78,oracle,100,105,3,15,87,87,1837,app_budget,false,43.6278
band7_depth12_s14,classical,78,oracle,200,205,5,15,133,133,1279,app_budget,false,0.0000
band7_depth12_s14,classical,78,oracle,400,430,7,15,171,171,1279,app_budget,false,0.0000
band7_depth12_s14,classical,78,oracle,800,625,8,15,171,171,1279,quiesced,false,0.0000
band7_depth12_s14,classical,78,oracle,1600,625,8,15,171,171,1279,quiesced,true,0.0000
band7_depth12_s14,classical,78,oracle,3200,625,8,15,171,171,1279,quiesced,true,0.0000
band7_depth12_s14,classical,78,oracle,6400,625,8,15,171,171,1279,quiesced,true,0.0000
band7_depth12_s14,classical,78,oracle,12800,625,8,15,171,171,1279,quiesced,true,0.0000
band7_depth12_s14,classical,78,oracle,25600,625,8,15,171,171,1279,quiesced,true,0.0000
band7_depth12_s14,classical,78,oracle,51200,625,8,15,171,171,1279,quiesced,true,0.0000
band7_depth12_s14,classical,78,oracle,102400,625,8,15,171,171,1279,quiesced,true,0.0000
band7_depth12_s14,classical,78,oracle,204800,625,8,15,171,171,1279,quiesced,true,0.0000
band7_depth12_s15,classical,245,unguided,25,54,1,62,244,244,6166,app_budget,false,86.4530
band7_depth12_s15,classical,245,unguided,50,54,1,62,244,244,6166,app_budget,false,86.4530
band7_depth12_s15,classical,245,unguided,100,160,2,62,253,253,6132,app_budget,false,85.4249
band7_depth12_s15,classical,245,unguided,200,208,3,62,259,259,6037,app_budget,false,82.5522
band7_depth12_s15,classical,245,unguided,400,402,4,62,341,341,5179,app_budget,false,56.6072
band7_depth12_s15,classical,245,unguided,800,825,5,62,510,510,5137,app_budget,false,55.3372
band7_depth12_s15,classical,245,unguided,1600,1670,6,62,880,880,5131,app_budget,false,55.1557
band7_depth12_s15,classical,245,unguided,3200,3214,7,62,1535,1535,5120,app_budget,false,54.8231
band7_depth12_s15,classical,245,unguided,6400,6924,8,62,2634,2634,5116,app_budget,false,54.7021
band7_depth12_s15,classical,245,unguided,12800,13687,9,62,4487,4487,3375,app_budget,false,2.0562
band7_depth12_s15,classical,245,unguided,25600,23403,15,62,4837,4837,3307,quiesced,false,0.0000
band7_depth12_s15,classical,245,unguided,51200,23403,15,62,4837,4837,3307,quiesced,true,0.0000
band7_depth12_s15,classical,245,unguided,102400,23403,15,62,4837,4837,3307,quiesced,true,0.0000
band7_depth12_s15,classical,245,unguided,204800,23403,15,62,4837,4837,3307,quiesced,true,0.0000
band7_depth12_s15,classical,245,oracle,25,54,1,27,244,244,6166,app_budget,false,86.4530
band7_depth12_s15,classical,245,oracle,50,54,1,27,244,244,6166,app_budget,false,86.4530
band7_depth12_s15,classical,245,oracle,100,160,2,27,253,253,6132,app_budget,false,85.4249
band7_depth12_s15,classical,245,oracle,200,208,3,27,259,259,6037,app_budget,false,82.5522
band7_depth12_s15,classical,245,oracle,400,402,4,27,341,341,5179,app_budget,false,56.6072
band7_depth12_s15,classical,245,oracle,800,825,5,27,510,510,5137,app_budget,false,55.3372
band7_depth12_s15,classical,245,oracle,1600,1670,6,27,880,880,5131,app_budget,false,55.1557
band7_depth12_s15,classical,245,oracle,3200,3214,7,27,1535,1535,5120,app_budget,false,54.8231
band7_depth12_s15,classical,245,oracle,6400,6924,8,27,2634,2634,5116,app_budget,false,54.7021
band7_depth12_s15,classical,245,oracle,12800,13687,9,27,4487,4487,3375,app_budget,false,2.0562
band7_depth12_s15,classical,245,oracle,25600,23391,15,27,4837,4837,3307,quiesced,false,0.0000
band7_depth12_s15,classical,245,oracle,51200,23391,15,27,4837,4837,3307,quiesced,true,0.0000
band7_depth12_s15,classical,245,oracle,102400,23391,15,27,4837,4837,3307,quiesced,true,0.0000
band7_depth12_s15,classical,245,oracle,204800,23391,15,27,4837,4837,3307,quiesced,true,0.0000
band7_depth12_s16,classical,624,unguided,25,100,1,62,519,519,31318,app_budget,false,71.3332
band7_depth12_s16,classical,624,unguided,50,100,1,62,519,519,31318,app_budget,false,71.3332
band7_depth12_s16,classical,624,unguided,100,100,1,62,519,519,31318,app_budget,false,71.3332
band7_depth12_s16,classical,624,unguided,200,297,2,62,531,531,31239,app_budget,false,70.9010
band7_depth12_s16,classical,624,unguided,400,524,3,62,536,536,31155,app_budget,false,70.4415
band7_depth12_s16,classical,624,unguided,800,805,4,62,590,590,31155,app_budget,false,70.4415
band7_depth12_s16,classical,624,unguided,1600,1616,6,62,1059,1059,18317,app_budget,false,0.2079
band7_depth12_s16,classical,624,unguided,3200,3593,7,62,2073,2073,18279,app_budget,false,0.0000
band7_depth12_s16,classical,624,unguided,6400,6539,8,62,3245,3245,18279,app_budget,false,0.0000
band7_depth12_s16,classical,624,unguided,12800,13154,10,62,4439,4439,18279,app_budget,false,0.0000
band7_depth12_s16,classical,624,unguided,25600,21637,13,62,4510,4510,18279,quiesced,false,0.0000
band7_depth12_s16,classical,624,unguided,51200,21637,13,62,4510,4510,18279,quiesced,true,0.0000
band7_depth12_s16,classical,624,unguided,102400,21637,13,62,4510,4510,18279,quiesced,true,0.0000
band7_depth12_s16,classical,624,unguided,204800,21637,13,62,4510,4510,18279,quiesced,true,0.0000
band7_depth12_s16,classical,624,oracle,25,100,1,30,519,519,31318,app_budget,false,71.3332
band7_depth12_s16,classical,624,oracle,50,100,1,30,519,519,31318,app_budget,false,71.3332
band7_depth12_s16,classical,624,oracle,100,100,1,30,519,519,31318,app_budget,false,71.3332
band7_depth12_s16,classical,624,oracle,200,297,2,30,531,531,31239,app_budget,false,70.9010
band7_depth12_s16,classical,624,oracle,400,524,3,30,536,536,31155,app_budget,false,70.4415
band7_depth12_s16,classical,624,oracle,800,805,4,30,590,590,31155,app_budget,false,70.4415
band7_depth12_s16,classical,624,oracle,1600,1613,6,30,1059,1059,18317,app_budget,false,0.2079
band7_depth12_s16,classical,624,oracle,3200,3577,7,30,2073,2073,18279,app_budget,false,0.0000
band7_depth12_s16,classical,624,oracle,6400,6496,8,30,3245,3245,18279,app_budget,false,0.0000
band7_depth12_s16,classical,624,oracle,12800,13060,10,30,4439,4439,18279,app_budget,false,0.0000
band7_depth12_s16,classical,624,oracle,25600,21387,13,30,4510,4510,18279,quiesced,false,0.0000
band7_depth12_s16,classical,624,oracle,51200,21387,13,30,4510,4510,18279,quiesced,true,0.0000
band7_depth12_s16,classical,624,oracle,102400,21387,13,30,4510,4510,18279,quiesced,true,0.0000
band7_depth12_s16,classical,624,oracle,204800,21387,13,30,4510,4510,18279,quiesced,true,0.0000
band7_depth12_s17,classical,757,unguided,25,26,1,62,542,542,21587,app_budget,false,70.8238
band7_depth12_s17,classical,757,unguided,50,62,2,62,548,548,21523,app_budget,false,70.3173
band7_depth12_s17,classical,757,unguided,100,102,3,62,552,552,21500,app_budget,false,70.1353
band7_depth12_s17,classical,757,unguided,200,247,4,62,656,656,21497,app_budget,false,70.1116
band7_depth12_s17,classical,757,unguided,400,508,5,62,657,657,21493,app_budget,false,70.0799
band7_depth12_s17,classical,757,unguided,800,810,6,62,696,696,21493,app_budget,false,70.0799
band7_depth12_s17,classical,757,unguided,1600,1770,8,62,1095,1095,12824,app_budget,false,1.4798
band7_depth12_s17,classical,757,unguided,3200,3547,10,62,1640,1640,12641,app_budget,false,0.0317
band7_depth12_s17,classical,757,unguided,6400,6931,12,62,2534,2534,12637,app_budget,false,0.0000
band7_depth12_s17,classical,757,unguided,12800,12867,14,62,3926,3926,12637,app_budget,false,0.0000
band7_depth12_s17,classical,757,unguided,25600,24338,17,62,4333,4333,12637,quiesced,false,0.0000
band7_depth12_s17,classical,757,unguided,51200,24338,17,62,4333,4333,12637,quiesced,true,0.0000
band7_depth12_s17,classical,757,unguided,102400,24338,17,62,4333,4333,12637,quiesced,true,0.0000
band7_depth12_s17,classical,757,unguided,204800,24338,17,62,4333,4333,12637,quiesced,true,0.0000
band7_depth12_s17,classical,757,oracle,25,26,1,28,542,542,21587,app_budget,false,70.8238
band7_depth12_s17,classical,757,oracle,50,62,2,28,548,548,21523,app_budget,false,70.3173
band7_depth12_s17,classical,757,oracle,100,102,3,28,552,552,21500,app_budget,false,70.1353
band7_depth12_s17,classical,757,oracle,200,247,4,28,656,656,21497,app_budget,false,70.1116
band7_depth12_s17,classical,757,oracle,400,508,5,28,657,657,21493,app_budget,false,70.0799
band7_depth12_s17,classical,757,oracle,800,810,6,28,696,696,21493,app_budget,false,70.0799
band7_depth12_s17,classical,757,oracle,1600,1766,8,28,1095,1095,12824,app_budget,false,1.4798
band7_depth12_s17,classical,757,oracle,3200,3533,10,28,1640,1640,12641,app_budget,false,0.0317
band7_depth12_s17,classical,757,oracle,6400,6902,12,28,2534,2534,12637,app_budget,false,0.0000
band7_depth12_s17,classical,757,oracle,12800,12819,14,28,3926,3926,12637,app_budget,false,0.0000
band7_depth12_s17,classical,757,oracle,25600,24233,17,28,4333,4333,12637,quiesced,false,0.0000
band7_depth12_s17,classical,757,oracle,51200,24233,17,28,4333,4333,12637,quiesced,true,0.0000
band7_depth12_s17,classical,757,oracle,102400,24233,17,28,4333,4333,12637,quiesced,true,0.0000
band7_depth12_s17,classical,757,oracle,204800,24233,17,28,4333,4333,12637,quiesced,true,0.0000
band7_depth12_s18,classical,92,unguided,25,27,1,62,90,90,1000693,app_budget,false,62170.8774
band7_depth12_s18,classical,92,unguided,50,69,2,62,90,90,1000693,app_budget,false,62170.8774
band7_depth12_s18,classical,92,unguided,100,111,3,62,90,90,1000693,app_budget,false,62170.8774
band7_depth12_s18,classical,92,unguided,200,224,5,62,111,111,1607,app_budget,false,0.0000
band7_depth12_s18,classical,92,unguided,400,396,7,62,114,114,1607,quiesced,false,0.0000
band7_depth12_s18,classical,92,unguided,800,396,7,62,114,114,1607,quiesced,true,0.0000
band7_depth12_s18,classical,92,unguided,1600,396,7,62,114,114,1607,quiesced,true,0.0000
band7_depth12_s18,classical,92,unguided,3200,396,7,62,114,114,1607,quiesced,true,0.0000
band7_depth12_s18,classical,92,unguided,6400,396,7,62,114,114,1607,quiesced,true,0.0000
band7_depth12_s18,classical,92,unguided,12800,396,7,62,114,114,1607,quiesced,true,0.0000
band7_depth12_s18,classical,92,unguided,25600,396,7,62,114,114,1607,quiesced,true,0.0000
band7_depth12_s18,classical,92,unguided,51200,396,7,62,114,114,1607,quiesced,true,0.0000
band7_depth12_s18,classical,92,unguided,102400,396,7,62,114,114,1607,quiesced,true,0.0000
band7_depth12_s18,classical,92,unguided,204800,396,7,62,114,114,1607,quiesced,true,0.0000
band7_depth12_s18,classical,92,oracle,25,27,1,9,90,90,1000693,app_budget,false,62170.8774
band7_depth12_s18,classical,92,oracle,50,69,2,9,90,90,1000693,app_budget,false,62170.8774
band7_depth12_s18,classical,92,oracle,100,111,3,9,90,90,1000693,app_budget,false,62170.8774
band7_depth12_s18,classical,92,oracle,200,223,5,9,111,111,1607,app_budget,false,0.0000
band7_depth12_s18,classical,92,oracle,400,391,7,9,114,114,1607,quiesced,false,0.0000
band7_depth12_s18,classical,92,oracle,800,391,7,9,114,114,1607,quiesced,true,0.0000
band7_depth12_s18,classical,92,oracle,1600,391,7,9,114,114,1607,quiesced,true,0.0000
band7_depth12_s18,classical,92,oracle,3200,391,7,9,114,114,1607,quiesced,true,0.0000
band7_depth12_s18,classical,92,oracle,6400,391,7,9,114,114,1607,quiesced,true,0.0000
band7_depth12_s18,classical,92,oracle,12800,391,7,9,114,114,1607,quiesced,true,0.0000
band7_depth12_s18,classical,92,oracle,25600,391,7,9,114,114,1607,quiesced,true,0.0000
band7_depth12_s18,classical,92,oracle,51200,391,7,9,114,114,1607,quiesced,true,0.0000
band7_depth12_s18,classical,92,oracle,102400,391,7,9,114,114,1607,quiesced,true,0.0000
band7_depth12_s18,classical,92,oracle,204800,391,7,9,114,114,1607,quiesced,true,0.0000
band7_depth12_s19,classical,352,unguided,25,60,1,62,308,308,10128,app_budget,false,40.6081
band7_depth12_s19,classical,352,unguided,50,60,1,62,308,308,10128,app_budget,false,40.6081
band7_depth12_s19,classical,352,unguided,100,176,2,62,310,310,10125,app_budget,false,40.5664
band7_depth12_s19,classical,352,unguided,200,298,3,62,311,311,10121,app_budget,false,40.5109
band7_depth12_s19,classical,352,unguided,400,420,4,62,311,311,10121,app_budget,false,40.5109
band7_depth12_s19,classical,352,unguided,800,816,5,62,611,611,7215,app_budget,false,0.1666
band7_depth12_s19,classical,352,unguided,1600,1662,6,62,1106,1106,7203,app_budget,false,0.0000
band7_depth12_s19,classical,352,unguided,3200,3441,7,62,1930,1930,7203,app_budget,false,0.0000
band7_depth12_s19,classical,352,unguided,6400,6571,8,62,2808,2808,2007193,app_budget,false,27766.0697
band7_depth12_s19,classical,352,unguided,12800,13424,10,62,4420,4420,7203,app_budget,false,0.0000
band7_depth12_s19,classical,352,unguided,25600,20465,14,62,4885,4885,7203,quiesced,false,0.0000
band7_depth12_s19,classical,352,unguided,51200,20465,14,62,4885,4885,7203,quiesced,true,0.0000
band7_depth12_s19,classical,352,unguided,102400,20465,14,62,4885,4885,7203,quiesced,true,0.0000
band7_depth12_s19,classical,352,unguided,204800,20465,14,62,4885,4885,7203,quiesced,true,0.0000
band7_depth12_s19,classical,352,oracle,25,60,1,31,308,308,10128,app_budget,false,40.6081
band7_depth12_s19,classical,352,oracle,50,60,1,31,308,308,10128,app_budget,false,40.6081
band7_depth12_s19,classical,352,oracle,100,176,2,31,310,310,10125,app_budget,false,40.5664
band7_depth12_s19,classical,352,oracle,200,298,3,31,311,311,10121,app_budget,false,40.5109
band7_depth12_s19,classical,352,oracle,400,420,4,31,311,311,10121,app_budget,false,40.5109
band7_depth12_s19,classical,352,oracle,800,816,5,31,611,611,7215,app_budget,false,0.1666
band7_depth12_s19,classical,352,oracle,1600,1662,6,31,1106,1106,7203,app_budget,false,0.0000
band7_depth12_s19,classical,352,oracle,3200,3441,7,31,1930,1930,7203,app_budget,false,0.0000
band7_depth12_s19,classical,352,oracle,6400,6571,8,31,2808,2808,2007193,app_budget,false,27766.0697
band7_depth12_s19,classical,352,oracle,12800,13424,10,31,4420,4420,7203,app_budget,false,0.0000
band7_depth12_s19,classical,352,oracle,25600,20464,14,31,4885,4885,7203,quiesced,false,0.0000
band7_depth12_s19,classical,352,oracle,51200,20464,14,31,4885,4885,7203,quiesced,true,0.0000
band7_depth12_s19,classical,352,oracle,102400,20464,14,31,4885,4885,7203,quiesced,true,0.0000
band7_depth12_s19,classical,352,oracle,204800,20464,14,31,4885,4885,7203,quiesced,true,0.0000
band7_depth12_s20,classical,68,unguided,25,28,1,62,82,82,3001560,app_budget,false,191938.3877
band7_depth12_s20,classical,68,unguided,50,51,2,62,82,82,3001560,app_budget,false,191938.3877
band7_depth12_s20,classical,68,unguided,100,108,3,62,92,92,3001560,app_budget,false,191938.3877
band7_depth12_s20,classical,68,unguided,200,201,4,62,111,111,1563,app_budget,false,0.0000
band7_depth12_s20,classical,68,unguided,400,406,6,62,160,160,1563,app_budget,false,0.0000
band7_depth12_s20,classical,68,unguided,800,803,8,62,190,190,1563,app_budget,false,0.0000
band7_depth12_s20,classical,68,unguided,1600,1637,11,62,217,217,1563,app_budget,false,0.0000
band7_depth12_s20,classical,68,unguided,3200,2315,13,62,219,219,1563,quiesced,false,0.0000
band7_depth12_s20,classical,68,unguided,6400,2315,13,62,219,219,1563,quiesced,true,0.0000
band7_depth12_s20,classical,68,unguided,12800,2315,13,62,219,219,1563,quiesced,true,0.0000
band7_depth12_s20,classical,68,unguided,25600,2315,13,62,219,219,1563,quiesced,true,0.0000
band7_depth12_s20,classical,68,unguided,51200,2315,13,62,219,219,1563,quiesced,true,0.0000
band7_depth12_s20,classical,68,unguided,102400,2315,13,62,219,219,1563,quiesced,true,0.0000
band7_depth12_s20,classical,68,unguided,204800,2315,13,62,219,219,1563,quiesced,true,0.0000
band7_depth12_s20,classical,68,oracle,25,28,1,14,82,82,3001560,app_budget,false,191938.3877
band7_depth12_s20,classical,68,oracle,50,51,2,14,82,82,3001560,app_budget,false,191938.3877
band7_depth12_s20,classical,68,oracle,100,108,3,14,92,92,3001560,app_budget,false,191938.3877
band7_depth12_s20,classical,68,oracle,200,201,4,14,111,111,1563,app_budget,false,0.0000
band7_depth12_s20,classical,68,oracle,400,406,6,14,160,160,1563,app_budget,false,0.0000
band7_depth12_s20,classical,68,oracle,800,803,8,14,190,190,1563,app_budget,false,0.0000
band7_depth12_s20,classical,68,oracle,1600,1637,11,14,217,217,1563,app_budget,false,0.0000
band7_depth12_s20,classical,68,oracle,3200,2315,13,14,219,219,1563,quiesced,false,0.0000
band7_depth12_s20,classical,68,oracle,6400,2315,13,14,219,219,1563,quiesced,true,0.0000
band7_depth12_s20,classical,68,oracle,12800,2315,13,14,219,219,1563,quiesced,true,0.0000
band7_depth12_s20,classical,68,oracle,25600,2315,13,14,219,219,1563,quiesced,true,0.0000
band7_depth12_s20,classical,68,oracle,51200,2315,13,14,219,219,1563,quiesced,true,0.0000
band7_depth12_s20,classical,68,oracle,102400,2315,13,14,219,219,1563,quiesced,true,0.0000
band7_depth12_s20,classical,68,oracle,204800,2315,13,14,219,219,1563,quiesced,true,0.0000
band7_depth12_s21,classical,378,unguided,25,72,1,62,351,351,8809,app_budget,false,80.6974
band7_depth12_s21,classical,378,unguided,50,72,1,62,351,351,8809,app_budget,false,80.6974
band7_depth12_s21,classical,378,unguided,100,209,2,62,360,360,8788,app_budget,false,80.2667
band7_depth12_s21,classical,378,unguided,200,209,2,62,360,360,8788,app_budget,false,80.2667
band7_depth12_s21,classical,378,unguided,400,402,3,62,395,395,8765,app_budget,false,79.7949
band7_depth12_s21,classical,378,unguided,800,802,4,62,576,576,4916,app_budget,false,0.8410
band7_depth12_s21,classical,378,unguided,1600,1810,6,62,826,826,4876,app_budget,false,0.0205
band7_depth12_s21,classical,378,unguided,3200,3350,8,62,1037,1037,4875,app_budget,false,0.0000
band7_depth12_s21,classical,378,unguided,6400,6501,10,62,1215,1215,4875,app_budget,false,0.0000
band7_depth12_s21,classical,378,unguided,12800,13037,14,62,1313,1313,4875,app_budget,false,0.0000
band7_depth12_s21,classical,378,unguided,25600,15075,15,62,1313,1313,4875,quiesced,false,0.0000
band7_depth12_s21,classical,378,unguided,51200,15075,15,62,1313,1313,4875,quiesced,true,0.0000
band7_depth12_s21,classical,378,unguided,102400,15075,15,62,1313,1313,4875,quiesced,true,0.0000
band7_depth12_s21,classical,378,unguided,204800,15075,15,62,1313,1313,4875,quiesced,true,0.0000
band7_depth12_s21,classical,378,oracle,25,72,1,25,351,351,8809,app_budget,false,80.6974
band7_depth12_s21,classical,378,oracle,50,72,1,25,351,351,8809,app_budget,false,80.6974
band7_depth12_s21,classical,378,oracle,100,209,2,25,360,360,8788,app_budget,false,80.2667
band7_depth12_s21,classical,378,oracle,200,209,2,25,360,360,8788,app_budget,false,80.2667
band7_depth12_s21,classical,378,oracle,400,402,3,25,395,395,8765,app_budget,false,79.7949
band7_depth12_s21,classical,378,oracle,800,802,4,25,576,576,4916,app_budget,false,0.8410
band7_depth12_s21,classical,378,oracle,1600,1808,6,25,826,826,4876,app_budget,false,0.0205
band7_depth12_s21,classical,378,oracle,3200,3346,8,25,1037,1037,4875,app_budget,false,0.0000
band7_depth12_s21,classical,378,oracle,6400,6493,10,25,1215,1215,4875,app_budget,false,0.0000
band7_depth12_s21,classical,378,oracle,12800,13023,14,25,1313,1313,4875,app_budget,false,0.0000
band7_depth12_s21,classical,378,oracle,25600,15059,15,25,1313,1313,4875,quiesced,false,0.0000
band7_depth12_s21,classical,378,oracle,51200,15059,15,25,1313,1313,4875,quiesced,true,0.0000
band7_depth12_s21,classical,378,oracle,102400,15059,15,25,1313,1313,4875,quiesced,true,0.0000
band7_depth12_s21,classical,378,oracle,204800,15059,15,25,1313,1313,4875,quiesced,true,0.0000
band8_depth15_s0,classical,1651,unguided,25,25,1,62,1117,1117,17042538,app_budget,false,39828.1634
band8_depth15_s0,classical,1651,unguided,50,56,2,62,1117,1117,17042538,app_budget,false,39828.1634
band8_depth15_s0,classical,1651,unguided,100,127,3,62,1151,1151,17042394,app_budget,false,39827.8261
band8_depth15_s0,classical,1651,unguided,200,224,4,62,1159,1159,17042298,app_budget,false,39827.6012
band8_depth15_s0,classical,1651,unguided,400,557,5,62,1395,1395,42683,app_budget,false,0.0000
band8_depth15_s0,classical,1651,unguided,800,1135,6,62,1395,1395,42683,app_budget,false,0.0000
band8_depth15_s0,classical,1651,unguided,1600,1713,7,62,1395,1395,42683,app_budget,false,0.0000
band8_depth15_s0,classical,1651,unguided,3200,3202,8,62,2626,2626,1008796,app_budget,false,2263.4609
band8_depth15_s0,classical,1651,unguided,6400,6503,9,62,3816,3816,1008791,app_budget,false,2263.4491
band8_depth15_s0,classical,1651,unguided,12800,12836,11,62,4866,4866,2001203,app_budget,false,4588.5247
band8_depth15_s0,classical,1651,unguided,25600,18465,15,62,4918,4918,2001203,quiesced,false,4588.5247
band8_depth15_s0,classical,1651,unguided,51200,18465,15,62,4918,4918,2001203,quiesced,true,4588.5247
band8_depth15_s0,classical,1651,unguided,102400,18465,15,62,4918,4918,2001203,quiesced,true,4588.5247
band8_depth15_s0,classical,1651,unguided,204800,18465,15,62,4918,4918,2001203,quiesced,true,4588.5247
band8_depth15_s0,classical,1651,oracle,25,25,1,36,1117,1117,17042538,app_budget,false,39828.1634
band8_depth15_s0,classical,1651,oracle,50,56,2,36,1117,1117,17042538,app_budget,false,39828.1634
band8_depth15_s0,classical,1651,oracle,100,127,3,36,1151,1151,17042394,app_budget,false,39827.8261
band8_depth15_s0,classical,1651,oracle,200,224,4,36,1159,1159,17042298,app_budget,false,39827.6012
band8_depth15_s0,classical,1651,oracle,400,557,5,36,1395,1395,42683,app_budget,false,0.0000
band8_depth15_s0,classical,1651,oracle,800,1135,6,36,1395,1395,42683,app_budget,false,0.0000
band8_depth15_s0,classical,1651,oracle,1600,1713,7,36,1395,1395,42683,app_budget,false,0.0000
band8_depth15_s0,classical,1651,oracle,3200,3202,8,36,2626,2626,1008796,app_budget,false,2263.4609
band8_depth15_s0,classical,1651,oracle,6400,6502,9,36,3816,3816,1008791,app_budget,false,2263.4491
band8_depth15_s0,classical,1651,oracle,12800,12833,11,36,4866,4866,2001203,app_budget,false,4588.5247
band8_depth15_s0,classical,1651,oracle,25600,18458,15,36,4918,4918,2001203,quiesced,false,4588.5247
band8_depth15_s0,classical,1651,oracle,51200,18458,15,36,4918,4918,2001203,quiesced,true,4588.5247
band8_depth15_s0,classical,1651,oracle,102400,18458,15,36,4918,4918,2001203,quiesced,true,4588.5247
band8_depth15_s0,classical,1651,oracle,204800,18458,15,36,4918,4918,2001203,quiesced,true,4588.5247
band8_depth15_s1,classical,254,unguided,25,48,1,62,214,214,2001355,app_budget,false,99.7911
band8_depth15_s1,classical,254,unguided,50,70,2,62,214,214,2001355,app_budget,false,99.7911
band8_depth15_s1,classical,254,unguided,100,100,3,62,215,215,2001355,app_budget,false,99.7911
band8_depth15_s1,classical,254,unguided,200,200,4,62,217,217,2001355,app_budget,false,99.7911
band8_depth15_s1,classical,254,unguided,400,418,5,62,361,361,1003178,app_budget,false,0.1451
band8_depth15_s1,classical,254,unguided,800,806,6,62,521,521,1003178,app_budget,false,0.1451
band8_depth15_s1,classical,254,unguided,1600,1652,7,62,808,808,1003178,app_budget,false,0.1451
band8_depth15_s1,classical,254,unguided,3200,3213,8,62,1226,1226,1003178,app_budget,false,0.1451
band8_depth15_s1,classical,254,unguided,6400,6947,9,62,2432,2432,1001734,app_budget,false,0.0010
band8_depth15_s1,classical,254,unguided,12800,13549,11,62,3075,3075,1001724,app_budget,false,0.0000
band8_depth15_s1,classical,254,unguided,25600,26399,14,62,3278,3278,1001724,app_budget,false,0.0000
band8_depth15_s1,classical,254,unguided,51200,37687,16,62,3279,3279,1001724,quiesced,false,0.0000
band8_depth15_s1,classical,254,unguided,102400,37687,16,62,3279,3279,1001724,quiesced,true,0.0000
band8_depth15_s1,classical,254,unguided,204800,37687,16,62,3279,3279,1001724,quiesced,true,0.0000
band8_depth15_s1,classical,254,oracle,25,48,1,24,214,214,2001355,app_budget,false,99.7911
band8_depth15_s1,classical,254,oracle,50,70,2,24,214,214,2001355,app_budget,false,99.7911
band8_depth15_s1,classical,254,oracle,100,100,3,24,215,215,2001355,app_budget,false,99.7911
band8_depth15_s1,classical,254,oracle,200,200,4,24,217,217,2001355,app_budget,false,99.7911
band8_depth15_s1,classical,254,oracle,400,418,5,24,361,361,1003178,app_budget,false,0.1451
band8_depth15_s1,classical,254,oracle,800,806,6,24,521,521,1003178,app_budget,false,0.1451
band8_depth15_s1,classical,254,oracle,1600,1652,7,24,808,808,1003178,app_budget,false,0.1451
band8_depth15_s1,classical,254,oracle,3200,3213,8,24,1226,1226,1003178,app_budget,false,0.1451
band8_depth15_s1,classical,254,oracle,6400,6947,9,24,2432,2432,1001734,app_budget,false,0.0010
band8_depth15_s1,classical,254,oracle,12800,13549,11,24,3075,3075,1001724,app_budget,false,0.0000
band8_depth15_s1,classical,254,oracle,25600,26399,14,24,3278,3278,1001724,app_budget,false,0.0000
band8_depth15_s1,classical,254,oracle,51200,37687,16,24,3279,3279,1001724,quiesced,false,0.0000
band8_depth15_s1,classical,254,oracle,102400,37687,16,24,3279,3279,1001724,quiesced,true,0.0000
band8_depth15_s1,classical,254,oracle,204800,37687,16,24,3279,3279,1001724,quiesced,true,0.0000
band8_depth15_s2,classical,421,unguided,25,70,1,62,364,364,10431,app_budget,false,47.5806
band8_depth15_s2,classical,421,unguided,50,70,1,62,364,364,10431,app_budget,false,47.5806
band8_depth15_s2,classical,421,unguided,100,210,2,62,374,374,10388,app_budget,false,46.9723
band8_depth15_s2,classical,421,unguided,200,210,2,62,374,374,10388,app_budget,false,46.9723
band8_depth15_s2,classical,421,unguided,400,400,3,62,409,409,10372,app_budget,false,46.7459
band8_depth15_s2,classical,421,unguided,800,809,4,62,621,621,7084,app_budget,false,0.2264
band8_depth15_s2,classical,421,unguided,1600,1628,6,62,923,923,7074,app_budget,false,0.0849
band8_depth15_s2,classical,421,unguided,3200,3445,8,62,1292,1292,7074,app_budget,false,0.0849
band8_depth15_s2,classical,421,unguided,6400,6479,10,62,1635,1635,7074,app_budget,false,0.0849
band8_depth15_s2,classical,421,unguided,12800,13294,13,62,2296,2296,7068,app_budget,false,0.0000
band8_depth15_s2,classical,421,unguided,25600,26194,16,62,2575,2575,7068,app_budget,false,0.0000
band8_depth15_s2,classical,421,unguided,51200,35267,18,62,2578,2578,7068,quiesced,false,0.0000
band8_depth15_s2,classical,421,unguided,102400,35267,18,62,2578,2578,7068,quiesced,true,0.0000
band8_depth15_s2,classical,421,unguided,204800,35267,18,62,2578,2578,7068,quiesced,true,0.0000
band8_depth15_s2,classical,421,oracle,25,70,1,27,364,364,10431,app_budget,false,47.5806
band8_depth15_s2,classical,421,oracle,50,70,1,27,364,364,10431,app_budget,false,47.5806
band8_depth15_s2,classical,421,oracle,100,210,2,27,374,374,10388,app_budget,false,46.9723
band8_depth15_s2,classical,421,oracle,200,210,2,27,374,374,10388,app_budget,false,46.9723
band8_depth15_s2,classical,421,oracle,400,400,3,27,409,409,10372,app_budget,false,46.7459
band8_depth15_s2,classical,421,oracle,800,809,4,27,621,621,7084,app_budget,false,0.2264
band8_depth15_s2,classical,421,oracle,1600,1628,6,27,923,923,7074,app_budget,false,0.0849
band8_depth15_s2,classical,421,oracle,3200,3445,8,27,1292,1292,7074,app_budget,false,0.0849
band8_depth15_s2,classical,421,oracle,6400,6479,10,27,1635,1635,7074,app_budget,false,0.0849
band8_depth15_s2,classical,421,oracle,12800,13294,13,27,2296,2296,7068,app_budget,false,0.0000
band8_depth15_s2,classical,421,oracle,25600,26194,16,27,2575,2575,7068,app_budget,false,0.0000
band8_depth15_s2,classical,421,oracle,51200,35267,18,27,2578,2578,7068,quiesced,false,0.0000
band8_depth15_s2,classical,421,oracle,102400,35267,18,27,2578,2578,7068,quiesced,true,0.0000
band8_depth15_s2,classical,421,oracle,204800,35267,18,27,2578,2578,7068,quiesced,true,0.0000
band8_depth15_s3,classical,1665,unguided,25,37,1,62,1129,1129,41592,app_budget,false,49.2732
band8_depth15_s3,classical,1665,unguided,50,51,2,62,1130,1130,41592,app_budget,false,49.2732
band8_depth15_s3,classical,1665,unguided,100,130,3,62,1164,1164,41407,app_budget,false,48.6093
band8_depth15_s3,classical,1665,unguided,200,236,4,62,1177,1177,41239,app_budget,false,48.0063
band8_depth15_s3,classical,1665,unguided,400,572,5,62,1404,1404,41126,app_budget,false,47.6008
band8_depth15_s3,classical,1665,unguided,800,1148,6,62,1407,1407,41094,app_budget,false,47.4859
band8_depth15_s3,classical,1665,unguided,1600,1726,7,62,1409,1409,41074,app_budget,false,47.4141
band8_depth15_s3,classical,1665,unguided,3200,3342,9,62,2388,2388,28080,app_budget,false,0.7788
band8_depth15_s3,classical,1665,unguided,6400,7129,10,62,4306,4306,27877,app_budget,false,0.0502
band8_depth15_s3,classical,1665,unguided,12800,12955,13,62,4725,4725,27863,app_budget,false,0.0000
band8_depth15_s3,classical,1665,unguided,25600,16817,15,62,4729,4729,27863,quiesced,false,0.0000
band8_depth15_s3,classical,1665,unguided,51200,16817,15,62,4729,4729,27863,quiesced,true,0.0000
band8_depth15_s3,classical,1665,unguided,102400,16817,15,62,4729,4729,27863,quiesced,true,0.0000
band8_depth15_s3,classical,1665,unguided,204800,16817,15,62,4729,4729,27863,quiesced,true,0.0000
band8_depth15_s3,classical,1665,oracle,25,37,1,32,1129,1129,41592,app_budget,false,49.2732
band8_depth15_s3,classical,1665,oracle,50,51,2,32,1130,1130,41592,app_budget,false,49.2732
band8_depth15_s3,classical,1665,oracle,100,130,3,32,1164,1164,41407,app_budget,false,48.6093
band8_depth15_s3,classical,1665,oracle,200,236,4,32,1177,1177,41239,app_budget,false,48.0063
band8_depth15_s3,classical,1665,oracle,400,572,5,32,1404,1404,41126,app_budget,false,47.6008
band8_depth15_s3,classical,1665,oracle,800,1148,6,32,1407,1407,41094,app_budget,false,47.4859
band8_depth15_s3,classical,1665,oracle,1600,1726,7,32,1409,1409,41074,app_budget,false,47.4141
band8_depth15_s3,classical,1665,oracle,3200,3339,9,32,2388,2388,28080,app_budget,false,0.7788
band8_depth15_s3,classical,1665,oracle,6400,7120,10,32,4306,4306,27877,app_budget,false,0.0502
band8_depth15_s3,classical,1665,oracle,12800,12934,13,32,4725,4725,27863,app_budget,false,0.0000
band8_depth15_s3,classical,1665,oracle,25600,16784,15,32,4729,4729,27863,quiesced,false,0.0000
band8_depth15_s3,classical,1665,oracle,51200,16784,15,32,4729,4729,27863,quiesced,true,0.0000
band8_depth15_s3,classical,1665,oracle,102400,16784,15,32,4729,4729,27863,quiesced,true,0.0000
band8_depth15_s3,classical,1665,oracle,204800,16784,15,32,4729,4729,27863,quiesced,true,0.0000
band8_depth15_s4,classical,1518,unguided,25,63,1,62,1085,1085,49007,app_budget,false,53.5740
band8_depth15_s4,classical,1518,unguided,50,63,1,62,1085,1085,49007,app_budget,false,53.5740
band8_depth15_s4,classical,1518,unguided,100,162,2,62,1090,1090,48833,app_budget,false,53.0287
band8_depth15_s4,classical,1518,unguided,200,284,3,62,1112,1112,48582,app_budget,false,52.2422
band8_depth15_s4,classical,1518,unguided,400,409,4,62,1115,1115,48537,app_budget,false,52.1012
band8_depth15_s4,classical,1518,unguided,800,835,5,62,1416,1416,7048537,app_budget,false,21988.1107
band8_depth15_s4,classical,1518,unguided,1600,1609,6,62,1437,1437,7048537,app_budget,false,21988.1107
band8_depth15_s4,classical,1518,unguided,3200,3293,8,62,2205,2205,32633,app_budget,false,2.2625
band8_depth15_s4,classical,1518,unguided,6400,6594,9,62,3743,3743,31911,app_budget,false,0.0000
band8_depth15_s4,classical,1518,unguided,12800,11438,13,62,4999,4999,9030630,quiesced,false,28199.4265
band8_depth15_s4,classical,1518,unguided,25600,11438,13,62,4999,4999,9030630,quiesced,true,28199.4265
band8_depth15_s4,classical,1518,unguided,51200,11438,13,62,4999,4999,9030630,quiesced,true,28199.4265
band8_depth15_s4,classical,1518,unguided,102400,11438,13,62,4999,4999,9030630,quiesced,true,28199.4265
band8_depth15_s4,classical,1518,unguided,204800,11438,13,62,4999,4999,9030630,quiesced,true,28199.4265
band8_depth15_s4,classical,1518,oracle,25,63,1,40,1085,1085,49007,app_budget,false,53.5740
band8_depth15_s4,classical,1518,oracle,50,63,1,40,1085,1085,49007,app_budget,false,53.5740
band8_depth15_s4,classical,1518,oracle,100,162,2,40,1090,1090,48833,app_budget,false,53.0287
band8_depth15_s4,classical,1518,oracle,200,284,3,40,1112,1112,48582,app_budget,false,52.2422
band8_depth15_s4,classical,1518,oracle,400,409,4,40,1115,1115,48537,app_budget,false,52.1012
band8_depth15_s4,classical,1518,oracle,800,835,5,40,1416,1416,7048537,app_budget,false,21988.1107
band8_depth15_s4,classical,1518,oracle,1600,1609,6,40,1437,1437,7048537,app_budget,false,21988.1107
band8_depth15_s4,classical,1518,oracle,3200,3291,8,40,2205,2205,32633,app_budget,false,2.2625
band8_depth15_s4,classical,1518,oracle,6400,6586,9,40,3743,3743,31911,app_budget,false,0.0000
band8_depth15_s4,classical,1518,oracle,12800,11412,13,40,4999,4999,9030630,quiesced,false,28199.4265
band8_depth15_s4,classical,1518,oracle,25600,11412,13,40,4999,4999,9030630,quiesced,true,28199.4265
band8_depth15_s4,classical,1518,oracle,51200,11412,13,40,4999,4999,9030630,quiesced,true,28199.4265
band8_depth15_s4,classical,1518,oracle,102400,11412,13,40,4999,4999,9030630,quiesced,true,28199.4265
band8_depth15_s4,classical,1518,oracle,204800,11412,13,40,4999,4999,9030630,quiesced,true,28199.4265
band8_depth15_s5,classical,984,unguided,25,30,1,62,686,686,28046552,app_budget,false,60412.9714
band8_depth15_s5,classical,984,unguided,50,75,2,62,694,694,28046431,app_budget,false,60412.7104
band8_depth15_s5,classical,984,unguided,100,127,3,62,698,698,28046368,app_budget,false,60412.5744
band8_depth15_s5,classical,984,unguided,200,310,4,62,829,829,46348,app_budget,false,0.0000
band8_depth15_s5,classical,984,unguided,400,635,5,62,829,829,46348,app_budget,false,0.0000
band8_depth15_s5,classical,984,unguided,800,960,6,62,829,829,46348,app_budget,false,0.0000
band8_depth15_s5,classical,984,unguided,1600,1607,7,62,1207,1207,6031039,app_budget,false,12912.5119
band8_depth15_s5,classical,984,unguided,3200,3424,8,62,2127,2127,6028818,app_budget,false,12907.7199
band8_depth15_s5,classical,984,unguided,6400,6408,9,62,3154,3154,6028818,app_budget,false,12907.7199
band8_depth15_s5,classical,984,unguided,12800,12874,11,62,4486,4486,6028728,app_budget,false,12907.5257
band8_depth15_s5,classical,984,unguided,25600,20873,14,62,4550,4550,6028728,quiesced,false,12907.5257
band8_depth15_s5,classical,984,unguided,51200,20873,14,62,4550,4550,6028728,quiesced,true,12907.5257
band8_depth15_s5,classical,984,unguided,102400,20873,14,62,4550,4550,6028728,quiesced,true,12907.5257
band8_depth15_s5,classical,984,unguided,204800,20873,14,62,4550,4550,6028728,quiesced,true,12907.5257
band8_depth15_s5,classical,984,oracle,25,30,1,29,686,686,28046552,app_budget,false,60412.9714
band8_depth15_s5,classical,984,oracle,50,75,2,29,694,694,28046431,app_budget,false,60412.7104
band8_depth15_s5,classical,984,oracle,100,127,3,29,698,698,28046368,app_budget,false,60412.5744
band8_depth15_s5,classical,984,oracle,200,310,4,29,829,829,46348,app_budget,false,0.0000
band8_depth15_s5,classical,984,oracle,400,635,5,29,829,829,46348,app_budget,false,0.0000
band8_depth15_s5,classical,984,oracle,800,960,6,29,829,829,46348,app_budget,false,0.0000
band8_depth15_s5,classical,984,oracle,1600,1606,7,29,1207,1207,6031039,app_budget,false,12912.5119
band8_depth15_s5,classical,984,oracle,3200,3416,8,29,2127,2127,6028818,app_budget,false,12907.7199
band8_depth15_s5,classical,984,oracle,6400,6400,9,29,3154,3154,6028818,app_budget,false,12907.7199
band8_depth15_s5,classical,984,oracle,12800,12847,11,29,4486,4486,6028728,app_budget,false,12907.5257
band8_depth15_s5,classical,984,oracle,25600,20789,14,29,4550,4550,6028728,quiesced,false,12907.5257
band8_depth15_s5,classical,984,oracle,51200,20789,14,29,4550,4550,6028728,quiesced,true,12907.5257
band8_depth15_s5,classical,984,oracle,102400,20789,14,29,4550,4550,6028728,quiesced,true,12907.5257
band8_depth15_s5,classical,984,oracle,204800,20789,14,29,4550,4550,6028728,quiesced,true,12907.5257
band8_depth15_s6,classical,481,unguided,25,93,1,62,443,443,11861,app_budget,false,47.2502
band8_depth15_s6,classical,481,unguided,50,93,1,62,443,443,11861,app_budget,false,47.2502
band8_depth15_s6,classical,481,unguided,100,100,2,62,443,443,11861,app_budget,false,47.2502
band8_depth15_s6,classical,481,unguided,200,286,3,62,455,455,11803,app_budget,false,46.5301
band8_depth15_s6,classical,481,unguided,400,484,4,62,457,457,11787,app_budget,false,46.3315
band8_depth15_s6,classical,481,unguided,800,812,5,62,632,632,11496,app_budget,false,42.7188
band8_depth15_s6,classical,481,unguided,1600,1848,6,62,1388,1388,11492,app_budget,false,42.6691
band8_depth15_s6,classical,481,unguided,3200,3219,7,62,2221,2221,11492,app_budget,false,42.6691
band8_depth15_s6,classical,481,unguided,6400,6995,8,62,3618,3618,11492,app_budget,false,42.6691
band8_depth15_s6,classical,481,unguided,12800,12466,11,62,4919,4919,8055,quiesced,false,0.0000
band8_depth15_s6,classical,481,unguided,25600,12466,11,62,4919,4919,8055,quiesced,true,0.0000
band8_depth15_s6,classical,481,unguided,51200,12466,11,62,4919,4919,8055,quiesced,true,0.0000
band8_depth15_s6,classical,481,unguided,102400,12466,11,62,4919,4919,8055,quiesced,true,0.0000
band8_depth15_s6,classical,481,unguided,204800,12466,11,62,4919,4919,8055,quiesced,true,0.0000
band8_depth15_s6,classical,481,oracle,25,93,1,25,443,443,11861,app_budget,false,47.2502
band8_depth15_s6,classical,481,oracle,50,93,1,25,443,443,11861,app_budget,false,47.2502
band8_depth15_s6,classical,481,oracle,100,100,2,25,443,443,11861,app_budget,false,47.2502
band8_depth15_s6,classical,481,oracle,200,286,3,25,455,455,11803,app_budget,false,46.5301
band8_depth15_s6,classical,481,oracle,400,484,4,25,457,457,11787,app_budget,false,46.3315
band8_depth15_s6,classical,481,oracle,800,812,5,25,632,632,11496,app_budget,false,42.7188
band8_depth15_s6,classical,481,oracle,1600,1848,6,25,1388,1388,11492,app_budget,false,42.6691
band8_depth15_s6,classical,481,oracle,3200,3219,7,25,2221,2221,11492,app_budget,false,42.6691
band8_depth15_s6,classical,481,oracle,6400,6995,8,25,3618,3618,11492,app_budget,false,42.6691
band8_depth15_s6,classical,481,oracle,12800,12457,11,25,4919,4919,8055,quiesced,false,0.0000
band8_depth15_s6,classical,481,oracle,25600,12457,11,25,4919,4919,8055,quiesced,true,0.0000
band8_depth15_s6,classical,481,oracle,51200,12457,11,25,4919,4919,8055,quiesced,true,0.0000
band8_depth15_s6,classical,481,oracle,102400,12457,11,25,4919,4919,8055,quiesced,true,0.0000
band8_depth15_s6,classical,481,oracle,204800,12457,11,25,4919,4919,8055,quiesced,true,0.0000
band8_depth15_s7,classical,2174,unguided,25,27,1,62,1458,1458,37063379,app_budget,false,67.9891
band8_depth15_s7,classical,2174,unguided,50,55,2,62,1459,1459,37063379,app_budget,false,67.9891
band8_depth15_s7,classical,2174,unguided,100,133,3,62,1500,1500,37063184,app_budget,false,67.9883
band8_depth15_s7,classical,2174,unguided,200,238,4,62,1507,1507,37063074,app_budget,false,67.9878
band8_depth15_s7,classical,2174,unguided,400,664,5,62,1822,1822,37062965,app_budget,false,67.9873
band8_depth15_s7,classical,2174,unguided,800,809,6,62,1823,1823,37062961,app_budget,false,67.9872
band8_depth15_s7,classical,2174,unguided,1600,1724,7,62,1982,1982,22062961,app_budget,false,0.0000
band8_depth15_s7,classical,2174,unguided,3200,3262,8,62,2596,2596,37059672,app_budget,false,67.9723
band8_depth15_s7,classical,2174,unguided,6400,6403,9,62,4111,4111,51058592,app_budget,false,131.4222
band8_depth15_s7,classical,2174,unguided,12800,10351,12,62,5000,5000,23042764,quiesced,false,4.4409
band8_depth15_s7,classical,2174,unguided,25600,10351,12,62,5000,5000,23042764,quiesced,true,4.4409
band8_depth15_s7,classical,2174,unguided,51200,10351,12,62,5000,5000,23042764,quiesced,true,4.4409
band8_depth15_s7,classical,2174,unguided,102400,10351,12,62,5000,5000,23042764,quiesced,true,4.4409
band8_depth15_s7,classical,2174,unguided,204800,10351,12,62,5000,5000,23042764,quiesced,true,4.4409
band8_depth15_s7,classical,2174,oracle,25,27,1,38,1458,1458,37063379,app_budget,false,67.9891
band8_depth15_s7,classical,2174,oracle,50,55,2,38,1459,1459,37063379,app_budget,false,67.9891
band8_depth15_s7,classical,2174,oracle,100,133,3,38,1500,1500,37063184,app_budget,false,67.9883
band8_depth15_s7,classical,2174,oracle,200,238,4,38,1507,1507,37063074,app_budget,false,67.9878
band8_depth15_s7,classical,2174,oracle,400,664,5,38,1822,1822,37062965,app_budget,false,67.9873
band8_depth15_s7,classical,2174,oracle,800,809,6,38,1823,1823,37062961,app_budget,false,67.9872
band8_depth15_s7,classical,2174,oracle,1600,1724,7,38,1982,1982,22062961,app_budget,false,0.0000
band8_depth15_s7,classical,2174,oracle,3200,3262,8,38,2596,2596,37059672,app_budget,false,67.9723
band8_depth15_s7,classical,2174,oracle,6400,6403,9,38,4111,4111,51058592,app_budget,false,131.4222
band8_depth15_s7,classical,2174,oracle,12800,10316,12,38,5000,5000,23042764,quiesced,false,4.4409
band8_depth15_s7,classical,2174,oracle,25600,10316,12,38,5000,5000,23042764,quiesced,true,4.4409
band8_depth15_s7,classical,2174,oracle,51200,10316,12,38,5000,5000,23042764,quiesced,true,4.4409
band8_depth15_s7,classical,2174,oracle,102400,10316,12,38,5000,5000,23042764,quiesced,true,4.4409
band8_depth15_s7,classical,2174,oracle,204800,10316,12,38,5000,5000,23042764,quiesced,true,4.4409
band8_depth15_s8,classical,462,unguided,25,79,1,62,393,393,21354,app_budget,false,68.6064
band8_depth15_s8,classical,462,unguided,50,79,1,62,393,393,21354,app_budget,false,68.6064
band8_depth15_s8,classical,462,unguided,100,102,2,62,394,394,21305,app_budget,false,68.2195
band8_depth15_s8,classical,462,unguided,200,264,3,62,398,398,21247,app_budget,false,67.7615
band8_depth15_s8,classical,462,unguided,400,426,4,62,398,398,21247,app_budget,false,67.7615
band8_depth15_s8,classical,462,unguided,800,884,5,62,724,724,12880,app_budget,false,1.6976
band8_depth15_s8,classical,462,unguided,1600,1788,6,62,1309,1309,12842,app_budget,false,1.3976
band8_depth15_s8,classical,462,unguided,3200,3666,7,62,2322,2322,12842,app_budget,false,1.3976
band8_depth15_s8,classical,462,unguided,6400,6910,8,62,3384,3384,12842,app_budget,false,1.3976
band8_depth15_s8,classical,462,unguided,12800,12857,10,62,4682,4682,12665,app_budget,false,0.0000
band8_depth15_s8,classical,462,unguided,25600,14632,11,62,4682,4682,12665,quiesced,false,0.0000
band8_depth15_s8,classical,462,unguided,51200,14632,11,62,4682,4682,12665,quiesced,true,0.0000
band8_depth15_s8,classical,462,unguided,102400,14632,11,62,4682,4682,12665,quiesced,true,0.0000
band8_depth15_s8,classical,462,unguided,204800,14632,11,62,4682,4682,12665,quiesced,true,0.0000
band8_depth15_s8,classical,462,oracle,25,79,1,27,393,393,21354,app_budget,false,68.6064
band8_depth15_s8,classical,462,oracle,50,79,1,27,393,393,21354,app_budget,false,68.6064
band8_depth15_s8,classical,462,oracle,100,102,2,27,394,394,21305,app_budget,false,68.2195
band8_depth15_s8,classical,462,oracle,200,264,3,27,398,398,21247,app_budget,false,67.7615
band8_depth15_s8,classical,462,oracle,400,426,4,27,398,398,21247,app_budget,false,67.7615
band8_depth15_s8,classical,462,oracle,800,883,5,27,724,724,12880,app_budget,false,1.6976
band8_depth15_s8,classical,462,oracle,1600,1782,6,27,1309,1309,12842,app_budget,false,1.3976
band8_depth15_s8,classical,462,oracle,3200,3659,7,27,2322,2322,12842,app_budget,false,1.3976
band8_depth15_s8,classical,462,oracle,6400,6902,8,27,3384,3384,12842,app_budget,false,1.3976
band8_depth15_s8,classical,462,oracle,12800,12843,10,27,4682,4682,12665,app_budget,false,0.0000
band8_depth15_s8,classical,462,oracle,25600,14613,11,27,4682,4682,12665,quiesced,false,0.0000
band8_depth15_s8,classical,462,oracle,51200,14613,11,27,4682,4682,12665,quiesced,true,0.0000
band8_depth15_s8,classical,462,oracle,102400,14613,11,27,4682,4682,12665,quiesced,true,0.0000
band8_depth15_s8,classical,462,oracle,204800,14613,11,27,4682,4682,12665,quiesced,true,0.0000
band8_depth15_s9,classical,2156,unguided,25,32,1,62,1459,1459,2059447,app_budget,false,5164.0314
band8_depth15_s9,classical,2156,unguided,50,58,2,62,1459,1459,2059447,app_budget,false,5164.0314
band8_depth15_s9,classical,2156,unguided,100,142,3,62,1495,1495,2059251,app_budget,false,5163.5304
band8_depth15_s9,classical,2156,unguided,200,256,4,62,1509,1509,2059117,app_budget,false,5163.1879
band8_depth15_s9,classical,2156,unguided,400,672,5,62,1808,1808,59223,app_budget,false,51.3764
band8_depth15_s9,classical,2156,unguided,800,828,6,62,1810,1810,59208,app_budget,false,51.3381
band8_depth15_s9,classical,2156,unguided,1600,1692,7,62,1937,1937,59204,app_budget,false,51.3279
band8_depth15_s9,classical,2156,unguided,3200,3224,8,62,2576,2576,45306,app_budget,false,15.8040
band8_depth15_s9,classical,2156,unguided,6400,6797,9,62,4158,4158,39168,app_budget,false,0.1150
band8_depth15_s9,classical,2156,unguided,12800,12845,11,62,4608,4608,39123,app_budget,false,0.0000
band8_depth15_s9,classical,2156,unguided,25600,20879,14,62,4636,4636,39123,quiesced,false,0.0000
band8_depth15_s9,classical,2156,unguided,51200,20879,14,62,4636,4636,39123,quiesced,true,0.0000
band8_depth15_s9,classical,2156,unguided,102400,20879,14,62,4636,4636,39123,quiesced,true,0.0000
band8_depth15_s9,classical,2156,unguided,204800,20879,14,62,4636,4636,39123,quiesced,true,0.0000
band8_depth15_s9,classical,2156,oracle,25,32,1,33,1459,1459,2059447,app_budget,false,5164.0314
band8_depth15_s9,classical,2156,oracle,50,58,2,33,1459,1459,2059447,app_budget,false,5164.0314
band8_depth15_s9,classical,2156,oracle,100,142,3,33,1495,1495,2059251,app_budget,false,5163.5304
band8_depth15_s9,classical,2156,oracle,200,256,4,33,1509,1509,2059117,app_budget,false,5163.1879
band8_depth15_s9,classical,2156,oracle,400,672,5,33,1808,1808,59223,app_budget,false,51.3764
band8_depth15_s9,classical,2156,oracle,800,828,6,33,1810,1810,59208,app_budget,false,51.3381
band8_depth15_s9,classical,2156,oracle,1600,1692,7,33,1937,1937,59204,app_budget,false,51.3279
band8_depth15_s9,classical,2156,oracle,3200,3219,8,33,2576,2576,45306,app_budget,false,15.8040
band8_depth15_s9,classical,2156,oracle,6400,6778,9,33,4158,4158,39168,app_budget,false,0.1150
band8_depth15_s9,classical,2156,oracle,12800,12912,11,33,4608,4608,39123,app_budget,false,0.0000
band8_depth15_s9,classical,2156,oracle,25600,20871,14,33,4636,4636,39123,quiesced,false,0.0000
band8_depth15_s9,classical,2156,oracle,51200,20871,14,33,4636,4636,39123,quiesced,true,0.0000
band8_depth15_s9,classical,2156,oracle,102400,20871,14,33,4636,4636,39123,quiesced,true,0.0000
band8_depth15_s9,classical,2156,oracle,204800,20871,14,33,4636,4636,39123,quiesced,true,0.0000
band8_depth15_s10,classical,1547,unguided,25,28,1,62,1049,1049,6042416,app_budget,false,197.8791
band8_depth15_s10,classical,1547,unguided,50,50,2,62,1049,1049,6042416,app_budget,false,197.8791
band8_depth15_s10,classical,1547,unguided,100,114,3,62,1075,1075,6042269,app_budget,false,197.8719
band8_depth15_s10,classical,1547,unguided,200,399,4,62,1286,1286,6042193,app_budget,false,197.8682
band8_depth15_s10,classical,1547,unguided,400,414,5,62,1286,1286,6042193,app_budget,false,197.8682
band8_depth15_s10,classical,1547,unguided,800,923,6,62,1293,1293,6042157,app_budget,false,197.8664
band8_depth15_s10,classical,1547,unguided,1600,1615,7,62,1496,1496,6039228,app_budget,false,197.7220
band8_depth15_s10,classical,1547,unguided,3200,3335,8,62,2445,2445,3032249,app_budget,false,49.4839
band8_depth15_s10,classical,1547,unguided,6400,6613,9,62,4065,4065,2028479,app_budget,false,0.0000
band8_depth15_s10,classical,1547,unguided,12800,12890,14,62,4971,4971,16022040,app_budget,false,689.8549
band8_depth15_s10,classical,1547,unguided,25600,13569,15,62,4971,4971,16022040,quiesced,false,689.8549
band8_depth15_s10,classical,1547,unguided,51200,13569,15,62,4971,4971,16022040,quiesced,true,689.8549
band8_depth15_s10,classical,1547,unguided,102400,13569,15,62,4971,4971,16022040,quiesced,true,689.8549
band8_depth15_s10,classical,1547,unguided,204800,13569,15,62,4971,4971,16022040,quiesced,true,689.8549
band8_depth15_s10,classical,1547,oracle,25,28,1,40,1049,1049,6042416,app_budget,false,197.8791
band8_depth15_s10,classical,1547,oracle,50,50,2,40,1049,1049,6042416,app_budget,false,197.8791
band8_depth15_s10,classical,1547,oracle,100,114,3,40,1075,1075,6042269,app_budget,false,197.8719
band8_depth15_s10,classical,1547,oracle,200,399,4,40,1286,1286,6042193,app_budget,false,197.8682
band8_depth15_s10,classical,1547,oracle,400,414,5,40,1286,1286,6042193,app_budget,false,197.8682
band8_depth15_s10,classical,1547,oracle,800,923,6,40,1293,1293,6042157,app_budget,false,197.8664
band8_depth15_s10,classical,1547,oracle,1600,1615,7,40,1496,1496,6039228,app_budget,false,197.7220
band8_depth15_s10,classical,1547,oracle,3200,3333,8,40,2445,2445,3032249,app_budget,false,49.4839
band8_depth15_s10,classical,1547,oracle,6400,6611,9,40,4065,4065,2028479,app_budget,false,0.0000
band8_depth15_s10,classical,1547,oracle,12800,12872,14,40,4971,4971,16022040,app_budget,false,689.8549
band8_depth15_s10,classical,1547,oracle,25600,13547,15,40,4971,4971,16022040,quiesced,false,689.8549
band8_depth15_s10,classical,1547,oracle,51200,13547,15,40,4971,4971,16022040,quiesced,true,689.8549
band8_depth15_s10,classical,1547,oracle,102400,13547,15,40,4971,4971,16022040,quiesced,true,689.8549
band8_depth15_s10,classical,1547,oracle,204800,13547,15,40,4971,4971,16022040,quiesced,true,689.8549
band8_depth15_s11,blitz,9,unguided,25,12,2,62,11,11,93,quiesced,false,0.0000
band8_depth15_s11,blitz,9,unguided,50,12,2,62,11,11,93,quiesced,true,0.0000
band8_depth15_s11,blitz,9,unguided,100,12,2,62,11,11,93,quiesced,true,0.0000
band8_depth15_s11,blitz,9,unguided,200,12,2,62,11,11,93,quiesced,true,0.0000
band8_depth15_s11,blitz,9,unguided,400,12,2,62,11,11,93,quiesced,true,0.0000
band8_depth15_s11,blitz,9,unguided,800,12,2,62,11,11,93,quiesced,true,0.0000
band8_depth15_s11,blitz,9,unguided,1600,12,2,62,11,11,93,quiesced,true,0.0000
band8_depth15_s11,blitz,9,unguided,3200,12,2,62,11,11,93,quiesced,true,0.0000
band8_depth15_s11,blitz,9,unguided,6400,12,2,62,11,11,93,quiesced,true,0.0000
band8_depth15_s11,blitz,9,unguided,12800,12,2,62,11,11,93,quiesced,true,0.0000
band8_depth15_s11,blitz,9,unguided,25600,12,2,62,11,11,93,quiesced,true,0.0000
band8_depth15_s11,blitz,9,unguided,51200,12,2,62,11,11,93,quiesced,true,0.0000
band8_depth15_s11,blitz,9,unguided,102400,12,2,62,11,11,93,quiesced,true,0.0000
band8_depth15_s11,blitz,9,unguided,204800,12,2,62,11,11,93,quiesced,true,0.0000
band8_depth15_s11,blitz,9,oracle,25,12,2,3,11,11,93,quiesced,false,0.0000
band8_depth15_s11,blitz,9,oracle,50,12,2,3,11,11,93,quiesced,true,0.0000
band8_depth15_s11,blitz,9,oracle,100,12,2,3,11,11,93,quiesced,true,0.0000
band8_depth15_s11,blitz,9,oracle,200,12,2,3,11,11,93,quiesced,true,0.0000
band8_depth15_s11,blitz,9,oracle,400,12,2,3,11,11,93,quiesced,true,0.0000
band8_depth15_s11,blitz,9,oracle,800,12,2,3,11,11,93,quiesced,true,0.0000
band8_depth15_s11,blitz,9,oracle,1600,12,2,3,11,11,93,quiesced,true,0.0000
band8_depth15_s11,blitz,9,oracle,3200,12,2,3,11,11,93,quiesced,true,0.0000
band8_depth15_s11,blitz,9,oracle,6400,12,2,3,11,11,93,quiesced,true,0.0000
band8_depth15_s11,blitz,9,oracle,12800,12,2,3,11,11,93,quiesced,true,0.0000
band8_depth15_s11,blitz,9,oracle,25600,12,2,3,11,11,93,quiesced,true,0.0000
band8_depth15_s11,blitz,9,oracle,51200,12,2,3,11,11,93,quiesced,true,0.0000
band8_depth15_s11,blitz,9,oracle,102400,12,2,3,11,11,93,quiesced,true,0.0000
band8_depth15_s11,blitz,9,oracle,204800,12,2,3,11,11,93,quiesced,true,0.0000
band8_depth15_s12,rapid,14,unguided,25,27,3,62,18,18,136,app_budget,false,0.0000
band8_depth15_s12,rapid,14,unguided,50,39,4,62,18,18,136,quiesced,false,0.0000
band8_depth15_s12,rapid,14,unguided,100,39,4,62,18,18,136,quiesced,true,0.0000
band8_depth15_s12,rapid,14,unguided,200,39,4,62,18,18,136,quiesced,true,0.0000
band8_depth15_s12,rapid,14,unguided,400,39,4,62,18,18,136,quiesced,true,0.0000
band8_depth15_s12,rapid,14,unguided,800,39,4,62,18,18,136,quiesced,true,0.0000
band8_depth15_s12,rapid,14,unguided,1600,39,4,62,18,18,136,quiesced,true,0.0000
band8_depth15_s12,rapid,14,unguided,3200,39,4,62,18,18,136,quiesced,true,0.0000
band8_depth15_s12,rapid,14,unguided,6400,39,4,62,18,18,136,quiesced,true,0.0000
band8_depth15_s12,rapid,14,unguided,12800,39,4,62,18,18,136,quiesced,true,0.0000
band8_depth15_s12,rapid,14,unguided,25600,39,4,62,18,18,136,quiesced,true,0.0000
band8_depth15_s12,rapid,14,unguided,51200,39,4,62,18,18,136,quiesced,true,0.0000
band8_depth15_s12,rapid,14,unguided,102400,39,4,62,18,18,136,quiesced,true,0.0000
band8_depth15_s12,rapid,14,unguided,204800,39,4,62,18,18,136,quiesced,true,0.0000
band8_depth15_s12,rapid,14,oracle,25,25,3,4,18,18,136,app_budget,false,0.0000
band8_depth15_s12,rapid,14,oracle,50,36,4,4,18,18,136,quiesced,false,0.0000
band8_depth15_s12,rapid,14,oracle,100,36,4,4,18,18,136,quiesced,true,0.0000
band8_depth15_s12,rapid,14,oracle,200,36,4,4,18,18,136,quiesced,true,0.0000
band8_depth15_s12,rapid,14,oracle,400,36,4,4,18,18,136,quiesced,true,0.0000
band8_depth15_s12,rapid,14,oracle,800,36,4,4,18,18,136,quiesced,true,0.0000
band8_depth15_s12,rapid,14,oracle,1600,36,4,4,18,18,136,quiesced,true,0.0000
band8_depth15_s12,rapid,14,oracle,3200,36,4,4,18,18,136,quiesced,true,0.0000
band8_depth15_s12,rapid,14,oracle,6400,36,4,4,18,18,136,quiesced,true,0.0000
band8_depth15_s12,rapid,14,oracle,12800,36,4,4,18,18,136,quiesced,true,0.0000
band8_depth15_s12,rapid,14,oracle,25600,36,4,4,18,18,136,quiesced,true,0.0000
band8_depth15_s12,rapid,14,oracle,51200,36,4,4,18,18,136,quiesced,true,0.0000
band8_depth15_s12,rapid,14,oracle,102400,36,4,4,18,18,136,quiesced,true,0.0000
band8_depth15_s12,rapid,14,oracle,204800,36,4,4,18,18,136,quiesced,true,0.0000
band8_depth15_s13,classical,1116,unguided,25,43,1,62,805,805,7033075,app_budget,false,600.3939
band8_depth15_s13,classical,1116,unguided,50,58,2,62,805,805,7033075,app_budget,false,600.3939
band8_depth15_s13,classical,1116,unguided,100,125,3,62,808,808,7032977,app_budget,false,600.3841
band8_depth15_s13,classical,1116,unguided,200,205,4,62,819,819,7032893,app_budget,false,600.3757
band8_depth15_s13,classical,1116,unguided,400,447,5,62,980,980,17032878,app_budget,false,1596.2315
band8_depth15_s13,classical,1116,unguided,800,866,6,62,980,980,17032878,app_budget,false,1596.2315
band8_depth15_s13,classical,1116,unguided,1600,1792,7,62,1714,1714,2000470,app_budget,false,99.2183
band8_depth15_s13,classical,1116,unguided,3200,3421,8,62,2148,2148,2000470,app_budget,false,99.2183
band8_depth15_s13,classical,1116,unguided,6400,6617,9,62,2652,2652,2000470,app_budget,false,99.2183
band8_depth15_s13,classical,1116,unguided,12800,13050,11,62,4686,4686,1004163,app_budget,false,0.0003
band8_depth15_s13,classical,1116,unguided,25600,20450,15,62,4866,4866,1004160,quiesced,false,0.0000
band8_depth15_s13,classical,1116,unguided,51200,20450,15,62,4866,4866,1004160,quiesced,true,0.0000
band8_depth15_s13,classical,1116,unguided,102400,20450,15,62,4866,4866,1004160,quiesced,true,0.0000
band8_depth15_s13,classical,1116,unguided,204800,20450,15,62,4866,4866,1004160,quiesced,true,0.0000
band8_depth15_s13,classical,1116,oracle,25,43,1,36,805,805,7033075,app_budget,false,600.3939
band8_depth15_s13,classical,1116,oracle,50,58,2,36,805,805,7033075,app_budget,false,600.3939
band8_depth15_s13,classical,1116,oracle,100,125,3,36,808,808,7032977,app_budget,false,600.3841
band8_depth15_s13,classical,1116,oracle,200,205,4,36,819,819,7032893,app_budget,false,600.3757
band8_depth15_s13,classical,1116,oracle,400,447,5,36,980,980,17032878,app_budget,false,1596.2315
band8_depth15_s13,classical,1116,oracle,800,866,6,36,980,980,17032878,app_budget,false,1596.2315
band8_depth15_s13,classical,1116,oracle,1600,1792,7,36,1714,1714,2000470,app_budget,false,99.2183
band8_depth15_s13,classical,1116,oracle,3200,3421,8,36,2148,2148,2000470,app_budget,false,99.2183
band8_depth15_s13,classical,1116,oracle,6400,6616,9,36,2652,2652,2000470,app_budget,false,99.2183
band8_depth15_s13,classical,1116,oracle,12800,13043,11,36,4686,4686,1004163,app_budget,false,0.0003
band8_depth15_s13,classical,1116,oracle,25600,20418,15,36,4866,4866,1004160,quiesced,false,0.0000
band8_depth15_s13,classical,1116,oracle,51200,20418,15,36,4866,4866,1004160,quiesced,true,0.0000
band8_depth15_s13,classical,1116,oracle,102400,20418,15,36,4866,4866,1004160,quiesced,true,0.0000
band8_depth15_s13,classical,1116,oracle,204800,20418,15,36,4866,4866,1004160,quiesced,true,0.0000
band8_depth15_s14,classical,3239,unguided,25,26,1,62,2135,2135,88144,app_budget,false,0.0000
band8_depth15_s14,classical,3239,unguided,50,52,2,62,2135,2135,88144,app_budget,false,0.0000
band8_depth15_s14,classical,3239,unguided,100,108,3,62,2169,2169,1088000,app_budget,false,1134.3438
band8_depth15_s14,classical,3239,unguided,200,270,4,62,2245,2245,1087569,app_budget,false,1133.8548
band8_depth15_s14,classical,3239,unguided,400,502,5,62,2281,2281,1087135,app_budget,false,1133.3625
band8_depth15_s14,classical,3239,unguided,800,1172,6,62,2716,2716,1086910,app_budget,false,1133.1072
band8_depth15_s14,classical,3239,unguided,1600,2308,7,62,2720,2720,1086854,app_budget,false,1133.0437
band8_depth15_s14,classical,3239,unguided,3200,3446,8,62,2722,2722,1086841,app_budget,false,1133.0289
band8_depth15_s14,classical,3239,unguided,6400,7098,10,62,4360,4360,1064166,app_budget,false,1107.3040
band8_depth15_s14,classical,3239,unguided,12800,10873,14,62,4981,4981,1063904,quiesced,false,1107.0067
band8_depth15_s14,classical,3239,unguided,25600,10873,14,62,4981,4981,1063904,quiesced,true,1107.0067
band8_depth15_s14,classical,3239,unguided,51200,10873,14,62,4981,4981,1063904,quiesced,true,1107.0067
band8_depth15_s14,classical,3239,unguided,102400,10873,14,62,4981,4981,1063904,quiesced,true,1107.0067
band8_depth15_s14,classical,3239,unguided,204800,10873,14,62,4981,4981,1063904,quiesced,true,1107.0067
band8_depth15_s14,classical,3239,oracle,25,26,1,37,2135,2135,88144,app_budget,false,0.0000
band8_depth15_s14,classical,3239,oracle,50,52,2,37,2135,2135,88144,app_budget,false,0.0000
band8_depth15_s14,classical,3239,oracle,100,108,3,37,2169,2169,1088000,app_budget,false,1134.3438
band8_depth15_s14,classical,3239,oracle,200,270,4,37,2245,2245,1087569,app_budget,false,1133.8548
band8_depth15_s14,classical,3239,oracle,400,502,5,37,2281,2281,1087135,app_budget,false,1133.3625
band8_depth15_s14,classical,3239,oracle,800,1172,6,37,2716,2716,1086910,app_budget,false,1133.1072
band8_depth15_s14,classical,3239,oracle,1600,2308,7,37,2720,2720,1086854,app_budget,false,1133.0437
band8_depth15_s14,classical,3239,oracle,3200,3446,8,37,2722,2722,1086841,app_budget,false,1133.0289
band8_depth15_s14,classical,3239,oracle,6400,7094,10,37,4360,4360,1064166,app_budget,false,1107.3040
band8_depth15_s14,classical,3239,oracle,12800,10831,14,37,4981,4981,1063904,quiesced,false,1107.0067
band8_depth15_s14,classical,3239,oracle,25600,10831,14,37,4981,4981,1063904,quiesced,true,1107.0067
band8_depth15_s14,classical,3239,oracle,51200,10831,14,37,4981,4981,1063904,quiesced,true,1107.0067
band8_depth15_s14,classical,3239,oracle,102400,10831,14,37,4981,4981,1063904,quiesced,true,1107.0067
band8_depth15_s14,classical,3239,oracle,204800,10831,14,37,4981,4981,1063904,quiesced,true,1107.0067
band8_depth15_s15,classical,381,unguided,25,71,1,62,349,349,8490,app_budget,false,46.8604
band8_depth15_s15,classical,381,unguided,50,71,1,62,349,349,8490,app_budget,false,46.8604
band8_depth15_s15,classical,381,unguided,100,100,2,62,350,350,8456,app_budget,false,46.2723
band8_depth15_s15,classical,381,unguided,200,247,3,62,354,354,8432,app_budget,false,45.8571
band8_depth15_s15,classical,381,unguided,400,424,4,62,384,384,8402,app_budget,false,45.3382
band8_depth15_s15,classical,381,unguided,800,829,5,62,591,591,5824,app_budget,false,0.7438
band8_depth15_s15,classical,381,unguided,1600,1711,6,62,992,992,5805,app_budget,false,0.4152
band8_depth15_s15,classical,381,unguided,3200,3522,7,62,1587,1587,5801,app_budget,false,0.3460
band8_depth15_s15,classical,381,unguided,6400,6433,8,62,2129,2129,5801,app_budget,false,0.3460
band8_depth15_s15,classical,381,unguided,12800,13172,10,62,2416,2416,5781,app_budget,false,0.0000
band8_depth15_s15,classical,381,unguided,25600,26097,13,62,2509,2509,5781,app_budget,false,0.0000
band8_depth15_s15,classical,381,unguided,51200,34829,15,62,2511,2511,5781,quiesced,false,0.0000
band8_depth15_s15,classical,381,unguided,102400,34829,15,62,2511,2511,5781,quiesced,true,0.0000
band8_depth15_s15,classical,381,unguided,204800,34829,15,62,2511,2511,5781,quiesced,true,0.0000
band8_depth15_s15,classical,381,oracle,25,71,1,27,349,349,8490,app_budget,false,46.8604
band8_depth15_s15,classical,381,oracle,50,71,1,27,349,349,8490,app_budget,false,46.8604
band8_depth15_s15,classical,381,oracle,100,100,2,27,350,350,8456,app_budget,false,46.2723
band8_depth15_s15,classical,381,oracle,200,247,3,27,354,354,8432,app_budget,false,45.8571
band8_depth15_s15,classical,381,oracle,400,424,4,27,384,384,8402,app_budget,false,45.3382
band8_depth15_s15,classical,381,oracle,800,829,5,27,591,591,5824,app_budget,false,0.7438
band8_depth15_s15,classical,381,oracle,1600,1711,6,27,992,992,5805,app_budget,false,0.4152
band8_depth15_s15,classical,381,oracle,3200,3522,7,27,1587,1587,5801,app_budget,false,0.3460
band8_depth15_s15,classical,381,oracle,6400,6433,8,27,2129,2129,5801,app_budget,false,0.3460
band8_depth15_s15,classical,381,oracle,12800,13172,10,27,2416,2416,5781,app_budget,false,0.0000
band8_depth15_s15,classical,381,oracle,25600,26097,13,27,2509,2509,5781,app_budget,false,0.0000
band8_depth15_s15,classical,381,oracle,51200,34829,15,27,2511,2511,5781,quiesced,false,0.0000
band8_depth15_s15,classical,381,oracle,102400,34829,15,27,2511,2511,5781,quiesced,true,0.0000
band8_depth15_s15,classical,381,oracle,204800,34829,15,27,2511,2511,5781,quiesced,true,0.0000
band8_depth15_s16,classical,1275,unguided,25,40,1,62,856,856,74073174,app_budget,false,1132.0059
band8_depth15_s16,classical,1275,unguided,50,58,2,62,856,856,74073174,app_budget,false,1132.0059
band8_depth15_s16,classical,1275,unguided,100,116,3,62,859,859,74073112,app_budget,false,1132.0049
band8_depth15_s16,classical,1275,unguided,200,366,4,62,1047,1047,74073060,app_budget,false,1132.0040
band8_depth15_s16,classical,1275,unguided,400,441,5,62,1047,1047,74073060,app_budget,false,1132.0040
band8_depth15_s16,classical,1275,unguided,800,882,6,62,1047,1047,74073060,app_budget,false,1132.0040
band8_depth15_s16,classical,1275,unguided,1600,1618,7,62,1453,1453,43063640,app_budget,false,616.2466
band8_depth15_s16,classical,1275,unguided,3200,3453,8,62,2519,2519,43063632,app_budget,false,616.2465
band8_depth15_s16,classical,1275,unguided,6400,6620,9,62,3764,3764,43063632,app_budget,false,616.2465
band8_depth15_s16,classical,1275,unguided,12800,11744,13,62,4995,4995,6012404,quiesced,false,0.0000
band8_depth15_s16,classical,1275,unguided,25600,11744,13,62,4995,4995,6012404,quiesced,true,0.0000
band8_depth15_s16,classical,1275,unguided,51200,11744,13,62,4995,4995,6012404,quiesced,true,0.0000
band8_depth15_s16,classical,1275,unguided,102400,11744,13,62,4995,4995,6012404,quiesced,true,0.0000
band8_depth15_s16,classical,1275,unguided,204800,11744,13,62,4995,4995,6012404,quiesced,true,0.0000
band8_depth15_s16,classical,1275,oracle,25,40,1,34,856,856,74073174,app_budget,false,1132.0059
band8_depth15_s16,classical,1275,oracle,50,58,2,34,856,856,74073174,app_budget,false,1132.0059
band8_depth15_s16,classical,1275,oracle,100,116,3,34,859,859,74073112,app_budget,false,1132.0049
band8_depth15_s16,classical,1275,oracle,200,366,4,34,1047,1047,74073060,app_budget,false,1132.0040
band8_depth15_s16,classical,1275,oracle,400,441,5,34,1047,1047,74073060,app_budget,false,1132.0040
band8_depth15_s16,classical,1275,oracle,800,882,6,34,1047,1047,74073060,app_budget,false,1132.0040
band8_depth15_s16,classical,1275,oracle,1600,1616,7,34,1453,1453,43063640,app_budget,false,616.2466
band8_depth15_s16,classical,1275,oracle,3200,3447,8,34,2519,2519,43063632,app_budget,false,616.2465
band8_depth15_s16,classical,1275,oracle,6400,6593,9,34,3764,3764,43063632,app_budget,false,616.2465
band8_depth15_s16,classical,1275,oracle,12800,11666,13,34,4995,4995,6012404,quiesced,false,0.0000
band8_depth15_s16,classical,1275,oracle,25600,11666,13,34,4995,4995,6012404,quiesced,true,0.0000
band8_depth15_s16,classical,1275,oracle,51200,11666,13,34,4995,4995,6012404,quiesced,true,0.0000
band8_depth15_s16,classical,1275,oracle,102400,11666,13,34,4995,4995,6012404,quiesced,true,0.0000
band8_depth15_s16,classical,1275,oracle,204800,11666,13,34,4995,4995,6012404,quiesced,true,0.0000
band8_depth15_s17,classical,514,unguided,25,82,1,62,449,449,15581,app_budget,false,78.7222
band8_depth15_s17,classical,514,unguided,50,82,1,62,449,449,15581,app_budget,false,78.7222
band8_depth15_s17,classical,514,unguided,100,110,2,62,452,452,15536,app_budget,false,78.2060
band8_depth15_s17,classical,514,unguided,200,276,3,62,458,458,15519,app_budget,false,78.0110
band8_depth15_s17,classical,514,unguided,400,454,4,62,460,460,15507,app_budget,false,77.8734
band8_depth15_s17,classical,514,unguided,800,883,5,62,812,812,14141,app_budget,false,62.2046
band8_depth15_s17,classical,514,unguided,1600,1615,6,62,1030,1030,2007953,app_budget,false,22932.2666
band8_depth15_s17,classical,514,unguided,3200,3825,7,62,1766,1766,14141,app_budget,false,62.2046
band8_depth15_s17,classical,514,unguided,6400,6757,8,62,2902,2902,1002286,app_budget,false,11396.7424
band8_depth15_s17,classical,514,unguided,12800,13071,9,62,4589,4589,8763,app_budget,false,0.5162
band8_depth15_s17,classical,514,unguided,25600,19709,14,62,4946,4946,8718,quiesced,false,0.0000
band8_depth15_s17,classical,514,unguided,51200,19709,14,62,4946,4946,8718,quiesced,true,0.0000
band8_depth15_s17,classical,514,unguided,102400,19709,14,62,4946,4946,8718,quiesced,true,0.0000
band8_depth15_s17,classical,514,unguided,204800,19709,14,62,4946,4946,8718,quiesced,true,0.0000
band8_depth15_s17,classical,514,oracle,25,82,1,35,449,449,15581,app_budget,false,78.7222
band8_depth15_s17,classical,514,oracle,50,82,1,35,449,449,15581,app_budget,false,78.7222
band8_depth15_s17,classical,514,oracle,100,110,2,35,452,452,15536,app_budget,false,78.2060
band8_depth15_s17,classical,514,oracle,200,276,3,35,458,458,15519,app_budget,false,78.0110
band8_depth15_s17,classical,514,oracle,400,454,4,35,460,460,15507,app_budget,false,77.8734
band8_depth15_s17,classical,514,oracle,800,883,5,35,812,812,14141,app_budget,false,62.2046
band8_depth15_s17,classical,514,oracle,1600,1615,6,35,1030,1030,2007953,app_budget,false,22932.2666
band8_depth15_s17,classical,514,oracle,3200,3825,7,35,1766,1766,14141,app_budget,false,62.2046
band8_depth15_s17,classical,514,oracle,6400,6757,8,35,2902,2902,1002286,app_budget,false,11396.7424
band8_depth15_s17,classical,514,oracle,12800,13064,9,35,4589,4589,8763,app_budget,false,0.5162
band8_depth15_s17,classical,514,oracle,25600,19667,14,35,4946,4946,8718,quiesced,false,0.0000
band8_depth15_s17,classical,514,oracle,51200,19667,14,35,4946,4946,8718,quiesced,true,0.0000
band8_depth15_s17,classical,514,oracle,102400,19667,14,35,4946,4946,8718,quiesced,true,0.0000
band8_depth15_s17,classical,514,oracle,204800,19667,14,35,4946,4946,8718,quiesced,true,0.0000
band8_depth15_s18,rapid,12,unguided,25,16,2,62,16,16,115,quiesced,false,0.0000
band8_depth15_s18,rapid,12,unguided,50,16,2,62,16,16,115,quiesced,true,0.0000
band8_depth15_s18,rapid,12,unguided,100,16,2,62,16,16,115,quiesced,true,0.0000
band8_depth15_s18,rapid,12,unguided,200,16,2,62,16,16,115,quiesced,true,0.0000
band8_depth15_s18,rapid,12,unguided,400,16,2,62,16,16,115,quiesced,true,0.0000
band8_depth15_s18,rapid,12,unguided,800,16,2,62,16,16,115,quiesced,true,0.0000
band8_depth15_s18,rapid,12,unguided,1600,16,2,62,16,16,115,quiesced,true,0.0000
band8_depth15_s18,rapid,12,unguided,3200,16,2,62,16,16,115,quiesced,true,0.0000
band8_depth15_s18,rapid,12,unguided,6400,16,2,62,16,16,115,quiesced,true,0.0000
band8_depth15_s18,rapid,12,unguided,12800,16,2,62,16,16,115,quiesced,true,0.0000
band8_depth15_s18,rapid,12,unguided,25600,16,2,62,16,16,115,quiesced,true,0.0000
band8_depth15_s18,rapid,12,unguided,51200,16,2,62,16,16,115,quiesced,true,0.0000
band8_depth15_s18,rapid,12,unguided,102400,16,2,62,16,16,115,quiesced,true,0.0000
band8_depth15_s18,rapid,12,unguided,204800,16,2,62,16,16,115,quiesced,true,0.0000
band8_depth15_s18,rapid,12,oracle,25,16,2,5,16,16,115,quiesced,false,0.0000
band8_depth15_s18,rapid,12,oracle,50,16,2,5,16,16,115,quiesced,true,0.0000
band8_depth15_s18,rapid,12,oracle,100,16,2,5,16,16,115,quiesced,true,0.0000
band8_depth15_s18,rapid,12,oracle,200,16,2,5,16,16,115,quiesced,true,0.0000
band8_depth15_s18,rapid,12,oracle,400,16,2,5,16,16,115,quiesced,true,0.0000
band8_depth15_s18,rapid,12,oracle,800,16,2,5,16,16,115,quiesced,true,0.0000
band8_depth15_s18,rapid,12,oracle,1600,16,2,5,16,16,115,quiesced,true,0.0000
band8_depth15_s18,rapid,12,oracle,3200,16,2,5,16,16,115,quiesced,true,0.0000
band8_depth15_s18,rapid,12,oracle,6400,16,2,5,16,16,115,quiesced,true,0.0000
band8_depth15_s18,rapid,12,oracle,12800,16,2,5,16,16,115,quiesced,true,0.0000
band8_depth15_s18,rapid,12,oracle,25600,16,2,5,16,16,115,quiesced,true,0.0000
band8_depth15_s18,rapid,12,oracle,51200,16,2,5,16,16,115,quiesced,true,0.0000
band8_depth15_s18,rapid,12,oracle,102400,16,2,5,16,16,115,quiesced,true,0.0000
band8_depth15_s18,rapid,12,oracle,204800,16,2,5,16,16,115,quiesced,true,0.0000
band8_depth15_s19,rapid,18,unguided,25,25,2,62,25,25,166,app_budget,false,0.0000
band8_depth15_s19,rapid,18,unguided,50,42,3,62,25,25,166,quiesced,false,0.0000
band8_depth15_s19,rapid,18,unguided,100,42,3,62,25,25,166,quiesced,true,0.0000
band8_depth15_s19,rapid,18,unguided,200,42,3,62,25,25,166,quiesced,true,0.0000
band8_depth15_s19,rapid,18,unguided,400,42,3,62,25,25,166,quiesced,true,0.0000
band8_depth15_s19,rapid,18,unguided,800,42,3,62,25,25,166,quiesced,true,0.0000
band8_depth15_s19,rapid,18,unguided,1600,42,3,62,25,25,166,quiesced,true,0.0000
band8_depth15_s19,rapid,18,unguided,3200,42,3,62,25,25,166,quiesced,true,0.0000
band8_depth15_s19,rapid,18,unguided,6400,42,3,62,25,25,166,quiesced,true,0.0000
band8_depth15_s19,rapid,18,unguided,12800,42,3,62,25,25,166,quiesced,true,0.0000
band8_depth15_s19,rapid,18,unguided,25600,42,3,62,25,25,166,quiesced,true,0.0000
band8_depth15_s19,rapid,18,unguided,51200,42,3,62,25,25,166,quiesced,true,0.0000
band8_depth15_s19,rapid,18,unguided,102400,42,3,62,25,25,166,quiesced,true,0.0000
band8_depth15_s19,rapid,18,unguided,204800,42,3,62,25,25,166,quiesced,true,0.0000
band8_depth15_s19,rapid,18,oracle,25,25,2,7,25,25,166,app_budget,false,0.0000
band8_depth15_s19,rapid,18,oracle,50,42,3,7,25,25,166,quiesced,false,0.0000
band8_depth15_s19,rapid,18,oracle,100,42,3,7,25,25,166,quiesced,true,0.0000
band8_depth15_s19,rapid,18,oracle,200,42,3,7,25,25,166,quiesced,true,0.0000
band8_depth15_s19,rapid,18,oracle,400,42,3,7,25,25,166,quiesced,true,0.0000
band8_depth15_s19,rapid,18,oracle,800,42,3,7,25,25,166,quiesced,true,0.0000
band8_depth15_s19,rapid,18,oracle,1600,42,3,7,25,25,166,quiesced,true,0.0000
band8_depth15_s19,rapid,18,oracle,3200,42,3,7,25,25,166,quiesced,true,0.0000
band8_depth15_s19,rapid,18,oracle,6400,42,3,7,25,25,166,quiesced,true,0.0000
band8_depth15_s19,rapid,18,oracle,12800,42,3,7,25,25,166,quiesced,true,0.0000
band8_depth15_s19,rapid,18,oracle,25600,42,3,7,25,25,166,quiesced,true,0.0000
band8_depth15_s19,rapid,18,oracle,51200,42,3,7,25,25,166,quiesced,true,0.0000
band8_depth15_s19,rapid,18,oracle,102400,42,3,7,25,25,166,quiesced,true,0.0000
band8_depth15_s19,rapid,18,oracle,204800,42,3,7,25,25,166,quiesced,true,0.0000
band8_depth15_s20,blitz,10,unguided,25,11,2,62,12,12,303,quiesced,false,0.0000
band8_depth15_s20,blitz,10,unguided,50,11,2,62,12,12,303,quiesced,true,0.0000
band8_depth15_s20,blitz,10,unguided,100,11,2,62,12,12,303,quiesced,true,0.0000
band8_depth15_s20,blitz,10,unguided,200,11,2,62,12,12,303,quiesced,true,0.0000
band8_depth15_s20,blitz,10,unguided,400,11,2,62,12,12,303,quiesced,true,0.0000
band8_depth15_s20,blitz,10,unguided,800,11,2,62,12,12,303,quiesced,true,0.0000
band8_depth15_s20,blitz,10,unguided,1600,11,2,62,12,12,303,quiesced,true,0.0000
band8_depth15_s20,blitz,10,unguided,3200,11,2,62,12,12,303,quiesced,true,0.0000
band8_depth15_s20,blitz,10,unguided,6400,11,2,62,12,12,303,quiesced,true,0.0000
band8_depth15_s20,blitz,10,unguided,12800,11,2,62,12,12,303,quiesced,true,0.0000
band8_depth15_s20,blitz,10,unguided,25600,11,2,62,12,12,303,quiesced,true,0.0000
band8_depth15_s20,blitz,10,unguided,51200,11,2,62,12,12,303,quiesced,true,0.0000
band8_depth15_s20,blitz,10,unguided,102400,11,2,62,12,12,303,quiesced,true,0.0000
band8_depth15_s20,blitz,10,unguided,204800,11,2,62,12,12,303,quiesced,true,0.0000
band8_depth15_s20,blitz,10,oracle,25,11,2,3,12,12,303,quiesced,false,0.0000
band8_depth15_s20,blitz,10,oracle,50,11,2,3,12,12,303,quiesced,true,0.0000
band8_depth15_s20,blitz,10,oracle,100,11,2,3,12,12,303,quiesced,true,0.0000
band8_depth15_s20,blitz,10,oracle,200,11,2,3,12,12,303,quiesced,true,0.0000
band8_depth15_s20,blitz,10,oracle,400,11,2,3,12,12,303,quiesced,true,0.0000
band8_depth15_s20,blitz,10,oracle,800,11,2,3,12,12,303,quiesced,true,0.0000
band8_depth15_s20,blitz,10,oracle,1600,11,2,3,12,12,303,quiesced,true,0.0000
band8_depth15_s20,blitz,10,oracle,3200,11,2,3,12,12,303,quiesced,true,0.0000
band8_depth15_s20,blitz,10,oracle,6400,11,2,3,12,12,303,quiesced,true,0.0000
band8_depth15_s20,blitz,10,oracle,12800,11,2,3,12,12,303,quiesced,true,0.0000
band8_depth15_s20,blitz,10,oracle,25600,11,2,3,12,12,303,quiesced,true,0.0000
band8_depth15_s20,blitz,10,oracle,51200,11,2,3,12,12,303,quiesced,true,0.0000
band8_depth15_s20,blitz,10,oracle,102400,11,2,3,12,12,303,quiesced,true,0.0000
band8_depth15_s20,blitz,10,oracle,204800,11,2,3,12,12,303,quiesced,true,0.0000
band8_depth15_s21,classical,1431,unguided,25,51,1,62,1029,1029,45992,app_budget,false,0.3579
band8_depth15_s21,classical,1431,unguided,50,51,1,62,1029,1029,45992,app_budget,false,0.3579
band8_depth15_s21,classical,1431,unguided,100,129,2,62,1038,1038,45890,app_budget,false,0.1353
band8_depth15_s21,classical,1431,unguided,200,218,3,62,1049,1049,45835,app_budget,false,0.0153
band8_depth15_s21,classical,1431,unguided,400,512,4,62,1253,1253,45832,app_budget,false,0.0087
band8_depth15_s21,classical,1431,unguided,800,1030,5,62,1254,1254,45828,app_budget,false,0.0000
band8_depth15_s21,classical,1431,unguided,1600,1631,6,62,1333,1333,45828,app_budget,false,0.0000
band8_depth15_s21,classical,1431,unguided,3200,3709,8,62,2270,2270,2029436,app_budget,false,4328.3757
band8_depth15_s21,classical,1431,unguided,6400,7036,9,62,3646,3646,6029319,app_budget,false,13056.4087
band8_depth15_s21,classical,1431,unguided,12800,13034,11,62,4687,4687,6029244,app_budget,false,13056.2451
band8_depth15_s21,classical,1431,unguided,25600,20657,15,62,4729,4729,6029244,quiesced,false,13056.2451
band8_depth15_s21,classical,1431,unguided,51200,20657,15,62,4729,4729,6029244,quiesced,true,13056.2451
band8_depth15_s21,classical,1431,unguided,102400,20657,15,62,4729,4729,6029244,quiesced,true,13056.2451
band8_depth15_s21,classical,1431,unguided,204800,20657,15,62,4729,4729,6029244,quiesced,true,13056.2451
band8_depth15_s21,classical,1431,oracle,25,51,1,34,1029,1029,45992,app_budget,false,0.3579
band8_depth15_s21,classical,1431,oracle,50,51,1,34,1029,1029,45992,app_budget,false,0.3579
band8_depth15_s21,classical,1431,oracle,100,129,2,34,1038,1038,45890,app_budget,false,0.1353
band8_depth15_s21,classical,1431,oracle,200,218,3,34,1049,1049,45835,app_budget,false,0.0153
band8_depth15_s21,classical,1431,oracle,400,512,4,34,1253,1253,45832,app_budget,false,0.0087
band8_depth15_s21,classical,1431,oracle,800,1030,5,34,1254,1254,45828,app_budget,false,0.0000
band8_depth15_s21,classical,1431,oracle,1600,1631,6,34,1333,1333,45828,app_budget,false,0.0000
band8_depth15_s21,classical,1431,oracle,3200,3709,8,34,2270,2270,2029436,app_budget,false,4328.3757
band8_depth15_s21,classical,1431,oracle,6400,7036,9,34,3646,3646,6029319,app_budget,false,13056.4087
band8_depth15_s21,classical,1431,oracle,12800,13034,11,34,4687,4687,6029244,app_budget,false,13056.2451
band8_depth15_s21,classical,1431,oracle,25600,20657,15,34,4729,4729,6029244,quiesced,false,13056.2451
band8_depth15_s21,classical,1431,oracle,51200,20657,15,34,4729,4729,6029244,quiesced,true,13056.2451
band8_depth15_s21,classical,1431,oracle,102400,20657,15,34,4729,4729,6029244,quiesced,true,13056.2451
band8_depth15_s21,classical,1431,oracle,204800,20657,15,34,4729,4729,6029244,quiesced,true,13056.2451
band9_depth18_s0,classical,2455,unguided,25,27,1,62,1603,1603,69683,app_budget,false,0.0000
band9_depth18_s0,classical,2455,unguided,50,54,2,62,1603,1603,69683,app_budget,false,0.0000
band9_depth18_s0,classical,2455,unguided,100,114,3,62,1648,1648,20069640,app_budget,false,28701.3432
band9_depth18_s0,classical,2455,unguided,200,233,4,62,1695,1695,20069412,app_budget,false,28701.0160
band9_depth18_s0,classical,2455,unguided,400,698,5,62,2021,2021,20069254,app_budget,false,28700.7893
band9_depth18_s0,classical,2455,unguided,800,891,6,62,2032,2032,20069150,app_budget,false,28700.6400
band9_depth18_s0,classical,2455,unguided,1600,1706,7,62,2034,2034,20069144,app_budget,false,28700.6314
band9_depth18_s0,classical,2455,unguided,3200,3407,8,62,2988,2988,8054437,app_budget,false,11458.6829
band9_depth18_s0,classical,2455,unguided,6400,6757,9,62,4192,4192,8054176,app_budget,false,11458.3083
band9_depth18_s0,classical,2455,unguided,12800,12806,12,62,4923,4923,1042106,app_budget,false,1395.4953
band9_depth18_s0,classical,2455,unguided,25600,13858,13,62,4923,4923,1042106,quiesced,false,1395.4953
band9_depth18_s0,classical,2455,unguided,51200,13858,13,62,4923,4923,1042106,quiesced,true,1395.4953
band9_depth18_s0,classical,2455,unguided,102400,13858,13,62,4923,4923,1042106,quiesced,true,1395.4953
band9_depth18_s0,classical,2455,unguided,204800,13858,13,62,4923,4923,1042106,quiesced,true,1395.4953
band9_depth18_s0,classical,2455,oracle,25,27,1,37,1603,1603,69683,app_budget,false,0.0000
band9_depth18_s0,classical,2455,oracle,50,54,2,37,1603,1603,69683,app_budget,false,0.0000
band9_depth18_s0,classical,2455,oracle,100,114,3,37,1648,1648,20069640,app_budget,false,28701.3432
band9_depth18_s0,classical,2455,oracle,200,233,4,37,1695,1695,20069412,app_budget,false,28701.0160
band9_depth18_s0,classical,2455,oracle,400,698,5,37,2021,2021,20069254,app_budget,false,28700.7893
band9_depth18_s0,classical,2455,oracle,800,891,6,37,2032,2032,20069150,app_budget,false,28700.6400
band9_depth18_s0,classical,2455,oracle,1600,1706,7,37,2034,2034,20069144,app_budget,false,28700.6314
band9_depth18_s0,classical,2455,oracle,3200,3405,8,37,2988,2988,8054437,app_budget,false,11458.6829
band9_depth18_s0,classical,2455,oracle,6400,6753,9,37,4192,4192,8054176,app_budget,false,11458.3083
band9_depth18_s0,classical,2455,oracle,12800,12801,12,37,4923,4923,1042106,app_budget,false,1395.4953
band9_depth18_s0,classical,2455,oracle,25600,13851,13,37,4923,4923,1042106,quiesced,false,1395.4953
band9_depth18_s0,classical,2455,oracle,51200,13851,13,37,4923,4923,1042106,quiesced,true,1395.4953
band9_depth18_s0,classical,2455,oracle,102400,13851,13,37,4923,4923,1042106,quiesced,true,1395.4953
band9_depth18_s0,classical,2455,oracle,204800,13851,13,37,4923,4923,1042106,quiesced,true,1395.4953
band9_depth18_s1,rapid,38,unguided,25,36,2,62,50,50,447,app_budget,false,3.4722
band9_depth18_s1,rapid,38,unguided,50,54,3,62,51,51,432,app_budget,false,0.0000
band9_depth18_s1,rapid,38,unguided,100,110,5,62,52,52,432,app_budget,false,0.0000
band9_depth18_s1,rapid,38,unguided,200,154,6,62,52,52,432,quiesced,false,0.0000
band9_depth18_s1,rapid,38,unguided,400,154,6,62,52,52,432,quiesced,true,0.0000
band9_depth18_s1,rapid,38,unguided,800,154,6,62,52,52,432,quiesced,true,0.0000
band9_depth18_s1,rapid,38,unguided,1600,154,6,62,52,52,432,quiesced,true,0.0000
band9_depth18_s1,rapid,38,unguided,3200,154,6,62,52,52,432,quiesced,true,0.0000
band9_depth18_s1,rapid,38,unguided,6400,154,6,62,52,52,432,quiesced,true,0.0000
band9_depth18_s1,rapid,38,unguided,12800,154,6,62,52,52,432,quiesced,true,0.0000
band9_depth18_s1,rapid,38,unguided,25600,154,6,62,52,52,432,quiesced,true,0.0000
band9_depth18_s1,rapid,38,unguided,51200,154,6,62,52,52,432,quiesced,true,0.0000
band9_depth18_s1,rapid,38,unguided,102400,154,6,62,52,52,432,quiesced,true,0.0000
band9_depth18_s1,rapid,38,unguided,204800,154,6,62,52,52,432,quiesced,true,0.0000
band9_depth18_s1,rapid,38,oracle,25,36,2,10,50,50,447,app_budget,false,3.4722
band9_depth18_s1,rapid,38,oracle,50,54,3,10,51,51,432,app_budget,false,0.0000
band9_depth18_s1,rapid,38,oracle,100,110,5,10,52,52,432,app_budget,false,0.0000
band9_depth18_s1,rapid,38,oracle,200,154,6,10,52,52,432,quiesced,false,0.0000
band9_depth18_s1,rapid,38,oracle,400,154,6,10,52,52,432,quiesced,true,0.0000
band9_depth18_s1,rapid,38,oracle,800,154,6,10,52,52,432,quiesced,true,0.0000
band9_depth18_s1,rapid,38,oracle,1600,154,6,10,52,52,432,quiesced,true,0.0000
band9_depth18_s1,rapid,38,oracle,3200,154,6,10,52,52,432,quiesced,true,0.0000
band9_depth18_s1,rapid,38,oracle,6400,154,6,10,52,52,432,quiesced,true,0.0000
band9_depth18_s1,rapid,38,oracle,12800,154,6,10,52,52,432,quiesced,true,0.0000
band9_depth18_s1,rapid,38,oracle,25600,154,6,10,52,52,432,quiesced,true,0.0000
band9_depth18_s1,rapid,38,oracle,51200,154,6,10,52,52,432,quiesced,true,0.0000
band9_depth18_s1,rapid,38,oracle,102400,154,6,10,52,52,432,quiesced,true,0.0000
band9_depth18_s1,rapid,38,oracle,204800,154,6,10,52,52,432,quiesced,true,0.0000
band9_depth18_s2,classical,2030,unguided,25,61,1,62,1411,1411,51013,app_budget,false,1.3913
band9_depth18_s2,classical,2030,unguided,50,61,1,62,1411,1411,51013,app_budget,false,1.3913
band9_depth18_s2,classical,2030,unguided,100,151,2,62,1416,1416,50885,app_budget,false,1.1369
band9_depth18_s2,classical,2030,unguided,200,260,3,62,1435,1435,50748,app_budget,false,0.8646
band9_depth18_s2,classical,2030,unguided,400,651,4,62,1713,1713,50729,app_budget,false,0.8268
band9_depth18_s2,classical,2030,unguided,800,1344,5,62,1713,1713,50729,app_budget,false,0.8268
band9_depth18_s2,classical,2030,unguided,1600,2037,6,62,1713,1713,50729,app_budget,false,0.8268
band9_depth18_s2,classical,2030,unguided,3200,3256,7,62,2368,2368,50332,app_budget,false,0.0378
band9_depth18_s2,classical,2030,unguided,6400,6568,8,62,4133,4133,50313,app_budget,false,0.0000
band9_depth18_s2,classical,2030,unguided,12800,10396,12,62,4999,4999,6036613,quiesced,false,11898.1178
band9_depth18_s2,classical,2030,unguided,25600,10396,12,62,4999,4999,6036613,quiesced,true,11898.1178
band9_depth18_s2,classical,2030,unguided,51200,10396,12,62,4999,4999,6036613,quiesced,true,11898.1178
band9_depth18_s2,classical,2030,unguided,102400,10396,12,62,4999,4999,6036613,quiesced,true,11898.1178
band9_depth18_s2,classical,2030,unguided,204800,10396,12,62,4999,4999,6036613,quiesced,true,11898.1178
band9_depth18_s2,classical,2030,oracle,25,61,1,37,1411,1411,51013,app_budget,false,1.3913
band9_depth18_s2,classical,2030,oracle,50,61,1,37,1411,1411,51013,app_budget,false,1.3913
band9_depth18_s2,classical,2030,oracle,100,151,2,37,1416,1416,50885,app_budget,false,1.1369
band9_depth18_s2,classical,2030,oracle,200,260,3,37,1435,1435,50748,app_budget,false,0.8646
band9_depth18_s2,classical,2030,oracle,400,651,4,37,1713,1713,50729,app_budget,false,0.8268
band9_depth18_s2,classical,2030,oracle,800,1344,5,37,1713,1713,50729,app_budget,false,0.8268
band9_depth18_s2,classical,2030,oracle,1600,2037,6,37,1713,1713,50729,app_budget,false,0.8268
band9_depth18_s2,classical,2030,oracle,3200,3256,7,37,2368,2368,50332,app_budget,false,0.0378
band9_depth18_s2,classical,2030,oracle,6400,6568,8,37,4133,4133,50313,app_budget,false,0.0000
band9_depth18_s2,classical,2030,oracle,12800,10349,12,37,4999,4999,6036613,quiesced,false,11898.1178
band9_depth18_s2,classical,2030,oracle,25600,10349,12,37,4999,4999,6036613,quiesced,true,11898.1178
band9_depth18_s2,classical,2030,oracle,51200,10349,12,37,4999,4999,6036613,quiesced,true,11898.1178
band9_depth18_s2,classical,2030,oracle,102400,10349,12,37,4999,4999,6036613,quiesced,true,11898.1178
band9_depth18_s2,classical,2030,oracle,204800,10349,12,37,4999,4999,6036613,quiesced,true,11898.1178
band9_depth18_s3,classical,1919,unguided,25,57,1,62,1277,1277,64009,app_budget,false,0.3433
band9_depth18_s3,classical,1919,unguided,50,57,1,62,1277,1277,64009,app_budget,false,0.3433
band9_depth18_s3,classical,1919,unguided,100,144,2,62,1286,1286,63874,app_budget,false,0.1317
band9_depth18_s3,classical,1919,unguided,200,243,3,62,1297,1297,63794,app_budget,false,0.0063
band9_depth18_s3,classical,1919,unguided,400,578,4,62,1529,1529,63790,app_budget,false,0.0000
band9_depth18_s3,classical,1919,unguided,800,1166,5,62,1529,1529,63790,app_budget,false,0.0000
band9_depth18_s3,classical,1919,unguided,1600,1754,6,62,1529,1529,63790,app_budget,false,0.0000
band9_depth18_s3,classical,1919,unguided,3200,3209,7,62,2454,2454,2041934,app_budget,false,3101.0252
band9_depth18_s3,classical,1919,unguided,6400,7159,8,62,4649,4649,3040535,app_budget,false,4666.4759
band9_depth18_s3,classical,1919,unguided,12800,9079,11,62,5000,5000,1038962,quiesced,false,1528.7224
band9_depth18_s3,classical,1919,unguided,25600,9079,11,62,5000,5000,1038962,quiesced,true,1528.7224
band9_depth18_s3,classical,1919,unguided,51200,9079,11,62,5000,5000,1038962,quiesced,true,1528.7224
band9_depth18_s3,classical,1919,unguided,102400,9079,11,62,5000,5000,1038962,quiesced,true,1528.7224
band9_depth18_s3,classical,1919,unguided,204800,9079,11,62,5000,5000,1038962,quiesced,true,1528.7224
band9_depth18_s3,classical,1919,oracle,25,57,1,40,1277,1277,64009,app_budget,false,0.3433
band9_depth18_s3,classical,1919,oracle,50,57,1,40,1277,1277,64009,app_budget,false,0.3433
band9_depth18_s3,classical,1919,oracle,100,144,2,40,1286,1286,63874,app_budget,false,0.1317
band9_depth18_s3,classical,1919,oracle,200,243,3,40,1297,1297,63794,app_budget,false,0.0063
band9_depth18_s3,classical,1919,oracle,400,578,4,40,1529,1529,63790,app_budget,false,0.0000
band9_depth18_s3,classical,1919,oracle,800,1166,5,40,1529,1529,63790,app_budget,false,0.0000
band9_depth18_s3,classical,1919,oracle,1600,1754,6,40,1529,1529,63790,app_budget,false,0.0000
band9_depth18_s3,classical,1919,oracle,3200,3206,7,40,2454,2454,2041934,app_budget,false,3101.0252
band9_depth18_s3,classical,1919,oracle,6400,7149,8,40,4649,4649,3040535,app_budget,false,4666.4759
band9_depth18_s3,classical,1919,oracle,12800,9059,11,40,5000,5000,1038962,quiesced,false,1528.7224
band9_depth18_s3,classical,1919,oracle,25600,9059,11,40,5000,5000,1038962,quiesced,true,1528.7224
band9_depth18_s3,classical,1919,oracle,51200,9059,11,40,5000,5000,1038962,quiesced,true,1528.7224
band9_depth18_s3,classical,1919,oracle,102400,9059,11,40,5000,5000,1038962,quiesced,true,1528.7224
band9_depth18_s3,classical,1919,oracle,204800,9059,11,40,5000,5000,1038962,quiesced,true,1528.7224
band9_depth18_s4,classical,2156,unguided,25,38,1,62,1411,1411,123141876,app_budget,false,2903.1300
band9_depth18_s4,classical,2156,unguided,50,50,2,62,1411,1411,123141876,app_budget,false,2903.1300
band9_depth18_s4,classical,2156,unguided,100,132,3,62,1441,1441,123141409,app_budget,false,2903.1187
band9_depth18_s4,classical,2156,unguided,200,235,4,62,1456,1456,123141015,app_budget,false,2903.1090
band9_depth18_s4,classical,2156,unguided,400,641,5,62,1756,1756,73140835,app_budget,false,1683.7266
band9_depth18_s4,classical,2156,unguided,800,1362,6,62,1757,1757,73140819,app_budget,false,1683.7262
band9_depth18_s4,classical,2156,unguided,1600,2083,7,62,1757,1757,73140819,app_budget,false,1683.7262
band9_depth18_s4,classical,2156,unguided,3200,3225,8,62,2261,2261,109132737,app_budget,false,2561.4813
band9_depth18_s4,classical,2156,unguided,6400,6791,9,62,4230,4230,4100451,app_budget,false,0.0000
band9_depth18_s4,classical,2156,unguided,12800,10970,13,62,4996,4996,114085842,quiesced,false,2682.2755
band9_depth18_s4,classical,2156,unguided,25600,10970,13,62,4996,4996,114085842,quiesced,true,2682.2755
band9_depth18_s4,classical,2156,unguided,51200,10970,13,62,4996,4996,114085842,quiesced,true,2682.2755
band9_depth18_s4,classical,2156,unguided,102400,10970,13,62,4996,4996,114085842,quiesced,true,2682.2755
band9_depth18_s4,classical,2156,unguided,204800,10970,13,62,4996,4996,114085842,quiesced,true,2682.2755
band9_depth18_s4,classical,2156,oracle,25,38,1,39,1411,1411,123141876,app_budget,false,2903.1300
band9_depth18_s4,classical,2156,oracle,50,50,2,39,1411,1411,123141876,app_budget,false,2903.1300
band9_depth18_s4,classical,2156,oracle,100,132,3,39,1441,1441,123141409,app_budget,false,2903.1187
band9_depth18_s4,classical,2156,oracle,200,235,4,39,1456,1456,123141015,app_budget,false,2903.1090
band9_depth18_s4,classical,2156,oracle,400,641,5,39,1756,1756,73140835,app_budget,false,1683.7266
band9_depth18_s4,classical,2156,oracle,800,1362,6,39,1757,1757,73140819,app_budget,false,1683.7262
band9_depth18_s4,classical,2156,oracle,1600,2083,7,39,1757,1757,73140819,app_budget,false,1683.7262
band9_depth18_s4,classical,2156,oracle,3200,3225,8,39,2261,2261,109132737,app_budget,false,2561.4813
band9_depth18_s4,classical,2156,oracle,6400,6789,9,39,4230,4230,4100451,app_budget,false,0.0000
band9_depth18_s4,classical,2156,oracle,12800,10942,13,39,4996,4996,114085842,quiesced,false,2682.2755
band9_depth18_s4,classical,2156,oracle,25600,10942,13,39,4996,4996,114085842,quiesced,true,2682.2755
band9_depth18_s4,classical,2156,oracle,51200,10942,13,39,4996,4996,114085842,quiesced,true,2682.2755
band9_depth18_s4,classical,2156,oracle,102400,10942,13,39,4996,4996,114085842,quiesced,true,2682.2755
band9_depth18_s4,classical,2156,oracle,204800,10942,13,39,4996,4996,114085842,quiesced,true,2682.2755
band9_depth18_s5,classical,3688,unguided,25,30,1,62,2387,2387,164805,app_budget,false,36.4596
band9_depth18_s5,classical,3688,unguided,50,60,2,62,2387,2387,164805,app_budget,false,36.4596
band9_depth18_s5,classical,3688,unguided,100,100,3,62,2387,2387,68157355,app_budget,false,56334.7324
band9_depth18_s5,classical,3688,unguided,200,261,4,62,2505,2505,68156771,app_budget,false,56334.2488
band9_depth18_s5,classical,3688,unguided,400,469,5,62,2533,2533,68156433,app_budget,false,56333.9690
band9_depth18_s5,classical,3688,unguided,800,1191,6,62,3043,3043,68156185,app_budget,false,56333.7636
band9_depth18_s5,classical,3688,unguided,1600,2455,7,62,3044,3044,68156155,app_budget,false,56333.7388
band9_depth18_s5,classical,3688,unguided,3200,3719,8,62,3044,3044,68156155,app_budget,false,56333.7388
band9_depth18_s5,classical,3688,unguided,6400,6549,9,62,4747,4747,120772,app_budget,false,0.0000
band9_depth18_s5,classical,3688,unguided,12800,10967,15,62,4968,4968,6117879,quiesced,false,4965.6435
band9_depth18_s5,classical,3688,unguided,25600,10967,15,62,4968,4968,6117879,quiesced,true,4965.6435
band9_depth18_s5,classical,3688,unguided,51200,10967,15,62,4968,4968,6117879,quiesced,true,4965.6435
band9_depth18_s5,classical,3688,unguided,102400,10967,15,62,4968,4968,6117879,quiesced,true,4965.6435
band9_depth18_s5,classical,3688,unguided,204800,10967,15,62,4968,4968,6117879,quiesced,true,4965.6435
band9_depth18_s5,classical,3688,oracle,25,30,1,42,2387,2387,164805,app_budget,false,36.4596
band9_depth18_s5,classical,3688,oracle,50,60,2,42,2387,2387,164805,app_budget,false,36.4596
band9_depth18_s5,classical,3688,oracle,100,100,3,42,2387,2387,68157355,app_budget,false,56334.7324
band9_depth18_s5,classical,3688,oracle,200,261,4,42,2505,2505,68156771,app_budget,false,56334.2488
band9_depth18_s5,classical,3688,oracle,400,469,5,42,2533,2533,68156433,app_budget,false,56333.9690
band9_depth18_s5,classical,3688,oracle,800,1191,6,42,3043,3043,68156185,app_budget,false,56333.7636
band9_depth18_s5,classical,3688,oracle,1600,2455,7,42,3044,3044,68156155,app_budget,false,56333.7388
band9_depth18_s5,classical,3688,oracle,3200,3719,8,42,3044,3044,68156155,app_budget,false,56333.7388
band9_depth18_s5,classical,3688,oracle,6400,6549,9,42,4747,4747,120772,app_budget,false,0.0000
band9_depth18_s5,classical,3688,oracle,12800,10957,15,42,4968,4968,6117879,quiesced,false,4965.6435
band9_depth18_s5,classical,3688,oracle,25600,10957,15,42,4968,4968,6117879,quiesced,true,4965.6435
band9_depth18_s5,classical,3688,oracle,51200,10957,15,42,4968,4968,6117879,quiesced,true,4965.6435
band9_depth18_s5,classical,3688,oracle,102400,10957,15,42,4968,4968,6117879,quiesced,true,4965.6435
band9_depth18_s5,classical,3688,oracle,204800,10957,15,42,4968,4968,6117879,quiesced,true,4965.6435
band9_depth18_s6,classical,232,unguided,25,54,1,62,211,211,1000291,app_budget,false,0.0003
band9_depth18_s6,classical,232,unguided,50,54,1,62,211,211,1000291,app_budget,false,0.0003
band9_depth18_s6,classical,232,unguided,100,164,2,62,214,214,1000291,app_budget,false,0.0003
band9_depth18_s6,classical,232,unguided,200,200,3,62,214,214,1000291,app_budget,false,0.0003
band9_depth18_s6,classical,232,unguided,400,400,4,62,317,317,1000288,app_budget,false,0.0000
band9_depth18_s6,classical,232,unguided,800,930,5,62,545,545,1000288,app_budget,false,0.0000
band9_depth18_s6,classical,232,unguided,1600,1716,6,62,634,634,1000288,app_budget,false,0.0000
band9_depth18_s6,classical,232,unguided,3200,3204,8,62,694,694,1000288,app_budget,false,0.0000
band9_depth18_s6,classical,232,unguided,6400,6291,11,62,706,706,1000288,quiesced,false,0.0000
band9_depth18_s6,classical,232,unguided,12800,6291,11,62,706,706,1000288,quiesced,true,0.0000
band9_depth18_s6,classical,232,unguided,25600,6291,11,62,706,706,1000288,quiesced,true,0.0000
band9_depth18_s6,classical,232,unguided,51200,6291,11,62,706,706,1000288,quiesced,true,0.0000
band9_depth18_s6,classical,232,unguided,102400,6291,11,62,706,706,1000288,quiesced,true,0.0000
band9_depth18_s6,classical,232,unguided,204800,6291,11,62,706,706,1000288,quiesced,true,0.0000
band9_depth18_s6,classical,232,oracle,25,54,1,17,211,211,1000291,app_budget,false,0.0003
band9_depth18_s6,classical,232,oracle,50,54,1,17,211,211,1000291,app_budget,false,0.0003
band9_depth18_s6,classical,232,oracle,100,164,2,17,214,214,1000291,app_budget,false,0.0003
band9_depth18_s6,classical,232,oracle,200,200,3,17,214,214,1000291,app_budget,false,0.0003
band9_depth18_s6,classical,232,oracle,400,402,4,17,321,321,1000288,app_budget,false,0.0000
band9_depth18_s6,classical,232,oracle,800,930,5,17,545,545,1000288,app_budget,false,0.0000
band9_depth18_s6,classical,232,oracle,1600,1714,6,17,634,634,1000288,app_budget,false,0.0000
band9_depth18_s6,classical,232,oracle,3200,3200,8,17,694,694,1000288,app_budget,false,0.0000
band9_depth18_s6,classical,232,oracle,6400,6281,11,17,706,706,1000288,quiesced,false,0.0000
band9_depth18_s6,classical,232,oracle,12800,6281,11,17,706,706,1000288,quiesced,true,0.0000
band9_depth18_s6,classical,232,oracle,25600,6281,11,17,706,706,1000288,quiesced,true,0.0000
band9_depth18_s6,classical,232,oracle,51200,6281,11,17,706,706,1000288,quiesced,true,0.0000
band9_depth18_s6,classical,232,oracle,102400,6281,11,17,706,706,1000288,quiesced,true,0.0000
band9_depth18_s6,classical,232,oracle,204800,6281,11,17,706,706,1000288,quiesced,true,0.0000
band9_depth18_s7,classical,1255,unguided,25,46,1,62,923,923,34999,app_budget,false,44.7017
band9_depth18_s7,classical,1255,unguided,50,54,2,62,923,923,34999,app_budget,false,44.7017
band9_depth18_s7,classical,1255,unguided,100,126,3,62,927,927,34882,app_budget,false,44.2180
band9_depth18_s7,classical,1255,unguided,200,216,4,62,944,944,34763,app_budget,false,43.7260
band9_depth18_s7,classical,1255,unguided,400,497,5,62,1134,1134,34723,app_budget,false,43.5606
band9_depth18_s7,classical,1255,unguided,800,987,6,62,1134,1134,34723,app_budget,false,43.5606
band9_depth18_s7,classical,1255,unguided,1600,1603,7,62,1295,1295,34717,app_budget,false,43.5358
band9_depth18_s7,classical,1255,unguided,3200,3287,9,62,2138,2138,24205,app_budget,false,0.0744
band9_depth18_s7,classical,1255,unguided,6400,6472,10,62,3354,3354,24187,app_budget,false,0.0000
band9_depth18_s7,classical,1255,unguided,12800,12844,12,62,4353,4353,24187,app_budget,false,0.0000
band9_depth18_s7,classical,1255,unguided,25600,24545,17,62,4781,4781,24187,quiesced,false,0.0000
band9_depth18_s7,classical,1255,unguided,51200,24545,17,62,4781,4781,24187,quiesced,true,0.0000
band9_depth18_s7,classical,1255,unguided,102400,24545,17,62,4781,4781,24187,quiesced,true,0.0000
band9_depth18_s7,classical,1255,unguided,204800,24545,17,62,4781,4781,24187,quiesced,true,0.0000
band9_depth18_s7,classical,1255,oracle,25,46,1,37,923,923,34999,app_budget,false,44.7017
band9_depth18_s7,classical,1255,oracle,50,54,2,37,923,923,34999,app_budget,false,44.7017
band9_depth18_s7,classical,1255,oracle,100,126,3,37,927,927,34882,app_budget,false,44.2180
band9_depth18_s7,classical,1255,oracle,200,216,4,37,944,944,34763,app_budget,false,43.7260
band9_depth18_s7,classical,1255,oracle,400,497,5,37,1134,1134,34723,app_budget,false,43.5606
band9_depth18_s7,classical,1255,oracle,800,987,6,37,1134,1134,34723,app_budget,false,43.5606
band9_depth18_s7,classical,1255,oracle,1600,1603,7,37,1295,1295,34717,app_budget,false,43.5358
band9_depth18_s7,classical,1255,oracle,3200,3286,9,37,2138,2138,24205,app_budget,false,0.0744
band9_depth18_s7,classical,1255,oracle,6400,6470,10,37,3354,3354,24187,app_budget,false,0.0000
band9_depth18_s7,classical,1255,oracle,12800,12840,12,37,4353,4353,24187,app_budget,false,0.0000
band9_depth18_s7,classical,1255,oracle,25600,24536,17,37,4781,4781,24187,quiesced,false,0.0000
band9_depth18_s7,classical,1255,oracle,51200,24536,17,37,4781,4781,24187,quiesced,true,0.0000
band9_depth18_s7,classical,1255,oracle,102400,24536,17,37,4781,4781,24187,quiesced,true,0.0000
band9_depth18_s7,classical,1255,oracle,204800,24536,17,37,4781,4781,24187,quiesced,true,0.0000
band9_depth18_s8,classical,2104,unguided,25,25,1,62,1380,1380,235419,app_budget,false,37.0484
band9_depth18_s8,classical,2104,unguided,50,50,2,62,1380,1380,235419,app_budget,false,37.0484
band9_depth18_s8,classical,2104,unguided,100,125,3,62,1434,1434,234655,app_budget,false,36.6036
band9_depth18_s8,classical,2104,unguided,200,225,4,62,1446,1446,234083,app_budget,false,36.2707
band9_depth18_s8,classical,2104,unguided,400,653,5,62,1770,1770,233579,app_budget,false,35.9772
band9_depth18_s8,classical,2104,unguided,800,1418,6,62,1772,1772,233479,app_budget,false,35.9190
band9_depth18_s8,classical,2104,unguided,1600,2183,7,62,1772,1772,233479,app_budget,false,35.9190
band9_depth18_s8,classical,2104,unguided,3200,3269,8,62,2139,2139,220629,app_budget,false,28.4384
band9_depth18_s8,classical,2104,unguided,6400,6623,9,62,4340,4340,175842,app_budget,false,2.3658
band9_depth18_s8,classical,2104,unguided,12800,12955,13,62,4812,4812,171778,app_budget,false,0.0000
band9_depth18_s8,classical,2104,unguided,25600,14533,14,62,4812,4812,171778,quiesced,false,0.0000
band9_depth18_s8,classical,2104,unguided,51200,14533,14,62,4812,4812,171778,quiesced,true,0.0000
band9_depth18_s8,classical,2104,unguided,102400,14533,14,62,4812,4812,171778,quiesced,true,0.0000
band9_depth18_s8,classical,2104,unguided,204800,14533,14,62,4812,4812,171778,quiesced,true,0.0000
band9_depth18_s8,classical,2104,oracle,25,25,1,37,1380,1380,235419,app_budget,false,37.0484
band9_depth18_s8,classical,2104,oracle,50,50,2,37,1380,1380,235419,app_budget,false,37.0484
band9_depth18_s8,classical,2104,oracle,100,125,3,37,1434,1434,234655,app_budget,false,36.6036
band9_depth18_s8,classical,2104,oracle,200,225,4,37,1446,1446,234083,app_budget,false,36.2707
band9_depth18_s8,classical,2104,oracle,400,653,5,37,1770,1770,233579,app_budget,false,35.9772
band9_depth18_s8,classical,2104,oracle,800,1418,6,37,1772,1772,233479,app_budget,false,35.9190
band9_depth18_s8,classical,2104,oracle,1600,2183,7,37,1772,1772,233479,app_budget,false,35.9190
band9_depth18_s8,classical,2104,oracle,3200,3269,8,37,2139,2139,220629,app_budget,false,28.4384
band9_depth18_s8,classical,2104,oracle,6400,6622,9,37,4340,4340,175842,app_budget,false,2.3658
band9_depth18_s8,classical,2104,oracle,12800,12942,13,37,4812,4812,171778,app_budget,false,0.0000
band9_depth18_s8,classical,2104,oracle,25600,14516,14,37,4812,4812,171778,quiesced,false,0.0000
band9_depth18_s8,classical,2104,oracle,51200,14516,14,37,4812,4812,171778,quiesced,true,0.0000
band9_depth18_s8,classical,2104,oracle,102400,14516,14,37,4812,4812,171778,quiesced,true,0.0000
band9_depth18_s8,classical,2104,oracle,204800,14516,14,37,4812,4812,171778,quiesced,true,0.0000
band9_depth18_s9,classical,3839,unguided,25,27,1,62,2428,2428,163078,app_budget,false,0.5946
band9_depth18_s9,classical,3839,unguided,50,54,2,62,2428,2428,163078,app_budget,false,0.5946
band9_depth18_s9,classical,3839,unguided,100,116,3,62,2478,2478,163027,app_budget,false,0.5632
band9_depth18_s9,classical,3839,unguided,200,260,4,62,2531,2531,162536,app_budget,false,0.2603
band9_depth18_s9,classical,3839,unguided,400,453,5,62,2561,2561,162114,app_budget,false,0.0000
band9_depth18_s9,classical,3839,unguided,800,1167,6,62,3074,3074,42147083,app_budget,false,25898.4227
band9_depth18_s9,classical,3839,unguided,1600,2418,7,62,3075,3075,42147050,app_budget,false,25898.4024
band9_depth18_s9,classical,3839,unguided,3200,3669,8,62,3075,3075,42147050,app_budget,false,25898.4024
band9_depth18_s9,classical,3839,unguided,6400,6422,10,62,4627,4627,20115811,app_budget,false,12308.4354
band9_depth18_s9,classical,3839,unguided,12800,10344,14,62,4970,4970,20113136,quiesced,false,12306.7853
band9_depth18_s9,classical,3839,unguided,25600,10344,14,62,4970,4970,20113136,quiesced,true,12306.7853
band9_depth18_s9,classical,3839,unguided,51200,10344,14,62,4970,4970,20113136,quiesced,true,12306.7853
band9_depth18_s9,classical,3839,unguided,102400,10344,14,62,4970,4970,20113136,quiesced,true,12306.7853
band9_depth18_s9,classical,3839,unguided,204800,10344,14,62,4970,4970,20113136,quiesced,true,12306.7853
band9_depth18_s9,classical,3839,oracle,25,27,1,35,2428,2428,163078,app_budget,false,0.5946
band9_depth18_s9,classical,3839,oracle,50,54,2,35,2428,2428,163078,app_budget,false,0.5946
band9_depth18_s9,classical,3839,oracle,100,116,3,35,2478,2478,163027,app_budget,false,0.5632
band9_depth18_s9,classical,3839,oracle,200,260,4,35,2531,2531,162536,app_budget,false,0.2603
band9_depth18_s9,classical,3839,oracle,400,453,5,35,2561,2561,162114,app_budget,false,0.0000
band9_depth18_s9,classical,3839,oracle,800,1167,6,35,3074,3074,42147083,app_budget,false,25898.4227
band9_depth18_s9,classical,3839,oracle,1600,2418,7,35,3075,3075,42147050,app_budget,false,25898.4024
band9_depth18_s9,classical,3839,oracle,3200,3669,8,35,3075,3075,42147050,app_budget,false,25898.4024
band9_depth18_s9,classical,3839,oracle,6400,6415,10,35,4627,4627,20115811,app_budget,false,12308.4354
band9_depth18_s9,classical,3839,oracle,12800,10252,14,35,4970,4970,20113136,quiesced,false,12306.7853
band9_depth18_s9,classical,3839,oracle,25600,10252,14,35,4970,4970,20113136,quiesced,true,12306.7853
band9_depth18_s9,classical,3839,oracle,51200,10252,14,35,4970,4970,20113136,quiesced,true,12306.7853
band9_depth18_s9,classical,3839,oracle,102400,10252,14,35,4970,4970,20113136,quiesced,true,12306.7853
band9_depth18_s9,classical,3839,oracle,204800,10252,14,35,4970,4970,20113136,quiesced,true,12306.7853
band9_depth18_s10,rapid,15,unguided,25,28,2,62,40,40,250,app_budget,false,0.0000
band9_depth18_s10,rapid,15,unguided,50,52,3,62,40,40,250,app_budget,false,0.0000
band9_depth18_s10,rapid,15,unguided,100,101,5,62,54,54,250,app_budget,false,0.0000
band9_depth18_s10,rapid,15,unguided,200,199,7,62,60,60,250,quiesced,false,0.0000
band9_depth18_s10,rapid,15,unguided,400,199,7,62,60,60,250,quiesced,true,0.0000
band9_depth18_s10,rapid,15,unguided,800,199,7,62,60,60,250,quiesced,true,0.0000
band9_depth18_s10,rapid,15,unguided,1600,199,7,62,60,60,250,quiesced,true,0.0000
band9_depth18_s10,rapid,15,unguided,3200,199,7,62,60,60,250,quiesced,true,0.0000
band9_depth18_s10,rapid,15,unguided,6400,199,7,62,60,60,250,quiesced,true,0.0000
band9_depth18_s10,rapid,15,unguided,12800,199,7,62,60,60,250,quiesced,true,0.0000
band9_depth18_s10,rapid,15,unguided,25600,199,7,62,60,60,250,quiesced,true,0.0000
band9_depth18_s10,rapid,15,unguided,51200,199,7,62,60,60,250,quiesced,true,0.0000
band9_depth18_s10,rapid,15,unguided,102400,199,7,62,60,60,250,quiesced,true,0.0000
band9_depth18_s10,rapid,15,unguided,204800,199,7,62,60,60,250,quiesced,true,0.0000
band9_depth18_s10,rapid,15,oracle,25,28,2,11,40,40,250,app_budget,false,0.0000
band9_depth18_s10,rapid,15,oracle,50,52,3,11,40,40,250,app_budget,false,0.0000
band9_depth18_s10,rapid,15,oracle,100,101,5,11,54,54,250,app_budget,false,0.0000
band9_depth18_s10,rapid,15,oracle,200,199,7,11,60,60,250,quiesced,false,0.0000
band9_depth18_s10,rapid,15,oracle,400,199,7,11,60,60,250,quiesced,true,0.0000
band9_depth18_s10,rapid,15,oracle,800,199,7,11,60,60,250,quiesced,true,0.0000
band9_depth18_s10,rapid,15,oracle,1600,199,7,11,60,60,250,quiesced,true,0.0000
band9_depth18_s10,rapid,15,oracle,3200,199,7,11,60,60,250,quiesced,true,0.0000
band9_depth18_s10,rapid,15,oracle,6400,199,7,11,60,60,250,quiesced,true,0.0000
band9_depth18_s10,rapid,15,oracle,12800,199,7,11,60,60,250,quiesced,true,0.0000
band9_depth18_s10,rapid,15,oracle,25600,199,7,11,60,60,250,quiesced,true,0.0000
band9_depth18_s10,rapid,15,oracle,51200,199,7,11,60,60,250,quiesced,true,0.0000
band9_depth18_s10,rapid,15,oracle,102400,199,7,11,60,60,250,quiesced,true,0.0000
band9_depth18_s10,rapid,15,oracle,204800,199,7,11,60,60,250,quiesced,true,0.0000
band9_depth18_s11,classical,3152,unguided,25,28,1,62,2043,2043,22107198,app_budget,false,966.8823
band9_depth18_s11,classical,3152,unguided,50,50,2,62,2044,2044,22107198,app_budget,false,966.8823
band9_depth18_s11,classical,3152,unguided,100,103,3,62,2076,2076,22107198,app_budget,false,966.8823
band9_depth18_s11,classical,3152,unguided,200,232,4,62,2134,2134,22106751,app_budget,false,966.8607
band9_depth18_s11,classical,3152,unguided,400,409,5,62,2159,2159,22106434,app_budget,false,966.8454
band9_depth18_s11,classical,3152,unguided,800,1022,6,62,2587,2587,22106221,app_budget,false,966.8351
band9_depth18_s11,classical,3152,unguided,1600,2093,7,62,2590,2590,22106184,app_budget,false,966.8333
band9_depth18_s11,classical,3152,unguided,3200,3324,8,62,2741,2741,22106181,app_budget,false,966.8332
band9_depth18_s11,classical,3152,unguided,6400,7074,10,62,4059,4059,2074976,app_budget,false,0.1373
band9_depth18_s11,classical,3152,unguided,12800,12881,13,62,4865,4865,2072131,app_budget,false,0.0000
band9_depth18_s11,classical,3152,unguided,25600,14485,14,62,4865,4865,2072131,quiesced,false,0.0000
band9_depth18_s11,classical,3152,unguided,51200,14485,14,62,4865,4865,2072131,quiesced,true,0.0000
band9_depth18_s11,classical,3152,unguided,102400,14485,14,62,4865,4865,2072131,quiesced,true,0.0000
band9_depth18_s11,classical,3152,unguided,204800,14485,14,62,4865,4865,2072131,quiesced,true,0.0000
band9_depth18_s11,classical,3152,oracle,25,28,1,37,2043,2043,22107198,app_budget,false,966.8823
band9_depth18_s11,classical,3152,oracle,50,50,2,37,2044,2044,22107198,app_budget,false,966.8823
band9_depth18_s11,classical,3152,oracle,100,103,3,37,2076,2076,22107198,app_budget,false,966.8823
band9_depth18_s11,classical,3152,oracle,200,232,4,37,2134,2134,22106751,app_budget,false,966.8607
band9_depth18_s11,classical,3152,oracle,400,409,5,37,2159,2159,22106434,app_budget,false,966.8454
band9_depth18_s11,classical,3152,oracle,800,1022,6,37,2587,2587,22106221,app_budget,false,966.8351
band9_depth18_s11,classical,3152,oracle,1600,2093,7,37,2590,2590,22106184,app_budget,false,966.8333
band9_depth18_s11,classical,3152,oracle,3200,3324,8,37,2741,2741,22106181,app_budget,false,966.8332
band9_depth18_s11,classical,3152,oracle,6400,7067,10,37,4059,4059,2074976,app_budget,false,0.1373
band9_depth18_s11,classical,3152,oracle,12800,12824,13,37,4865,4865,2072131,app_budget,false,0.0000
band9_depth18_s11,classical,3152,oracle,25600,14402,14,37,4865,4865,2072131,quiesced,false,0.0000
band9_depth18_s11,classical,3152,oracle,51200,14402,14,37,4865,4865,2072131,quiesced,true,0.0000
band9_depth18_s11,classical,3152,oracle,102400,14402,14,37,4865,4865,2072131,quiesced,true,0.0000
band9_depth18_s11,classical,3152,oracle,204800,14402,14,37,4865,4865,2072131,quiesced,true,0.0000
band9_depth18_s12,classical,3381,unguided,25,38,1,62,2210,2210,92557,app_budget,false,1.2050
band9_depth18_s12,classical,3381,unguided,50,76,2,62,2210,2210,92557,app_budget,false,1.2050
band9_depth18_s12,classical,3381,unguided,100,114,3,62,2210,2210,92557,app_budget,false,1.2050
band9_depth18_s12,classical,3381,unguided,200,279,4,62,2342,2342,92101,app_budget,false,0.7064
band9_depth18_s12,classical,3381,unguided,400,510,5,62,2381,2381,91628,app_budget,false,0.1892
band9_depth18_s12,classical,3381,unguided,800,1231,6,62,2856,2856,91510,app_budget,false,0.0601
band9_depth18_s12,classical,3381,unguided,1600,2469,7,62,2862,2862,91467,app_budget,false,0.0131
band9_depth18_s12,classical,3381,unguided,3200,3719,8,62,2864,2864,91455,app_budget,false,0.0000
band9_depth18_s12,classical,3381,unguided,6400,6650,10,62,4310,4310,6077606,app_budget,false,6545.4606
band9_depth18_s12,classical,3381,unguided,12800,10635,14,62,4970,4970,6077419,quiesced,false,6545.2561
band9_depth18_s12,classical,3381,unguided,25600,10635,14,62,4970,4970,6077419,quiesced,true,6545.2561
band9_depth18_s12,classical,3381,unguided,51200,10635,14,62,4970,4970,6077419,quiesced,true,6545.2561
band9_depth18_s12,classical,3381,unguided,102400,10635,14,62,4970,4970,6077419,quiesced,true,6545.2561
band9_depth18_s12,classical,3381,unguided,204800,10635,14,62,4970,4970,6077419,quiesced,true,6545.2561
band9_depth18_s12,classical,3381,oracle,25,38,1,41,2210,2210,92557,app_budget,false,1.2050
band9_depth18_s12,classical,3381,oracle,50,76,2,41,2210,2210,92557,app_budget,false,1.2050
band9_depth18_s12,classical,3381,oracle,100,114,3,41,2210,2210,92557,app_budget,false,1.2050
band9_depth18_s12,classical,3381,oracle,200,279,4,41,2342,2342,92101,app_budget,false,0.7064
band9_depth18_s12,classical,3381,oracle,400,510,5,41,2381,2381,91628,app_budget,false,0.1892
band9_depth18_s12,classical,3381,oracle,800,1231,6,41,2856,2856,91510,app_budget,false,0.0601
band9_depth18_s12,classical,3381,oracle,1600,2469,7,41,2862,2862,91467,app_budget,false,0.0131
band9_depth18_s12,classical,3381,oracle,3200,3719,8,41,2864,2864,91455,app_budget,false,0.0000
band9_depth18_s12,classical,3381,oracle,6400,6647,10,41,4310,4310,6077606,app_budget,false,6545.4606
band9_depth18_s12,classical,3381,oracle,12800,10608,14,41,4970,4970,6077419,quiesced,false,6545.2561
band9_depth18_s12,classical,3381,oracle,25600,10608,14,41,4970,4970,6077419,quiesced,true,6545.2561
band9_depth18_s12,classical,3381,oracle,51200,10608,14,41,4970,4970,6077419,quiesced,true,6545.2561
band9_depth18_s12,classical,3381,oracle,102400,10608,14,41,4970,4970,6077419,quiesced,true,6545.2561
band9_depth18_s12,classical,3381,oracle,204800,10608,14,41,4970,4970,6077419,quiesced,true,6545.2561
band9_depth18_s13,classical,1067,unguided,25,29,1,62,749,749,117482,app_budget,false,144.7134
band9_depth18_s13,classical,1067,unguided,50,75,2,62,751,751,117220,app_budget,false,144.1676
band9_depth18_s13,classical,1067,unguided,100,135,3,62,763,763,116907,app_budget,false,143.5157
band9_depth18_s13,classical,1067,unguided,200,333,4,62,899,899,19116760,app_budget,false,39719.9467
band9_depth18_s13,classical,1067,unguided,400,412,5,62,900,900,19116732,app_budget,false,39719.8884
band9_depth18_s13,classical,1067,unguided,800,817,6,62,953,953,19116700,app_budget,false,39719.8217
band9_depth18_s13,classical,1067,unguided,1600,1676,7,62,1368,1368,50012,app_budget,false,4.1743
band9_depth18_s13,classical,1067,unguided,3200,3285,8,62,1961,1961,2027304,app_budget,false,4122.8462
band9_depth18_s13,classical,1067,unguided,6400,6588,9,62,3171,3171,2027304,app_budget,false,4122.8462
band9_depth18_s13,classical,1067,unguided,12800,13113,11,62,4311,4311,48008,app_budget,false,0.0000
band9_depth18_s13,classical,1067,unguided,25600,24105,14,62,4358,4358,48008,quiesced,false,0.0000
band9_depth18_s13,classical,1067,unguided,51200,24105,14,62,4358,4358,48008,quiesced,true,0.0000
band9_depth18_s13,classical,1067,unguided,102400,24105,14,62,4358,4358,48008,quiesced,true,0.0000
band9_depth18_s13,classical,1067,unguided,204800,24105,14,62,4358,4358,48008,quiesced,true,0.0000
band9_depth18_s13,classical,1067,oracle,25,29,1,33,749,749,117482,app_budget,false,144.7134
band9_depth18_s13,classical,1067,oracle,50,75,2,33,751,751,117220,app_budget,false,144.1676
band9_depth18_s13,classical,1067,oracle,100,135,3,33,763,763,116907,app_budget,false,143.5157
band9_depth18_s13,classical,1067,oracle,200,333,4,33,899,899,19116760,app_budget,false,39719.9467
band9_depth18_s13,classical,1067,oracle,400,412,5,33,900,900,19116732,app_budget,false,39719.8884
band9_depth18_s13,classical,1067,oracle,800,817,6,33,953,953,19116700,app_budget,false,39719.8217
band9_depth18_s13,classical,1067,oracle,1600,1670,7,33,1368,1368,50012,app_budget,false,4.1743
band9_depth18_s13,classical,1067,oracle,3200,3271,8,33,1961,1961,2027304,app_budget,false,4122.8462
band9_depth18_s13,classical,1067,oracle,6400,6566,9,33,3171,3171,2027304,app_budget,false,4122.8462
band9_depth18_s13,classical,1067,oracle,12800,13083,11,33,4311,4311,48008,app_budget,false,0.0000
band9_depth18_s13,classical,1067,oracle,25600,24051,14,33,4358,4358,48008,quiesced,false,0.0000
band9_depth18_s13,classical,1067,oracle,51200,24051,14,33,4358,4358,48008,quiesced,true,0.0000
band9_depth18_s13,classical,1067,oracle,102400,24051,14,33,4358,4358,48008,quiesced,true,0.0000
band9_depth18_s13,classical,1067,oracle,204800,24051,14,33,4358,4358,48008,quiesced,true,0.0000
band9_depth18_s14,classical,2737,unguided,25,31,1,62,1739,1739,91512,app_budget,false,0.0000
band9_depth18_s14,classical,2737,unguided,50,62,2,62,1739,1739,91512,app_budget,false,0.0000
band9_depth18_s14,classical,2737,unguided,100,121,3,62,1776,1776,46080235,app_budget,false,50254.3087
band9_depth18_s14,classical,2737,unguided,200,244,4,62,1821,1821,46079936,app_budget,false,50253.9820
band9_depth18_s14,classical,2737,unguided,400,409,5,62,1847,1847,46079702,app_budget,false,50253.7263
band9_depth18_s14,classical,2737,unguided,800,931,6,62,2202,2202,46079567,app_budget,false,50253.5788
band9_depth18_s14,classical,2737,unguided,1600,1831,7,62,2204,2204,46079555,app_budget,false,50253.5657
band9_depth18_s14,classical,2737,unguided,3200,3257,8,62,2846,2846,43075777,app_budget,false,46971.1786
band9_depth18_s14,classical,2737,unguided,6400,6480,9,62,4185,4185,11075619,app_budget,false,12002.9144
band9_depth18_s14,classical,2737,unguided,12800,11873,13,62,4963,4963,9047320,quiesced,false,9786.4848
band9_depth18_s14,classical,2737,unguided,25600,11873,13,62,4963,4963,9047320,quiesced,true,9786.4848
band9_depth18_s14,classical,2737,unguided,51200,11873,13,62,4963,4963,9047320,quiesced,true,9786.4848
band9_depth18_s14,classical,2737,unguided,102400,11873,13,62,4963,4963,9047320,quiesced,true,9786.4848
band9_depth18_s14,classical,2737,unguided,204800,11873,13,62,4963,4963,9047320,quiesced,true,9786.4848
band9_depth18_s14,classical,2737,oracle,25,31,1,36,1739,1739,91512,app_budget,false,0.0000
band9_depth18_s14,classical,2737,oracle,50,62,2,36,1739,1739,91512,app_budget,false,0.0000
band9_depth18_s14,classical,2737,oracle,100,121,3,36,1776,1776,46080235,app_budget,false,50254.3087
band9_depth18_s14,classical,2737,oracle,200,244,4,36,1821,1821,46079936,app_budget,false,50253.9820
band9_depth18_s14,classical,2737,oracle,400,409,5,36,1847,1847,46079702,app_budget,false,50253.7263
band9_depth18_s14,classical,2737,oracle,800,931,6,36,2202,2202,46079567,app_budget,false,50253.5788
band9_depth18_s14,classical,2737,oracle,1600,1831,7,36,2204,2204,46079555,app_budget,false,50253.5657
band9_depth18_s14,classical,2737,oracle,3200,3257,8,36,2846,2846,43075777,app_budget,false,46971.1786
band9_depth18_s14,classical,2737,oracle,6400,6469,9,36,4185,4185,11075619,app_budget,false,12002.9144
band9_depth18_s14,classical,2737,oracle,12800,11814,13,36,4963,4963,9047320,quiesced,false,9786.4848
band9_depth18_s14,classical,2737,oracle,25600,11814,13,36,4963,4963,9047320,quiesced,true,9786.4848
band9_depth18_s14,classical,2737,oracle,51200,11814,13,36,4963,4963,9047320,quiesced,true,9786.4848
band9_depth18_s14,classical,2737,oracle,102400,11814,13,36,4963,4963,9047320,quiesced,true,9786.4848
band9_depth18_s14,classical,2737,oracle,204800,11814,13,36,4963,4963,9047320,quiesced,true,9786.4848
band9_depth18_s15,classical,6997,unguided,25,103,1,62,4488,4488,200730,app_budget,false,0.0000
band9_depth18_s15,classical,6997,unguided,50,103,1,62,4488,4488,200730,app_budget,false,0.0000
band9_depth18_s15,classical,6997,unguided,100,103,1,62,4488,4488,200730,app_budget,false,0.0000
band9_depth18_s15,classical,6997,unguided,200,206,2,62,4488,4488,200730,app_budget,false,0.0000
band9_depth18_s15,classical,6997,unguided,400,579,3,62,4750,4750,99197581,app_budget,false,49318.4133
band9_depth18_s15,classical,6997,unguided,800,1003,4,62,4822,4822,99196922,app_budget,false,49318.0850
band9_depth18_s15,classical,6997,unguided,1600,1518,6,62,5000,5000,115195350,quiesced,false,57288.2080
band9_depth18_s15,classical,6997,unguided,3200,1518,6,62,5000,5000,115195350,quiesced,true,57288.2080
band9_depth18_s15,classical,6997,unguided,6400,1518,6,62,5000,5000,115195350,quiesced,true,57288.2080
band9_depth18_s15,classical,6997,unguided,12800,1518,6,62,5000,5000,115195350,quiesced,true,57288.2080
band9_depth18_s15,classical,6997,unguided,25600,1518,6,62,5000,5000,115195350,quiesced,true,57288.2080
band9_depth18_s15,classical,6997,unguided,51200,1518,6,62,5000,5000,115195350,quiesced,true,57288.2080
band9_depth18_s15,classical,6997,unguided,102400,1518,6,62,5000,5000,115195350,quiesced,true,57288.2080
band9_depth18_s15,classical,6997,unguided,204800,1518,6,62,5000,5000,115195350,quiesced,true,57288.2080
band9_depth18_s15,classical,6997,oracle,25,103,1,12,4488,4488,200730,app_budget,false,0.0000
band9_depth18_s15,classical,6997,oracle,50,103,1,12,4488,4488,200730,app_budget,false,0.0000
band9_depth18_s15,classical,6997,oracle,100,103,1,12,4488,4488,200730,app_budget,false,0.0000
band9_depth18_s15,classical,6997,oracle,200,206,2,12,4488,4488,200730,app_budget,false,0.0000
band9_depth18_s15,classical,6997,oracle,400,579,3,12,4750,4750,99197581,app_budget,false,49318.4133
band9_depth18_s15,classical,6997,oracle,800,1003,4,12,4822,4822,99196922,app_budget,false,49318.0850
band9_depth18_s15,classical,6997,oracle,1600,1506,6,12,5000,5000,115195350,quiesced,false,57288.2080
band9_depth18_s15,classical,6997,oracle,3200,1506,6,12,5000,5000,115195350,quiesced,true,57288.2080
band9_depth18_s15,classical,6997,oracle,6400,1506,6,12,5000,5000,115195350,quiesced,true,57288.2080
band9_depth18_s15,classical,6997,oracle,12800,1506,6,12,5000,5000,115195350,quiesced,true,57288.2080
band9_depth18_s15,classical,6997,oracle,25600,1506,6,12,5000,5000,115195350,quiesced,true,57288.2080
band9_depth18_s15,classical,6997,oracle,51200,1506,6,12,5000,5000,115195350,quiesced,true,57288.2080
band9_depth18_s15,classical,6997,oracle,102400,1506,6,12,5000,5000,115195350,quiesced,true,57288.2080
band9_depth18_s15,classical,6997,oracle,204800,1506,6,12,5000,5000,115195350,quiesced,true,57288.2080
band9_depth18_s16,classical,8511,unguided,25,0,0,62,5073,5073,307283,class_cap,false,0.0000
band9_depth18_s16,classical,8511,unguided,50,0,0,62,5073,5073,307283,class_cap,true,0.0000
band9_depth18_s16,classical,8511,unguided,100,0,0,62,5073,5073,307283,class_cap,true,0.0000
band9_depth18_s16,classical,8511,unguided,200,0,0,62,5073,5073,307283,class_cap,true,0.0000
band9_depth18_s16,classical,8511,unguided,400,0,0,62,5073,5073,307283,class_cap,true,0.0000
band9_depth18_s16,classical,8511,unguided,800,0,0,62,5073,5073,307283,class_cap,true,0.0000
band9_depth18_s16,classical,8511,unguided,1600,0,0,62,5073,5073,307283,class_cap,true,0.0000
band9_depth18_s16,classical,8511,unguided,3200,0,0,62,5073,5073,307283,class_cap,true,0.0000
band9_depth18_s16,classical,8511,unguided,6400,0,0,62,5073,5073,307283,class_cap,true,0.0000
band9_depth18_s16,classical,8511,unguided,12800,0,0,62,5073,5073,307283,class_cap,true,0.0000
band9_depth18_s16,classical,8511,unguided,25600,0,0,62,5073,5073,307283,class_cap,true,0.0000
band9_depth18_s16,classical,8511,unguided,51200,0,0,62,5073,5073,307283,class_cap,true,0.0000
band9_depth18_s16,classical,8511,unguided,102400,0,0,62,5073,5073,307283,class_cap,true,0.0000
band9_depth18_s16,classical,8511,unguided,204800,0,0,62,5073,5073,307283,class_cap,true,0.0000
band9_depth18_s16,classical,8511,oracle,25,0,0,0,5073,5073,307283,class_cap,false,0.0000
band9_depth18_s16,classical,8511,oracle,50,0,0,0,5073,5073,307283,class_cap,true,0.0000
band9_depth18_s16,classical,8511,oracle,100,0,0,0,5073,5073,307283,class_cap,true,0.0000
band9_depth18_s16,classical,8511,oracle,200,0,0,0,5073,5073,307283,class_cap,true,0.0000
band9_depth18_s16,classical,8511,oracle,400,0,0,0,5073,5073,307283,class_cap,true,0.0000
band9_depth18_s16,classical,8511,oracle,800,0,0,0,5073,5073,307283,class_cap,true,0.0000
band9_depth18_s16,classical,8511,oracle,1600,0,0,0,5073,5073,307283,class_cap,true,0.0000
band9_depth18_s16,classical,8511,oracle,3200,0,0,0,5073,5073,307283,class_cap,true,0.0000
band9_depth18_s16,classical,8511,oracle,6400,0,0,0,5073,5073,307283,class_cap,true,0.0000
band9_depth18_s16,classical,8511,oracle,12800,0,0,0,5073,5073,307283,class_cap,true,0.0000
band9_depth18_s16,classical,8511,oracle,25600,0,0,0,5073,5073,307283,class_cap,true,0.0000
band9_depth18_s16,classical,8511,oracle,51200,0,0,0,5073,5073,307283,class_cap,true,0.0000
band9_depth18_s16,classical,8511,oracle,102400,0,0,0,5073,5073,307283,class_cap,true,0.0000
band9_depth18_s16,classical,8511,oracle,204800,0,0,0,5073,5073,307283,class_cap,true,0.0000
band9_depth18_s17,classical,474,unguided,25,92,1,62,437,437,18197,app_budget,false,79.7057
band9_depth18_s17,classical,474,unguided,50,92,1,62,437,437,18197,app_budget,false,79.7057
band9_depth18_s17,classical,474,unguided,100,124,2,62,443,443,18149,app_budget,false,79.2317
band9_depth18_s17,classical,474,unguided,200,313,3,62,448,448,18126,app_budget,false,79.0045
band9_depth18_s17,classical,474,unguided,400,508,4,62,449,449,18122,app_budget,false,78.9650
band9_depth18_s17,classical,474,unguided,800,818,5,62,595,595,13489,app_budget,false,33.2115
band9_depth18_s17,classical,474,unguided,1600,1616,6,62,1070,1070,13489,app_budget,false,33.2115
band9_depth18_s17,classical,474,unguided,3200,3525,7,62,1876,1876,13479,app_budget,false,33.1128
band9_depth18_s17,classical,474,unguided,6400,7126,8,62,2704,2704,13474,app_budget,false,33.0634
band9_depth18_s17,classical,474,unguided,12800,13609,9,62,4457,4457,10159,app_budget,false,0.3259
band9_depth18_s17,classical,474,unguided,25600,24119,14,62,4678,4678,10126,quiesced,false,0.0000
band9_depth18_s17,classical,474,unguided,51200,24119,14,62,4678,4678,10126,quiesced,true,0.0000
band9_depth18_s17,classical,474,unguided,102400,24119,14,62,4678,4678,10126,quiesced,true,0.0000
band9_depth18_s17,classical,474,unguided,204800,24119,14,62,4678,4678,10126,quiesced,true,0.0000
band9_depth18_s17,classical,474,oracle,25,92,1,28,437,437,18197,app_budget,false,79.7057
band9_depth18_s17,classical,474,oracle,50,92,1,28,437,437,18197,app_budget,false,79.7057
band9_depth18_s17,classical,474,oracle,100,124,2,28,443,443,18149,app_budget,false,79.2317
band9_depth18_s17,classical,474,oracle,200,313,3,28,448,448,18126,app_budget,false,79.0045
band9_depth18_s17,classical,474,oracle,400,508,4,28,449,449,18122,app_budget,false,78.9650
band9_depth18_s17,classical,474,oracle,800,818,5,28,595,595,13489,app_budget,false,33.2115
band9_depth18_s17,classical,474,oracle,1600,1616,6,28,1070,1070,13489,app_budget,false,33.2115
band9_depth18_s17,classical,474,oracle,3200,3525,7,28,1876,1876,13479,app_budget,false,33.1128
band9_depth18_s17,classical,474,oracle,6400,7126,8,28,2704,2704,13474,app_budget,false,33.0634
band9_depth18_s17,classical,474,oracle,12800,13608,9,28,4457,4457,10159,app_budget,false,0.3259
band9_depth18_s17,classical,474,oracle,25600,24103,14,28,4678,4678,10126,quiesced,false,0.0000
band9_depth18_s17,classical,474,oracle,51200,24103,14,28,4678,4678,10126,quiesced,true,0.0000
band9_depth18_s17,classical,474,oracle,102400,24103,14,28,4678,4678,10126,quiesced,true,0.0000
band9_depth18_s17,classical,474,oracle,204800,24103,14,28,4678,4678,10126,quiesced,true,0.0000
band9_depth18_s18,classical,1554,unguided,25,62,1,62,1115,1115,68761,app_budget,false,74.2284
band9_depth18_s18,classical,1554,unguided,50,62,1,62,1115,1115,68761,app_budget,false,74.2284
band9_depth18_s18,classical,1554,unguided,100,156,2,62,1120,1120,68527,app_budget,false,73.6355
band9_depth18_s18,classical,1554,unguided,200,271,3,62,1141,1141,68262,app_budget,false,72.9641
band9_depth18_s18,classical,1554,unguided,400,592,4,62,1347,1347,68247,app_budget,false,72.9261
band9_depth18_s18,classical,1554,unguided,800,1142,5,62,1347,1347,68247,app_budget,false,72.9261
band9_depth18_s18,classical,1554,unguided,1600,1692,6,62,1347,1347,68247,app_budget,false,72.9261
band9_depth18_s18,classical,1554,unguided,3200,3334,8,62,2359,2359,40990,app_budget,false,3.8616
band9_depth18_s18,classical,1554,unguided,6400,7268,9,62,4430,4430,39561,app_budget,false,0.2407
band9_depth18_s18,classical,1554,unguided,12800,12839,12,62,4791,4791,39466,app_budget,false,0.0000
band9_depth18_s18,classical,1554,unguided,25600,14371,13,62,4791,4791,39466,quiesced,false,0.0000
band9_depth18_s18,classical,1554,unguided,51200,14371,13,62,4791,4791,39466,quiesced,true,0.0000
band9_depth18_s18,classical,1554,unguided,102400,14371,13,62,4791,4791,39466,quiesced,true,0.0000
band9_depth18_s18,classical,1554,unguided,204800,14371,13,62,4791,4791,39466,quiesced,true,0.0000
band9_depth18_s18,classical,1554,oracle,25,62,1,30,1115,1115,68761,app_budget,false,74.2284
band9_depth18_s18,classical,1554,oracle,50,62,1,30,1115,1115,68761,app_budget,false,74.2284
band9_depth18_s18,classical,1554,oracle,100,156,2,30,1120,1120,68527,app_budget,false,73.6355
band9_depth18_s18,classical,1554,oracle,200,271,3,30,1141,1141,68262,app_budget,false,72.9641
band9_depth18_s18,classical,1554,oracle,400,592,4,30,1347,1347,68247,app_budget,false,72.9261
band9_depth18_s18,classical,1554,oracle,800,1142,5,30,1347,1347,68247,app_budget,false,72.9261
band9_depth18_s18,classical,1554,oracle,1600,1692,6,30,1347,1347,68247,app_budget,false,72.9261
band9_depth18_s18,classical,1554,oracle,3200,3333,8,30,2359,2359,40990,app_budget,false,3.8616
band9_depth18_s18,classical,1554,oracle,6400,7266,9,30,4430,4430,39561,app_budget,false,0.2407
band9_depth18_s18,classical,1554,oracle,12800,12834,12,30,4791,4791,39466,app_budget,false,0.0000
band9_depth18_s18,classical,1554,oracle,25600,14365,13,30,4791,4791,39466,quiesced,false,0.0000
band9_depth18_s18,classical,1554,oracle,51200,14365,13,30,4791,4791,39466,quiesced,true,0.0000
band9_depth18_s18,classical,1554,oracle,102400,14365,13,30,4791,4791,39466,quiesced,true,0.0000
band9_depth18_s18,classical,1554,oracle,204800,14365,13,30,4791,4791,39466,quiesced,true,0.0000
band9_depth18_s19,classical,832,unguided,25,26,1,62,592,592,25802,app_budget,false,62.8092
band9_depth18_s19,classical,832,unguided,50,66,2,62,595,595,25769,app_budget,false,62.6010
band9_depth18_s19,classical,832,unguided,100,111,3,62,600,600,25745,app_budget,false,62.4495
band9_depth18_s19,classical,832,unguided,200,270,4,62,714,714,10025745,app_budget,false,63161.8942
band9_depth18_s19,classical,832,unguided,400,552,5,62,714,714,10025745,app_budget,false,63161.8942
band9_depth18_s19,classical,832,unguided,800,834,6,62,714,714,10025745,app_budget,false,63161.8942
band9_depth18_s19,classical,832,unguided,1600,1637,8,62,1193,1193,16361,app_budget,false,3.2370
band9_depth18_s19,classical,832,unguided,3200,3203,9,62,1753,1753,15848,app_budget,false,0.0000
band9_depth18_s19,classical,832,unguided,6400,6756,10,62,3264,3264,15848,app_budget,false,0.0000
band9_depth18_s19,classical,832,unguided,12800,13219,12,62,4607,4607,7012835,app_budget,false,44150.5994
band9_depth18_s19,classical,832,unguided,25600,21130,17,62,4959,4959,2012454,quiesced,false,12598.4730
band9_depth18_s19,classical,832,unguided,51200,21130,17,62,4959,4959,2012454,quiesced,true,12598.4730
band9_depth18_s19,classical,832,unguided,102400,21130,17,62,4959,4959,2012454,quiesced,true,12598.4730
band9_depth18_s19,classical,832,unguided,204800,21130,17,62,4959,4959,2012454,quiesced,true,12598.4730
band9_depth18_s19,classical,832,oracle,25,26,1,39,592,592,25802,app_budget,false,62.8092
band9_depth18_s19,classical,832,oracle,50,66,2,39,595,595,25769,app_budget,false,62.6010
band9_depth18_s19,classical,832,oracle,100,111,3,39,600,600,25745,app_budget,false,62.4495
band9_depth18_s19,classical,832,oracle,200,270,4,39,714,714,10025745,app_budget,false,63161.8942
band9_depth18_s19,classical,832,oracle,400,552,5,39,714,714,10025745,app_budget,false,63161.8942
band9_depth18_s19,classical,832,oracle,800,834,6,39,714,714,10025745,app_budget,false,63161.8942
band9_depth18_s19,classical,832,oracle,1600,1636,8,39,1193,1193,16361,app_budget,false,3.2370
band9_depth18_s19,classical,832,oracle,3200,3201,9,39,1753,1753,15848,app_budget,false,0.0000
band9_depth18_s19,classical,832,oracle,6400,6753,10,39,3264,3264,15848,app_budget,false,0.0000
band9_depth18_s19,classical,832,oracle,12800,13213,12,39,4607,4607,7012835,app_budget,false,44150.5994
band9_depth18_s19,classical,832,oracle,25600,21110,17,39,4959,4959,2012454,quiesced,false,12598.4730
band9_depth18_s19,classical,832,oracle,51200,21110,17,39,4959,4959,2012454,quiesced,true,12598.4730
band9_depth18_s19,classical,832,oracle,102400,21110,17,39,4959,4959,2012454,quiesced,true,12598.4730
band9_depth18_s19,classical,832,oracle,204800,21110,17,39,4959,4959,2012454,quiesced,true,12598.4730
band9_depth18_s20,classical,220,unguided,25,41,1,62,209,209,6576,app_budget,false,42.8944
band9_depth18_s20,classical,220,unguided,50,50,2,62,209,209,6576,app_budget,false,42.8944
band9_depth18_s20,classical,220,unguided,100,129,3,62,211,211,6567,app_budget,false,42.6988
band9_depth18_s20,classical,220,unguided,200,215,4,62,212,212,6556,app_budget,false,42.4598
band9_depth18_s20,classical,220,unguided,400,411,5,62,330,330,4613,app_budget,false,0.2390
band9_depth18_s20,classical,220,unguided,800,929,7,62,464,464,4602,app_budget,false,0.0000
band9_depth18_s20,classical,220,unguided,1600,1657,9,62,506,506,4602,app_budget,false,0.0000
band9_depth18_s20,classical,220,unguided,3200,3220,12,62,527,527,4602,app_budget,false,0.0000
band9_depth18_s20,classical,220,unguided,6400,3856,13,62,527,527,4602,quiesced,false,0.0000
band9_depth18_s20,classical,220,unguided,12800,3856,13,62,527,527,4602,quiesced,true,0.0000
band9_depth18_s20,classical,220,unguided,25600,3856,13,62,527,527,4602,quiesced,true,0.0000
band9_depth18_s20,classical,220,unguided,51200,3856,13,62,527,527,4602,quiesced,true,0.0000
band9_depth18_s20,classical,220,unguided,102400,3856,13,62,527,527,4602,quiesced,true,0.0000
band9_depth18_s20,classical,220,unguided,204800,3856,13,62,527,527,4602,quiesced,true,0.0000
band9_depth18_s20,classical,220,oracle,25,41,1,24,209,209,6576,app_budget,false,42.8944
band9_depth18_s20,classical,220,oracle,50,50,2,24,209,209,6576,app_budget,false,42.8944
band9_depth18_s20,classical,220,oracle,100,129,3,24,211,211,6567,app_budget,false,42.6988
band9_depth18_s20,classical,220,oracle,200,215,4,24,212,212,6556,app_budget,false,42.4598
band9_depth18_s20,classical,220,oracle,400,410,5,24,330,330,4613,app_budget,false,0.2390
band9_depth18_s20,classical,220,oracle,800,924,7,24,464,464,4602,app_budget,false,0.0000
band9_depth18_s20,classical,220,oracle,1600,1644,9,24,506,506,4602,app_budget,false,0.0000
band9_depth18_s20,classical,220,oracle,3200,3251,12,24,527,527,4602,app_budget,false,0.0000
band9_depth18_s20,classical,220,oracle,6400,3879,13,24,527,527,4602,quiesced,false,0.0000
band9_depth18_s20,classical,220,oracle,12800,3879,13,24,527,527,4602,quiesced,true,0.0000
band9_depth18_s20,classical,220,oracle,25600,3879,13,24,527,527,4602,quiesced,true,0.0000
band9_depth18_s20,classical,220,oracle,51200,3879,13,24,527,527,4602,quiesced,true,0.0000
band9_depth18_s20,classical,220,oracle,102400,3879,13,24,527,527,4602,quiesced,true,0.0000
band9_depth18_s20,classical,220,oracle,204800,3879,13,24,527,527,4602,quiesced,true,0.0000
band9_depth18_s21,classical,967,unguided,25,32,1,62,709,709,34877,app_budget,false,67.7101
band9_depth18_s21,classical,967,unguided,50,84,2,62,721,721,34716,app_budget,false,66.9359
band9_depth18_s21,classical,967,unguided,100,144,3,62,727,727,34574,app_budget,false,66.2531
band9_depth18_s21,classical,967,unguided,200,206,4,62,729,729,34558,app_budget,false,66.1762
band9_depth18_s21,classical,967,unguided,400,449,5,62,908,908,34558,app_budget,false,66.1762
band9_depth18_s21,classical,967,unguided,800,888,6,62,908,908,34558,app_budget,false,66.1762
band9_depth18_s21,classical,967,unguided,1600,1603,7,62,1256,1256,25159,app_budget,false,20.9800
band9_depth18_s21,classical,967,unguided,3200,3319,8,62,2042,2042,20856,app_budget,false,0.2885
band9_depth18_s21,classical,967,unguided,6400,6462,9,62,2933,2933,20856,app_budget,false,0.2885
band9_depth18_s21,classical,967,unguided,12800,13555,11,62,4155,4155,20796,app_budget,false,0.0000
band9_depth18_s21,classical,967,unguided,25600,26323,14,62,4219,4219,20796,app_budget,false,0.0000
band9_depth18_s21,classical,967,unguided,51200,30491,15,62,4219,4219,20796,quiesced,false,0.0000
band9_depth18_s21,classical,967,unguided,102400,30491,15,62,4219,4219,20796,quiesced,true,0.0000
band9_depth18_s21,classical,967,unguided,204800,30491,15,62,4219,4219,20796,quiesced,true,0.0000
band9_depth18_s21,classical,967,oracle,25,32,1,30,709,709,34877,app_budget,false,67.7101
band9_depth18_s21,classical,967,oracle,50,84,2,30,721,721,34716,app_budget,false,66.9359
band9_depth18_s21,classical,967,oracle,100,144,3,30,727,727,34574,app_budget,false,66.2531
band9_depth18_s21,classical,967,oracle,200,206,4,30,729,729,34558,app_budget,false,66.1762
band9_depth18_s21,classical,967,oracle,400,449,5,30,908,908,34558,app_budget,false,66.1762
band9_depth18_s21,classical,967,oracle,800,888,6,30,908,908,34558,app_budget,false,66.1762
band9_depth18_s21,classical,967,oracle,1600,1600,7,30,1256,1256,25159,app_budget,false,20.9800
band9_depth18_s21,classical,967,oracle,3200,3302,8,30,2042,2042,20856,app_budget,false,0.2885
band9_depth18_s21,classical,967,oracle,6400,6418,9,30,2933,2933,20856,app_budget,false,0.2885
band9_depth18_s21,classical,967,oracle,12800,13480,11,30,4155,4155,20796,app_budget,false,0.0000
band9_depth18_s21,classical,967,oracle,25600,26152,14,30,4219,4219,20796,app_budget,false,0.0000
band9_depth18_s21,classical,967,oracle,51200,30288,15,30,4219,4219,20796,quiesced,false,0.0000
band9_depth18_s21,classical,967,oracle,102400,30288,15,30,4219,4219,20796,quiesced,true,0.0000
band9_depth18_s21,classical,967,oracle,204800,30288,15,30,4219,4219,20796,quiesced,true,0.0000
shader_swirl,rapid,15,unguided,25,20,2,62,19,19,105,quiesced,false,0.0000
shader_swirl,rapid,15,unguided,50,20,2,62,19,19,105,quiesced,true,0.0000
shader_swirl,rapid,15,unguided,100,20,2,62,19,19,105,quiesced,true,0.0000
shader_swirl,rapid,15,unguided,200,20,2,62,19,19,105,quiesced,true,0.0000
shader_swirl,rapid,15,unguided,400,20,2,62,19,19,105,quiesced,true,0.0000
shader_swirl,rapid,15,unguided,800,20,2,62,19,19,105,quiesced,true,0.0000
shader_swirl,rapid,15,unguided,1600,20,2,62,19,19,105,quiesced,true,0.0000
shader_swirl,rapid,15,unguided,3200,20,2,62,19,19,105,quiesced,true,0.0000
shader_swirl,rapid,15,unguided,6400,20,2,62,19,19,105,quiesced,true,0.0000
shader_swirl,rapid,15,unguided,12800,20,2,62,19,19,105,quiesced,true,0.0000
shader_swirl,rapid,15,unguided,25600,20,2,62,19,19,105,quiesced,true,0.0000
shader_swirl,rapid,15,unguided,51200,20,2,62,19,19,105,quiesced,true,0.0000
shader_swirl,rapid,15,unguided,102400,20,2,62,19,19,105,quiesced,true,0.0000
shader_swirl,rapid,15,unguided,204800,20,2,62,19,19,105,quiesced,true,0.0000
shader_swirl,rapid,15,oracle,25,20,2,3,19,19,105,quiesced,false,0.0000
shader_swirl,rapid,15,oracle,50,20,2,3,19,19,105,quiesced,true,0.0000
shader_swirl,rapid,15,oracle,100,20,2,3,19,19,105,quiesced,true,0.0000
shader_swirl,rapid,15,oracle,200,20,2,3,19,19,105,quiesced,true,0.0000
shader_swirl,rapid,15,oracle,400,20,2,3,19,19,105,quiesced,true,0.0000
shader_swirl,rapid,15,oracle,800,20,2,3,19,19,105,quiesced,true,0.0000
shader_swirl,rapid,15,oracle,1600,20,2,3,19,19,105,quiesced,true,0.0000
shader_swirl,rapid,15,oracle,3200,20,2,3,19,19,105,quiesced,true,0.0000
shader_swirl,rapid,15,oracle,6400,20,2,3,19,19,105,quiesced,true,0.0000
shader_swirl,rapid,15,oracle,12800,20,2,3,19,19,105,quiesced,true,0.0000
shader_swirl,rapid,15,oracle,25600,20,2,3,19,19,105,quiesced,true,0.0000
shader_swirl,rapid,15,oracle,51200,20,2,3,19,19,105,quiesced,true,0.0000
shader_swirl,rapid,15,oracle,102400,20,2,3,19,19,105,quiesced,true,0.0000
shader_swirl,rapid,15,oracle,204800,20,2,3,19,19,105,quiesced,true,0.0000
shader_circle_sdf,rapid,18,unguided,25,38,1,62,59,59,45,app_budget,false,9.7561
shader_circle_sdf,rapid,18,unguided,50,66,2,62,73,73,45,app_budget,false,9.7561
shader_circle_sdf,rapid,18,unguided,100,108,3,62,73,73,45,app_budget,false,9.7561
shader_circle_sdf,rapid,18,unguided,200,270,4,62,207,207,45,app_budget,false,9.7561
shader_circle_sdf,rapid,18,unguided,400,436,5,62,323,323,45,app_budget,false,9.7561
shader_circle_sdf,rapid,18,unguided,800,928,6,62,442,442,45,app_budget,false,9.7561
shader_circle_sdf,rapid,18,unguided,1600,1644,7,62,596,596,45,app_budget,false,9.7561
shader_circle_sdf,rapid,18,unguided,3200,3782,8,62,1336,1336,41,app_budget,false,0.0000
shader_circle_sdf,rapid,18,unguided,6400,6418,10,62,1459,1459,41,app_budget,false,0.0000
shader_circle_sdf,rapid,18,unguided,12800,11156,13,62,1473,1473,41,quiesced,false,0.0000
shader_circle_sdf,rapid,18,unguided,25600,11156,13,62,1473,1473,41,quiesced,true,0.0000
shader_circle_sdf,rapid,18,unguided,51200,11156,13,62,1473,1473,41,quiesced,true,0.0000
shader_circle_sdf,rapid,18,unguided,102400,11156,13,62,1473,1473,41,quiesced,true,0.0000
shader_circle_sdf,rapid,18,unguided,204800,11156,13,62,1473,1473,41,quiesced,true,0.0000
shader_circle_sdf,rapid,18,oracle,25,38,1,11,59,59,45,app_budget,false,9.7561
shader_circle_sdf,rapid,18,oracle,50,66,2,11,73,73,45,app_budget,false,9.7561
shader_circle_sdf,rapid,18,oracle,100,108,3,11,73,73,45,app_budget,false,9.7561
shader_circle_sdf,rapid,18,oracle,200,270,4,11,207,207,45,app_budget,false,9.7561
shader_circle_sdf,rapid,18,oracle,400,436,5,11,323,323,45,app_budget,false,9.7561
shader_circle_sdf,rapid,18,oracle,800,924,6,11,442,442,45,app_budget,false,9.7561
shader_circle_sdf,rapid,18,oracle,1600,1632,7,11,596,596,45,app_budget,false,9.7561
shader_circle_sdf,rapid,18,oracle,3200,3758,8,11,1336,1336,41,app_budget,false,0.0000
shader_circle_sdf,rapid,18,oracle,6400,6542,10,11,1465,1465,41,app_budget,false,0.0000
shader_circle_sdf,rapid,18,oracle,12800,9650,12,11,1473,1473,41,quiesced,false,0.0000
shader_circle_sdf,rapid,18,oracle,25600,9650,12,11,1473,1473,41,quiesced,true,0.0000
shader_circle_sdf,rapid,18,oracle,51200,9650,12,11,1473,1473,41,quiesced,true,0.0000
shader_circle_sdf,rapid,18,oracle,102400,9650,12,11,1473,1473,41,quiesced,true,0.0000
shader_circle_sdf,rapid,18,oracle,204800,9650,12,11,1473,1473,41,quiesced,true,0.0000
shader_poly,rapid,11,unguided,25,26,1,62,37,37,15,app_budget,false,50.0000
shader_poly,rapid,11,unguided,50,51,2,62,55,55,15,app_budget,false,50.0000
shader_poly,rapid,11,unguided,100,102,3,62,62,62,15,app_budget,false,50.0000
shader_poly,rapid,11,unguided,200,229,4,62,82,82,10,app_budget,false,0.0000
shader_poly,rapid,11,unguided,400,413,6,62,86,86,10,app_budget,false,0.0000
shader_poly,rapid,11,unguided,800,565,7,62,86,86,10,quiesced,false,0.0000
shader_poly,rapid,11,unguided,1600,565,7,62,86,86,10,quiesced,true,0.0000
shader_poly,rapid,11,unguided,3200,565,7,62,86,86,10,quiesced,true,0.0000
shader_poly,rapid,11,unguided,6400,565,7,62,86,86,10,quiesced,true,0.0000
shader_poly,rapid,11,unguided,12800,565,7,62,86,86,10,quiesced,true,0.0000
shader_poly,rapid,11,unguided,25600,565,7,62,86,86,10,quiesced,true,0.0000
shader_poly,rapid,11,unguided,51200,565,7,62,86,86,10,quiesced,true,0.0000
shader_poly,rapid,11,unguided,102400,565,7,62,86,86,10,quiesced,true,0.0000
shader_poly,rapid,11,unguided,204800,565,7,62,86,86,10,quiesced,true,0.0000
shader_poly,rapid,11,oracle,25,26,1,10,37,37,15,app_budget,false,50.0000
shader_poly,rapid,11,oracle,50,51,2,10,55,55,15,app_budget,false,50.0000
shader_poly,rapid,11,oracle,100,103,3,10,62,62,15,app_budget,false,50.0000
shader_poly,rapid,11,oracle,200,223,4,10,82,82,10,app_budget,false,0.0000
shader_poly,rapid,11,oracle,400,419,6,10,86,86,10,app_budget,false,0.0000
shader_poly,rapid,11,oracle,800,562,7,10,86,86,10,quiesced,false,0.0000
shader_poly,rapid,11,oracle,1600,562,7,10,86,86,10,quiesced,true,0.0000
shader_poly,rapid,11,oracle,3200,562,7,10,86,86,10,quiesced,true,0.0000
shader_poly,rapid,11,oracle,6400,562,7,10,86,86,10,quiesced,true,0.0000
shader_poly,rapid,11,oracle,12800,562,7,10,86,86,10,quiesced,true,0.0000
shader_poly,rapid,11,oracle,25600,562,7,10,86,86,10,quiesced,true,0.0000
shader_poly,rapid,11,oracle,51200,562,7,10,86,86,10,quiesced,true,0.0000
shader_poly,rapid,11,oracle,102400,562,7,10,86,86,10,quiesced,true,0.0000
shader_poly,rapid,11,oracle,204800,562,7,10,86,86,10,quiesced,true,0.0000
shader_redundant,rapid,13,unguided,25,32,1,62,48,48,17,app_budget,false,0.0000
shader_redundant,rapid,13,unguided,50,65,2,62,72,72,17,app_budget,false,0.0000
shader_redundant,rapid,13,unguided,100,122,3,62,72,72,17,app_budget,false,0.0000
shader_redundant,rapid,13,unguided,200,207,4,62,88,88,17,app_budget,false,0.0000
shader_redundant,rapid,13,unguided,400,469,5,62,224,224,17,app_budget,false,0.0000
shader_redundant,rapid,13,unguided,800,927,6,62,379,379,17,app_budget,false,0.0000
shader_redundant,rapid,13,unguided,1600,1633,7,62,510,510,17,app_budget,false,0.0000
shader_redundant,rapid,13,unguided,3200,3456,8,62,1067,1067,17,app_budget,false,0.0000
shader_redundant,rapid,13,unguided,6400,6641,10,62,1207,1207,17,app_budget,false,0.0000
shader_redundant,rapid,13,unguided,12800,10801,12,62,1211,1211,17,quiesced,false,0.0000
shader_redundant,rapid,13,unguided,25600,10801,12,62,1211,1211,17,quiesced,true,0.0000
shader_redundant,rapid,13,unguided,51200,10801,12,62,1211,1211,17,quiesced,true,0.0000
shader_redundant,rapid,13,unguided,102400,10801,12,62,1211,1211,17,quiesced,true,0.0000
shader_redundant,rapid,13,unguided,204800,10801,12,62,1211,1211,17,quiesced,true,0.0000
shader_redundant,rapid,13,oracle,25,32,1,9,48,48,17,app_budget,false,0.0000
shader_redundant,rapid,13,oracle,50,65,2,9,72,72,17,app_budget,false,0.0000
shader_redundant,rapid,13,oracle,100,122,3,9,72,72,17,app_budget,false,0.0000
shader_redundant,rapid,13,oracle,200,207,4,9,88,88,17,app_budget,false,0.0000
shader_redundant,rapid,13,oracle,400,469,5,9,224,224,17,app_budget,false,0.0000
shader_redundant,rapid,13,oracle,800,927,6,9,379,379,17,app_budget,false,0.0000
shader_redundant,rapid,13,oracle,1600,1633,7,9,510,510,17,app_budget,false,0.0000
shader_redundant,rapid,13,oracle,3200,3450,8,9,1067,1067,17,app_budget,false,0.0000
shader_redundant,rapid,13,oracle,6400,6629,10,9,1207,1207,17,app_budget,false,0.0000
shader_redundant,rapid,13,oracle,12800,10777,12,9,1211,1211,17,quiesced,false,0.0000
shader_redundant,rapid,13,oracle,25600,10777,12,9,1211,1211,17,quiesced,true,0.0000
shader_redundant,rapid,13,oracle,51200,10777,12,9,1211,1211,17,quiesced,true,0.0000
shader_redundant,rapid,13,oracle,102400,10777,12,9,1211,1211,17,quiesced,true,0.0000
shader_redundant,rapid,13,oracle,204800,10777,12,9,1211,1211,17,quiesced,true,0.0000
shader_normalize,blitz,10,unguided,25,14,2,62,14,14,36,quiesced,false,0.0000
shader_normalize,blitz,10,unguided,50,14,2,62,14,14,36,quiesced,true,0.0000
shader_normalize,blitz,10,unguided,100,14,2,62,14,14,36,quiesced,true,0.0000
shader_normalize,blitz,10,unguided,200,14,2,62,14,14,36,quiesced,true,0.0000
shader_normalize,blitz,10,unguided,400,14,2,62,14,14,36,quiesced,true,0.0000
shader_normalize,blitz,10,unguided,800,14,2,62,14,14,36,quiesced,true,0.0000
shader_normalize,blitz,10,unguided,1600,14,2,62,14,14,36,quiesced,true,0.0000
shader_normalize,blitz,10,unguided,3200,14,2,62,14,14,36,quiesced,true,0.0000
shader_normalize,blitz,10,unguided,6400,14,2,62,14,14,36,quiesced,true,0.0000
shader_normalize,blitz,10,unguided,12800,14,2,62,14,14,36,quiesced,true,0.0000
shader_normalize,blitz,10,unguided,25600,14,2,62,14,14,36,quiesced,true,0.0000
shader_normalize,blitz,10,unguided,51200,14,2,62,14,14,36,quiesced,true,0.0000
shader_normalize,blitz,10,unguided,102400,14,2,62,14,14,36,quiesced,true,0.0000
shader_normalize,blitz,10,unguided,204800,14,2,62,14,14,36,quiesced,true,0.0000
shader_normalize,blitz,10,oracle,25,14,2,5,14,14,36,quiesced,false,0.0000
shader_normalize,blitz,10,oracle,50,14,2,5,14,14,36,quiesced,true,0.0000
shader_normalize,blitz,10,oracle,100,14,2,5,14,14,36,quiesced,true,0.0000
shader_normalize,blitz,10,oracle,200,14,2,5,14,14,36,quiesced,true,0.0000
shader_normalize,blitz,10,oracle,400,14,2,5,14,14,36,quiesced,true,0.0000
shader_normalize,blitz,10,oracle,800,14,2,5,14,14,36,quiesced,true,0.0000
shader_normalize,blitz,10,oracle,1600,14,2,5,14,14,36,quiesced,true,0.0000
shader_normalize,blitz,10,oracle,3200,14,2,5,14,14,36,quiesced,true,0.0000
shader_normalize,blitz,10,oracle,6400,14,2,5,14,14,36,quiesced,true,0.0000
shader_normalize,blitz,10,oracle,12800,14,2,5,14,14,36,quiesced,true,0.0000
shader_normalize,blitz,10,oracle,25600,14,2,5,14,14,36,quiesced,true,0.0000
shader_normalize,blitz,10,oracle,51200,14,2,5,14,14,36,quiesced,true,0.0000
shader_normalize,blitz,10,oracle,102400,14,2,5,14,14,36,quiesced,true,0.0000
shader_normalize,blitz,10,oracle,204800,14,2,5,14,14,36,quiesced,true,0.0000
